### KIRPILMIS LOG — ilk 2000 ve son 2000 satir
### Tam boyut: 16741892 satir

path :/home/kadir/mqtt-fuzzing/builds/nanomq-asan/build/nanomq/nanomq
Set new conf path from env: (null)
Config file is not specified, using default config file: /home/kadir/mqtt-fuzzing/builds/nanomq-asan/build/nanomq/nanomq.conf
2026-09-17 01:17:57 [2269265] ERROR /home/kadir/mqtt-fuzzing/builds/nanomq-asan/nng/src/supplemental/nanolib/conf_ver2.c:2080 conf_parse_ver2: Configure file [/home/kadir/mqtt-fuzzing/builds/nanomq-asan/build/nanomq/nanomq.conf] or [/etc/nanomq.conf] not found or unreadable
NanoMQ Broker is started successfully!
2026-09-17 01:18:00 [2269271] WARN  /home/kadir/mqtt-fuzzing/builds/nanomq-asan/nng/src/sp/transport/mqtt/broker_tcp.c:739 tcptran_pipe_recv_cb: Got invalid CONNECT from client!
2026-09-17 01:18:00 [2269271] WARN  /home/kadir/mqtt-fuzzing/builds/nanomq-asan/nng/src/sp/transport/mqtt/broker_tcp.c:895 tcptran_pipe_recv_cb: tcptran_pipe_recv_cb: recv_error rv: 129

2026-09-17 01:18:00 [2269271] WARN  /home/kadir/mqtt-fuzzing/builds/nanomq-asan/nng/src/sp/protocol/mqtt/mqtt_parser.c:1363 nano_msg_notify: test offline!
2026-09-17 01:18:00 [2269273] WARN  /home/kadir/mqtt-fuzzing/builds/nanomq-asan/nng/src/sp/protocol/mqtt/mqtt_parser.c:1359 nano_msg_notify: test online!
2026-09-17 01:18:00 [2269273] ERROR /home/kadir/mqtt-fuzzing/builds/nanomq-asan/nng/src/core/pipe.c:484 nni_pipe_set_pid: Client ID collision or set ID failed!
2026-09-17 01:18:00 [2269273] WARN  /home/kadir/mqtt-fuzzing/builds/nanomq-asan/nng/src/sp/protocol/mqtt/mqtt_parser.c:1359 nano_msg_notify: test online!
2026-09-17 01:18:00 [2269277] WARN  /home/kadir/mqtt-fuzzing/builds/nanomq-asan/nng/src/sp/transport/mqtt/broker_tcp.c:739 tcptran_pipe_recv_cb: Got invalid CONNECT from client!
2026-09-17 01:18:00 [2269275] WARN  /home/kadir/mqtt-fuzzing/builds/nanomq-asan/nng/src/sp/protocol/mqtt/mqtt_parser.c:1363 nano_msg_notify: test offline!
2026-09-17 01:18:00 [2269277] WARN  /home/kadir/mqtt-fuzzing/builds/nanomq-asan/nng/src/sp/transport/mqtt/broker_tcp.c:895 tcptran_pipe_recv_cb: tcptran_pipe_recv_cb: recv_error rv: 129

2026-09-17 01:18:00 [2269275] ERROR /home/kadir/mqtt-fuzzing/builds/nanomq-asan/nng/src/core/pipe.c:484 nni_pipe_set_pid: Client ID collision or set ID failed!
2026-09-17 01:18:00 [2269275] WARN  /home/kadir/mqtt-fuzzing/builds/nanomq-asan/nng/src/sp/protocol/mqtt/mqtt_parser.c:1359 nano_msg_notify: test online!
2026-09-17 01:18:00 [2269273] WARN  /home/kadir/mqtt-fuzzing/builds/nanomq-asan/nng/src/sp/transport/mqtt/broker_tcp.c:895 tcptran_pipe_recv_cb: tcptran_pipe_recv_cb: recv_error rv: 153

2026-09-17 01:18:00 [2269273] WARN  /home/kadir/mqtt-fuzzing/builds/nanomq-asan/nng/src/sp/protocol/mqtt/mqtt_parser.c:1363 nano_msg_notify: test offline!
2026-09-17 01:18:00 [2269278] WARN  /home/kadir/mqtt-fuzzing/builds/nanomq-asan/nng/src/sp/transport/mqtt/broker_tcp.c:525 nmq_tcptran_pipe_send_cb:  send aio error Object closed(7)
2026-09-17 01:18:00 [2269274] WARN  /home/kadir/mqtt-fuzzing/builds/nanomq-asan/nng/src/sp/protocol/mqtt/mqtt_parser.c:1359 nano_msg_notify: test online!
2026-09-17 01:18:00 [2269277] WARN  /home/kadir/mqtt-fuzzing/builds/nanomq-asan/nng/src/sp/transport/mqtt/broker_tcp.c:628 tcptran_pipe_recv_cb: nni aio recv error!! Connection shutdown

2026-09-17 01:18:00 [2269277] WARN  /home/kadir/mqtt-fuzzing/builds/nanomq-asan/nng/src/sp/transport/mqtt/broker_tcp.c:895 tcptran_pipe_recv_cb: tcptran_pipe_recv_cb: recv_error rv: 139

2026-09-17 01:18:00 [2269273] WARN  /home/kadir/mqtt-fuzzing/builds/nanomq-asan/nng/src/sp/protocol/mqtt/mqtt_parser.c:1363 nano_msg_notify: test offline!
2026-09-17 01:18:00 [2269275] WARN  /home/kadir/mqtt-fuzzing/builds/nanomq-asan/nng/src/sp/protocol/mqtt/mqtt_parser.c:1359 nano_msg_notify: test online!
2026-09-17 01:18:00 [2269271] WARN  /home/kadir/mqtt-fuzzing/builds/nanomq-asan/nng/src/sp/transport/mqtt/broker_tcp.c:628 tcptran_pipe_recv_cb: nni aio recv error!! Connection shutdown

2026-09-17 01:18:00 [2269271] WARN  /home/kadir/mqtt-fuzzing/builds/nanomq-asan/nng/src/sp/transport/mqtt/broker_tcp.c:895 tcptran_pipe_recv_cb: tcptran_pipe_recv_cb: recv_error rv: 139

2026-09-17 01:18:00 [2269277] WARN  /home/kadir/mqtt-fuzzing/builds/nanomq-asan/nng/src/sp/protocol/mqtt/mqtt_parser.c:1363 nano_msg_notify: test offline!
2026-09-17 01:18:00 [2269271] WARN  /home/kadir/mqtt-fuzzing/builds/nanomq-asan/nng/src/sp/protocol/mqtt/mqtt_parser.c:1359 nano_msg_notify: test online!
2026-09-17 01:18:00 [2269272] WARN  /home/kadir/mqtt-fuzzing/builds/nanomq-asan/nng/src/sp/transport/mqtt/broker_tcp.c:628 tcptran_pipe_recv_cb: nni aio recv error!! Connection shutdown

2026-09-17 01:18:00 [2269272] WARN  /home/kadir/mqtt-fuzzing/builds/nanomq-asan/nng/src/sp/transport/mqtt/broker_tcp.c:895 tcptran_pipe_recv_cb: tcptran_pipe_recv_cb: recv_error rv: 139

2026-09-17 01:18:00 [2269276] WARN  /home/kadir/mqtt-fuzzing/builds/nanomq-asan/nng/src/sp/protocol/mqtt/mqtt_parser.c:1363 nano_msg_notify: test offline!
2026-09-17 01:18:00 [2269274] WARN  /home/kadir/mqtt-fuzzing/builds/nanomq-asan/nng/src/sp/protocol/mqtt/mqtt_parser.c:1359 nano_msg_notify: test online!
2026-09-17 01:18:00 [2269277] WARN  /home/kadir/mqtt-fuzzing/builds/nanomq-asan/nng/src/sp/transport/mqtt/broker_tcp.c:628 tcptran_pipe_recv_cb: nni aio recv error!! Connection shutdown

2026-09-17 01:18:00 [2269277] WARN  /home/kadir/mqtt-fuzzing/builds/nanomq-asan/nng/src/sp/transport/mqtt/broker_tcp.c:895 tcptran_pipe_recv_cb: tcptran_pipe_recv_cb: recv_error rv: 139

2026-09-17 01:18:00 [2269273] WARN  /home/kadir/mqtt-fuzzing/builds/nanomq-asan/nng/src/sp/protocol/mqtt/mqtt_parser.c:1363 nano_msg_notify: test offline!
2026-09-17 01:18:00 [2269273] WARN  /home/kadir/mqtt-fuzzing/builds/nanomq-asan/nng/src/sp/transport/mqtt/broker_tcp.c:628 tcptran_pipe_recv_cb: nni aio recv error!! Connection shutdown

2026-09-17 01:18:00 [2269273] WARN  /home/kadir/mqtt-fuzzing/builds/nanomq-asan/nng/src/sp/transport/mqtt/broker_tcp.c:895 tcptran_pipe_recv_cb: tcptran_pipe_recv_cb: recv_error rv: 139

2026-09-17 01:18:00 [2269274] WARN  /home/kadir/mqtt-fuzzing/builds/nanomq-asan/nng/src/sp/protocol/mqtt/mqtt_parser.c:1359 nano_msg_notify: test online!
2026-09-17 01:18:00 [2269276] WARN  /home/kadir/mqtt-fuzzing/builds/nanomq-asan/nng/src/sp/protocol/mqtt/mqtt_parser.c:1363 nano_msg_notify: test offline!
2026-09-17 01:18:00 [2269275] WARN  /home/kadir/mqtt-fuzzing/builds/nanomq-asan/nng/src/sp/protocol/mqtt/mqtt_parser.c:1359 nano_msg_notify: test online!
2026-09-17 01:18:00 [2269274] WARN  /home/kadir/mqtt-fuzzing/builds/nanomq-asan/nng/src/sp/transport/mqtt/broker_tcp.c:628 tcptran_pipe_recv_cb: nni aio recv error!! Connection shutdown

2026-09-17 01:18:00 [2269274] WARN  /home/kadir/mqtt-fuzzing/builds/nanomq-asan/nng/src/sp/transport/mqtt/broker_tcp.c:895 tcptran_pipe_recv_cb: tcptran_pipe_recv_cb: recv_error rv: 139

2026-09-17 01:18:00 [2269278] WARN  /home/kadir/mqtt-fuzzing/builds/nanomq-asan/nng/src/sp/protocol/mqtt/mqtt_parser.c:1363 nano_msg_notify: test offline!
2026-09-17 01:18:00 [2269274] WARN  /home/kadir/mqtt-fuzzing/builds/nanomq-asan/nng/src/sp/protocol/mqtt/mqtt_parser.c:1359 nano_msg_notify: test online!
2026-09-17 01:18:00 [2269278] WARN  /home/kadir/mqtt-fuzzing/builds/nanomq-asan/nng/src/sp/transport/mqtt/broker_tcp.c:739 tcptran_pipe_recv_cb: Got invalid CONNECT from client!
2026-09-17 01:18:00 [2269278] WARN  /home/kadir/mqtt-fuzzing/builds/nanomq-asan/nng/src/sp/transport/mqtt/broker_tcp.c:895 tcptran_pipe_recv_cb: tcptran_pipe_recv_cb: recv_error rv: 129

2026-09-17 01:18:00 [2269273] WARN  /home/kadir/mqtt-fuzzing/builds/nanomq-asan/nng/src/sp/protocol/mqtt/mqtt_parser.c:1363 nano_msg_notify: test offline!
2026-09-17 01:18:00 [2269276] WARN  /home/kadir/mqtt-fuzzing/builds/nanomq-asan/nng/src/sp/protocol/mqtt/mqtt_parser.c:1359 nano_msg_notify: test online!
2026-09-17 01:18:00 [2269275] WARN  /home/kadir/mqtt-fuzzing/builds/nanomq-asan/nng/src/sp/transport/mqtt/broker_tcp.c:739 tcptran_pipe_recv_cb: Got invalid CONNECT from client!
2026-09-17 01:18:00 [2269275] WARN  /home/kadir/mqtt-fuzzing/builds/nanomq-asan/nng/src/sp/transport/mqtt/broker_tcp.c:895 tcptran_pipe_recv_cb: tcptran_pipe_recv_cb: recv_error rv: 129

2026-09-17 01:18:00 [2269273] WARN  /home/kadir/mqtt-fuzzing/builds/nanomq-asan/nng/src/sp/protocol/mqtt/mqtt_parser.c:1363 nano_msg_notify: test offline!
2026-09-17 01:18:00 [2269272] WARN  /home/kadir/mqtt-fuzzing/builds/nanomq-asan/nng/src/sp/protocol/mqtt/mqtt_parser.c:1359 nano_msg_notify: test online!
2026-09-17 01:18:00 [2269271] WARN  /home/kadir/mqtt-fuzzing/builds/nanomq-asan/nng/src/sp/transport/mqtt/broker_tcp.c:739 tcptran_pipe_recv_cb: Got invalid CONNECT from client!
2026-09-17 01:18:00 [2269271] WARN  /home/kadir/mqtt-fuzzing/builds/nanomq-asan/nng/src/sp/transport/mqtt/broker_tcp.c:895 tcptran_pipe_recv_cb: tcptran_pipe_recv_cb: recv_error rv: 129

2026-09-17 01:18:00 [2269275] WARN  /home/kadir/mqtt-fuzzing/builds/nanomq-asan/nng/src/sp/protocol/mqtt/mqtt_parser.c:1363 nano_msg_notify: test offline!
2026-09-17 01:18:00 [2269272] WARN  /home/kadir/mqtt-fuzzing/builds/nanomq-asan/nng/src/sp/protocol/mqtt/mqtt_parser.c:1359 nano_msg_notify: test online!
2026-09-17 01:18:00 [2269276] WARN  /home/kadir/mqtt-fuzzing/builds/nanomq-asan/nng/src/sp/transport/mqtt/broker_tcp.c:739 tcptran_pipe_recv_cb: Got invalid CONNECT from client!
2026-09-17 01:18:00 [2269276] WARN  /home/kadir/mqtt-fuzzing/builds/nanomq-asan/nng/src/sp/transport/mqtt/broker_tcp.c:895 tcptran_pipe_recv_cb: tcptran_pipe_recv_cb: recv_error rv: 129

2026-09-17 01:18:00 [2269277] WARN  /home/kadir/mqtt-fuzzing/builds/nanomq-asan/nng/src/sp/protocol/mqtt/mqtt_parser.c:1363 nano_msg_notify: test offline!
2026-09-17 01:18:00 [2269274] WARN  /home/kadir/mqtt-fuzzing/builds/nanomq-asan/nng/src/sp/transport/mqtt/broker_tcp.c:739 tcptran_pipe_recv_cb: Got invalid CONNECT from client!
2026-09-17 01:18:00 [2269274] WARN  /home/kadir/mqtt-fuzzing/builds/nanomq-asan/nng/src/sp/transport/mqtt/broker_tcp.c:895 tcptran_pipe_recv_cb: tcptran_pipe_recv_cb: recv_error rv: 129

2026-09-17 01:18:00 [2269272] WARN  /home/kadir/mqtt-fuzzing/builds/nanomq-asan/nng/src/sp/protocol/mqtt/mqtt_parser.c:1359 nano_msg_notify: test online!
2026-09-17 01:18:00 [2269277] WARN  /home/kadir/mqtt-fuzzing/builds/nanomq-asan/nng/src/sp/protocol/mqtt/mqtt_parser.c:1363 nano_msg_notify: test offline!
2026-09-17 01:18:00 [2269274] WARN  /home/kadir/mqtt-fuzzing/builds/nanomq-asan/nng/src/sp/protocol/mqtt/mqtt_parser.c:1359 nano_msg_notify: test online!
2026-09-17 01:18:00 [2269273] WARN  /home/kadir/mqtt-fuzzing/builds/nanomq-asan/nng/src/sp/transport/mqtt/broker_tcp.c:628 tcptran_pipe_recv_cb: nni aio recv error!! Connection shutdown

2026-09-17 01:18:00 [2269273] WARN  /home/kadir/mqtt-fuzzing/builds/nanomq-asan/nng/src/sp/transport/mqtt/broker_tcp.c:895 tcptran_pipe_recv_cb: tcptran_pipe_recv_cb: recv_error rv: 139

2026-09-17 01:18:00 [2269278] WARN  /home/kadir/mqtt-fuzzing/builds/nanomq-asan/nng/src/sp/protocol/mqtt/mqtt_parser.c:1363 nano_msg_notify: test offline!
2026-09-17 01:18:00 [2269272] ERROR /home/kadir/mqtt-fuzzing/builds/nanomq-asan/nng/src/sp/transport/mqtt/broker_tcp.c:691 tcptran_pipe_recv_cb: Size of packet exceeds limitation: 0x95

2026-09-17 01:18:00 [2269272] WARN  /home/kadir/mqtt-fuzzing/builds/nanomq-asan/nng/src/sp/transport/mqtt/broker_tcp.c:895 tcptran_pipe_recv_cb: tcptran_pipe_recv_cb: recv_error rv: 149

2026-09-17 01:18:00 [2269274] WARN  /home/kadir/mqtt-fuzzing/builds/nanomq-asan/nng/src/sp/protocol/mqtt/mqtt_parser.c:1359 nano_msg_notify: test online!
2026-09-17 01:18:00 [2269275] WARN  /home/kadir/mqtt-fuzzing/builds/nanomq-asan/nng/src/sp/protocol/mqtt/mqtt_parser.c:1363 nano_msg_notify: test offline!
2026-09-17 01:18:00 [2269275] WARN  /home/kadir/mqtt-fuzzing/builds/nanomq-asan/nng/src/sp/transport/mqtt/broker_tcp.c:662 tcptran_pipe_recv_cb: MALFORMED_PACKET received.
2026-09-17 01:18:00 [2269275] WARN  /home/kadir/mqtt-fuzzing/builds/nanomq-asan/nng/src/sp/transport/mqtt/broker_tcp.c:895 tcptran_pipe_recv_cb: tcptran_pipe_recv_cb: recv_error rv: 17

2026-09-17 01:18:00 [2269272] WARN  /home/kadir/mqtt-fuzzing/builds/nanomq-asan/nng/src/sp/protocol/mqtt/mqtt_parser.c:1359 nano_msg_notify: test online!
2026-09-17 01:18:00 [2269271] WARN  /home/kadir/mqtt-fuzzing/builds/nanomq-asan/nng/src/sp/protocol/mqtt/mqtt_parser.c:1363 nano_msg_notify: test offline!
2026-09-17 01:18:00 [2269272] WARN  /home/kadir/mqtt-fuzzing/builds/nanomq-asan/nng/src/sp/protocol/mqtt/mqtt_parser.c:1359 nano_msg_notify: test online!
2026-09-17 01:18:00 [2269274] WARN  /home/kadir/mqtt-fuzzing/builds/nanomq-asan/nng/src/sp/transport/mqtt/broker_tcp.c:895 tcptran_pipe_recv_cb: tcptran_pipe_recv_cb: recv_error rv: 153

2026-09-17 01:18:00 [2269278] WARN  /home/kadir/mqtt-fuzzing/builds/nanomq-asan/nng/src/sp/protocol/mqtt/mqtt_parser.c:1363 nano_msg_notify: test offline!
2026-09-17 01:18:00 [2269274] WARN  /home/kadir/mqtt-fuzzing/builds/nanomq-asan/nng/src/sp/protocol/mqtt/mqtt_parser.c:1359 nano_msg_notify: test online!
2026-09-17 01:18:00 [2269278] WARN  /home/kadir/mqtt-fuzzing/builds/nanomq-asan/nng/src/sp/transport/mqtt/broker_tcp.c:662 tcptran_pipe_recv_cb: MALFORMED_PACKET received.
2026-09-17 01:18:00 [2269278] WARN  /home/kadir/mqtt-fuzzing/builds/nanomq-asan/nng/src/sp/transport/mqtt/broker_tcp.c:895 tcptran_pipe_recv_cb: tcptran_pipe_recv_cb: recv_error rv: 17

2026-09-17 01:18:00 [2269275] WARN  /home/kadir/mqtt-fuzzing/builds/nanomq-asan/nng/src/sp/protocol/mqtt/mqtt_parser.c:1363 nano_msg_notify: test offline!
2026-09-17 01:18:00 [2269271] WARN  /home/kadir/mqtt-fuzzing/builds/nanomq-asan/nng/src/sp/protocol/mqtt/mqtt_parser.c:1359 nano_msg_notify: test online!
2026-09-17 01:18:00 [2269275] WARN  /home/kadir/mqtt-fuzzing/builds/nanomq-asan/nng/src/sp/transport/mqtt/broker_tcp.c:662 tcptran_pipe_recv_cb: MALFORMED_PACKET received.
2026-09-17 01:18:00 [2269275] WARN  /home/kadir/mqtt-fuzzing/builds/nanomq-asan/nng/src/sp/transport/mqtt/broker_tcp.c:895 tcptran_pipe_recv_cb: tcptran_pipe_recv_cb: recv_error rv: 17

2026-09-17 01:18:00 [2269275] WARN  /home/kadir/mqtt-fuzzing/builds/nanomq-asan/nng/src/sp/protocol/mqtt/mqtt_parser.c:1363 nano_msg_notify: test offline!
2026-09-17 01:18:00 [2269276] WARN  /home/kadir/mqtt-fuzzing/builds/nanomq-asan/nng/src/sp/protocol/mqtt/mqtt_parser.c:1359 nano_msg_notify: test online!
2026-09-17 01:18:00 [2269271] WARN  /home/kadir/mqtt-fuzzing/builds/nanomq-asan/nng/src/sp/transport/mqtt/broker_tcp.c:662 tcptran_pipe_recv_cb: MALFORMED_PACKET received.
2026-09-17 01:18:00 [2269271] WARN  /home/kadir/mqtt-fuzzing/builds/nanomq-asan/nng/src/sp/transport/mqtt/broker_tcp.c:895 tcptran_pipe_recv_cb: tcptran_pipe_recv_cb: recv_error rv: 17

2026-09-17 01:18:00 [2269273] WARN  /home/kadir/mqtt-fuzzing/builds/nanomq-asan/nng/src/sp/protocol/mqtt/mqtt_parser.c:1363 nano_msg_notify: test offline!
2026-09-17 01:18:00 [2269272] WARN  /home/kadir/mqtt-fuzzing/builds/nanomq-asan/nng/src/sp/protocol/mqtt/mqtt_parser.c:1359 nano_msg_notify: test online!
2026-09-17 01:18:00 [2269274] WARN  /home/kadir/mqtt-fuzzing/builds/nanomq-asan/nng/src/sp/transport/mqtt/broker_tcp.c:662 tcptran_pipe_recv_cb: MALFORMED_PACKET received.
2026-09-17 01:18:00 [2269274] WARN  /home/kadir/mqtt-fuzzing/builds/nanomq-asan/nng/src/sp/transport/mqtt/broker_tcp.c:895 tcptran_pipe_recv_cb: tcptran_pipe_recv_cb: recv_error rv: 17

2026-09-17 01:18:00 [2269271] WARN  /home/kadir/mqtt-fuzzing/builds/nanomq-asan/nng/src/sp/protocol/mqtt/mqtt_parser.c:1363 nano_msg_notify: test offline!
2026-09-17 01:18:00 [2269274] WARN  /home/kadir/mqtt-fuzzing/builds/nanomq-asan/nng/src/sp/protocol/mqtt/mqtt_parser.c:1359 nano_msg_notify: test online!
2026-09-17 01:18:00 [2269277] WARN  /home/kadir/mqtt-fuzzing/builds/nanomq-asan/nng/src/sp/transport/mqtt/broker_tcp.c:628 tcptran_pipe_recv_cb: nni aio recv error!! Connection shutdown

2026-09-17 01:18:00 [2269277] WARN  /home/kadir/mqtt-fuzzing/builds/nanomq-asan/nng/src/sp/transport/mqtt/broker_tcp.c:895 tcptran_pipe_recv_cb: tcptran_pipe_recv_cb: recv_error rv: 139

2026-09-17 01:18:00 [2269275] WARN  /home/kadir/mqtt-fuzzing/builds/nanomq-asan/nng/src/sp/protocol/mqtt/mqtt_parser.c:1363 nano_msg_notify: test offline!
2026-09-17 01:18:00 [2269278] WARN  /home/kadir/mqtt-fuzzing/builds/nanomq-asan/nng/src/sp/protocol/mqtt/mqtt_parser.c:1359 nano_msg_notify: test online!
2026-09-17 01:18:00 [2269271] ERROR /home/kadir/mqtt-fuzzing/builds/nanomq-asan/nng/src/sp/transport/mqtt/broker_tcp.c:691 tcptran_pipe_recv_cb: Size of packet exceeds limitation: 0x95

2026-09-17 01:18:00 [2269271] WARN  /home/kadir/mqtt-fuzzing/builds/nanomq-asan/nng/src/sp/transport/mqtt/broker_tcp.c:895 tcptran_pipe_recv_cb: tcptran_pipe_recv_cb: recv_error rv: 149

2026-09-17 01:18:00 [2269276] WARN  /home/kadir/mqtt-fuzzing/builds/nanomq-asan/nng/src/sp/protocol/mqtt/mqtt_parser.c:1363 nano_msg_notify: test offline!
2026-09-17 01:18:00 [2269277] WARN  /home/kadir/mqtt-fuzzing/builds/nanomq-asan/nng/src/sp/protocol/mqtt/mqtt_parser.c:1359 nano_msg_notify: test online!
2026-09-17 01:18:00 [2269276] WARN  /home/kadir/mqtt-fuzzing/builds/nanomq-asan/nng/src/sp/transport/mqtt/broker_tcp.c:662 tcptran_pipe_recv_cb: MALFORMED_PACKET received.
2026-09-17 01:18:00 [2269276] WARN  /home/kadir/mqtt-fuzzing/builds/nanomq-asan/nng/src/sp/transport/mqtt/broker_tcp.c:895 tcptran_pipe_recv_cb: tcptran_pipe_recv_cb: recv_error rv: 17

2026-09-17 01:18:00 [2269271] WARN  /home/kadir/mqtt-fuzzing/builds/nanomq-asan/nng/src/sp/protocol/mqtt/mqtt_parser.c:1363 nano_msg_notify: test offline!
2026-09-17 01:18:00 [2269276] WARN  /home/kadir/mqtt-fuzzing/builds/nanomq-asan/nng/src/sp/protocol/mqtt/mqtt_parser.c:1359 nano_msg_notify: test online!
2026-09-17 01:18:00 [2269278] WARN  /home/kadir/mqtt-fuzzing/builds/nanomq-asan/nng/src/sp/transport/mqtt/broker_tcp.c:628 tcptran_pipe_recv_cb: nni aio recv error!! Connection shutdown

2026-09-17 01:18:00 [2269278] WARN  /home/kadir/mqtt-fuzzing/builds/nanomq-asan/nng/src/sp/transport/mqtt/broker_tcp.c:895 tcptran_pipe_recv_cb: tcptran_pipe_recv_cb: recv_error rv: 139

2026-09-17 01:18:00 [2269275] WARN  /home/kadir/mqtt-fuzzing/builds/nanomq-asan/nng/src/sp/protocol/mqtt/mqtt_parser.c:1363 nano_msg_notify: test offline!
2026-09-17 01:18:00 [2269272] WARN  /home/kadir/mqtt-fuzzing/builds/nanomq-asan/nng/src/sp/protocol/mqtt/mqtt_parser.c:1359 nano_msg_notify: test online!
2026-09-17 01:18:00 [2269273] WARN  /home/kadir/mqtt-fuzzing/builds/nanomq-asan/nng/src/sp/transport/mqtt/broker_tcp.c:662 tcptran_pipe_recv_cb: MALFORMED_PACKET received.
2026-09-17 01:18:00 [2269273] WARN  /home/kadir/mqtt-fuzzing/builds/nanomq-asan/nng/src/sp/transport/mqtt/broker_tcp.c:895 tcptran_pipe_recv_cb: tcptran_pipe_recv_cb: recv_error rv: 17

2026-09-17 01:18:00 [2269273] WARN  /home/kadir/mqtt-fuzzing/builds/nanomq-asan/nng/src/sp/protocol/mqtt/mqtt_parser.c:1363 nano_msg_notify: test offline!
2026-09-17 01:18:00 [2269273] WARN  /home/kadir/mqtt-fuzzing/builds/nanomq-asan/nng/src/sp/transport/mqtt/broker_tcp.c:628 tcptran_pipe_recv_cb: nni aio recv error!! Connection shutdown

2026-09-17 01:18:00 [2269273] WARN  /home/kadir/mqtt-fuzzing/builds/nanomq-asan/nng/src/sp/transport/mqtt/broker_tcp.c:895 tcptran_pipe_recv_cb: tcptran_pipe_recv_cb: recv_error rv: 139

2026-09-17 01:18:00 [2269275] WARN  /home/kadir/mqtt-fuzzing/builds/nanomq-asan/nng/src/sp/transport/mqtt/broker_tcp.c:525 nmq_tcptran_pipe_send_cb:  send aio error Object closed(7)
2026-09-17 01:18:00 [2269273] WARN  /home/kadir/mqtt-fuzzing/builds/nanomq-asan/nng/src/sp/protocol/mqtt/mqtt_parser.c:1363 nano_msg_notify: test offline!
2026-09-17 01:18:00 [2269274] WARN  /home/kadir/mqtt-fuzzing/builds/nanomq-asan/nng/src/sp/protocol/mqtt/mqtt_parser.c:1359 nano_msg_notify: test online!
2026-09-17 01:18:00 [2269277] WARN  /home/kadir/mqtt-fuzzing/builds/nanomq-asan/nng/src/sp/protocol/mqtt/mqtt_parser.c:1359 nano_msg_notify: test online!
2026-09-17 01:18:00 [2269271] WARN  /home/kadir/mqtt-fuzzing/builds/nanomq-asan/nng/src/sp/transport/mqtt/broker_tcp.c:662 tcptran_pipe_recv_cb: MALFORMED_PACKET received.
2026-09-17 01:18:00 [2269271] WARN  /home/kadir/mqtt-fuzzing/builds/nanomq-asan/nng/src/sp/transport/mqtt/broker_tcp.c:895 tcptran_pipe_recv_cb: tcptran_pipe_recv_cb: recv_error rv: 17

2026-09-17 01:18:00 [2269273] WARN  /home/kadir/mqtt-fuzzing/builds/nanomq-asan/nng/src/sp/protocol/mqtt/mqtt_parser.c:1363 nano_msg_notify: test offline!
2026-09-17 01:18:00 [2269271] WARN  /home/kadir/mqtt-fuzzing/builds/nanomq-asan/nng/src/sp/protocol/mqtt/mqtt_parser.c:1359 nano_msg_notify: test online!
2026-09-17 01:18:00 [2269276] WARN  /home/kadir/mqtt-fuzzing/builds/nanomq-asan/nng/src/sp/transport/mqtt/broker_tcp.c:662 tcptran_pipe_recv_cb: MALFORMED_PACKET received.
2026-09-17 01:18:00 [2269276] WARN  /home/kadir/mqtt-fuzzing/builds/nanomq-asan/nng/src/sp/transport/mqtt/broker_tcp.c:895 tcptran_pipe_recv_cb: tcptran_pipe_recv_cb: recv_error rv: 17

2026-09-17 01:18:00 [2269275] WARN  /home/kadir/mqtt-fuzzing/builds/nanomq-asan/nng/src/sp/protocol/mqtt/mqtt_parser.c:1363 nano_msg_notify: test offline!
2026-09-17 01:18:00 [2269278] WARN  /home/kadir/mqtt-fuzzing/builds/nanomq-asan/nng/src/sp/transport/mqtt/broker_tcp.c:662 tcptran_pipe_recv_cb: MALFORMED_PACKET received.
2026-09-17 01:18:00 [2269278] WARN  /home/kadir/mqtt-fuzzing/builds/nanomq-asan/nng/src/sp/transport/mqtt/broker_tcp.c:895 tcptran_pipe_recv_cb: tcptran_pipe_recv_cb: recv_error rv: 17

2026-09-17 01:18:00 [2269278] WARN  /home/kadir/mqtt-fuzzing/builds/nanomq-asan/nng/src/sp/protocol/mqtt/mqtt_parser.c:1363 nano_msg_notify: test offline!
2026-09-17 01:18:00 [2269277] WARN  /home/kadir/mqtt-fuzzing/builds/nanomq-asan/nng/src/sp/protocol/mqtt/mqtt_parser.c:1359 nano_msg_notify: test online!
2026-09-17 01:18:00 [2269272] WARN  /home/kadir/mqtt-fuzzing/builds/nanomq-asan/nng/src/sp/protocol/mqtt/mqtt_parser.c:1359 nano_msg_notify: test online!
2026-09-17 01:18:00 [2269275] WARN  /home/kadir/mqtt-fuzzing/builds/nanomq-asan/nng/src/sp/transport/mqtt/broker_tcp.c:895 tcptran_pipe_recv_cb: tcptran_pipe_recv_cb: recv_error rv: 153

2026-09-17 01:18:00 [2269274] WARN  /home/kadir/mqtt-fuzzing/builds/nanomq-asan/nng/src/sp/protocol/mqtt/mqtt_parser.c:1363 nano_msg_notify: test offline!
2026-09-17 01:18:00 [2269273] WARN  /home/kadir/mqtt-fuzzing/builds/nanomq-asan/nng/src/sp/protocol/mqtt/mqtt_parser.c:1359 nano_msg_notify: test online!
2026-09-17 01:18:00 [2269275] WARN  /home/kadir/mqtt-fuzzing/builds/nanomq-asan/nng/src/sp/transport/mqtt/broker_tcp.c:662 tcptran_pipe_recv_cb: MALFORMED_PACKET received.
2026-09-17 01:18:00 [2269275] WARN  /home/kadir/mqtt-fuzzing/builds/nanomq-asan/nng/src/sp/transport/mqtt/broker_tcp.c:895 tcptran_pipe_recv_cb: tcptran_pipe_recv_cb: recv_error rv: 17

2026-09-17 01:18:00 [2269278] WARN  /home/kadir/mqtt-fuzzing/builds/nanomq-asan/nng/src/sp/protocol/mqtt/mqtt_parser.c:1363 nano_msg_notify: test offline!
2026-09-17 01:18:00 [2269277] WARN  /home/kadir/mqtt-fuzzing/builds/nanomq-asan/nng/src/sp/protocol/mqtt/mqtt_parser.c:1359 nano_msg_notify: test online!
2026-09-17 01:18:00 [2269274] ERROR /home/kadir/mqtt-fuzzing/builds/nanomq-asan/nng/src/sp/transport/mqtt/broker_tcp.c:691 tcptran_pipe_recv_cb: Size of packet exceeds limitation: 0x95

2026-09-17 01:18:00 [2269274] WARN  /home/kadir/mqtt-fuzzing/builds/nanomq-asan/nng/src/sp/transport/mqtt/broker_tcp.c:895 tcptran_pipe_recv_cb: tcptran_pipe_recv_cb: recv_error rv: 149

2026-09-17 01:18:00 [2269272] WARN  /home/kadir/mqtt-fuzzing/builds/nanomq-asan/nng/src/sp/protocol/mqtt/mqtt_parser.c:1363 nano_msg_notify: test offline!
2026-09-17 01:18:00 [2269277] WARN  /home/kadir/mqtt-fuzzing/builds/nanomq-asan/nng/src/sp/transport/mqtt/broker_tcp.c:662 tcptran_pipe_recv_cb: MALFORMED_PACKET received.
2026-09-17 01:18:00 [2269277] WARN  /home/kadir/mqtt-fuzzing/builds/nanomq-asan/nng/src/sp/transport/mqtt/broker_tcp.c:895 tcptran_pipe_recv_cb: tcptran_pipe_recv_cb: recv_error rv: 17

2026-09-17 01:18:00 [2269272] WARN  /home/kadir/mqtt-fuzzing/builds/nanomq-asan/nng/src/sp/protocol/mqtt/mqtt_parser.c:1359 nano_msg_notify: test online!
2026-09-17 01:18:00 [2269278] WARN  /home/kadir/mqtt-fuzzing/builds/nanomq-asan/nng/src/sp/protocol/mqtt/mqtt_parser.c:1363 nano_msg_notify: test offline!
2026-09-17 01:18:00 [2269273] WARN  /home/kadir/mqtt-fuzzing/builds/nanomq-asan/nng/src/sp/protocol/mqtt/mqtt_parser.c:1359 nano_msg_notify: test online!
2026-09-17 01:18:00 [2269278] WARN  /home/kadir/mqtt-fuzzing/builds/nanomq-asan/nng/src/sp/transport/mqtt/broker_tcp.c:662 tcptran_pipe_recv_cb: MALFORMED_PACKET received.
2026-09-17 01:18:00 [2269278] WARN  /home/kadir/mqtt-fuzzing/builds/nanomq-asan/nng/src/sp/transport/mqtt/broker_tcp.c:895 tcptran_pipe_recv_cb: tcptran_pipe_recv_cb: recv_error rv: 17

2026-09-17 01:18:00 [2269275] WARN  /home/kadir/mqtt-fuzzing/builds/nanomq-asan/nng/src/sp/protocol/mqtt/mqtt_parser.c:1363 nano_msg_notify: test offline!
2026-09-17 01:18:00 [2269273] WARN  /home/kadir/mqtt-fuzzing/builds/nanomq-asan/nng/src/sp/protocol/mqtt/mqtt_parser.c:1359 nano_msg_notify: test online!
2026-09-17 01:18:00 [2269275] WARN  /home/kadir/mqtt-fuzzing/builds/nanomq-asan/nng/src/sp/transport/mqtt/broker_tcp.c:662 tcptran_pipe_recv_cb: MALFORMED_PACKET received.
2026-09-17 01:18:00 [2269275] WARN  /home/kadir/mqtt-fuzzing/builds/nanomq-asan/nng/src/sp/transport/mqtt/broker_tcp.c:895 tcptran_pipe_recv_cb: tcptran_pipe_recv_cb: recv_error rv: 17

2026-09-17 01:18:00 [2269278] WARN  /home/kadir/mqtt-fuzzing/builds/nanomq-asan/nng/src/sp/protocol/mqtt/mqtt_parser.c:1363 nano_msg_notify: test offline!
2026-09-17 01:18:00 [2269271] WARN  /home/kadir/mqtt-fuzzing/builds/nanomq-asan/nng/src/sp/protocol/mqtt/mqtt_parser.c:1359 nano_msg_notify: test online!
2026-09-17 01:18:00 [2269272] WARN  /home/kadir/mqtt-fuzzing/builds/nanomq-asan/nng/src/sp/transport/mqtt/broker_tcp.c:739 tcptran_pipe_recv_cb: Got invalid CONNECT from client!
2026-09-17 01:18:00 [2269272] WARN  /home/kadir/mqtt-fuzzing/builds/nanomq-asan/nng/src/sp/transport/mqtt/broker_tcp.c:895 tcptran_pipe_recv_cb: tcptran_pipe_recv_cb: recv_error rv: 129

2026-09-17 01:18:00 [2269276] WARN  /home/kadir/mqtt-fuzzing/builds/nanomq-asan/nng/src/sp/protocol/mqtt/mqtt_parser.c:1363 nano_msg_notify: test offline!
2026-09-17 01:18:00 [2269272] WARN  /home/kadir/mqtt-fuzzing/builds/nanomq-asan/nng/src/sp/protocol/mqtt/mqtt_parser.c:1359 nano_msg_notify: test online!
2026-09-17 01:18:00 [2269276] WARN  /home/kadir/mqtt-fuzzing/builds/nanomq-asan/nng/src/sp/transport/mqtt/broker_tcp.c:662 tcptran_pipe_recv_cb: MALFORMED_PACKET received.
2026-09-17 01:18:00 [2269276] WARN  /home/kadir/mqtt-fuzzing/builds/nanomq-asan/nng/src/sp/transport/mqtt/broker_tcp.c:895 tcptran_pipe_recv_cb: tcptran_pipe_recv_cb: recv_error rv: 17

2026-09-17 01:18:00 [2269271] WARN  /home/kadir/mqtt-fuzzing/builds/nanomq-asan/nng/src/sp/protocol/mqtt/mqtt_parser.c:1363 nano_msg_notify: test offline!
2026-09-17 01:18:00 [2269271] WARN  /home/kadir/mqtt-fuzzing/builds/nanomq-asan/nng/src/sp/transport/mqtt/broker_tcp.c:628 tcptran_pipe_recv_cb: nni aio recv error!! Connection shutdown

2026-09-17 01:18:00 [2269271] WARN  /home/kadir/mqtt-fuzzing/builds/nanomq-asan/nng/src/sp/transport/mqtt/broker_tcp.c:895 tcptran_pipe_recv_cb: tcptran_pipe_recv_cb: recv_error rv: 139

2026-09-17 01:18:00 [2269276] WARN  /home/kadir/mqtt-fuzzing/builds/nanomq-asan/nng/src/sp/protocol/mqtt/mqtt_parser.c:1359 nano_msg_notify: test online!
2026-09-17 01:18:00 [2269274] WARN  /home/kadir/mqtt-fuzzing/builds/nanomq-asan/nng/src/sp/protocol/mqtt/mqtt_parser.c:1363 nano_msg_notify: test offline!
2026-09-17 01:18:00 [2269272] WARN  /home/kadir/mqtt-fuzzing/builds/nanomq-asan/nng/src/sp/protocol/mqtt/mqtt_parser.c:1359 nano_msg_notify: test online!
2026-09-17 01:18:00 [2269271] WARN  /home/kadir/mqtt-fuzzing/builds/nanomq-asan/nng/src/sp/transport/mqtt/broker_tcp.c:662 tcptran_pipe_recv_cb: MALFORMED_PACKET received.
2026-09-17 01:18:00 [2269271] WARN  /home/kadir/mqtt-fuzzing/builds/nanomq-asan/nng/src/sp/transport/mqtt/broker_tcp.c:895 tcptran_pipe_recv_cb: tcptran_pipe_recv_cb: recv_error rv: 17

2026-09-17 01:18:00 [2269273] WARN  /home/kadir/mqtt-fuzzing/builds/nanomq-asan/nng/src/sp/protocol/mqtt/mqtt_parser.c:1363 nano_msg_notify: test offline!
2026-09-17 01:18:00 [2269273] WARN  /home/kadir/mqtt-fuzzing/builds/nanomq-asan/nng/src/sp/transport/mqtt/broker_tcp.c:662 tcptran_pipe_recv_cb: MALFORMED_PACKET received.
2026-09-17 01:18:00 [2269273] WARN  /home/kadir/mqtt-fuzzing/builds/nanomq-asan/nng/src/sp/transport/mqtt/broker_tcp.c:895 tcptran_pipe_recv_cb: tcptran_pipe_recv_cb: recv_error rv: 17

2026-09-17 01:18:00 [2269272] WARN  /home/kadir/mqtt-fuzzing/builds/nanomq-asan/nng/src/sp/protocol/mqtt/mqtt_parser.c:1363 nano_msg_notify: test offline!
2026-09-17 01:18:00 [2269271] WARN  /home/kadir/mqtt-fuzzing/builds/nanomq-asan/nng/src/sp/protocol/mqtt/mqtt_parser.c:1359 nano_msg_notify: test online!
2026-09-17 01:18:00 [2269274] WARN  /home/kadir/mqtt-fuzzing/builds/nanomq-asan/nng/src/sp/protocol/mqtt/mqtt_parser.c:1359 nano_msg_notify: test online!
2026-09-17 01:18:00 [2269271] WARN  /home/kadir/mqtt-fuzzing/builds/nanomq-asan/nng/src/sp/transport/mqtt/broker_tcp.c:662 tcptran_pipe_recv_cb: MALFORMED_PACKET received.
2026-09-17 01:18:00 [2269271] WARN  /home/kadir/mqtt-fuzzing/builds/nanomq-asan/nng/src/sp/transport/mqtt/broker_tcp.c:895 tcptran_pipe_recv_cb: tcptran_pipe_recv_cb: recv_error rv: 17

2026-09-17 01:18:00 [2269272] WARN  /home/kadir/mqtt-fuzzing/builds/nanomq-asan/nng/src/sp/protocol/mqtt/mqtt_parser.c:1363 nano_msg_notify: test offline!
2026-09-17 01:18:00 [2269274] WARN  /home/kadir/mqtt-fuzzing/builds/nanomq-asan/nng/src/sp/protocol/mqtt/mqtt_parser.c:1359 nano_msg_notify: test online!
2026-09-17 01:18:00 [2269275] WARN  /home/kadir/mqtt-fuzzing/builds/nanomq-asan/nng/src/sp/transport/mqtt/broker_tcp.c:662 tcptran_pipe_recv_cb: MALFORMED_PACKET received.
2026-09-17 01:18:00 [2269275] WARN  /home/kadir/mqtt-fuzzing/builds/nanomq-asan/nng/src/sp/transport/mqtt/broker_tcp.c:895 tcptran_pipe_recv_cb: tcptran_pipe_recv_cb: recv_error rv: 17

2026-09-17 01:18:00 [2269271] WARN  /home/kadir/mqtt-fuzzing/builds/nanomq-asan/nng/src/sp/protocol/mqtt/mqtt_parser.c:1363 nano_msg_notify: test offline!
2026-09-17 01:18:00 [2269278] WARN  /home/kadir/mqtt-fuzzing/builds/nanomq-asan/nng/src/sp/protocol/mqtt/mqtt_parser.c:1359 nano_msg_notify: test online!
2026-09-17 01:18:00 [2269272] ERROR /home/kadir/mqtt-fuzzing/builds/nanomq-asan/nng/src/sp/transport/mqtt/broker_tcp.c:691 tcptran_pipe_recv_cb: Size of packet exceeds limitation: 0x95

2026-09-17 01:18:00 [2269272] WARN  /home/kadir/mqtt-fuzzing/builds/nanomq-asan/nng/src/sp/transport/mqtt/broker_tcp.c:895 tcptran_pipe_recv_cb: tcptran_pipe_recv_cb: recv_error rv: 149

2026-09-17 01:18:00 [2269275] WARN  /home/kadir/mqtt-fuzzing/builds/nanomq-asan/nng/src/sp/protocol/mqtt/mqtt_parser.c:1363 nano_msg_notify: test offline!
2026-09-17 01:18:00 [2269275] WARN  /home/kadir/mqtt-fuzzing/builds/nanomq-asan/nng/src/sp/protocol/mqtt/mqtt_parser.c:1359 nano_msg_notify: test online!
2026-09-17 01:18:00 [2269273] ERROR /home/kadir/mqtt-fuzzing/builds/nanomq-asan/nng/src/sp/transport/mqtt/broker_tcp.c:691 tcptran_pipe_recv_cb: Size of packet exceeds limitation: 0x95

2026-09-17 01:18:00 [2269273] WARN  /home/kadir/mqtt-fuzzing/builds/nanomq-asan/nng/src/sp/transport/mqtt/broker_tcp.c:895 tcptran_pipe_recv_cb: tcptran_pipe_recv_cb: recv_error rv: 149

2026-09-17 01:18:00 [2269274] WARN  /home/kadir/mqtt-fuzzing/builds/nanomq-asan/nng/src/sp/protocol/mqtt/mqtt_parser.c:1363 nano_msg_notify: test offline!
2026-09-17 01:18:00 [2269271] WARN  /home/kadir/mqtt-fuzzing/builds/nanomq-asan/nng/src/sp/protocol/mqtt/mqtt_parser.c:1359 nano_msg_notify: test online!
2026-09-17 01:18:00 [2269276] WARN  /home/kadir/mqtt-fuzzing/builds/nanomq-asan/nng/src/sp/transport/mqtt/broker_tcp.c:662 tcptran_pipe_recv_cb: MALFORMED_PACKET received.
2026-09-17 01:18:00 [2269276] WARN  /home/kadir/mqtt-fuzzing/builds/nanomq-asan/nng/src/sp/transport/mqtt/broker_tcp.c:895 tcptran_pipe_recv_cb: tcptran_pipe_recv_cb: recv_error rv: 17

2026-09-17 01:18:00 [2269273] WARN  /home/kadir/mqtt-fuzzing/builds/nanomq-asan/nng/src/sp/protocol/mqtt/mqtt_parser.c:1363 nano_msg_notify: test offline!
2026-09-17 01:18:00 [2269276] WARN  /home/kadir/mqtt-fuzzing/builds/nanomq-asan/nng/src/sp/protocol/mqtt/mqtt_parser.c:1359 nano_msg_notify: test online!
2026-09-17 01:18:00 [2269272] WARN  /home/kadir/mqtt-fuzzing/builds/nanomq-asan/nng/src/sp/transport/mqtt/broker_tcp.c:662 tcptran_pipe_recv_cb: MALFORMED_PACKET received.
2026-09-17 01:18:00 [2269272] WARN  /home/kadir/mqtt-fuzzing/builds/nanomq-asan/nng/src/sp/transport/mqtt/broker_tcp.c:895 tcptran_pipe_recv_cb: tcptran_pipe_recv_cb: recv_error rv: 17

2026-09-17 01:18:00 [2269274] WARN  /home/kadir/mqtt-fuzzing/builds/nanomq-asan/nng/src/sp/protocol/mqtt/mqtt_parser.c:1363 nano_msg_notify: test offline!
2026-09-17 01:18:00 [2269275] WARN  /home/kadir/mqtt-fuzzing/builds/nanomq-asan/nng/src/sp/protocol/mqtt/mqtt_parser.c:1359 nano_msg_notify: test online!
2026-09-17 01:18:00 [2269273] WARN  /home/kadir/mqtt-fuzzing/builds/nanomq-asan/nng/src/sp/transport/mqtt/broker_tcp.c:662 tcptran_pipe_recv_cb: MALFORMED_PACKET received.
2026-09-17 01:18:00 [2269273] WARN  /home/kadir/mqtt-fuzzing/builds/nanomq-asan/nng/src/sp/transport/mqtt/broker_tcp.c:895 tcptran_pipe_recv_cb: tcptran_pipe_recv_cb: recv_error rv: 17

2026-09-17 01:18:00 [2269277] WARN  /home/kadir/mqtt-fuzzing/builds/nanomq-asan/nng/src/sp/protocol/mqtt/mqtt_parser.c:1363 nano_msg_notify: test offline!
2026-09-17 01:18:00 [2269272] WARN  /home/kadir/mqtt-fuzzing/builds/nanomq-asan/nng/src/sp/protocol/mqtt/mqtt_parser.c:1359 nano_msg_notify: test online!
2026-09-17 01:18:00 [2269277] WARN  /home/kadir/mqtt-fuzzing/builds/nanomq-asan/nng/src/sp/transport/mqtt/broker_tcp.c:662 tcptran_pipe_recv_cb: MALFORMED_PACKET received.
2026-09-17 01:18:00 [2269277] WARN  /home/kadir/mqtt-fuzzing/builds/nanomq-asan/nng/src/sp/transport/mqtt/broker_tcp.c:895 tcptran_pipe_recv_cb: tcptran_pipe_recv_cb: recv_error rv: 17

2026-09-17 01:18:00 [2269273] WARN  /home/kadir/mqtt-fuzzing/builds/nanomq-asan/nng/src/sp/protocol/mqtt/mqtt_parser.c:1363 nano_msg_notify: test offline!
2026-09-17 01:18:00 [2269276] WARN  /home/kadir/mqtt-fuzzing/builds/nanomq-asan/nng/src/sp/protocol/mqtt/mqtt_parser.c:1359 nano_msg_notify: test online!
2026-09-17 01:18:00 [2269275] WARN  /home/kadir/mqtt-fuzzing/builds/nanomq-asan/nng/src/sp/transport/mqtt/broker_tcp.c:662 tcptran_pipe_recv_cb: MALFORMED_PACKET received.
2026-09-17 01:18:00 [2269275] WARN  /home/kadir/mqtt-fuzzing/builds/nanomq-asan/nng/src/sp/transport/mqtt/broker_tcp.c:895 tcptran_pipe_recv_cb: tcptran_pipe_recv_cb: recv_error rv: 17

2026-09-17 01:18:00 [2269277] WARN  /home/kadir/mqtt-fuzzing/builds/nanomq-asan/nng/src/sp/protocol/mqtt/mqtt_parser.c:1363 nano_msg_notify: test offline!
2026-09-17 01:18:00 [2269275] WARN  /home/kadir/mqtt-fuzzing/builds/nanomq-asan/nng/src/sp/protocol/mqtt/mqtt_parser.c:1359 nano_msg_notify: test online!
2026-09-17 01:18:00 [2269273] WARN  /home/kadir/mqtt-fuzzing/builds/nanomq-asan/nng/src/sp/transport/mqtt/broker_tcp.c:662 tcptran_pipe_recv_cb: MALFORMED_PACKET received.
2026-09-17 01:18:00 [2269273] WARN  /home/kadir/mqtt-fuzzing/builds/nanomq-asan/nng/src/sp/transport/mqtt/broker_tcp.c:895 tcptran_pipe_recv_cb: tcptran_pipe_recv_cb: recv_error rv: 17

2026-09-17 01:18:00 [2269276] WARN  /home/kadir/mqtt-fuzzing/builds/nanomq-asan/nng/src/sp/protocol/mqtt/mqtt_parser.c:1363 nano_msg_notify: test offline!
2026-09-17 01:18:00 [2269272] WARN  /home/kadir/mqtt-fuzzing/builds/nanomq-asan/nng/src/sp/protocol/mqtt/mqtt_parser.c:1359 nano_msg_notify: test online!
2026-09-17 01:18:00 [2269278] WARN  /home/kadir/mqtt-fuzzing/builds/nanomq-asan/nng/src/sp/transport/mqtt/broker_tcp.c:662 tcptran_pipe_recv_cb: MALFORMED_PACKET received.
2026-09-17 01:18:00 [2269278] WARN  /home/kadir/mqtt-fuzzing/builds/nanomq-asan/nng/src/sp/transport/mqtt/broker_tcp.c:895 tcptran_pipe_recv_cb: tcptran_pipe_recv_cb: recv_error rv: 17

2026-09-17 01:18:00 [2269271] WARN  /home/kadir/mqtt-fuzzing/builds/nanomq-asan/nng/src/sp/protocol/mqtt/mqtt_parser.c:1363 nano_msg_notify: test offline!
2026-09-17 01:18:00 [2269278] WARN  /home/kadir/mqtt-fuzzing/builds/nanomq-asan/nng/src/sp/protocol/mqtt/mqtt_parser.c:1359 nano_msg_notify: test online!
2026-09-17 01:18:00 [2269276] WARN  /home/kadir/mqtt-fuzzing/builds/nanomq-asan/nng/src/sp/transport/mqtt/broker_tcp.c:662 tcptran_pipe_recv_cb: MALFORMED_PACKET received.
2026-09-17 01:18:00 [2269276] WARN  /home/kadir/mqtt-fuzzing/builds/nanomq-asan/nng/src/sp/transport/mqtt/broker_tcp.c:895 tcptran_pipe_recv_cb: tcptran_pipe_recv_cb: recv_error rv: 17

2026-09-17 01:18:00 [2269271] WARN  /home/kadir/mqtt-fuzzing/builds/nanomq-asan/nng/src/sp/protocol/mqtt/mqtt_parser.c:1363 nano_msg_notify: test offline!
2026-09-17 01:18:00 [2269273] WARN  /home/kadir/mqtt-fuzzing/builds/nanomq-asan/nng/src/sp/protocol/mqtt/mqtt_parser.c:1359 nano_msg_notify: test online!
2026-09-17 01:18:00 [2269276] WARN  /home/kadir/mqtt-fuzzing/builds/nanomq-asan/nng/src/sp/transport/mqtt/broker_tcp.c:739 tcptran_pipe_recv_cb: Got invalid CONNECT from client!
2026-09-17 01:18:00 [2269276] WARN  /home/kadir/mqtt-fuzzing/builds/nanomq-asan/nng/src/sp/transport/mqtt/broker_tcp.c:895 tcptran_pipe_recv_cb: tcptran_pipe_recv_cb: recv_error rv: 129

2026-09-17 01:18:00 [2269274] WARN  /home/kadir/mqtt-fuzzing/builds/nanomq-asan/nng/src/sp/protocol/mqtt/mqtt_parser.c:1363 nano_msg_notify: test offline!
2026-09-17 01:18:00 [2269273] WARN  /home/kadir/mqtt-fuzzing/builds/nanomq-asan/nng/src/sp/protocol/mqtt/mqtt_parser.c:1359 nano_msg_notify: test online!
2026-09-17 01:18:00 [2269272] WARN  /home/kadir/mqtt-fuzzing/builds/nanomq-asan/nng/src/sp/transport/mqtt/broker_tcp.c:739 tcptran_pipe_recv_cb: Got invalid CONNECT from client!
2026-09-17 01:18:00 [2269272] WARN  /home/kadir/mqtt-fuzzing/builds/nanomq-asan/nng/src/sp/transport/mqtt/broker_tcp.c:895 tcptran_pipe_recv_cb: tcptran_pipe_recv_cb: recv_error rv: 129

2026-09-17 01:18:00 [2269276] WARN  /home/kadir/mqtt-fuzzing/builds/nanomq-asan/nng/src/sp/protocol/mqtt/mqtt_parser.c:1363 nano_msg_notify: test offline!
2026-09-17 01:18:00 [2269278] WARN  /home/kadir/mqtt-fuzzing/builds/nanomq-asan/nng/src/sp/transport/mqtt/broker_tcp.c:628 tcptran_pipe_recv_cb: nni aio recv error!! Connection shutdown

2026-09-17 01:18:00 [2269278] WARN  /home/kadir/mqtt-fuzzing/builds/nanomq-asan/nng/src/sp/transport/mqtt/broker_tcp.c:895 tcptran_pipe_recv_cb: tcptran_pipe_recv_cb: recv_error rv: 139

2026-09-17 01:18:00 [2269273] WARN  /home/kadir/mqtt-fuzzing/builds/nanomq-asan/nng/src/sp/protocol/mqtt/mqtt_parser.c:1359 nano_msg_notify: test online!
2026-09-17 01:18:00 [2269274] WARN  /home/kadir/mqtt-fuzzing/builds/nanomq-asan/nng/src/sp/protocol/mqtt/mqtt_parser.c:1363 nano_msg_notify: test offline!
2026-09-17 01:18:00 [2269277] WARN  /home/kadir/mqtt-fuzzing/builds/nanomq-asan/nng/src/sp/protocol/mqtt/mqtt_parser.c:1359 nano_msg_notify: test online!
2026-09-17 01:18:00 [2269274] WARN  /home/kadir/mqtt-fuzzing/builds/nanomq-asan/nng/src/sp/transport/mqtt/broker_tcp.c:895 tcptran_pipe_recv_cb: tcptran_pipe_recv_cb: recv_error rv: 153

2026-09-17 01:18:00 [2269276] WARN  /home/kadir/mqtt-fuzzing/builds/nanomq-asan/nng/src/sp/protocol/mqtt/mqtt_parser.c:1363 nano_msg_notify: test offline!
2026-09-17 01:18:00 [2269275] WARN  /home/kadir/mqtt-fuzzing/builds/nanomq-asan/nng/src/sp/protocol/mqtt/mqtt_parser.c:1359 nano_msg_notify: test online!
2026-09-17 01:18:00 [2269273] WARN  /home/kadir/mqtt-fuzzing/builds/nanomq-asan/nng/src/sp/transport/mqtt/broker_tcp.c:895 tcptran_pipe_recv_cb: tcptran_pipe_recv_cb: recv_error rv: 153

2026-09-17 01:18:00 [2269272] WARN  /home/kadir/mqtt-fuzzing/builds/nanomq-asan/nng/src/sp/protocol/mqtt/mqtt_parser.c:1363 nano_msg_notify: test offline!
2026-09-17 01:18:00 [2269271] WARN  /home/kadir/mqtt-fuzzing/builds/nanomq-asan/nng/src/sp/protocol/mqtt/mqtt_parser.c:1359 nano_msg_notify: test online!
2026-09-17 01:18:00 [2269273] WARN  /home/kadir/mqtt-fuzzing/builds/nanomq-asan/nng/src/sp/transport/mqtt/broker_tcp.c:895 tcptran_pipe_recv_cb: tcptran_pipe_recv_cb: recv_error rv: 153

2026-09-17 01:18:00 [2269276] WARN  /home/kadir/mqtt-fuzzing/builds/nanomq-asan/nng/src/sp/protocol/mqtt/mqtt_parser.c:1363 nano_msg_notify: test offline!
2026-09-17 01:18:00 [2269273] WARN  /home/kadir/mqtt-fuzzing/builds/nanomq-asan/nng/src/sp/protocol/mqtt/mqtt_parser.c:1359 nano_msg_notify: test online!
2026-09-17 01:18:00 [2269278] WARN  /home/kadir/mqtt-fuzzing/builds/nanomq-asan/nng/src/sp/transport/mqtt/broker_tcp.c:739 tcptran_pipe_recv_cb: Got invalid CONNECT from client!
2026-09-17 01:18:00 [2269278] WARN  /home/kadir/mqtt-fuzzing/builds/nanomq-asan/nng/src/sp/transport/mqtt/broker_tcp.c:895 tcptran_pipe_recv_cb: tcptran_pipe_recv_cb: recv_error rv: 129

2026-09-17 01:18:00 [2269271] WARN  /home/kadir/mqtt-fuzzing/builds/nanomq-asan/nng/src/sp/protocol/mqtt/mqtt_parser.c:1363 nano_msg_notify: test offline!
2026-09-17 01:18:00 [2269273] WARN  /home/kadir/mqtt-fuzzing/builds/nanomq-asan/nng/src/sp/protocol/mqtt/mqtt_parser.c:1359 nano_msg_notify: test online!
2026-09-17 01:18:00 [2269278] WARN  /home/kadir/mqtt-fuzzing/builds/nanomq-asan/nng/src/sp/transport/mqtt/broker_tcp.c:739 tcptran_pipe_recv_cb: Got invalid CONNECT from client!
2026-09-17 01:18:00 [2269278] WARN  /home/kadir/mqtt-fuzzing/builds/nanomq-asan/nng/src/sp/transport/mqtt/broker_tcp.c:895 tcptran_pipe_recv_cb: tcptran_pipe_recv_cb: recv_error rv: 129

2026-09-17 01:18:00 [2269274] WARN  /home/kadir/mqtt-fuzzing/builds/nanomq-asan/nng/src/sp/protocol/mqtt/mqtt_parser.c:1363 nano_msg_notify: test offline!
2026-09-17 01:18:00 [2269278] WARN  /home/kadir/mqtt-fuzzing/builds/nanomq-asan/nng/src/sp/protocol/mqtt/mqtt_parser.c:1359 nano_msg_notify: test online!
2026-09-17 01:18:00 [2269274] WARN  /home/kadir/mqtt-fuzzing/builds/nanomq-asan/nng/src/sp/transport/mqtt/broker_tcp.c:739 tcptran_pipe_recv_cb: Got invalid CONNECT from client!
2026-09-17 01:18:00 [2269274] WARN  /home/kadir/mqtt-fuzzing/builds/nanomq-asan/nng/src/sp/transport/mqtt/broker_tcp.c:895 tcptran_pipe_recv_cb: tcptran_pipe_recv_cb: recv_error rv: 129

2026-09-17 01:18:00 [2269277] WARN  /home/kadir/mqtt-fuzzing/builds/nanomq-asan/nng/src/sp/protocol/mqtt/mqtt_parser.c:1363 nano_msg_notify: test offline!
2026-09-17 01:18:00 [2269278] WARN  /home/kadir/mqtt-fuzzing/builds/nanomq-asan/nng/src/sp/protocol/mqtt/mqtt_parser.c:1359 nano_msg_notify: test online!
2026-09-17 01:18:00 [2269273] WARN  /home/kadir/mqtt-fuzzing/builds/nanomq-asan/nng/src/sp/transport/mqtt/broker_tcp.c:739 tcptran_pipe_recv_cb: Got invalid CONNECT from client!
2026-09-17 01:18:00 [2269273] WARN  /home/kadir/mqtt-fuzzing/builds/nanomq-asan/nng/src/sp/transport/mqtt/broker_tcp.c:895 tcptran_pipe_recv_cb: tcptran_pipe_recv_cb: recv_error rv: 129

2026-09-17 01:18:00 [2269275] WARN  /home/kadir/mqtt-fuzzing/builds/nanomq-asan/nng/src/sp/protocol/mqtt/mqtt_parser.c:1363 nano_msg_notify: test offline!
2026-09-17 01:18:00 [2269273] WARN  /home/kadir/mqtt-fuzzing/builds/nanomq-asan/nng/src/sp/protocol/mqtt/mqtt_parser.c:1359 nano_msg_notify: test online!
2026-09-17 01:18:00 [2269276] WARN  /home/kadir/mqtt-fuzzing/builds/nanomq-asan/nng/src/sp/transport/mqtt/broker_tcp.c:739 tcptran_pipe_recv_cb: Got invalid CONNECT from client!
2026-09-17 01:18:00 [2269276] WARN  /home/kadir/mqtt-fuzzing/builds/nanomq-asan/nng/src/sp/transport/mqtt/broker_tcp.c:895 tcptran_pipe_recv_cb: tcptran_pipe_recv_cb: recv_error rv: 129

2026-09-17 01:18:00 [2269274] WARN  /home/kadir/mqtt-fuzzing/builds/nanomq-asan/nng/src/sp/protocol/mqtt/mqtt_parser.c:1363 nano_msg_notify: test offline!
2026-09-17 01:18:00 [2269276] WARN  /home/kadir/mqtt-fuzzing/builds/nanomq-asan/nng/src/sp/protocol/mqtt/mqtt_parser.c:1359 nano_msg_notify: test online!
2026-09-17 01:18:00 [2269274] WARN  /home/kadir/mqtt-fuzzing/builds/nanomq-asan/nng/src/sp/transport/mqtt/broker_tcp.c:739 tcptran_pipe_recv_cb: Got invalid CONNECT from client!
2026-09-17 01:18:00 [2269274] WARN  /home/kadir/mqtt-fuzzing/builds/nanomq-asan/nng/src/sp/transport/mqtt/broker_tcp.c:895 tcptran_pipe_recv_cb: tcptran_pipe_recv_cb: recv_error rv: 129

2026-09-17 01:18:00 [2269273] WARN  /home/kadir/mqtt-fuzzing/builds/nanomq-asan/nng/src/sp/protocol/mqtt/mqtt_parser.c:1363 nano_msg_notify: test offline!
2026-09-17 01:18:01 [2269274] WARN  /home/kadir/mqtt-fuzzing/builds/nanomq-asan/nng/src/sp/protocol/mqtt/mqtt_parser.c:1359 nano_msg_notify: test online!
2026-09-17 01:18:01 [2269273] WARN  /home/kadir/mqtt-fuzzing/builds/nanomq-asan/nng/src/sp/transport/mqtt/broker_tcp.c:739 tcptran_pipe_recv_cb: Got invalid CONNECT from client!
2026-09-17 01:18:01 [2269273] WARN  /home/kadir/mqtt-fuzzing/builds/nanomq-asan/nng/src/sp/transport/mqtt/broker_tcp.c:895 tcptran_pipe_recv_cb: tcptran_pipe_recv_cb: recv_error rv: 129

2026-09-17 01:18:01 [2269276] WARN  /home/kadir/mqtt-fuzzing/builds/nanomq-asan/nng/src/sp/protocol/mqtt/mqtt_parser.c:1363 nano_msg_notify: test offline!
2026-09-17 01:18:01 [2269273] WARN  /home/kadir/mqtt-fuzzing/builds/nanomq-asan/nng/src/sp/protocol/mqtt/mqtt_parser.c:1359 nano_msg_notify: test online!
2026-09-17 01:18:01 [2269275] WARN  /home/kadir/mqtt-fuzzing/builds/nanomq-asan/nng/src/sp/transport/mqtt/broker_tcp.c:739 tcptran_pipe_recv_cb: Got invalid CONNECT from client!
2026-09-17 01:18:01 [2269275] WARN  /home/kadir/mqtt-fuzzing/builds/nanomq-asan/nng/src/sp/transport/mqtt/broker_tcp.c:895 tcptran_pipe_recv_cb: tcptran_pipe_recv_cb: recv_error rv: 129

2026-09-17 01:18:01 [2269277] WARN  /home/kadir/mqtt-fuzzing/builds/nanomq-asan/nng/src/sp/protocol/mqtt/mqtt_parser.c:1363 nano_msg_notify: test offline!
2026-09-17 01:18:01 [2269273] WARN  /home/kadir/mqtt-fuzzing/builds/nanomq-asan/nng/src/sp/protocol/mqtt/mqtt_parser.c:1359 nano_msg_notify: test online!
2026-09-17 01:18:01 [2269271] WARN  /home/kadir/mqtt-fuzzing/builds/nanomq-asan/nng/src/sp/transport/mqtt/broker_tcp.c:739 tcptran_pipe_recv_cb: Got invalid CONNECT from client!
2026-09-17 01:18:01 [2269271] WARN  /home/kadir/mqtt-fuzzing/builds/nanomq-asan/nng/src/sp/transport/mqtt/broker_tcp.c:895 tcptran_pipe_recv_cb: tcptran_pipe_recv_cb: recv_error rv: 129

2026-09-17 01:18:01 [2269278] WARN  /home/kadir/mqtt-fuzzing/builds/nanomq-asan/nng/src/sp/protocol/mqtt/mqtt_parser.c:1363 nano_msg_notify: test offline!
2026-09-17 01:18:01 [2269273] WARN  /home/kadir/mqtt-fuzzing/builds/nanomq-asan/nng/src/sp/protocol/mqtt/mqtt_parser.c:1359 nano_msg_notify: test online!
2026-09-17 01:18:01 [2269272] WARN  /home/kadir/mqtt-fuzzing/builds/nanomq-asan/nng/src/sp/transport/mqtt/broker_tcp.c:739 tcptran_pipe_recv_cb: Got invalid CONNECT from client!
2026-09-17 01:18:01 [2269272] WARN  /home/kadir/mqtt-fuzzing/builds/nanomq-asan/nng/src/sp/transport/mqtt/broker_tcp.c:895 tcptran_pipe_recv_cb: tcptran_pipe_recv_cb: recv_error rv: 129

2026-09-17 01:18:01 [2269274] WARN  /home/kadir/mqtt-fuzzing/builds/nanomq-asan/nng/src/sp/protocol/mqtt/mqtt_parser.c:1363 nano_msg_notify: test offline!
2026-09-17 01:18:01 [2269273] WARN  /home/kadir/mqtt-fuzzing/builds/nanomq-asan/nng/src/sp/protocol/mqtt/mqtt_parser.c:1359 nano_msg_notify: test online!
2026-09-17 01:18:01 [2269276] WARN  /home/kadir/mqtt-fuzzing/builds/nanomq-asan/nng/src/sp/transport/mqtt/broker_tcp.c:739 tcptran_pipe_recv_cb: Got invalid CONNECT from client!
2026-09-17 01:18:01 [2269276] WARN  /home/kadir/mqtt-fuzzing/builds/nanomq-asan/nng/src/sp/transport/mqtt/broker_tcp.c:895 tcptran_pipe_recv_cb: tcptran_pipe_recv_cb: recv_error rv: 129

2026-09-17 01:18:01 [2269271] WARN  /home/kadir/mqtt-fuzzing/builds/nanomq-asan/nng/src/sp/protocol/mqtt/mqtt_parser.c:1363 nano_msg_notify: test offline!
2026-09-17 01:18:01 [2269276] WARN  /home/kadir/mqtt-fuzzing/builds/nanomq-asan/nng/src/sp/protocol/mqtt/mqtt_parser.c:1359 nano_msg_notify: test online!
2026-09-17 01:18:01 [2269273] WARN  /home/kadir/mqtt-fuzzing/builds/nanomq-asan/nng/src/sp/transport/mqtt/broker_tcp.c:739 tcptran_pipe_recv_cb: Got invalid CONNECT from client!
2026-09-17 01:18:01 [2269273] WARN  /home/kadir/mqtt-fuzzing/builds/nanomq-asan/nng/src/sp/transport/mqtt/broker_tcp.c:895 tcptran_pipe_recv_cb: tcptran_pipe_recv_cb: recv_error rv: 129

2026-09-17 01:18:01 [2269272] WARN  /home/kadir/mqtt-fuzzing/builds/nanomq-asan/nng/src/sp/protocol/mqtt/mqtt_parser.c:1363 nano_msg_notify: test offline!
2026-09-17 01:18:01 [2269273] WARN  /home/kadir/mqtt-fuzzing/builds/nanomq-asan/nng/src/sp/protocol/mqtt/mqtt_parser.c:1359 nano_msg_notify: test online!
2026-09-17 01:18:01 [2269272] WARN  /home/kadir/mqtt-fuzzing/builds/nanomq-asan/nng/src/sp/transport/mqtt/broker_tcp.c:739 tcptran_pipe_recv_cb: Got invalid CONNECT from client!
2026-09-17 01:18:01 [2269272] WARN  /home/kadir/mqtt-fuzzing/builds/nanomq-asan/nng/src/sp/transport/mqtt/broker_tcp.c:895 tcptran_pipe_recv_cb: tcptran_pipe_recv_cb: recv_error rv: 129

2026-09-17 01:18:01 [2269277] WARN  /home/kadir/mqtt-fuzzing/builds/nanomq-asan/nng/src/sp/protocol/mqtt/mqtt_parser.c:1363 nano_msg_notify: test offline!
2026-09-17 01:18:01 [2269276] WARN  /home/kadir/mqtt-fuzzing/builds/nanomq-asan/nng/src/sp/transport/mqtt/broker_tcp.c:739 tcptran_pipe_recv_cb: Got invalid CONNECT from client!
2026-09-17 01:18:01 [2269276] WARN  /home/kadir/mqtt-fuzzing/builds/nanomq-asan/nng/src/sp/transport/mqtt/broker_tcp.c:895 tcptran_pipe_recv_cb: tcptran_pipe_recv_cb: recv_error rv: 129

2026-09-17 01:18:01 [2269271] WARN  /home/kadir/mqtt-fuzzing/builds/nanomq-asan/nng/src/sp/protocol/mqtt/mqtt_parser.c:1359 nano_msg_notify: test online!
2026-09-17 01:18:01 [2269278] WARN  /home/kadir/mqtt-fuzzing/builds/nanomq-asan/nng/src/sp/protocol/mqtt/mqtt_parser.c:1363 nano_msg_notify: test offline!
2026-09-17 01:18:01 [2269276] WARN  /home/kadir/mqtt-fuzzing/builds/nanomq-asan/nng/src/sp/protocol/mqtt/mqtt_parser.c:1359 nano_msg_notify: test online!
2026-09-17 01:18:01 [2269278] WARN  /home/kadir/mqtt-fuzzing/builds/nanomq-asan/nng/src/sp/transport/mqtt/broker_tcp.c:739 tcptran_pipe_recv_cb: Got invalid CONNECT from client!
2026-09-17 01:18:01 [2269278] WARN  /home/kadir/mqtt-fuzzing/builds/nanomq-asan/nng/src/sp/transport/mqtt/broker_tcp.c:895 tcptran_pipe_recv_cb: tcptran_pipe_recv_cb: recv_error rv: 129

2026-09-17 01:18:01 [2269275] WARN  /home/kadir/mqtt-fuzzing/builds/nanomq-asan/nng/src/sp/protocol/mqtt/mqtt_parser.c:1363 nano_msg_notify: test offline!
2026-09-17 01:18:01 [2269278] WARN  /home/kadir/mqtt-fuzzing/builds/nanomq-asan/nng/src/sp/protocol/mqtt/mqtt_parser.c:1359 nano_msg_notify: test online!
2026-09-17 01:18:01 [2269276] WARN  /home/kadir/mqtt-fuzzing/builds/nanomq-asan/nng/src/sp/transport/mqtt/broker_tcp.c:739 tcptran_pipe_recv_cb: Got invalid CONNECT from client!
2026-09-17 01:18:01 [2269276] WARN  /home/kadir/mqtt-fuzzing/builds/nanomq-asan/nng/src/sp/transport/mqtt/broker_tcp.c:895 tcptran_pipe_recv_cb: tcptran_pipe_recv_cb: recv_error rv: 129

2026-09-17 01:18:01 [2269276] WARN  /home/kadir/mqtt-fuzzing/builds/nanomq-asan/nng/src/sp/protocol/mqtt/mqtt_parser.c:1363 nano_msg_notify: test offline!
2026-09-17 01:18:01 [2269278] WARN  /home/kadir/mqtt-fuzzing/builds/nanomq-asan/nng/src/sp/protocol/mqtt/mqtt_parser.c:1359 nano_msg_notify: test online!
2026-09-17 01:18:01 [2269276] WARN  /home/kadir/mqtt-fuzzing/builds/nanomq-asan/nng/src/sp/transport/mqtt/broker_tcp.c:739 tcptran_pipe_recv_cb: Got invalid CONNECT from client!
2026-09-17 01:18:01 [2269276] WARN  /home/kadir/mqtt-fuzzing/builds/nanomq-asan/nng/src/sp/transport/mqtt/broker_tcp.c:895 tcptran_pipe_recv_cb: tcptran_pipe_recv_cb: recv_error rv: 129

2026-09-17 01:18:01 [2269276] WARN  /home/kadir/mqtt-fuzzing/builds/nanomq-asan/nng/src/sp/protocol/mqtt/mqtt_parser.c:1363 nano_msg_notify: test offline!
2026-09-17 01:18:01 [2269278] WARN  /home/kadir/mqtt-fuzzing/builds/nanomq-asan/nng/src/sp/protocol/mqtt/mqtt_parser.c:1359 nano_msg_notify: test online!
2026-09-17 01:18:01 [2269276] WARN  /home/kadir/mqtt-fuzzing/builds/nanomq-asan/nng/src/sp/transport/mqtt/broker_tcp.c:739 tcptran_pipe_recv_cb: Got invalid CONNECT from client!
2026-09-17 01:18:01 [2269276] WARN  /home/kadir/mqtt-fuzzing/builds/nanomq-asan/nng/src/sp/transport/mqtt/broker_tcp.c:895 tcptran_pipe_recv_cb: tcptran_pipe_recv_cb: recv_error rv: 129

2026-09-17 01:18:01 [2269274] WARN  /home/kadir/mqtt-fuzzing/builds/nanomq-asan/nng/src/sp/protocol/mqtt/mqtt_parser.c:1363 nano_msg_notify: test offline!
2026-09-17 01:18:01 [2269278] WARN  /home/kadir/mqtt-fuzzing/builds/nanomq-asan/nng/src/sp/protocol/mqtt/mqtt_parser.c:1359 nano_msg_notify: test online!
2026-09-17 01:18:01 [2269271] WARN  /home/kadir/mqtt-fuzzing/builds/nanomq-asan/nng/src/sp/transport/mqtt/broker_tcp.c:739 tcptran_pipe_recv_cb: Got invalid CONNECT from client!
2026-09-17 01:18:01 [2269271] WARN  /home/kadir/mqtt-fuzzing/builds/nanomq-asan/nng/src/sp/transport/mqtt/broker_tcp.c:895 tcptran_pipe_recv_cb: tcptran_pipe_recv_cb: recv_error rv: 129

2026-09-17 01:18:01 [2269277] WARN  /home/kadir/mqtt-fuzzing/builds/nanomq-asan/nng/src/sp/protocol/mqtt/mqtt_parser.c:1363 nano_msg_notify: test offline!
2026-09-17 01:18:01 [2269276] WARN  /home/kadir/mqtt-fuzzing/builds/nanomq-asan/nng/src/sp/transport/mqtt/broker_tcp.c:739 tcptran_pipe_recv_cb: Got invalid CONNECT from client!
2026-09-17 01:18:01 [2269276] WARN  /home/kadir/mqtt-fuzzing/builds/nanomq-asan/nng/src/sp/transport/mqtt/broker_tcp.c:895 tcptran_pipe_recv_cb: tcptran_pipe_recv_cb: recv_error rv: 129

2026-09-17 01:18:01 [2269278] WARN  /home/kadir/mqtt-fuzzing/builds/nanomq-asan/nng/src/sp/protocol/mqtt/mqtt_parser.c:1359 nano_msg_notify: test online!
2026-09-17 01:18:01 [2269277] WARN  /home/kadir/mqtt-fuzzing/builds/nanomq-asan/nng/src/sp/protocol/mqtt/mqtt_parser.c:1363 nano_msg_notify: test offline!
2026-09-17 01:18:01 [2269273] WARN  /home/kadir/mqtt-fuzzing/builds/nanomq-asan/nng/src/sp/protocol/mqtt/mqtt_parser.c:1359 nano_msg_notify: test online!
2026-09-17 01:18:01 [2269277] WARN  /home/kadir/mqtt-fuzzing/builds/nanomq-asan/nng/src/sp/transport/mqtt/broker_tcp.c:739 tcptran_pipe_recv_cb: Got invalid CONNECT from client!
2026-09-17 01:18:01 [2269277] WARN  /home/kadir/mqtt-fuzzing/builds/nanomq-asan/nng/src/sp/transport/mqtt/broker_tcp.c:895 tcptran_pipe_recv_cb: tcptran_pipe_recv_cb: recv_error rv: 129

2026-09-17 01:18:01 [2269278] WARN  /home/kadir/mqtt-fuzzing/builds/nanomq-asan/nng/src/sp/protocol/mqtt/mqtt_parser.c:1363 nano_msg_notify: test offline!
2026-09-17 01:18:01 [2269277] WARN  /home/kadir/mqtt-fuzzing/builds/nanomq-asan/nng/src/sp/protocol/mqtt/mqtt_parser.c:1359 nano_msg_notify: test online!
2026-09-17 01:18:01 [2269278] WARN  /home/kadir/mqtt-fuzzing/builds/nanomq-asan/nng/src/sp/transport/mqtt/broker_tcp.c:739 tcptran_pipe_recv_cb: Got invalid CONNECT from client!
2026-09-17 01:18:01 [2269278] WARN  /home/kadir/mqtt-fuzzing/builds/nanomq-asan/nng/src/sp/transport/mqtt/broker_tcp.c:895 tcptran_pipe_recv_cb: tcptran_pipe_recv_cb: recv_error rv: 129

2026-09-17 01:18:01 [2269274] WARN  /home/kadir/mqtt-fuzzing/builds/nanomq-asan/nng/src/sp/protocol/mqtt/mqtt_parser.c:1363 nano_msg_notify: test offline!
2026-09-17 01:18:01 [2269272] WARN  /home/kadir/mqtt-fuzzing/builds/nanomq-asan/nng/src/sp/transport/mqtt/broker_tcp.c:739 tcptran_pipe_recv_cb: Got invalid CONNECT from client!
2026-09-17 01:18:01 [2269273] WARN  /home/kadir/mqtt-fuzzing/builds/nanomq-asan/nng/src/sp/protocol/mqtt/mqtt_parser.c:1363 nano_msg_notify: test offline!
2026-09-17 01:18:01 [2269272] WARN  /home/kadir/mqtt-fuzzing/builds/nanomq-asan/nng/src/sp/transport/mqtt/broker_tcp.c:895 tcptran_pipe_recv_cb: 2026-09-17 01:18:01 [2269271] WARN  /home/kadir/mqtt-fuzzing/builds/nanomq-asan/nng/src/sp/protocol/mqtt/mqtt_parser.c:1359 nano_msg_notify: test online!
tcptran_pipe_recv_cb: recv_error rv: 129

2026-09-17 01:18:01 [2269271] WARN  /home/kadir/mqtt-fuzzing/builds/nanomq-asan/nng/src/sp/transport/mqtt/broker_tcp.c:739 tcptran_pipe_recv_cb: Got invalid CONNECT from client!
2026-09-17 01:18:01 [2269275] WARN  /home/kadir/mqtt-fuzzing/builds/nanomq-asan/nng/src/sp/protocol/mqtt/mqtt_parser.c:1359 nano_msg_notify: test online!
2026-09-17 01:18:01 [2269271] WARN  /home/kadir/mqtt-fuzzing/builds/nanomq-asan/nng/src/sp/transport/mqtt/broker_tcp.c:895 tcptran_pipe_recv_cb: tcptran_pipe_recv_cb: recv_error rv: 129

2026-09-17 01:18:01 [2269276] WARN  /home/kadir/mqtt-fuzzing/builds/nanomq-asan/nng/src/sp/protocol/mqtt/mqtt_parser.c:1363 nano_msg_notify: test offline!
2026-09-17 01:18:01 [2269271] WARN  /home/kadir/mqtt-fuzzing/builds/nanomq-asan/nng/src/sp/protocol/mqtt/mqtt_parser.c:1359 nano_msg_notify: test online!
2026-09-17 01:18:01 [2269277] WARN  /home/kadir/mqtt-fuzzing/builds/nanomq-asan/nng/src/sp/transport/mqtt/broker_tcp.c:739 tcptran_pipe_recv_cb: Got invalid CONNECT from client!
2026-09-17 01:18:01 [2269277] WARN  /home/kadir/mqtt-fuzzing/builds/nanomq-asan/nng/src/sp/transport/mqtt/broker_tcp.c:895 tcptran_pipe_recv_cb: tcptran_pipe_recv_cb: recv_error rv: 129

2026-09-17 01:18:01 [2269274] WARN  /home/kadir/mqtt-fuzzing/builds/nanomq-asan/nng/src/sp/protocol/mqtt/mqtt_parser.c:1363 nano_msg_notify: test offline!
2026-09-17 01:18:01 [2269273] WARN  /home/kadir/mqtt-fuzzing/builds/nanomq-asan/nng/src/sp/protocol/mqtt/mqtt_parser.c:1359 nano_msg_notify: test online!
2026-09-17 01:18:01 [2269276] WARN  /home/kadir/mqtt-fuzzing/builds/nanomq-asan/nng/src/sp/transport/mqtt/broker_tcp.c:739 tcptran_pipe_recv_cb: Got invalid CONNECT from client!
2026-09-17 01:18:01 [2269276] WARN  /home/kadir/mqtt-fuzzing/builds/nanomq-asan/nng/src/sp/transport/mqtt/broker_tcp.c:895 tcptran_pipe_recv_cb: tcptran_pipe_recv_cb: recv_error rv: 129

2026-09-17 01:18:01 [2269277] WARN  /home/kadir/mqtt-fuzzing/builds/nanomq-asan/nng/src/sp/protocol/mqtt/mqtt_parser.c:1363 nano_msg_notify: test offline!
2026-09-17 01:18:01 [2269273] WARN  /home/kadir/mqtt-fuzzing/builds/nanomq-asan/nng/src/sp/protocol/mqtt/mqtt_parser.c:1359 nano_msg_notify: test online!
2026-09-17 01:18:01 [2269276] WARN  /home/kadir/mqtt-fuzzing/builds/nanomq-asan/nng/src/sp/transport/mqtt/broker_tcp.c:739 tcptran_pipe_recv_cb: Got invalid CONNECT from client!
2026-09-17 01:18:01 [2269276] WARN  /home/kadir/mqtt-fuzzing/builds/nanomq-asan/nng/src/sp/transport/mqtt/broker_tcp.c:895 tcptran_pipe_recv_cb: tcptran_pipe_recv_cb: recv_error rv: 129

2026-09-17 01:18:01 [2269275] WARN  /home/kadir/mqtt-fuzzing/builds/nanomq-asan/nng/src/sp/protocol/mqtt/mqtt_parser.c:1363 nano_msg_notify: test offline!
2026-09-17 01:18:01 [2269276] WARN  /home/kadir/mqtt-fuzzing/builds/nanomq-asan/nng/src/sp/protocol/mqtt/mqtt_parser.c:1359 nano_msg_notify: test online!
2026-09-17 01:18:01 [2269278] WARN  /home/kadir/mqtt-fuzzing/builds/nanomq-asan/nng/src/sp/transport/mqtt/broker_tcp.c:739 tcptran_pipe_recv_cb: Got invalid CONNECT from client!
2026-09-17 01:18:01 [2269278] WARN  /home/kadir/mqtt-fuzzing/builds/nanomq-asan/nng/src/sp/transport/mqtt/broker_tcp.c:895 tcptran_pipe_recv_cb: tcptran_pipe_recv_cb: recv_error rv: 129

2026-09-17 01:18:01 [2269277] WARN  /home/kadir/mqtt-fuzzing/builds/nanomq-asan/nng/src/sp/protocol/mqtt/mqtt_parser.c:1363 nano_msg_notify: test offline!
2026-09-17 01:18:01 [2269278] WARN  /home/kadir/mqtt-fuzzing/builds/nanomq-asan/nng/src/sp/protocol/mqtt/mqtt_parser.c:1359 nano_msg_notify: test online!
2026-09-17 01:18:01 [2269276] WARN  /home/kadir/mqtt-fuzzing/builds/nanomq-asan/nng/src/sp/transport/mqtt/broker_tcp.c:739 tcptran_pipe_recv_cb: Got invalid CONNECT from client!
2026-09-17 01:18:01 [2269276] WARN  /home/kadir/mqtt-fuzzing/builds/nanomq-asan/nng/src/sp/transport/mqtt/broker_tcp.c:895 tcptran_pipe_recv_cb: tcptran_pipe_recv_cb: recv_error rv: 129

2026-09-17 01:18:01 [2269272] WARN  /home/kadir/mqtt-fuzzing/builds/nanomq-asan/nng/src/sp/protocol/mqtt/mqtt_parser.c:1363 nano_msg_notify: test offline!
2026-09-17 01:18:01 [2269271] WARN  /home/kadir/mqtt-fuzzing/builds/nanomq-asan/nng/src/sp/protocol/mqtt/mqtt_parser.c:1359 nano_msg_notify: test online!
2026-09-17 01:18:01 [2269277] WARN  /home/kadir/mqtt-fuzzing/builds/nanomq-asan/nng/src/sp/transport/mqtt/broker_tcp.c:739 tcptran_pipe_recv_cb: Got invalid CONNECT from client!
2026-09-17 01:18:01 [2269277] WARN  /home/kadir/mqtt-fuzzing/builds/nanomq-asan/nng/src/sp/transport/mqtt/broker_tcp.c:895 tcptran_pipe_recv_cb: tcptran_pipe_recv_cb: recv_error rv: 129

2026-09-17 01:18:01 [2269278] WARN  /home/kadir/mqtt-fuzzing/builds/nanomq-asan/nng/src/sp/protocol/mqtt/mqtt_parser.c:1363 nano_msg_notify: test offline!
2026-09-17 01:18:01 [2269275] WARN  /home/kadir/mqtt-fuzzing/builds/nanomq-asan/nng/src/sp/protocol/mqtt/mqtt_parser.c:1359 nano_msg_notify: test online!
2026-09-17 01:18:01 [2269273] WARN  /home/kadir/mqtt-fuzzing/builds/nanomq-asan/nng/src/sp/transport/mqtt/broker_tcp.c:739 tcptran_pipe_recv_cb: Got invalid CONNECT from client!
2026-09-17 01:18:01 [2269273] WARN  /home/kadir/mqtt-fuzzing/builds/nanomq-asan/nng/src/sp/transport/mqtt/broker_tcp.c:895 tcptran_pipe_recv_cb: tcptran_pipe_recv_cb: recv_error rv: 129

2026-09-17 01:18:01 [2269278] WARN  /home/kadir/mqtt-fuzzing/builds/nanomq-asan/nng/src/sp/protocol/mqtt/mqtt_parser.c:1363 nano_msg_notify: test offline!
2026-09-17 01:18:01 [2269273] WARN  /home/kadir/mqtt-fuzzing/builds/nanomq-asan/nng/src/sp/protocol/mqtt/mqtt_parser.c:1359 nano_msg_notify: test online!
2026-09-17 01:18:01 [2269274] WARN  /home/kadir/mqtt-fuzzing/builds/nanomq-asan/nng/src/sp/transport/mqtt/broker_tcp.c:739 tcptran_pipe_recv_cb: Got invalid CONNECT from client!
2026-09-17 01:18:01 [2269274] WARN  /home/kadir/mqtt-fuzzing/builds/nanomq-asan/nng/src/sp/transport/mqtt/broker_tcp.c:895 tcptran_pipe_recv_cb: tcptran_pipe_recv_cb: recv_error rv: 129

2026-09-17 01:18:01 [2269275] WARN  /home/kadir/mqtt-fuzzing/builds/nanomq-asan/nng/src/sp/protocol/mqtt/mqtt_parser.c:1363 nano_msg_notify: test offline!
2026-09-17 01:18:01 [2269274] WARN  /home/kadir/mqtt-fuzzing/builds/nanomq-asan/nng/src/sp/protocol/mqtt/mqtt_parser.c:1359 nano_msg_notify: test online!
2026-09-17 01:18:01 [2269272] WARN  /home/kadir/mqtt-fuzzing/builds/nanomq-asan/nng/src/sp/transport/mqtt/broker_tcp.c:739 tcptran_pipe_recv_cb: Got invalid CONNECT from client!
2026-09-17 01:18:01 [2269272] WARN  /home/kadir/mqtt-fuzzing/builds/nanomq-asan/nng/src/sp/transport/mqtt/broker_tcp.c:895 tcptran_pipe_recv_cb: tcptran_pipe_recv_cb: recv_error rv: 129

2026-09-17 01:18:01 [2269276] WARN  /home/kadir/mqtt-fuzzing/builds/nanomq-asan/nng/src/sp/protocol/mqtt/mqtt_parser.c:1363 nano_msg_notify: test offline!
2026-09-17 01:18:01 [2269277] WARN  /home/kadir/mqtt-fuzzing/builds/nanomq-asan/nng/src/sp/protocol/mqtt/mqtt_parser.c:1359 nano_msg_notify: test online!
2026-09-17 01:18:01 [2269272] WARN  /home/kadir/mqtt-fuzzing/builds/nanomq-asan/nng/src/sp/transport/mqtt/broker_tcp.c:739 tcptran_pipe_recv_cb: Got invalid CONNECT from client!
2026-09-17 01:18:01 [2269272] WARN  /home/kadir/mqtt-fuzzing/builds/nanomq-asan/nng/src/sp/transport/mqtt/broker_tcp.c:895 tcptran_pipe_recv_cb: tcptran_pipe_recv_cb: recv_error rv: 129

2026-09-17 01:18:01 [2269278] WARN  /home/kadir/mqtt-fuzzing/builds/nanomq-asan/nng/src/sp/protocol/mqtt/mqtt_parser.c:1363 nano_msg_notify: test offline!
2026-09-17 01:18:01 [2269277] WARN  /home/kadir/mqtt-fuzzing/builds/nanomq-asan/nng/src/sp/protocol/mqtt/mqtt_parser.c:1359 nano_msg_notify: test online!2026-09-17 01:18:01 [2269278] WARN  /home/kadir/mqtt-fuzzing/builds/nanomq-asan/nng/src/sp/transport/mqtt/broker_tcp.c:739 tcptran_pipe_recv_cb: Got invalid CONNECT from client!

2026-09-17 01:18:01 [2269278] WARN  /home/kadir/mqtt-fuzzing/builds/nanomq-asan/nng/src/sp/transport/mqtt/broker_tcp.c:895 tcptran_pipe_recv_cb: tcptran_pipe_recv_cb: recv_error rv: 129

2026-09-17 01:18:01 [2269273] WARN  /home/kadir/mqtt-fuzzing/builds/nanomq-asan/nng/src/sp/protocol/mqtt/mqtt_parser.c:1363 nano_msg_notify: test offline!
2026-09-17 01:18:01 [2269278] WARN  /home/kadir/mqtt-fuzzing/builds/nanomq-asan/nng/src/sp/protocol/mqtt/mqtt_parser.c:1359 nano_msg_notify: test online!
2026-09-17 01:18:01 [2269271] WARN  /home/kadir/mqtt-fuzzing/builds/nanomq-asan/nng/src/sp/transport/mqtt/broker_tcp.c:739 tcptran_pipe_recv_cb: Got invalid CONNECT from client!
2026-09-17 01:18:01 [2269271] WARN  /home/kadir/mqtt-fuzzing/builds/nanomq-asan/nng/src/sp/transport/mqtt/broker_tcp.c:895 tcptran_pipe_recv_cb: tcptran_pipe_recv_cb: recv_error rv: 129

2026-09-17 01:18:01 [2269276] WARN  /home/kadir/mqtt-fuzzing/builds/nanomq-asan/nng/src/sp/protocol/mqtt/mqtt_parser.c:1363 nano_msg_notify: test offline!
2026-09-17 01:18:01 [2269278] WARN  /home/kadir/mqtt-fuzzing/builds/nanomq-asan/nng/src/sp/protocol/mqtt/mqtt_parser.c:1359 nano_msg_notify: test online!
2026-09-17 01:18:01 [2269277] WARN  /home/kadir/mqtt-fuzzing/builds/nanomq-asan/nng/src/sp/transport/mqtt/broker_tcp.c:739 tcptran_pipe_recv_cb: Got invalid CONNECT from client!
2026-09-17 01:18:01 [2269277] WARN  /home/kadir/mqtt-fuzzing/builds/nanomq-asan/nng/src/sp/transport/mqtt/broker_tcp.c:895 tcptran_pipe_recv_cb: tcptran_pipe_recv_cb: recv_error rv: 129

2026-09-17 01:18:01 [2269274] WARN  /home/kadir/mqtt-fuzzing/builds/nanomq-asan/nng/src/sp/protocol/mqtt/mqtt_parser.c:1363 nano_msg_notify: test offline!
2026-09-17 01:18:01 [2269278] WARN  /home/kadir/mqtt-fuzzing/builds/nanomq-asan/nng/src/sp/protocol/mqtt/mqtt_parser.c:1359 nano_msg_notify: test online!
2026-09-17 01:18:01 [2269273] WARN  /home/kadir/mqtt-fuzzing/builds/nanomq-asan/nng/src/sp/transport/mqtt/broker_tcp.c:739 tcptran_pipe_recv_cb: Got invalid CONNECT from client!
2026-09-17 01:18:01 [2269273] WARN  /home/kadir/mqtt-fuzzing/builds/nanomq-asan/nng/src/sp/transport/mqtt/broker_tcp.c:895 tcptran_pipe_recv_cb: tcptran_pipe_recv_cb: recv_error rv: 129

2026-09-17 01:18:01 [2269271] WARN  /home/kadir/mqtt-fuzzing/builds/nanomq-asan/nng/src/sp/protocol/mqtt/mqtt_parser.c:1363 nano_msg_notify: test offline!
2026-09-17 01:18:01 [2269272] WARN  /home/kadir/mqtt-fuzzing/builds/nanomq-asan/nng/src/sp/protocol/mqtt/mqtt_parser.c:1359 nano_msg_notify: test online!
2026-09-17 01:18:01 [2269277] WARN  /home/kadir/mqtt-fuzzing/builds/nanomq-asan/nng/src/sp/transport/mqtt/broker_tcp.c:739 tcptran_pipe_recv_cb: Got invalid CONNECT from client!
2026-09-17 01:18:01 [2269277] WARN  /home/kadir/mqtt-fuzzing/builds/nanomq-asan/nng/src/sp/transport/mqtt/broker_tcp.c:895 tcptran_pipe_recv_cb: tcptran_pipe_recv_cb: recv_error rv: 129

2026-09-17 01:18:01 [2269278] WARN  /home/kadir/mqtt-fuzzing/builds/nanomq-asan/nng/src/sp/protocol/mqtt/mqtt_parser.c:1363 nano_msg_notify: test offline!
2026-09-17 01:18:01 [2269274] WARN  /home/kadir/mqtt-fuzzing/builds/nanomq-asan/nng/src/sp/protocol/mqtt/mqtt_parser.c:1359 nano_msg_notify: test online!
2026-09-17 01:18:01 [2269278] WARN  /home/kadir/mqtt-fuzzing/builds/nanomq-asan/nng/src/sp/transport/mqtt/broker_tcp.c:739 tcptran_pipe_recv_cb: Got invalid CONNECT from client!
2026-09-17 01:18:01 [2269278] WARN  /home/kadir/mqtt-fuzzing/builds/nanomq-asan/nng/src/sp/transport/mqtt/broker_tcp.c:895 tcptran_pipe_recv_cb: tcptran_pipe_recv_cb: recv_error rv: 129

2026-09-17 01:18:01 [2269275] WARN  /home/kadir/mqtt-fuzzing/builds/nanomq-asan/nng/src/sp/protocol/mqtt/mqtt_parser.c:1363 nano_msg_notify: test offline!
2026-09-17 01:18:01 [2269278] WARN  /home/kadir/mqtt-fuzzing/builds/nanomq-asan/nng/src/sp/protocol/mqtt/mqtt_parser.c:1359 nano_msg_notify: test online!
2026-09-17 01:18:01 [2269273] WARN  /home/kadir/mqtt-fuzzing/builds/nanomq-asan/nng/src/sp/transport/mqtt/broker_tcp.c:739 tcptran_pipe_recv_cb: Got invalid CONNECT from client!
2026-09-17 01:18:01 [2269273] WARN  /home/kadir/mqtt-fuzzing/builds/nanomq-asan/nng/src/sp/transport/mqtt/broker_tcp.c:895 tcptran_pipe_recv_cb: tcptran_pipe_recv_cb: recv_error rv: 129

2026-09-17 01:18:01 [2269273] WARN  /home/kadir/mqtt-fuzzing/builds/nanomq-asan/nng/src/sp/protocol/mqtt/mqtt_parser.c:1363 nano_msg_notify: test offline!
2026-09-17 01:18:01 [2269278] WARN  /home/kadir/mqtt-fuzzing/builds/nanomq-asan/nng/src/sp/protocol/mqtt/mqtt_parser.c:1359 nano_msg_notify: test online!
2026-09-17 01:18:01 [2269272] WARN  /home/kadir/mqtt-fuzzing/builds/nanomq-asan/nng/src/sp/transport/mqtt/broker_tcp.c:739 tcptran_pipe_recv_cb: Got invalid CONNECT from client!
2026-09-17 01:18:01 [2269272] WARN  /home/kadir/mqtt-fuzzing/builds/nanomq-asan/nng/src/sp/transport/mqtt/broker_tcp.c:895 tcptran_pipe_recv_cb: tcptran_pipe_recv_cb: recv_error rv: 129

2026-09-17 01:18:01 [2269274] WARN  /home/kadir/mqtt-fuzzing/builds/nanomq-asan/nng/src/sp/protocol/mqtt/mqtt_parser.c:1363 nano_msg_notify: test offline!
2026-09-17 01:18:01 [2269272] WARN  /home/kadir/mqtt-fuzzing/builds/nanomq-asan/nng/src/sp/protocol/mqtt/mqtt_parser.c:1359 nano_msg_notify: test online!
2026-09-17 01:18:01 [2269277] WARN  /home/kadir/mqtt-fuzzing/builds/nanomq-asan/nng/src/sp/transport/mqtt/broker_tcp.c:739 tcptran_pipe_recv_cb: Got invalid CONNECT from client!
2026-09-17 01:18:01 [2269277] WARN  /home/kadir/mqtt-fuzzing/builds/nanomq-asan/nng/src/sp/transport/mqtt/broker_tcp.c:895 tcptran_pipe_recv_cb: tcptran_pipe_recv_cb: recv_error rv: 129

2026-09-17 01:18:01 [2269276] WARN  /home/kadir/mqtt-fuzzing/builds/nanomq-asan/nng/src/sp/protocol/mqtt/mqtt_parser.c:1363 nano_msg_notify: test offline!
2026-09-17 01:18:01 [2269272] WARN  /home/kadir/mqtt-fuzzing/builds/nanomq-asan/nng/src/sp/protocol/mqtt/mqtt_parser.c:1359 nano_msg_notify: test online!
2026-09-17 01:18:01 [2269277] WARN  /home/kadir/mqtt-fuzzing/builds/nanomq-asan/nng/src/sp/transport/mqtt/broker_tcp.c:739 tcptran_pipe_recv_cb: Got invalid CONNECT from client!
2026-09-17 01:18:01 [2269277] WARN  /home/kadir/mqtt-fuzzing/builds/nanomq-asan/nng/src/sp/transport/mqtt/broker_tcp.c:895 tcptran_pipe_recv_cb: tcptran_pipe_recv_cb: recv_error rv: 129

2026-09-17 01:18:01 [2269276] WARN  /home/kadir/mqtt-fuzzing/builds/nanomq-asan/nng/src/sp/protocol/mqtt/mqtt_parser.c:1363 nano_msg_notify: test offline!
2026-09-17 01:18:01 [2269275] WARN  /home/kadir/mqtt-fuzzing/builds/nanomq-asan/nng/src/sp/protocol/mqtt/mqtt_parser.c:1359 nano_msg_notify: test online!
2026-09-17 01:18:01 [2269276] WARN  /home/kadir/mqtt-fuzzing/builds/nanomq-asan/nng/src/sp/transport/mqtt/broker_tcp.c:739 tcptran_pipe_recv_cb: Got invalid CONNECT from client!
2026-09-17 01:18:01 [2269276] WARN  /home/kadir/mqtt-fuzzing/builds/nanomq-asan/nng/src/sp/transport/mqtt/broker_tcp.c:895 tcptran_pipe_recv_cb: tcptran_pipe_recv_cb: recv_error rv: 129

2026-09-17 01:18:01 [2269278] WARN  /home/kadir/mqtt-fuzzing/builds/nanomq-asan/nng/src/sp/protocol/mqtt/mqtt_parser.c:1363 nano_msg_notify: test offline!
2026-09-17 01:18:01 [2269276] WARN  /home/kadir/mqtt-fuzzing/builds/nanomq-asan/nng/src/sp/protocol/mqtt/mqtt_parser.c:1359 nano_msg_notify: test online!
2026-09-17 01:18:01 [2269278] WARN  /home/kadir/mqtt-fuzzing/builds/nanomq-asan/nng/src/sp/transport/mqtt/broker_tcp.c:739 tcptran_pipe_recv_cb: Got invalid CONNECT from client!
2026-09-17 01:18:01 [2269278] WARN  /home/kadir/mqtt-fuzzing/builds/nanomq-asan/nng/src/sp/transport/mqtt/broker_tcp.c:895 tcptran_pipe_recv_cb: tcptran_pipe_recv_cb: recv_error rv: 129

2026-09-17 01:18:01 [2269271] WARN  /home/kadir/mqtt-fuzzing/builds/nanomq-asan/nng/src/sp/protocol/mqtt/mqtt_parser.c:1363 nano_msg_notify: test offline!
2026-09-17 01:18:01 [2269273] WARN  /home/kadir/mqtt-fuzzing/builds/nanomq-asan/nng/src/sp/protocol/mqtt/mqtt_parser.c:1359 nano_msg_notify: test online!
2026-09-17 01:18:01 [2269276] WARN  /home/kadir/mqtt-fuzzing/builds/nanomq-asan/nng/src/sp/transport/mqtt/broker_tcp.c:739 tcptran_pipe_recv_cb: Got invalid CONNECT from client!
2026-09-17 01:18:01 [2269276] WARN  /home/kadir/mqtt-fuzzing/builds/nanomq-asan/nng/src/sp/transport/mqtt/broker_tcp.c:895 tcptran_pipe_recv_cb: tcptran_pipe_recv_cb: recv_error rv: 129

2026-09-17 01:18:01 [2269275] WARN  /home/kadir/mqtt-fuzzing/builds/nanomq-asan/nng/src/sp/protocol/mqtt/mqtt_parser.c:1363 nano_msg_notify: test offline!
2026-09-17 01:18:01 [2269273] WARN  /home/kadir/mqtt-fuzzing/builds/nanomq-asan/nng/src/sp/protocol/mqtt/mqtt_parser.c:1359 nano_msg_notify: test online!
2026-09-17 01:18:01 [2269275] WARN  /home/kadir/mqtt-fuzzing/builds/nanomq-asan/nng/src/sp/transport/mqtt/broker_tcp.c:739 tcptran_pipe_recv_cb: Got invalid CONNECT from client!
2026-09-17 01:18:01 [2269275] WARN  /home/kadir/mqtt-fuzzing/builds/nanomq-asan/nng/src/sp/transport/mqtt/broker_tcp.c:895 tcptran_pipe_recv_cb: tcptran_pipe_recv_cb: recv_error rv: 129

2026-09-17 01:18:01 [2269272] WARN  /home/kadir/mqtt-fuzzing/builds/nanomq-asan/nng/src/sp/protocol/mqtt/mqtt_parser.c:1363 nano_msg_notify: test offline!
2026-09-17 01:18:01 [2269273] WARN  /home/kadir/mqtt-fuzzing/builds/nanomq-asan/nng/src/sp/protocol/mqtt/mqtt_parser.c:1359 nano_msg_notify: test online!
2026-09-17 01:18:01 [2269271] WARN  /home/kadir/mqtt-fuzzing/builds/nanomq-asan/nng/src/sp/transport/mqtt/broker_tcp.c:739 tcptran_pipe_recv_cb: Got invalid CONNECT from client!
2026-09-17 01:18:01 [2269271] WARN  /home/kadir/mqtt-fuzzing/builds/nanomq-asan/nng/src/sp/transport/mqtt/broker_tcp.c:895 tcptran_pipe_recv_cb: tcptran_pipe_recv_cb: recv_error rv: 129

2026-09-17 01:18:01 [2269276] WARN  /home/kadir/mqtt-fuzzing/builds/nanomq-asan/nng/src/sp/protocol/mqtt/mqtt_parser.c:1363 nano_msg_notify: test offline!
2026-09-17 01:18:01 [2269271] WARN  /home/kadir/mqtt-fuzzing/builds/nanomq-asan/nng/src/sp/protocol/mqtt/mqtt_parser.c:1359 nano_msg_notify: test online!
2026-09-17 01:18:01 [2269276] WARN  /home/kadir/mqtt-fuzzing/builds/nanomq-asan/nng/src/sp/transport/mqtt/broker_tcp.c:739 tcptran_pipe_recv_cb: Got invalid CONNECT from client!
2026-09-17 01:18:01 [2269276] WARN  /home/kadir/mqtt-fuzzing/builds/nanomq-asan/nng/src/sp/transport/mqtt/broker_tcp.c:895 tcptran_pipe_recv_cb: tcptran_pipe_recv_cb: recv_error rv: 129

2026-09-17 01:18:01 [2269277] WARN  /home/kadir/mqtt-fuzzing/builds/nanomq-asan/nng/src/sp/protocol/mqtt/mqtt_parser.c:1363 nano_msg_notify: test offline!
2026-09-17 01:18:01 [2269271] WARN  /home/kadir/mqtt-fuzzing/builds/nanomq-asan/nng/src/sp/protocol/mqtt/mqtt_parser.c:1359 nano_msg_notify: test online!
2026-09-17 01:18:01 [2269273] WARN  /home/kadir/mqtt-fuzzing/builds/nanomq-asan/nng/src/sp/transport/mqtt/broker_tcp.c:739 tcptran_pipe_recv_cb: Got invalid CONNECT from client!
2026-09-17 01:18:01 [2269273] WARN  /home/kadir/mqtt-fuzzing/builds/nanomq-asan/nng/src/sp/transport/mqtt/broker_tcp.c:895 tcptran_pipe_recv_cb: tcptran_pipe_recv_cb: recv_error rv: 129

2026-09-17 01:18:01 [2269272] WARN  /home/kadir/mqtt-fuzzing/builds/nanomq-asan/nng/src/sp/protocol/mqtt/mqtt_parser.c:1363 nano_msg_notify: test offline!
2026-09-17 01:18:01 [2269274] WARN  /home/kadir/mqtt-fuzzing/builds/nanomq-asan/nng/src/sp/protocol/mqtt/mqtt_parser.c:1359 nano_msg_notify: test online!
2026-09-17 01:18:01 [2269272] WARN  /home/kadir/mqtt-fuzzing/builds/nanomq-asan/nng/src/sp/transport/mqtt/broker_tcp.c:739 tcptran_pipe_recv_cb: Got invalid CONNECT from client!
2026-09-17 01:18:01 [2269272] WARN  /home/kadir/mqtt-fuzzing/builds/nanomq-asan/nng/src/sp/transport/mqtt/broker_tcp.c:895 tcptran_pipe_recv_cb: tcptran_pipe_recv_cb: recv_error rv: 129

2026-09-17 01:18:01 [2269276] WARN  /home/kadir/mqtt-fuzzing/builds/nanomq-asan/nng/src/sp/protocol/mqtt/mqtt_parser.c:1363 nano_msg_notify: test offline!
2026-09-17 01:18:01 [2269273] WARN  /home/kadir/mqtt-fuzzing/builds/nanomq-asan/nng/src/sp/transport/mqtt/broker_tcp.c:739 tcptran_pipe_recv_cb: Got invalid CONNECT from client!
2026-09-17 01:18:01 [2269273] WARN  /home/kadir/mqtt-fuzzing/builds/nanomq-asan/nng/src/sp/transport/mqtt/broker_tcp.c:895 tcptran_pipe_recv_cb: tcptran_pipe_recv_cb: recv_error rv: 129

2026-09-17 01:18:01 [2269272] WARN  /home/kadir/mqtt-fuzzing/builds/nanomq-asan/nng/src/sp/protocol/mqtt/mqtt_parser.c:1359 nano_msg_notify: test online!
2026-09-17 01:18:01 [2269278] WARN  /home/kadir/mqtt-fuzzing/builds/nanomq-asan/nng/src/sp/protocol/mqtt/mqtt_parser.c:1363 nano_msg_notify: test offline!
2026-09-17 01:18:01 [2269271] WARN  /home/kadir/mqtt-fuzzing/builds/nanomq-asan/nng/src/sp/protocol/mqtt/mqtt_parser.c:1359 nano_msg_notify: test online!
2026-09-17 01:18:01 [2269278] WARN  /home/kadir/mqtt-fuzzing/builds/nanomq-asan/nng/src/sp/transport/mqtt/broker_tcp.c:739 tcptran_pipe_recv_cb: Got invalid CONNECT from client!
2026-09-17 01:18:01 [2269278] WARN  /home/kadir/mqtt-fuzzing/builds/nanomq-asan/nng/src/sp/transport/mqtt/broker_tcp.c:895 tcptran_pipe_recv_cb: tcptran_pipe_recv_cb: recv_error rv: 129

2026-09-17 01:18:01 [2269274] WARN  /home/kadir/mqtt-fuzzing/builds/nanomq-asan/nng/src/sp/protocol/mqtt/mqtt_parser.c:1363 nano_msg_notify: test offline!
2026-09-17 01:18:01 [2269271] WARN  /home/kadir/mqtt-fuzzing/builds/nanomq-asan/nng/src/sp/protocol/mqtt/mqtt_parser.c:1359 nano_msg_notify: test online!
2026-09-17 01:18:01 [2269273] WARN  /home/kadir/mqtt-fuzzing/builds/nanomq-asan/nng/src/sp/transport/mqtt/broker_tcp.c:739 tcptran_pipe_recv_cb: Got invalid CONNECT from client!
2026-09-17 01:18:01 [2269273] WARN  /home/kadir/mqtt-fuzzing/builds/nanomq-asan/nng/src/sp/transport/mqtt/broker_tcp.c:895 tcptran_pipe_recv_cb: tcptran_pipe_recv_cb: recv_error rv: 129

2026-09-17 01:18:01 [2269277] WARN  /home/kadir/mqtt-fuzzing/builds/nanomq-asan/nng/src/sp/protocol/mqtt/mqtt_parser.c:1363 nano_msg_notify: test offline!
2026-09-17 01:18:01 [2269276] WARN  /home/kadir/mqtt-fuzzing/builds/nanomq-asan/nng/src/sp/protocol/mqtt/mqtt_parser.c:1359 nano_msg_notify: test online!
2026-09-17 01:18:01 [2269277] WARN  /home/kadir/mqtt-fuzzing/builds/nanomq-asan/nng/src/sp/transport/mqtt/broker_tcp.c:739 tcptran_pipe_recv_cb: Got invalid CONNECT from client!
2026-09-17 01:18:01 [2269277] WARN  /home/kadir/mqtt-fuzzing/builds/nanomq-asan/nng/src/sp/transport/mqtt/broker_tcp.c:895 tcptran_pipe_recv_cb: tcptran_pipe_recv_cb: recv_error rv: 129

2026-09-17 01:18:01 [2269273] WARN  /home/kadir/mqtt-fuzzing/builds/nanomq-asan/nng/src/sp/protocol/mqtt/mqtt_parser.c:1363 nano_msg_notify: test offline!
2026-09-17 01:18:01 [2269275] WARN  /home/kadir/mqtt-fuzzing/builds/nanomq-asan/nng/src/sp/protocol/mqtt/mqtt_parser.c:1359 nano_msg_notify: test online!
2026-09-17 01:18:01 [2269273] WARN  /home/kadir/mqtt-fuzzing/builds/nanomq-asan/nng/src/sp/transport/mqtt/broker_tcp.c:739 tcptran_pipe_recv_cb: Got invalid CONNECT from client!
2026-09-17 01:18:01 [2269273] WARN  /home/kadir/mqtt-fuzzing/builds/nanomq-asan/nng/src/sp/transport/mqtt/broker_tcp.c:895 tcptran_pipe_recv_cb: tcptran_pipe_recv_cb: recv_error rv: 129

2026-09-17 01:18:01 [2269271] WARN  /home/kadir/mqtt-fuzzing/builds/nanomq-asan/nng/src/sp/protocol/mqtt/mqtt_parser.c:1363 nano_msg_notify: test offline!
2026-09-17 01:18:01 [2269273] WARN  /home/kadir/mqtt-fuzzing/builds/nanomq-asan/nng/src/sp/protocol/mqtt/mqtt_parser.c:1359 nano_msg_notify: test online!
2026-09-17 01:18:01 [2269277] WARN  /home/kadir/mqtt-fuzzing/builds/nanomq-asan/nng/src/sp/transport/mqtt/broker_tcp.c:739 tcptran_pipe_recv_cb: Got invalid CONNECT from client!
2026-09-17 01:18:01 [2269277] WARN  /home/kadir/mqtt-fuzzing/builds/nanomq-asan/nng/src/sp/transport/mqtt/broker_tcp.c:895 tcptran_pipe_recv_cb: tcptran_pipe_recv_cb: recv_error rv: 129

2026-09-17 01:18:01 [2269278] WARN  /home/kadir/mqtt-fuzzing/builds/nanomq-asan/nng/src/sp/protocol/mqtt/mqtt_parser.c:1363 nano_msg_notify: test offline!
2026-09-17 01:18:01 [2269273] WARN  /home/kadir/mqtt-fuzzing/builds/nanomq-asan/nng/src/sp/protocol/mqtt/mqtt_parser.c:1359 nano_msg_notify: test online!
2026-09-17 01:18:01 [2269278] WARN  /home/kadir/mqtt-fuzzing/builds/nanomq-asan/nng/src/sp/transport/mqtt/broker_tcp.c:739 tcptran_pipe_recv_cb: Got invalid CONNECT from client!
2026-09-17 01:18:01 [2269278] WARN  /home/kadir/mqtt-fuzzing/builds/nanomq-asan/nng/src/sp/transport/mqtt/broker_tcp.c:895 tcptran_pipe_recv_cb: tcptran_pipe_recv_cb: recv_error rv: 129

2026-09-17 01:18:01 [2269274] WARN  /home/kadir/mqtt-fuzzing/builds/nanomq-asan/nng/src/sp/protocol/mqtt/mqtt_parser.c:1363 nano_msg_notify: test offline!
2026-09-17 01:18:01 [2269273] WARN  /home/kadir/mqtt-fuzzing/builds/nanomq-asan/nng/src/sp/protocol/mqtt/mqtt_parser.c:1359 nano_msg_notify: test online!
2026-09-17 01:18:01 [2269272] WARN  /home/kadir/mqtt-fuzzing/builds/nanomq-asan/nng/src/sp/transport/mqtt/broker_tcp.c:739 tcptran_pipe_recv_cb: Got invalid CONNECT from client!
2026-09-17 01:18:01 [2269272] WARN  /home/kadir/mqtt-fuzzing/builds/nanomq-asan/nng/src/sp/transport/mqtt/broker_tcp.c:895 tcptran_pipe_recv_cb: tcptran_pipe_recv_cb: recv_error rv: 129

2026-09-17 01:18:01 [2269277] WARN  /home/kadir/mqtt-fuzzing/builds/nanomq-asan/nng/src/sp/protocol/mqtt/mqtt_parser.c:1363 nano_msg_notify: test offline!
2026-09-17 01:18:01 [2269272] WARN  /home/kadir/mqtt-fuzzing/builds/nanomq-asan/nng/src/sp/protocol/mqtt/mqtt_parser.c:1359 nano_msg_notify: test online!
2026-09-17 01:18:01 [2269275] WARN  /home/kadir/mqtt-fuzzing/builds/nanomq-asan/nng/src/sp/transport/mqtt/broker_tcp.c:739 tcptran_pipe_recv_cb: Got invalid CONNECT from client!
2026-09-17 01:18:01 [2269275] WARN  /home/kadir/mqtt-fuzzing/builds/nanomq-asan/nng/src/sp/transport/mqtt/broker_tcp.c:895 tcptran_pipe_recv_cb: tcptran_pipe_recv_cb: recv_error rv: 129

2026-09-17 01:18:01 [2269276] WARN  /home/kadir/mqtt-fuzzing/builds/nanomq-asan/nng/src/sp/protocol/mqtt/mqtt_parser.c:1363 nano_msg_notify: test offline!
2026-09-17 01:18:01 [2269272] WARN  /home/kadir/mqtt-fuzzing/builds/nanomq-asan/nng/src/sp/protocol/mqtt/mqtt_parser.c:1359 nano_msg_notify: test online!
2026-09-17 01:18:01 [2269276] WARN  /home/kadir/mqtt-fuzzing/builds/nanomq-asan/nng/src/sp/transport/mqtt/broker_tcp.c:739 tcptran_pipe_recv_cb: Got invalid CONNECT from client!
2026-09-17 01:18:01 [2269276] WARN  /home/kadir/mqtt-fuzzing/builds/nanomq-asan/nng/src/sp/transport/mqtt/broker_tcp.c:895 tcptran_pipe_recv_cb: tcptran_pipe_recv_cb: recv_error rv: 129

2026-09-17 01:18:01 [2269274] WARN  /home/kadir/mqtt-fuzzing/builds/nanomq-asan/nng/src/sp/protocol/mqtt/mqtt_parser.c:1363 nano_msg_notify: test offline!
2026-09-17 01:18:01 [2269272] WARN  /home/kadir/mqtt-fuzzing/builds/nanomq-asan/nng/src/sp/protocol/mqtt/mqtt_parser.c:1359 nano_msg_notify: test online!
2026-09-17 01:18:01 [2269277] WARN  /home/kadir/mqtt-fuzzing/builds/nanomq-asan/nng/src/sp/transport/mqtt/broker_tcp.c:739 tcptran_pipe_recv_cb: Got invalid CONNECT from client!
2026-09-17 01:18:01 [2269277] WARN  /home/kadir/mqtt-fuzzing/builds/nanomq-asan/nng/src/sp/transport/mqtt/broker_tcp.c:895 tcptran_pipe_recv_cb: tcptran_pipe_recv_cb: recv_error rv: 129

2026-09-17 01:18:01 [2269273] WARN  /home/kadir/mqtt-fuzzing/builds/nanomq-asan/nng/src/sp/protocol/mqtt/mqtt_parser.c:1363 nano_msg_notify: test offline!
2026-09-17 01:18:01 [2269272] WARN  /home/kadir/mqtt-fuzzing/builds/nanomq-asan/nng/src/sp/protocol/mqtt/mqtt_parser.c:1359 nano_msg_notify: test online!
2026-09-17 01:18:01 [2269276] WARN  /home/kadir/mqtt-fuzzing/builds/nanomq-asan/nng/src/sp/transport/mqtt/broker_tcp.c:739 tcptran_pipe_recv_cb: Got invalid CONNECT from client!
2026-09-17 01:18:01 [2269276] WARN  /home/kadir/mqtt-fuzzing/builds/nanomq-asan/nng/src/sp/transport/mqtt/broker_tcp.c:895 tcptran_pipe_recv_cb: tcptran_pipe_recv_cb: recv_error rv: 129

2026-09-17 01:18:01 [2269274] WARN  /home/kadir/mqtt-fuzzing/builds/nanomq-asan/nng/src/sp/protocol/mqtt/mqtt_parser.c:1363 nano_msg_notify: test offline!
2026-09-17 01:18:01 [2269277] WARN  /home/kadir/mqtt-fuzzing/builds/nanomq-asan/nng/src/sp/transport/mqtt/broker_tcp.c:739 tcptran_pipe_recv_cb: Got invalid CONNECT from client!
2026-09-17 01:18:01 [2269277] WARN  /home/kadir/mqtt-fuzzing/builds/nanomq-asan/nng/src/sp/transport/mqtt/broker_tcp.c:895 tcptran_pipe_recv_cb: tcptran_pipe_recv_cb: recv_error rv: 129

2026-09-17 01:18:01 [2269278] WARN  /home/kadir/mqtt-fuzzing/builds/nanomq-asan/nng/src/sp/protocol/mqtt/mqtt_parser.c:1359 nano_msg_notify: test online!
2026-09-17 01:18:01 [2269273] WARN  /home/kadir/mqtt-fuzzing/builds/nanomq-asan/nng/src/sp/protocol/mqtt/mqtt_parser.c:1363 nano_msg_notify: test offline!
2026-09-17 01:18:01 [2269276] WARN  /home/kadir/mqtt-fuzzing/builds/nanomq-asan/nng/src/sp/protocol/mqtt/mqtt_parser.c:1359 nano_msg_notify: test online!
2026-09-17 01:18:01 [2269272] WARN  /home/kadir/mqtt-fuzzing/builds/nanomq-asan/nng/src/sp/transport/mqtt/broker_tcp.c:739 tcptran_pipe_recv_cb: Got invalid CONNECT from client!
2026-09-17 01:18:01 [2269272] WARN  /home/kadir/mqtt-fuzzing/builds/nanomq-asan/nng/src/sp/transport/mqtt/broker_tcp.c:895 tcptran_pipe_recv_cb: tcptran_pipe_recv_cb: recv_error rv: 129

2026-09-17 01:18:01 [2269271] WARN  /home/kadir/mqtt-fuzzing/builds/nanomq-asan/nng/src/sp/protocol/mqtt/mqtt_parser.c:1363 nano_msg_notify: test offline!
2026-09-17 01:18:01 [2269272] WARN  /home/kadir/mqtt-fuzzing/builds/nanomq-asan/nng/src/sp/protocol/mqtt/mqtt_parser.c:1359 nano_msg_notify: test online!
2026-09-17 01:18:01 [2269276] WARN  /home/kadir/mqtt-fuzzing/builds/nanomq-asan/nng/src/sp/transport/mqtt/broker_tcp.c:739 tcptran_pipe_recv_cb: Got invalid CONNECT from client!
2026-09-17 01:18:01 [2269276] WARN  /home/kadir/mqtt-fuzzing/builds/nanomq-asan/nng/src/sp/transport/mqtt/broker_tcp.c:895 tcptran_pipe_recv_cb: tcptran_pipe_recv_cb: recv_error rv: 129

2026-09-17 01:18:01 [2269274] WARN  /home/kadir/mqtt-fuzzing/builds/nanomq-asan/nng/src/sp/protocol/mqtt/mqtt_parser.c:1363 nano_msg_notify: test offline!
2026-09-17 01:18:01 [2269276] WARN  /home/kadir/mqtt-fuzzing/builds/nanomq-asan/nng/src/sp/protocol/mqtt/mqtt_parser.c:1359 nano_msg_notify: test online!
2026-09-17 01:18:01 [2269271] WARN  /home/kadir/mqtt-fuzzing/builds/nanomq-asan/nng/src/sp/transport/mqtt/broker_tcp.c:739 tcptran_pipe_recv_cb: Got invalid CONNECT from client!
2026-09-17 01:18:01 [2269271] WARN  /home/kadir/mqtt-fuzzing/builds/nanomq-asan/nng/src/sp/transport/mqtt/broker_tcp.c:895 tcptran_pipe_recv_cb: tcptran_pipe_recv_cb: recv_error rv: 129

2026-09-17 01:18:01 [2269275] WARN  /home/kadir/mqtt-fuzzing/builds/nanomq-asan/nng/src/sp/protocol/mqtt/mqtt_parser.c:1363 nano_msg_notify: test offline!
2026-09-17 01:18:01 [2269272] WARN  /home/kadir/mqtt-fuzzing/builds/nanomq-asan/nng/src/sp/transport/mqtt/broker_tcp.c:739 tcptran_pipe_recv_cb: Got invalid CONNECT from client!
2026-09-17 01:18:01 [2269272] WARN  /home/kadir/mqtt-fuzzing/builds/nanomq-asan/nng/src/sp/transport/mqtt/broker_tcp.c:895 tcptran_pipe_recv_cb: tcptran_pipe_recv_cb: recv_error rv: 129

2026-09-17 01:18:01 [2269273] WARN  /home/kadir/mqtt-fuzzing/builds/nanomq-asan/nng/src/sp/protocol/mqtt/mqtt_parser.c:1359 nano_msg_notify: test online!
2026-09-17 01:18:01 [2269277] WARN  /home/kadir/mqtt-fuzzing/builds/nanomq-asan/nng/src/sp/protocol/mqtt/mqtt_parser.c:1363 nano_msg_notify: test offline!
2026-09-17 01:18:01 [2269276] WARN  /home/kadir/mqtt-fuzzing/builds/nanomq-asan/nng/src/sp/transport/mqtt/broker_tcp.c:739 tcptran_pipe_recv_cb: Got invalid CONNECT from client!
2026-09-17 01:18:01 [2269276] WARN  /home/kadir/mqtt-fuzzing/builds/nanomq-asan/nng/src/sp/transport/mqtt/broker_tcp.c:895 tcptran_pipe_recv_cb: tcptran_pipe_recv_cb: recv_error rv: 129

2026-09-17 01:18:01 [2269278] WARN  /home/kadir/mqtt-fuzzing/builds/nanomq-asan/nng/src/sp/protocol/mqtt/mqtt_parser.c:1359 nano_msg_notify: test online!
2026-09-17 01:18:01 [2269272] WARN  /home/kadir/mqtt-fuzzing/builds/nanomq-asan/nng/src/sp/transport/mqtt/broker_tcp.c:525 nmq_tcptran_pipe_send_cb:  send aio error Object closed(7)
2026-09-17 01:18:01 [2269274] WARN  /home/kadir/mqtt-fuzzing/builds/nanomq-asan/nng/src/sp/protocol/mqtt/mqtt_parser.c:1363 nano_msg_notify: test offline!
2026-09-17 01:18:01 [2269272] WARN  /home/kadir/mqtt-fuzzing/builds/nanomq-asan/nng/src/sp/protocol/mqtt/mqtt_parser.c:1359 nano_msg_notify: test online!
2026-09-17 01:18:01 [2269273] WARN  /home/kadir/mqtt-fuzzing/builds/nanomq-asan/nng/src/sp/transport/mqtt/broker_tcp.c:739 tcptran_pipe_recv_cb: Got invalid CONNECT from client!
2026-09-17 01:18:01 [2269273] WARN  /home/kadir/mqtt-fuzzing/builds/nanomq-asan/nng/src/sp/transport/mqtt/broker_tcp.c:895 tcptran_pipe_recv_cb: tcptran_pipe_recv_cb: recv_error rv: 129

2026-09-17 01:18:01 [2269275] WARN  /home/kadir/mqtt-fuzzing/builds/nanomq-asan/nng/src/sp/protocol/mqtt/mqtt_parser.c:1363 nano_msg_notify: test offline!
2026-09-17 01:18:01 [2269273] WARN  /home/kadir/mqtt-fuzzing/builds/nanomq-asan/nng/src/sp/protocol/mqtt/mqtt_parser.c:1359 nano_msg_notify: test online!
2026-09-17 01:18:01 [2269278] WARN  /home/kadir/mqtt-fuzzing/builds/nanomq-asan/nng/src/sp/transport/mqtt/broker_tcp.c:739 tcptran_pipe_recv_cb: Got invalid CONNECT from client!
2026-09-17 01:18:01 [2269278] WARN  /home/kadir/mqtt-fuzzing/builds/nanomq-asan/nng/src/sp/transport/mqtt/broker_tcp.c:895 tcptran_pipe_recv_cb: tcptran_pipe_recv_cb: recv_error rv: 129

2026-09-17 01:18:01 [2269274] WARN  /home/kadir/mqtt-fuzzing/builds/nanomq-asan/nng/src/sp/protocol/mqtt/mqtt_parser.c:1363 nano_msg_notify: test offline!
2026-09-17 01:18:01 [2269277] WARN  /home/kadir/mqtt-fuzzing/builds/nanomq-asan/nng/src/sp/protocol/mqtt/mqtt_parser.c:1359 nano_msg_notify: test online!
2026-09-17 01:18:01 [2269276] WARN  /home/kadir/mqtt-fuzzing/builds/nanomq-asan/nng/src/sp/transport/mqtt/broker_tcp.c:739 tcptran_pipe_recv_cb: Got invalid CONNECT from client!
2026-09-17 01:18:01 [2269276] WARN  /home/kadir/mqtt-fuzzing/builds/nanomq-asan/nng/src/sp/transport/mqtt/broker_tcp.c:895 tcptran_pipe_recv_cb: tcptran_pipe_recv_cb: recv_error rv: 129

2026-09-17 01:18:01 [2269275] WARN  /home/kadir/mqtt-fuzzing/builds/nanomq-asan/nng/src/sp/protocol/mqtt/mqtt_parser.c:1363 nano_msg_notify: test offline!
2026-09-17 01:18:01 [2269277] WARN  /home/kadir/mqtt-fuzzing/builds/nanomq-asan/nng/src/sp/protocol/mqtt/mqtt_parser.c:1359 nano_msg_notify: test online!
2026-09-17 01:18:01 [2269274] WARN  /home/kadir/mqtt-fuzzing/builds/nanomq-asan/nng/src/sp/transport/mqtt/broker_tcp.c:739 tcptran_pipe_recv_cb: Got invalid CONNECT from client!
2026-09-17 01:18:01 [2269274] WARN  /home/kadir/mqtt-fuzzing/builds/nanomq-asan/nng/src/sp/transport/mqtt/broker_tcp.c:895 tcptran_pipe_recv_cb: tcptran_pipe_recv_cb: recv_error rv: 129

2026-09-17 01:18:01 [2269272] WARN  /home/kadir/mqtt-fuzzing/builds/nanomq-asan/nng/src/sp/protocol/mqtt/mqtt_parser.c:1363 nano_msg_notify: test offline!
2026-09-17 01:18:01 [2269277] WARN  /home/kadir/mqtt-fuzzing/builds/nanomq-asan/nng/src/sp/protocol/mqtt/mqtt_parser.c:1359 nano_msg_notify: test online!
2026-09-17 01:18:01 [2269272] WARN  /home/kadir/mqtt-fuzzing/builds/nanomq-asan/nng/src/sp/transport/mqtt/broker_tcp.c:739 tcptran_pipe_recv_cb: Got invalid CONNECT from client!
2026-09-17 01:18:01 [2269272] WARN  /home/kadir/mqtt-fuzzing/builds/nanomq-asan/nng/src/sp/transport/mqtt/broker_tcp.c:895 tcptran_pipe_recv_cb: tcptran_pipe_recv_cb: recv_error rv: 129

2026-09-17 01:18:01 [2269276] WARN  /home/kadir/mqtt-fuzzing/builds/nanomq-asan/nng/src/sp/protocol/mqtt/mqtt_parser.c:1363 nano_msg_notify: test offline!
2026-09-17 01:18:01 [2269272] WARN  /home/kadir/mqtt-fuzzing/builds/nanomq-asan/nng/src/sp/protocol/mqtt/mqtt_parser.c:1359 nano_msg_notify: test online!
2026-09-17 01:18:01 [2269276] WARN  /home/kadir/mqtt-fuzzing/builds/nanomq-asan/nng/src/sp/transport/mqtt/broker_tcp.c:739 tcptran_pipe_recv_cb: Got invalid CONNECT from client!
2026-09-17 01:18:01 [2269276] WARN  /home/kadir/mqtt-fuzzing/builds/nanomq-asan/nng/src/sp/transport/mqtt/broker_tcp.c:895 tcptran_pipe_recv_cb: tcptran_pipe_recv_cb: recv_error rv: 129

2026-09-17 01:18:01 [2269274] WARN  /home/kadir/mqtt-fuzzing/builds/nanomq-asan/nng/src/sp/protocol/mqtt/mqtt_parser.c:1363 nano_msg_notify: test offline!
2026-09-17 01:18:01 [2269275] WARN  /home/kadir/mqtt-fuzzing/builds/nanomq-asan/nng/src/sp/protocol/mqtt/mqtt_parser.c:1359 nano_msg_notify: test online!
2026-09-17 01:18:01 [2269271] WARN  /home/kadir/mqtt-fuzzing/builds/nanomq-asan/nng/src/sp/transport/mqtt/broker_tcp.c:739 tcptran_pipe_recv_cb: Got invalid CONNECT from client!
2026-09-17 01:18:01 [2269271] WARN  /home/kadir/mqtt-fuzzing/builds/nanomq-asan/nng/src/sp/transport/mqtt/broker_tcp.c:895 tcptran_pipe_recv_cb: tcptran_pipe_recv_cb: recv_error rv: 129

2026-09-17 01:18:01 [2269273] WARN  /home/kadir/mqtt-fuzzing/builds/nanomq-asan/nng/src/sp/protocol/mqtt/mqtt_parser.c:1363 nano_msg_notify: test offline!
2026-09-17 01:18:01 [2269272] WARN  /home/kadir/mqtt-fuzzing/builds/nanomq-asan/nng/src/sp/protocol/mqtt/mqtt_parser.c:1359 nano_msg_notify: test online!
2026-09-17 01:18:01 [2269276] WARN  /home/kadir/mqtt-fuzzing/builds/nanomq-asan/nng/src/sp/transport/mqtt/broker_tcp.c:739 tcptran_pipe_recv_cb: Got invalid CONNECT from client!
2026-09-17 01:18:01 [2269276] WARN  /home/kadir/mqtt-fuzzing/builds/nanomq-asan/nng/src/sp/transport/mqtt/broker_tcp.c:895 tcptran_pipe_recv_cb: tcptran_pipe_recv_cb: recv_error rv: 129

2026-09-17 01:18:01 [2269275] WARN  /home/kadir/mqtt-fuzzing/builds/nanomq-asan/nng/src/sp/protocol/mqtt/mqtt_parser.c:1363 nano_msg_notify: test offline!
2026-09-17 01:18:01 [2269274] WARN  /home/kadir/mqtt-fuzzing/builds/nanomq-asan/nng/src/sp/protocol/mqtt/mqtt_parser.c:1359 nano_msg_notify: test online!
2026-09-17 01:18:01 [2269278] WARN  /home/kadir/mqtt-fuzzing/builds/nanomq-asan/nng/src/sp/transport/mqtt/broker_tcp.c:739 tcptran_pipe_recv_cb: Got invalid CONNECT from client!
2026-09-17 01:18:01 [2269278] WARN  /home/kadir/mqtt-fuzzing/builds/nanomq-asan/nng/src/sp/transport/mqtt/broker_tcp.c:895 tcptran_pipe_recv_cb: tcptran_pipe_recv_cb: recv_error rv: 129

2026-09-17 01:18:01 [2269272] WARN  /home/kadir/mqtt-fuzzing/builds/nanomq-asan/nng/src/sp/protocol/mqtt/mqtt_parser.c:1363 nano_msg_notify: test offline!
2026-09-17 01:18:01 [2269271] WARN  /home/kadir/mqtt-fuzzing/builds/nanomq-asan/nng/src/sp/protocol/mqtt/mqtt_parser.c:1359 nano_msg_notify: test online!
2026-09-17 01:18:01 [2269273] WARN  /home/kadir/mqtt-fuzzing/builds/nanomq-asan/nng/src/sp/transport/mqtt/broker_tcp.c:739 tcptran_pipe_recv_cb: Got invalid CONNECT from client!
2026-09-17 01:18:01 [2269273] WARN  /home/kadir/mqtt-fuzzing/builds/nanomq-asan/nng/src/sp/transport/mqtt/broker_tcp.c:895 tcptran_pipe_recv_cb: tcptran_pipe_recv_cb: recv_error rv: 129

2026-09-17 01:18:01 [2269277] WARN  /home/kadir/mqtt-fuzzing/builds/nanomq-asan/nng/src/sp/protocol/mqtt/mqtt_parser.c:1363 nano_msg_notify: test offline!
2026-09-17 01:18:01 [2269271] WARN  /home/kadir/mqtt-fuzzing/builds/nanomq-asan/nng/src/sp/protocol/mqtt/mqtt_parser.c:1359 nano_msg_notify: test online!
2026-09-17 01:18:01 [2269274] WARN  /home/kadir/mqtt-fuzzing/builds/nanomq-asan/nng/src/sp/transport/mqtt/broker_tcp.c:739 tcptran_pipe_recv_cb: Got invalid CONNECT from client!
2026-09-17 01:18:01 [2269274] WARN  /home/kadir/mqtt-fuzzing/builds/nanomq-asan/nng/src/sp/transport/mqtt/broker_tcp.c:895 tcptran_pipe_recv_cb: tcptran_pipe_recv_cb: recv_error rv: 129

2026-09-17 01:18:01 [2269272] WARN  /home/kadir/mqtt-fuzzing/builds/nanomq-asan/nng/src/sp/protocol/mqtt/mqtt_parser.c:1363 nano_msg_notify: test offline!
2026-09-17 01:18:01 [2269271] WARN  /home/kadir/mqtt-fuzzing/builds/nanomq-asan/nng/src/sp/protocol/mqtt/mqtt_parser.c:1359 nano_msg_notify: 2026-09-17 01:18:01 [2269275] WARN  /home/kadir/mqtt-fuzzing/builds/nanomq-asan/nng/src/sp/transport/mqtt/broker_tcp.c:739 tcptran_pipe_recv_cb: Got invalid CONNECT from client!
test online!
2026-09-17 01:18:01 [2269275] WARN  /home/kadir/mqtt-fuzzing/builds/nanomq-asan/nng/src/sp/transport/mqtt/broker_tcp.c:895 tcptran_pipe_recv_cb: tcptran_pipe_recv_cb: recv_error rv: 129

2026-09-17 01:18:01 [2269273] WARN  /home/kadir/mqtt-fuzzing/builds/nanomq-asan/nng/src/sp/protocol/mqtt/mqtt_parser.c:1363 nano_msg_notify: test offline!
2026-09-17 01:18:01 [2269275] WARN  /home/kadir/mqtt-fuzzing/builds/nanomq-asan/nng/src/sp/protocol/mqtt/mqtt_parser.c:1359 nano_msg_notify: test online!
2026-09-17 01:18:01 [2269274] WARN  /home/kadir/mqtt-fuzzing/builds/nanomq-asan/nng/src/sp/transport/mqtt/broker_tcp.c:739 tcptran_pipe_recv_cb: Got invalid CONNECT from client!
2026-09-17 01:18:01 [2269274] WARN  /home/kadir/mqtt-fuzzing/builds/nanomq-asan/nng/src/sp/transport/mqtt/broker_tcp.c:895 tcptran_pipe_recv_cb: tcptran_pipe_recv_cb: recv_error rv: 129

2026-09-17 01:18:01 [2269278] WARN  /home/kadir/mqtt-fuzzing/builds/nanomq-asan/nng/src/sp/protocol/mqtt/mqtt_parser.c:1363 nano_msg_notify: test offline!
2026-09-17 01:18:01 [2269274] WARN  /home/kadir/mqtt-fuzzing/builds/nanomq-asan/nng/src/sp/protocol/mqtt/mqtt_parser.c:1359 nano_msg_notify: test online!
2026-09-17 01:18:01 [2269277] WARN  /home/kadir/mqtt-fuzzing/builds/nanomq-asan/nng/src/sp/transport/mqtt/broker_tcp.c:739 tcptran_pipe_recv_cb: Got invalid CONNECT from client!
2026-09-17 01:18:01 [2269277] WARN  /home/kadir/mqtt-fuzzing/builds/nanomq-asan/nng/src/sp/transport/mqtt/broker_tcp.c:895 tcptran_pipe_recv_cb: tcptran_pipe_recv_cb: recv_error rv: 129

2026-09-17 01:18:01 [2269275] WARN  /home/kadir/mqtt-fuzzing/builds/nanomq-asan/nng/src/sp/protocol/mqtt/mqtt_parser.c:1363 nano_msg_notify: test offline!
2026-09-17 01:18:01 [2269277] WARN  /home/kadir/mqtt-fuzzing/builds/nanomq-asan/nng/src/sp/protocol/mqtt/mqtt_parser.c:1359 nano_msg_notify: test online!
2026-09-17 01:18:01 [2269272] WARN  /home/kadir/mqtt-fuzzing/builds/nanomq-asan/nng/src/sp/transport/mqtt/broker_tcp.c:739 tcptran_pipe_recv_cb: Got invalid CONNECT from client!
2026-09-17 01:18:01 [2269272] WARN  /home/kadir/mqtt-fuzzing/builds/nanomq-asan/nng/src/sp/transport/mqtt/broker_tcp.c:895 tcptran_pipe_recv_cb: tcptran_pipe_recv_cb: recv_error rv: 129

2026-09-17 01:18:01 [2269276] WARN  /home/kadir/mqtt-fuzzing/builds/nanomq-asan/nng/src/sp/protocol/mqtt/mqtt_parser.c:1363 nano_msg_notify: test offline!
2026-09-17 01:18:01 [2269277] WARN  /home/kadir/mqtt-fuzzing/builds/nanomq-asan/nng/src/sp/protocol/mqtt/mqtt_parser.c:1359 nano_msg_notify: test online!
2026-09-17 01:18:01 [2269274] WARN  /home/kadir/mqtt-fuzzing/builds/nanomq-asan/nng/src/sp/transport/mqtt/broker_tcp.c:739 tcptran_pipe_recv_cb: Got invalid CONNECT from client!
2026-09-17 01:18:01 [2269274] WARN  /home/kadir/mqtt-fuzzing/builds/nanomq-asan/nng/src/sp/transport/mqtt/broker_tcp.c:895 tcptran_pipe_recv_cb: tcptran_pipe_recv_cb: recv_error rv: 129

2026-09-17 01:18:01 [2269275] WARN  /home/kadir/mqtt-fuzzing/builds/nanomq-asan/nng/src/sp/protocol/mqtt/mqtt_parser.c:1363 nano_msg_notify: test offline!
2026-09-17 01:18:01 [2269278] WARN  /home/kadir/mqtt-fuzzing/builds/nanomq-asan/nng/src/sp/transport/mqtt/broker_tcp.c:739 tcptran_pipe_recv_cb: Got invalid CONNECT from client!
2026-09-17 01:18:01 [2269278] WARN  /home/kadir/mqtt-fuzzing/builds/nanomq-asan/nng/src/sp/transport/mqtt/broker_tcp.c:895 tcptran_pipe_recv_cb: tcptran_pipe_recv_cb: recv_error rv: 129

2026-09-17 01:18:01 [2269274] WARN  /home/kadir/mqtt-fuzzing/builds/nanomq-asan/nng/src/sp/protocol/mqtt/mqtt_parser.c:1359 nano_msg_notify: test online!
2026-09-17 01:18:01 [2269278] WARN  /home/kadir/mqtt-fuzzing/builds/nanomq-asan/nng/src/sp/protocol/mqtt/mqtt_parser.c:1363 nano_msg_notify: test offline!
2026-09-17 01:18:01 [2269271] WARN  /home/kadir/mqtt-fuzzing/builds/nanomq-asan/nng/src/sp/protocol/mqtt/mqtt_parser.c:1359 nano_msg_notify: test online!
2026-09-17 01:18:01 [2269277] WARN  /home/kadir/mqtt-fuzzing/builds/nanomq-asan/nng/src/sp/transport/mqtt/broker_tcp.c:739 tcptran_pipe_recv_cb: Got invalid CONNECT from client!
2026-09-17 01:18:01 [2269277] WARN  /home/kadir/mqtt-fuzzing/builds/nanomq-asan/nng/src/sp/transport/mqtt/broker_tcp.c:895 tcptran_pipe_recv_cb: tcptran_pipe_recv_cb: recv_error rv: 129

2026-09-17 01:18:01 [2269273] WARN  /home/kadir/mqtt-fuzzing/builds/nanomq-asan/nng/src/sp/protocol/mqtt/mqtt_parser.c:1363 nano_msg_notify: test offline!
2026-09-17 01:18:01 [2269274] WARN  /home/kadir/mqtt-fuzzing/builds/nanomq-asan/nng/src/sp/protocol/mqtt/mqtt_parser.c:1359 nano_msg_notify: test online!
2026-09-17 01:18:01 [2269273] WARN  /home/kadir/mqtt-fuzzing/builds/nanomq-asan/nng/src/sp/transport/mqtt/broker_tcp.c:739 tcptran_pipe_recv_cb: Got invalid CONNECT from client!
2026-09-17 01:18:01 [2269273] WARN  /home/kadir/mqtt-fuzzing/builds/nanomq-asan/nng/src/sp/transport/mqtt/broker_tcp.c:895 tcptran_pipe_recv_cb: tcptran_pipe_recv_cb: recv_error rv: 129

2026-09-17 01:18:01 [2269273] WARN  /home/kadir/mqtt-fuzzing/builds/nanomq-asan/nng/src/sp/protocol/mqtt/mqtt_parser.c:1363 nano_msg_notify: test offline!
2026-09-17 01:18:01 [2269274] WARN  /home/kadir/mqtt-fuzzing/builds/nanomq-asan/nng/src/sp/protocol/mqtt/mqtt_parser.c:1359 nano_msg_notify: test online!
2026-09-17 01:18:01 [2269273] WARN  /home/kadir/mqtt-fuzzing/builds/nanomq-asan/nng/src/sp/transport/mqtt/broker_tcp.c:739 tcptran_pipe_recv_cb: Got invalid CONNECT from client!
2026-09-17 01:18:01 [2269273] WARN  /home/kadir/mqtt-fuzzing/builds/nanomq-asan/nng/src/sp/transport/mqtt/broker_tcp.c:895 tcptran_pipe_recv_cb: tcptran_pipe_recv_cb: recv_error rv: 129

2026-09-17 01:18:01 [2269275] WARN  /home/kadir/mqtt-fuzzing/builds/nanomq-asan/nng/src/sp/protocol/mqtt/mqtt_parser.c:1363 nano_msg_notify: test offline!
2026-09-17 01:18:01 [2269276] WARN  /home/kadir/mqtt-fuzzing/builds/nanomq-asan/nng/src/sp/protocol/mqtt/mqtt_parser.c:1359 nano_msg_notify: test online!
2026-09-17 01:18:01 [2269272] WARN  /home/kadir/mqtt-fuzzing/builds/nanomq-asan/nng/src/sp/transport/mqtt/broker_tcp.c:739 tcptran_pipe_recv_cb: Got invalid CONNECT from client!
2026-09-17 01:18:01 [2269272] WARN  /home/kadir/mqtt-fuzzing/builds/nanomq-asan/nng/src/sp/transport/mqtt/broker_tcp.c:895 tcptran_pipe_recv_cb: tcptran_pipe_recv_cb: recv_error rv: 129

2026-09-17 01:18:01 [2269274] WARN  /home/kadir/mqtt-fuzzing/builds/nanomq-asan/nng/src/sp/protocol/mqtt/mqtt_parser.c:1363 nano_msg_notify: test offline!
2026-09-17 01:18:01 [2269277] WARN  /home/kadir/mqtt-fuzzing/builds/nanomq-asan/nng/src/sp/protocol/mqtt/mqtt_parser.c:1359 nano_msg_notify: test online!
2026-09-17 01:18:01 [2269278] WARN  /home/kadir/mqtt-fuzzing/builds/nanomq-asan/nng/src/sp/transport/mqtt/broker_tcp.c:739 tcptran_pipe_recv_cb: Got invalid CONNECT from client!
2026-09-17 01:18:01 [2269278] WARN  /home/kadir/mqtt-fuzzing/builds/nanomq-asan/nng/src/sp/transport/mqtt/broker_tcp.c:895 tcptran_pipe_recv_cb: tcptran_pipe_recv_cb: recv_error rv: 129

2026-09-17 01:18:01 [2269271] WARN  /home/kadir/mqtt-fuzzing/builds/nanomq-asan/nng/src/sp/protocol/mqtt/mqtt_parser.c:1363 nano_msg_notify: test offline!
2026-09-17 01:18:01 [2269278] WARN  /home/kadir/mqtt-fuzzing/builds/nanomq-asan/nng/src/sp/transport/mqtt/broker_tcp.c:739 tcptran_pipe_recv_cb: Got invalid CONNECT from client!
2026-09-17 01:18:01 [2269278] WARN  /home/kadir/mqtt-fuzzing/builds/nanomq-asan/nng/src/sp/transport/mqtt/broker_tcp.c:895 tcptran_pipe_recv_cb: tcptran_pipe_recv_cb: recv_error rv: 129

2026-09-17 01:18:01 [2269274] WARN  /home/kadir/mqtt-fuzzing/builds/nanomq-asan/nng/src/sp/protocol/mqtt/mqtt_parser.c:1359 nano_msg_notify: test online!
2026-09-17 01:18:01 [2269277] WARN  /home/kadir/mqtt-fuzzing/builds/nanomq-asan/nng/src/sp/protocol/mqtt/mqtt_parser.c:1363 nano_msg_notify: test offline!
2026-09-17 01:18:01 [2269274] WARN  /home/kadir/mqtt-fuzzing/builds/nanomq-asan/nng/src/sp/transport/mqtt/broker_tcp.c:739 tcptran_pipe_recv_cb: Got invalid CONNECT from client!
2026-09-17 01:18:01 [2269272] WARN  /home/kadir/mqtt-fuzzing/builds/nanomq-asan/nng/src/sp/protocol/mqtt/mqtt_parser.c:1359 nano_msg_notify: test online!
2026-09-17 01:18:01 [2269274] WARN  /home/kadir/mqtt-fuzzing/builds/nanomq-asan/nng/src/sp/transport/mqtt/broker_tcp.c:895 tcptran_pipe_recv_cb: tcptran_pipe_recv_cb: recv_error rv: 129

2026-09-17 01:18:01 [2269271] WARN  /home/kadir/mqtt-fuzzing/builds/nanomq-asan/nng/src/sp/protocol/mqtt/mqtt_parser.c:1363 nano_msg_notify: test offline!
2026-09-17 01:18:01 [2269274] WARN  /home/kadir/mqtt-fuzzing/builds/nanomq-asan/nng/src/sp/protocol/mqtt/mqtt_parser.c:1359 nano_msg_notify: test online!
2026-09-17 01:18:01 [2269278] WARN  /home/kadir/mqtt-fuzzing/builds/nanomq-asan/nng/src/sp/transport/mqtt/broker_tcp.c:739 tcptran_pipe_recv_cb: Got invalid CONNECT from client!
2026-09-17 01:18:01 [2269278] WARN  /home/kadir/mqtt-fuzzing/builds/nanomq-asan/nng/src/sp/transport/mqtt/broker_tcp.c:895 tcptran_pipe_recv_cb: tcptran_pipe_recv_cb: recv_error rv: 129

2026-09-17 01:18:01 [2269271] WARN  /home/kadir/mqtt-fuzzing/builds/nanomq-asan/nng/src/sp/protocol/mqtt/mqtt_parser.c:1363 nano_msg_notify: test offline!
2026-09-17 01:18:01 [2269278] WARN  /home/kadir/mqtt-fuzzing/builds/nanomq-asan/nng/src/sp/protocol/mqtt/mqtt_parser.c:1359 nano_msg_notify: test online!
2026-09-17 01:18:01 [2269276] WARN  /home/kadir/mqtt-fuzzing/builds/nanomq-asan/nng/src/sp/transport/mqtt/broker_tcp.c:739 tcptran_pipe_recv_cb: Got invalid CONNECT from client!
2026-09-17 01:18:01 [2269276] WARN  /home/kadir/mqtt-fuzzing/builds/nanomq-asan/nng/src/sp/transport/mqtt/broker_tcp.c:895 tcptran_pipe_recv_cb: tcptran_pipe_recv_cb: recv_error rv: 129

2026-09-17 01:18:01 [2269276] WARN  /home/kadir/mqtt-fuzzing/builds/nanomq-asan/nng/src/sp/protocol/mqtt/mqtt_parser.c:1363 nano_msg_notify: test offline!
2026-09-17 01:18:01 [2269273] WARN  /home/kadir/mqtt-fuzzing/builds/nanomq-asan/nng/src/sp/transport/mqtt/broker_tcp.c:739 tcptran_pipe_recv_cb: Got invalid CONNECT from client!
2026-09-17 01:18:01 [2269273] WARN  /home/kadir/mqtt-fuzzing/builds/nanomq-asan/nng/src/sp/transport/mqtt/broker_tcp.c:895 tcptran_pipe_recv_cb: tcptran_pipe_recv_cb: recv_error rv: 129

2026-09-17 01:18:01 [2269275] WARN  /home/kadir/mqtt-fuzzing/builds/nanomq-asan/nng/src/sp/protocol/mqtt/mqtt_parser.c:1359 nano_msg_notify: test online!
2026-09-17 01:18:01 [2269273] WARN  /home/kadir/mqtt-fuzzing/builds/nanomq-asan/nng/src/sp/protocol/mqtt/mqtt_parser.c:1363 nano_msg_notify: test offline!
2026-09-17 01:18:01 [2269275] WARN  /home/kadir/mqtt-fuzzing/builds/nanomq-asan/nng/src/sp/transport/mqtt/broker_tcp.c:739 tcptran_pipe_recv_cb: Got invalid CONNECT from client!
2026-09-17 01:18:01 [2269275] WARN  /home/kadir/mqtt-fuzzing/builds/nanomq-asan/nng/src/sp/transport/mqtt/broker_tcp.c:895 tcptran_pipe_recv_cb: tcptran_pipe_recv_cb: recv_error rv: 129

2026-09-17 01:18:01 [2269277] WARN  /home/kadir/mqtt-fuzzing/builds/nanomq-asan/nng/src/sp/protocol/mqtt/mqtt_parser.c:1359 nano_msg_notify: test online!
2026-09-17 01:18:01 [2269274] WARN  /home/kadir/mqtt-fuzzing/builds/nanomq-asan/nng/src/sp/protocol/mqtt/mqtt_parser.c:1363 nano_msg_notify: test offline!
2026-09-17 01:18:01 [2269271] WARN  /home/kadir/mqtt-fuzzing/builds/nanomq-asan/nng/src/sp/transport/mqtt/broker_tcp.c:739 tcptran_pipe_recv_cb: Got invalid CONNECT from client!
2026-09-17 01:18:01 [2269271] WARN  /home/kadir/mqtt-fuzzing/builds/nanomq-asan/nng/src/sp/transport/mqtt/broker_tcp.c:895 tcptran_pipe_recv_cb: tcptran_pipe_recv_cb: recv_error rv: 129

2026-09-17 01:18:01 [2269278] WARN  /home/kadir/mqtt-fuzzing/builds/nanomq-asan/nng/src/sp/protocol/mqtt/mqtt_parser.c:1359 nano_msg_notify: test online!
2026-09-17 01:18:01 [2269271] WARN  /home/kadir/mqtt-fuzzing/builds/nanomq-asan/nng/src/sp/protocol/mqtt/mqtt_parser.c:1363 nano_msg_notify: test offline!
2026-09-17 01:18:01 [2269275] WARN  /home/kadir/mqtt-fuzzing/builds/nanomq-asan/nng/src/sp/protocol/mqtt/mqtt_parser.c:1359 nano_msg_notify: test online!
2026-09-17 01:18:01 [2269271] WARN  /home/kadir/mqtt-fuzzing/builds/nanomq-asan/nng/src/sp/transport/mqtt/broker_tcp.c:739 tcptran_pipe_recv_cb: Got invalid CONNECT from client!
2026-09-17 01:18:01 [2269271] WARN  /home/kadir/mqtt-fuzzing/builds/nanomq-asan/nng/src/sp/transport/mqtt/broker_tcp.c:895 tcptran_pipe_recv_cb: tcptran_pipe_recv_cb: recv_error rv: 129

2026-09-17 01:18:01 [2269273] WARN  /home/kadir/mqtt-fuzzing/builds/nanomq-asan/nng/src/sp/protocol/mqtt/mqtt_parser.c:1363 nano_msg_notify: test offline!
2026-09-17 01:18:01 [2269271] WARN  /home/kadir/mqtt-fuzzing/builds/nanomq-asan/nng/src/sp/transport/mqtt/broker_tcp.c:739 tcptran_pipe_recv_cb: Got invalid CONNECT from client!
2026-09-17 01:18:01 [2269271] WARN  /home/kadir/mqtt-fuzzing/builds/nanomq-asan/nng/src/sp/transport/mqtt/broker_tcp.c:895 tcptran_pipe_recv_cb: tcptran_pipe_recv_cb: recv_error rv: 129

2026-09-17 01:18:01 [2269272] WARN  /home/kadir/mqtt-fuzzing/builds/nanomq-asan/nng/src/sp/protocol/mqtt/mqtt_parser.c:1363 nano_msg_notify: test offline!
2026-09-17 01:18:01 [2269274] WARN  /home/kadir/mqtt-fuzzing/builds/nanomq-asan/nng/src/sp/protocol/mqtt/mqtt_parser.c:1359 nano_msg_notify: test online!
2026-09-17 01:18:01 [2269275] WARN  /home/kadir/mqtt-fuzzing/builds/nanomq-asan/nng/src/sp/protocol/mqtt/mqtt_parser.c:1359 nano_msg_notify: test online!
2026-09-17 01:18:01 [2269276] WARN  /home/kadir/mqtt-fuzzing/builds/nanomq-asan/nng/src/sp/transport/mqtt/broker_tcp.c:739 tcptran_pipe_recv_cb: Got invalid CONNECT from client!
2026-09-17 01:18:01 [2269276] WARN  /home/kadir/mqtt-fuzzing/builds/nanomq-asan/nng/src/sp/transport/mqtt/broker_tcp.c:895 tcptran_pipe_recv_cb: tcptran_pipe_recv_cb: recv_error rv: 129

2026-09-17 01:18:01 [2269271] WARN  /home/kadir/mqtt-fuzzing/builds/nanomq-asan/nng/src/sp/protocol/mqtt/mqtt_parser.c:1363 nano_msg_notify: test offline!
2026-09-17 01:18:01 [2269272] WARN  /home/kadir/mqtt-fuzzing/builds/nanomq-asan/nng/src/sp/transport/mqtt/broker_tcp.c:739 tcptran_pipe_recv_cb: Got invalid CONNECT from client!
2026-09-17 01:18:01 [2269272] WARN  /home/kadir/mqtt-fuzzing/builds/nanomq-asan/nng/src/sp/transport/mqtt/broker_tcp.c:895 tcptran_pipe_recv_cb: tcptran_pipe_recv_cb: recv_error rv: 129

2026-09-17 01:18:01 [2269271] WARN  /home/kadir/mqtt-fuzzing/builds/nanomq-asan/nng/src/sp/protocol/mqtt/mqtt_parser.c:1363 nano_msg_notify: test offline!
2026-09-17 01:18:01 [2269273] WARN  /home/kadir/mqtt-fuzzing/builds/nanomq-asan/nng/src/sp/protocol/mqtt/mqtt_parser.c:1359 nano_msg_notify: test online!
2026-09-17 01:18:01 [2269272] WARN  /home/kadir/mqtt-fuzzing/builds/nanomq-asan/nng/src/sp/protocol/mqtt/mqtt_parser.c:1359 nano_msg_notify: test online!
2026-09-17 01:18:01 [2269273] WARN  /home/kadir/mqtt-fuzzing/builds/nanomq-asan/nng/src/sp/transport/mqtt/broker_tcp.c:739 tcptran_pipe_recv_cb: Got invalid CONNECT from client!
2026-09-17 01:18:01 [2269273] WARN  /home/kadir/mqtt-fuzzing/builds/nanomq-asan/nng/src/sp/transport/mqtt/broker_tcp.c:895 tcptran_pipe_recv_cb: tcptran_pipe_recv_cb: recv_error rv: 129

2026-09-17 01:18:01 [2269274] WARN  /home/kadir/mqtt-fuzzing/builds/nanomq-asan/nng/src/sp/protocol/mqtt/mqtt_parser.c:1363 nano_msg_notify: test offline!
2026-09-17 01:18:01 [2269278] WARN  /home/kadir/mqtt-fuzzing/builds/nanomq-asan/nng/src/sp/protocol/mqtt/mqtt_parser.c:1359 nano_msg_notify: test online!
2026-09-17 01:18:01 [2269272] WARN  /home/kadir/mqtt-fuzzing/builds/nanomq-asan/nng/src/sp/transport/mqtt/broker_tcp.c:739 tcptran_pipe_recv_cb: Got invalid CONNECT from client!
2026-09-17 01:18:01 [2269272] WARN  /home/kadir/mqtt-fuzzing/builds/nanomq-asan/nng/src/sp/transport/mqtt/broker_tcp.c:895 tcptran_pipe_recv_cb: tcptran_pipe_recv_cb: recv_error rv: 129

2026-09-17 01:18:01 [2269276] WARN  /home/kadir/mqtt-fuzzing/builds/nanomq-asan/nng/src/sp/protocol/mqtt/mqtt_parser.c:1363 nano_msg_notify: test offline!
2026-09-17 01:18:01 [2269276] WARN  /home/kadir/mqtt-fuzzing/builds/nanomq-asan/nng/src/sp/transport/mqtt/broker_tcp.c:739 tcptran_pipe_recv_cb: Got invalid CONNECT from client!
2026-09-17 01:18:01 [2269276] WARN  /home/kadir/mqtt-fuzzing/builds/nanomq-asan/nng/src/sp/transport/mqtt/broker_tcp.c:895 tcptran_pipe_recv_cb: tcptran_pipe_recv_cb: recv_error rv: 129

2026-09-17 01:18:01 [2269272] WARN  /home/kadir/mqtt-fuzzing/builds/nanomq-asan/nng/src/sp/protocol/mqtt/mqtt_parser.c:1359 nano_msg_notify: test online!
2026-09-17 01:18:01 [2269274] WARN  /home/kadir/mqtt-fuzzing/builds/nanomq-asan/nng/src/sp/protocol/mqtt/mqtt_parser.c:1363 nano_msg_notify: test offline!
2026-09-17 01:18:01 [2269271] WARN  /home/kadir/mqtt-fuzzing/builds/nanomq-asan/nng/src/sp/protocol/mqtt/mqtt_parser.c:1359 nano_msg_notify: test online!
2026-09-17 01:18:01 [2269278] WARN  /home/kadir/mqtt-fuzzing/builds/nanomq-asan/nng/src/sp/transport/mqtt/broker_tcp.c:739 tcptran_pipe_recv_cb: Got invalid CONNECT from client!
2026-09-17 01:18:01 [2269278] WARN  /home/kadir/mqtt-fuzzing/builds/nanomq-asan/nng/src/sp/transport/mqtt/broker_tcp.c:895 tcptran_pipe_recv_cb: tcptran_pipe_recv_cb: recv_error rv: 129

2026-09-17 01:18:01 [2269275] WARN  /home/kadir/mqtt-fuzzing/builds/nanomq-asan/nng/src/sp/protocol/mqtt/mqtt_parser.c:1363 nano_msg_notify: test offline!
2026-09-17 01:18:01 [2269272] WARN  /home/kadir/mqtt-fuzzing/builds/nanomq-asan/nng/src/sp/protocol/mqtt/mqtt_parser.c:1359 nano_msg_notify: test online!
2026-09-17 01:18:01 [2269276] WARN  /home/kadir/mqtt-fuzzing/builds/nanomq-asan/nng/src/sp/transport/mqtt/broker_tcp.c:739 tcptran_pipe_recv_cb: Got invalid CONNECT from client!
2026-09-17 01:18:01 [2269276] WARN  /home/kadir/mqtt-fuzzing/builds/nanomq-asan/nng/src/sp/transport/mqtt/broker_tcp.c:895 tcptran_pipe_recv_cb: tcptran_pipe_recv_cb: recv_error rv: 129

2026-09-17 01:18:01 [2269273] WARN  /home/kadir/mqtt-fuzzing/builds/nanomq-asan/nng/src/sp/protocol/mqtt/mqtt_parser.c:1363 nano_msg_notify: test offline!
2026-09-17 01:18:01 [2269272] WARN  /home/kadir/mqtt-fuzzing/builds/nanomq-asan/nng/src/sp/protocol/mqtt/mqtt_parser.c:1359 nano_msg_notify: test online!
2026-09-17 01:18:01 [2269274] WARN  /home/kadir/mqtt-fuzzing/builds/nanomq-asan/nng/src/sp/transport/mqtt/broker_tcp.c:739 tcptran_pipe_recv_cb: Got invalid CONNECT from client!
2026-09-17 01:18:01 [2269274] WARN  /home/kadir/mqtt-fuzzing/builds/nanomq-asan/nng/src/sp/transport/mqtt/broker_tcp.c:895 tcptran_pipe_recv_cb: tcptran_pipe_recv_cb: recv_error rv: 129

2026-09-17 01:18:01 [2269271] WARN  /home/kadir/mqtt-fuzzing/builds/nanomq-asan/nng/src/sp/protocol/mqtt/mqtt_parser.c:1363 nano_msg_notify: test offline!
2026-09-17 01:18:01 [2269272] WARN  /home/kadir/mqtt-fuzzing/builds/nanomq-asan/nng/src/sp/protocol/mqtt/mqtt_parser.c:1359 nano_msg_notify: test online!
2026-09-17 01:18:01 [2269277] WARN  /home/kadir/mqtt-fuzzing/builds/nanomq-asan/nng/src/sp/transport/mqtt/broker_tcp.c:739 tcptran_pipe_recv_cb: Got invalid CONNECT from client!
2026-09-17 01:18:01 [2269277] WARN  /home/kadir/mqtt-fuzzing/builds/nanomq-asan/nng/src/sp/transport/mqtt/broker_tcp.c:895 tcptran_pipe_recv_cb: tcptran_pipe_recv_cb: recv_error rv: 129

2026-09-17 01:18:01 [2269278] WARN  /home/kadir/mqtt-fuzzing/builds/nanomq-asan/nng/src/sp/protocol/mqtt/mqtt_parser.c:1363 nano_msg_notify: test offline!
2026-09-17 01:18:01 [2269277] WARN  /home/kadir/mqtt-fuzzing/builds/nanomq-asan/nng/src/sp/protocol/mqtt/mqtt_parser.c:1359 nano_msg_notify: test online!
2026-09-17 01:18:01 [2269278] WARN  /home/kadir/mqtt-fuzzing/builds/nanomq-asan/nng/src/sp/transport/mqtt/broker_tcp.c:739 tcptran_pipe_recv_cb: Got invalid CONNECT from client!
2026-09-17 01:18:01 [2269278] WARN  /home/kadir/mqtt-fuzzing/builds/nanomq-asan/nng/src/sp/transport/mqtt/broker_tcp.c:895 tcptran_pipe_recv_cb: tcptran_pipe_recv_cb: recv_error rv: 129

2026-09-17 01:18:01 [2269276] WARN  /home/kadir/mqtt-fuzzing/builds/nanomq-asan/nng/src/sp/protocol/mqtt/mqtt_parser.c:1363 nano_msg_notify: test offline!
2026-09-17 01:18:01 [2269277] WARN  /home/kadir/mqtt-fuzzing/builds/nanomq-asan/nng/src/sp/protocol/mqtt/mqtt_parser.c:1359 nano_msg_notify: 2026-09-17 01:18:01 [2269273] WARN  /home/kadir/mqtt-fuzzing/builds/nanomq-asan/nng/src/sp/transport/mqtt/broker_tcp.c:739 tcptran_pipe_recv_cb: test online!
Got invalid CONNECT from client!
2026-09-17 01:18:01 [2269272] WARN  /home/kadir/mqtt-fuzzing/builds/nanomq-asan/nng/src/sp/protocol/mqtt/mqtt_parser.c:1363 nano_msg_notify: test offline!
2026-09-17 01:18:01 [2269273] WARN  /home/kadir/mqtt-fuzzing/builds/nanomq-asan/nng/src/sp/transport/mqtt/broker_tcp.c:895 tcptran_pipe_recv_cb: tcptran_pipe_recv_cb: recv_error rv: 129

2026-09-17 01:18:01 [2269277] WARN  /home/kadir/mqtt-fuzzing/builds/nanomq-asan/nng/src/sp/protocol/mqtt/mqtt_parser.c:1359 nano_msg_notify: test online!
2026-09-17 01:18:01 [2269275] WARN  /home/kadir/mqtt-fuzzing/builds/nanomq-asan/nng/src/sp/transport/mqtt/broker_tcp.c:739 tcptran_pipe_recv_cb: Got invalid CONNECT from client!
2026-09-17 01:18:01 [2269275] WARN  /home/kadir/mqtt-fuzzing/builds/nanomq-asan/nng/src/sp/transport/mqtt/broker_tcp.c:895 tcptran_pipe_recv_cb: tcptran_pipe_recv_cb: recv_error rv: 129

2026-09-17 01:18:01 [2269278] WARN  /home/kadir/mqtt-fuzzing/builds/nanomq-asan/nng/src/sp/protocol/mqtt/mqtt_parser.c:1363 nano_msg_notify: test offline!
2026-09-17 01:18:01 [2269277] WARN  /home/kadir/mqtt-fuzzing/builds/nanomq-asan/nng/src/sp/protocol/mqtt/mqtt_parser.c:1359 nano_msg_notify: test online!
2026-09-17 01:18:01 [2269272] WARN  /home/kadir/mqtt-fuzzing/builds/nanomq-asan/nng/src/sp/transport/mqtt/broker_tcp.c:739 tcptran_pipe_recv_cb: Got invalid CONNECT from client!
2026-09-17 01:18:01 [2269272] WARN  /home/kadir/mqtt-fuzzing/builds/nanomq-asan/nng/src/sp/transport/mqtt/broker_tcp.c:895 tcptran_pipe_recv_cb: tcptran_pipe_recv_cb: recv_error rv: 129

2026-09-17 01:18:01 [2269273] WARN  /home/kadir/mqtt-fuzzing/builds/nanomq-asan/nng/src/sp/protocol/mqtt/mqtt_parser.c:1363 nano_msg_notify: test offline!
2026-09-17 01:18:01 [2269274] WARN  /home/kadir/mqtt-fuzzing/builds/nanomq-asan/nng/src/sp/protocol/mqtt/mqtt_parser.c:1359 nano_msg_notify: test online!
2026-09-17 01:18:01 [2269273] WARN  /home/kadir/mqtt-fuzzing/builds/nanomq-asan/nng/src/sp/transport/mqtt/broker_tcp.c:739 tcptran_pipe_recv_cb: Got invalid CONNECT from client!
2026-09-17 01:18:01 [2269271] WARN  /home/kadir/mqtt-fuzzing/builds/nanomq-asan/nng/src/sp/protocol/mqtt/mqtt_parser.c:1363 nano_msg_notify: test offline!
2026-09-17 01:18:01 [2269273] WARN  /home/kadir/mqtt-fuzzing/builds/nanomq-asan/nng/src/sp/transport/mqtt/broker_tcp.c:895 tcptran_pipe_recv_cb: tcptran_pipe_recv_cb: recv_error rv: 129

2026-09-17 01:18:01 [2269277] WARN  /home/kadir/mqtt-fuzzing/builds/nanomq-asan/nng/src/sp/protocol/mqtt/mqtt_parser.c:1359 nano_msg_notify: test online!
2026-09-17 01:18:01 [2269275] WARN  /home/kadir/mqtt-fuzzing/builds/nanomq-asan/nng/src/sp/transport/mqtt/broker_tcp.c:739 tcptran_pipe_recv_cb: Got invalid CONNECT from client!
2026-09-17 01:18:01 [2269275] WARN  /home/kadir/mqtt-fuzzing/builds/nanomq-asan/nng/src/sp/transport/mqtt/broker_tcp.c:895 tcptran_pipe_recv_cb: tcptran_pipe_recv_cb: recv_error rv: 129

2026-09-17 01:18:01 [2269278] WARN  /home/kadir/mqtt-fuzzing/builds/nanomq-asan/nng/src/sp/protocol/mqtt/mqtt_parser.c:1363 nano_msg_notify: test offline!
2026-09-17 01:18:01 [2269277] WARN  /home/kadir/mqtt-fuzzing/builds/nanomq-asan/nng/src/sp/protocol/mqtt/mqtt_parser.c:1359 nano_msg_notify: test online!
2026-09-17 01:18:01 [2269271] WARN  /home/kadir/mqtt-fuzzing/builds/nanomq-asan/nng/src/sp/transport/mqtt/broker_tcp.c:739 tcptran_pipe_recv_cb: Got invalid CONNECT from client!
2026-09-17 01:18:01 [2269271] WARN  /home/kadir/mqtt-fuzzing/builds/nanomq-asan/nng/src/sp/transport/mqtt/broker_tcp.c:895 tcptran_pipe_recv_cb: tcptran_pipe_recv_cb: recv_error rv: 129

2026-09-17 01:18:01 [2269272] WARN  /home/kadir/mqtt-fuzzing/builds/nanomq-asan/nng/src/sp/protocol/mqtt/mqtt_parser.c:1363 nano_msg_notify: test offline!
2026-09-17 01:18:01 [2269277] WARN  /home/kadir/mqtt-fuzzing/builds/nanomq-asan/nng/src/sp/protocol/mqtt/mqtt_parser.c:1359 nano_msg_notify: test online!
2026-09-17 01:18:01 [2269273] WARN  /home/kadir/mqtt-fuzzing/builds/nanomq-asan/nng/src/sp/transport/mqtt/broker_tcp.c:739 tcptran_pipe_recv_cb: Got invalid CONNECT from client!
2026-09-17 01:18:01 [2269273] WARN  /home/kadir/mqtt-fuzzing/builds/nanomq-asan/nng/src/sp/transport/mqtt/broker_tcp.c:895 tcptran_pipe_recv_cb: tcptran_pipe_recv_cb: recv_error rv: 129

2026-09-17 01:18:01 [2269276] WARN  /home/kadir/mqtt-fuzzing/builds/nanomq-asan/nng/src/sp/protocol/mqtt/mqtt_parser.c:1363 nano_msg_notify: test offline!
2026-09-17 01:18:01 [2269277] WARN  /home/kadir/mqtt-fuzzing/builds/nanomq-asan/nng/src/sp/protocol/mqtt/mqtt_parser.c:1359 nano_msg_notify: test online!
2026-09-17 01:18:01 [2269273] WARN  /home/kadir/mqtt-fuzzing/builds/nanomq-asan/nng/src/sp/transport/mqtt/broker_tcp.c:739 tcptran_pipe_recv_cb: Got invalid CONNECT from client!
2026-09-17 01:18:01 [2269273] WARN  /home/kadir/mqtt-fuzzing/builds/nanomq-asan/nng/src/sp/transport/mqtt/broker_tcp.c:895 tcptran_pipe_recv_cb: tcptran_pipe_recv_cb: recv_error rv: 129

2026-09-17 01:18:01 [2269271] WARN  /home/kadir/mqtt-fuzzing/builds/nanomq-asan/nng/src/sp/protocol/mqtt/mqtt_parser.c:1363 nano_msg_notify: test offline!
2026-09-17 01:18:01 [2269273] WARN  /home/kadir/mqtt-fuzzing/builds/nanomq-asan/nng/src/sp/protocol/mqtt/mqtt_parser.c:1359 nano_msg_notify: test online!
2026-09-17 01:18:01 [2269277] WARN  /home/kadir/mqtt-fuzzing/builds/nanomq-asan/nng/src/sp/transport/mqtt/broker_tcp.c:739 tcptran_pipe_recv_cb: Got invalid CONNECT from client!
2026-09-17 01:18:01 [2269277] WARN  /home/kadir/mqtt-fuzzing/builds/nanomq-asan/nng/src/sp/transport/mqtt/broker_tcp.c:895 tcptran_pipe_recv_cb: tcptran_pipe_recv_cb: recv_error rv: 129

2026-09-17 01:18:01 [2269278] WARN  /home/kadir/mqtt-fuzzing/builds/nanomq-asan/nng/src/sp/protocol/mqtt/mqtt_parser.c:1363 nano_msg_notify: test offline!
2026-09-17 01:18:01 [2269272] WARN  /home/kadir/mqtt-fuzzing/builds/nanomq-asan/nng/src/sp/protocol/mqtt/mqtt_parser.c:1359 nano_msg_notify: test online!
2026-09-17 01:18:01 [2269275] WARN  /home/kadir/mqtt-fuzzing/builds/nanomq-asan/nng/src/sp/transport/mqtt/broker_tcp.c:739 tcptran_pipe_recv_cb: Got invalid CONNECT from client!
2026-09-17 01:18:01 [2269275] WARN  /home/kadir/mqtt-fuzzing/builds/nanomq-asan/nng/src/sp/transport/mqtt/broker_tcp.c:895 tcptran_pipe_recv_cb: tcptran_pipe_recv_cb: recv_error rv: 129

2026-09-17 01:18:01 [2269276] WARN  /home/kadir/mqtt-fuzzing/builds/nanomq-asan/nng/src/sp/protocol/mqtt/mqtt_parser.c:1363 nano_msg_notify: test offline!
2026-09-17 01:18:01 [2269275] WARN  /home/kadir/mqtt-fuzzing/builds/nanomq-asan/nng/src/sp/transport/mqtt/broker_tcp.c:739 tcptran_pipe_recv_cb: Got invalid CONNECT from client!
2026-09-17 01:18:01 [2269275] WARN  /home/kadir/mqtt-fuzzing/builds/nanomq-asan/nng/src/sp/transport/mqtt/broker_tcp.c:895 tcptran_pipe_recv_cb: tcptran_pipe_recv_cb: recv_error rv: 129

2026-09-17 01:18:01 [2269272] WARN  /home/kadir/mqtt-fuzzing/builds/nanomq-asan/nng/src/sp/protocol/mqtt/mqtt_parser.c:1359 nano_msg_notify: test online!
2026-09-17 01:18:01 [2269275] WARN  /home/kadir/mqtt-fuzzing/builds/nanomq-asan/nng/src/sp/protocol/mqtt/mqtt_parser.c:1363 nano_msg_notify: test offline!
2026-09-17 01:18:01 [2269277] WARN  /home/kadir/mqtt-fuzzing/builds/nanomq-asan/nng/src/sp/protocol/mqtt/mqtt_parser.c:1359 nano_msg_notify: test online!
2026-09-17 01:18:01 [2269276] WARN  /home/kadir/mqtt-fuzzing/builds/nanomq-asan/nng/src/sp/transport/mqtt/broker_tcp.c:739 tcptran_pipe_recv_cb: Got invalid CONNECT from client!
2026-09-17 01:18:01 [2269276] WARN  /home/kadir/mqtt-fuzzing/builds/nanomq-asan/nng/src/sp/transport/mqtt/broker_tcp.c:895 tcptran_pipe_recv_cb: tcptran_pipe_recv_cb: recv_error rv: 129

2026-09-17 01:18:01 [2269278] WARN  /home/kadir/mqtt-fuzzing/builds/nanomq-asan/nng/src/sp/protocol/mqtt/mqtt_parser.c:1363 nano_msg_notify: test offline!
2026-09-17 01:18:01 [2269274] WARN  /home/kadir/mqtt-fuzzing/builds/nanomq-asan/nng/src/sp/protocol/mqtt/mqtt_parser.c:1359 nano_msg_notify: test online!
2026-09-17 01:18:01 [2269276] WARN  /home/kadir/mqtt-fuzzing/builds/nanomq-asan/nng/src/sp/transport/mqtt/broker_tcp.c:739 tcptran_pipe_recv_cb: Got invalid CONNECT from client!
2026-09-17 01:18:01 [2269276] WARN  /home/kadir/mqtt-fuzzing/builds/nanomq-asan/nng/src/sp/transport/mqtt/broker_tcp.c:895 tcptran_pipe_recv_cb: tcptran_pipe_recv_cb: recv_error rv: 129

2026-09-17 01:18:01 [2269272] WARN  /home/kadir/mqtt-fuzzing/builds/nanomq-asan/nng/src/sp/protocol/mqtt/mqtt_parser.c:1363 nano_msg_notify: test offline!
2026-09-17 01:18:01 [2269272] WARN  /home/kadir/mqtt-fuzzing/builds/nanomq-asan/nng/src/sp/transport/mqtt/broker_tcp.c:739 tcptran_pipe_recv_cb: Got invalid CONNECT from client!
2026-09-17 01:18:01 [2269272] WARN  /home/kadir/mqtt-fuzzing/builds/nanomq-asan/nng/src/sp/transport/mqtt/broker_tcp.c:895 tcptran_pipe_recv_cb: tcptran_pipe_recv_cb: recv_error rv: 129

2026-09-17 01:18:01 [2269276] WARN  /home/kadir/mqtt-fuzzing/builds/nanomq-asan/nng/src/sp/protocol/mqtt/mqtt_parser.c:1359 nano_msg_notify: test online!
2026-09-17 01:18:01 [2269278] WARN  /home/kadir/mqtt-fuzzing/builds/nanomq-asan/nng/src/sp/protocol/mqtt/mqtt_parser.c:1363 nano_msg_notify: test offline!
2026-09-17 01:18:01 [2269271] WARN  /home/kadir/mqtt-fuzzing/builds/nanomq-asan/nng/src/sp/protocol/mqtt/mqtt_parser.c:1359 nano_msg_notify: test online!
2026-09-17 01:18:01 [2269276] WARN  /home/kadir/mqtt-fuzzing/builds/nanomq-asan/nng/src/sp/transport/mqtt/broker_tcp.c:739 tcptran_pipe_recv_cb: Got invalid CONNECT from client!
2026-09-17 01:18:01 [2269276] WARN  /home/kadir/mqtt-fuzzing/builds/nanomq-asan/nng/src/sp/transport/mqtt/broker_tcp.c:895 tcptran_pipe_recv_cb: tcptran_pipe_recv_cb: recv_error rv: 129

2026-09-17 01:18:01 [2269273] WARN  /home/kadir/mqtt-fuzzing/builds/nanomq-asan/nng/src/sp/protocol/mqtt/mqtt_parser.c:1363 nano_msg_notify: test offline!
2026-09-17 01:18:01 [2269277] WARN  /home/kadir/mqtt-fuzzing/builds/nanomq-asan/nng/src/sp/protocol/mqtt/mqtt_parser.c:1359 nano_msg_notify: test online!
2026-09-17 01:18:01 [2269273] WARN  /home/kadir/mqtt-fuzzing/builds/nanomq-asan/nng/src/sp/transport/mqtt/broker_tcp.c:739 tcptran_pipe_recv_cb: Got invalid CONNECT from client!
2026-09-17 01:18:01 [2269273] WARN  /home/kadir/mqtt-fuzzing/builds/nanomq-asan/nng/src/sp/transport/mqtt/broker_tcp.c:895 tcptran_pipe_recv_cb: tcptran_pipe_recv_cb: recv_error rv: 129

2026-09-17 01:18:01 [2269272] WARN  /home/kadir/mqtt-fuzzing/builds/nanomq-asan/nng/src/sp/protocol/mqtt/mqtt_parser.c:1363 nano_msg_notify: test offline!
2026-09-17 01:18:01 [2269277] WARN  /home/kadir/mqtt-fuzzing/builds/nanomq-asan/nng/src/sp/protocol/mqtt/mqtt_parser.c:1359 nano_msg_notify: test online!
2026-09-17 01:18:01 [2269276] WARN  /home/kadir/mqtt-fuzzing/builds/nanomq-asan/nng/src/sp/transport/mqtt/broker_tcp.c:739 tcptran_pipe_recv_cb: Got invalid CONNECT from client!
2026-09-17 01:18:01 [2269276] WARN  /home/kadir/mqtt-fuzzing/builds/nanomq-asan/nng/src/sp/transport/mqtt/broker_tcp.c:895 tcptran_pipe_recv_cb: tcptran_pipe_recv_cb: recv_error rv: 129

2026-09-17 01:18:01 [2269278] WARN  /home/kadir/mqtt-fuzzing/builds/nanomq-asan/nng/src/sp/protocol/mqtt/mqtt_parser.c:1363 nano_msg_notify: test offline!
2026-09-17 01:18:01 [2269276] WARN  /home/kadir/mqtt-fuzzing/builds/nanomq-asan/nng/src/sp/protocol/mqtt/mqtt_parser.c:1359 nano_msg_notify: test online!
2026-09-17 01:18:01 [2269273] WARN  /home/kadir/mqtt-fuzzing/builds/nanomq-asan/nng/src/sp/transport/mqtt/broker_tcp.c:739 tcptran_pipe_recv_cb: Got invalid CONNECT from client!
2026-09-17 01:18:01 [2269273] WARN  /home/kadir/mqtt-fuzzing/builds/nanomq-asan/nng/src/sp/transport/mqtt/broker_tcp.c:895 tcptran_pipe_recv_cb: tcptran_pipe_recv_cb: recv_error rv: 129

2026-09-17 01:18:01 [2269272] WARN  /home/kadir/mqtt-fuzzing/builds/nanomq-asan/nng/src/sp/protocol/mqtt/mqtt_parser.c:1363 nano_msg_notify: test offline!
2026-09-17 01:18:01 [2269276] WARN  /home/kadir/mqtt-fuzzing/builds/nanomq-asan/nng/src/sp/protocol/mqtt/mqtt_parser.c:1359 nano_msg_notify: test online!
2026-09-17 01:18:01 [2269274] WARN  /home/kadir/mqtt-fuzzing/builds/nanomq-asan/nng/src/sp/transport/mqtt/broker_tcp.c:739 tcptran_pipe_recv_cb: Got invalid CONNECT from client!
2026-09-17 01:18:01 [2269274] WARN  /home/kadir/mqtt-fuzzing/builds/nanomq-asan/nng/src/sp/transport/mqtt/broker_tcp.c:895 tcptran_pipe_recv_cb: tcptran_pipe_recv_cb: recv_error rv: 129

2026-09-17 01:18:01 [2269277] WARN  /home/kadir/mqtt-fuzzing/builds/nanomq-asan/nng/src/sp/protocol/mqtt/mqtt_parser.c:1363 nano_msg_notify: test offline!
2026-09-17 01:18:01 [2269276] WARN  /home/kadir/mqtt-fuzzing/builds/nanomq-asan/nng/src/sp/protocol/mqtt/mqtt_parser.c:1359 nano_msg_notify: test online!
2026-09-17 01:18:01 [2269271] WARN  /home/kadir/mqtt-fuzzing/builds/nanomq-asan/nng/src/sp/transport/mqtt/broker_tcp.c:739 tcptran_pipe_recv_cb: Got invalid CONNECT from client!
2026-09-17 01:18:01 [2269271] WARN  /home/kadir/mqtt-fuzzing/builds/nanomq-asan/nng/src/sp/transport/mqtt/broker_tcp.c:895 tcptran_pipe_recv_cb: tcptran_pipe_recv_cb: recv_error rv: 129

2026-09-17 01:18:01 [2269277] WARN  /home/kadir/mqtt-fuzzing/builds/nanomq-asan/nng/src/sp/protocol/mqtt/mqtt_parser.c:1363 nano_msg_notify: test offline!
2026-09-17 01:18:01 [2269275] WARN  /home/kadir/mqtt-fuzzing/builds/nanomq-asan/nng/src/sp/protocol/mqtt/mqtt_parser.c:1359 nano_msg_notify: test online!
2026-09-17 01:18:01 [2269277] WARN  /home/kadir/mqtt-fuzzing/builds/nanomq-asan/nng/src/sp/transport/mqtt/broker_tcp.c:739 tcptran_pipe_recv_cb: Got invalid CONNECT from client!
2026-09-17 01:18:01 [2269277] WARN  /home/kadir/mqtt-fuzzing/builds/nanomq-asan/nng/src/sp/transport/mqtt/broker_tcp.c:895 tcptran_pipe_recv_cb: tcptran_pipe_recv_cb: recv_error rv: 129

2026-09-17 01:18:01 [2269276] WARN  /home/kadir/mqtt-fuzzing/builds/nanomq-asan/nng/src/sp/protocol/mqtt/mqtt_parser.c:1363 nano_msg_notify: test offline!
2026-09-17 01:18:01 [2269275] WARN  /home/kadir/mqtt-fuzzing/builds/nanomq-asan/nng/src/sp/transport/mqtt/broker_tcp.c:739 tcptran_pipe_recv_cb: Got invalid CONNECT from client!
2026-09-17 01:18:01 [2269275] WARN  /home/kadir/mqtt-fuzzing/builds/nanomq-asan/nng/src/sp/transport/mqtt/broker_tcp.c:895 tcptran_pipe_recv_cb: tcptran_pipe_recv_cb: recv_error rv: 129

2026-09-17 01:18:01 [2269274] WARN  /home/kadir/mqtt-fuzzing/builds/nanomq-asan/nng/src/sp/protocol/mqtt/mqtt_parser.c:1363 nano_msg_notify: test offline!2026-09-17 01:18:01 [2269277] WARN  /home/kadir/mqtt-fuzzing/builds/nanomq-asan/nng/src/sp/protocol/mqtt/mqtt_parser.c:1359 nano_msg_notify: test online!

2026-09-17 01:18:01 [2269277] WARN  /home/kadir/mqtt-fuzzing/builds/nanomq-asan/nng/src/sp/transport/mqtt/broker_tcp.c:739 tcptran_pipe_recv_cb: Got invalid CONNECT from client!
2026-09-17 01:18:01 [2269272] WARN  /home/kadir/mqtt-fuzzing/builds/nanomq-asan/nng/src/sp/protocol/mqtt/mqtt_parser.c:1359 nano_msg_notify: test online!
2026-09-17 01:18:01 [2269277] WARN  /home/kadir/mqtt-fuzzing/builds/nanomq-asan/nng/src/sp/transport/mqtt/broker_tcp.c:895 tcptran_pipe_recv_cb: tcptran_pipe_recv_cb: recv_error rv: 129

2026-09-17 01:18:01 [2269273] WARN  /home/kadir/mqtt-fuzzing/builds/nanomq-asan/nng/src/sp/protocol/mqtt/mqtt_parser.c:1363 nano_msg_notify: test offline!
2026-09-17 01:18:01 [2269274] WARN  /home/kadir/mqtt-fuzzing/builds/nanomq-asan/nng/src/sp/protocol/mqtt/mqtt_parser.c:1359 nano_msg_notify: test online!
2026-09-17 01:18:01 [2269272] WARN  /home/kadir/mqtt-fuzzing/builds/nanomq-asan/nng/src/sp/transport/mqtt/broker_tcp.c:739 tcptran_pipe_recv_cb: Got invalid CONNECT from client!
2026-09-17 01:18:01 [2269272] WARN  /home/kadir/mqtt-fuzzing/builds/nanomq-asan/nng/src/sp/transport/mqtt/broker_tcp.c:895 tcptran_pipe_recv_cb: tcptran_pipe_recv_cb: recv_error rv: 129

2026-09-17 01:18:01 [2269273] WARN  /home/kadir/mqtt-fuzzing/builds/nanomq-asan/nng/src/sp/protocol/mqtt/mqtt_parser.c:1363 nano_msg_notify: test offline!
2026-09-17 01:18:01 [2269272] WARN  /home/kadir/mqtt-fuzzing/builds/nanomq-asan/nng/src/sp/protocol/mqtt/mqtt_parser.c:1359 nano_msg_notify: test online!
2026-09-17 01:18:01 [2269274] WARN  /home/kadir/mqtt-fuzzing/builds/nanomq-asan/nng/src/sp/transport/mqtt/broker_tcp.c:739 tcptran_pipe_recv_cb: Got invalid CONNECT from client!
2026-09-17 01:18:01 [2269274] WARN  /home/kadir/mqtt-fuzzing/builds/nanomq-asan/nng/src/sp/transport/mqtt/broker_tcp.c:895 tcptran_pipe_recv_cb: tcptran_pipe_recv_cb: recv_error rv: 129

2026-09-17 01:18:01 [2269271] WARN  /home/kadir/mqtt-fuzzing/builds/nanomq-asan/nng/src/sp/protocol/mqtt/mqtt_parser.c:1363 nano_msg_notify: test offline!
2026-09-17 01:18:01 [2269274] WARN  /home/kadir/mqtt-fuzzing/builds/nanomq-asan/nng/src/sp/protocol/mqtt/mqtt_parser.c:1359 nano_msg_notify: test online!
2026-09-17 01:18:01 [2269275] WARN  /home/kadir/mqtt-fuzzing/builds/nanomq-asan/nng/src/sp/transport/mqtt/broker_tcp.c:739 tcptran_pipe_recv_cb: Got invalid CONNECT from client!
2026-09-17 01:18:01 [2269275] WARN  /home/kadir/mqtt-fuzzing/builds/nanomq-asan/nng/src/sp/transport/mqtt/broker_tcp.c:895 tcptran_pipe_recv_cb: tcptran_pipe_recv_cb: recv_error rv: 129

2026-09-17 01:18:01 [2269273] WARN  /home/kadir/mqtt-fuzzing/builds/nanomq-asan/nng/src/sp/protocol/mqtt/mqtt_parser.c:1363 nano_msg_notify: test offline!
2026-09-17 01:18:01 [2269278] WARN  /home/kadir/mqtt-fuzzing/builds/nanomq-asan/nng/src/sp/protocol/mqtt/mqtt_parser.c:1359 nano_msg_notify: test online!
2026-09-17 01:18:01 [2269274] WARN  /home/kadir/mqtt-fuzzing/builds/nanomq-asan/nng/src/sp/transport/mqtt/broker_tcp.c:739 tcptran_pipe_recv_cb: Got invalid CONNECT from client!
2026-09-17 01:18:01 [2269274] WARN  /home/kadir/mqtt-fuzzing/builds/nanomq-asan/nng/src/sp/transport/mqtt/broker_tcp.c:895 tcptran_pipe_recv_cb: tcptran_pipe_recv_cb: recv_error rv: 129

2026-09-17 01:18:01 [2269277] WARN  /home/kadir/mqtt-fuzzing/builds/nanomq-asan/nng/src/sp/protocol/mqtt/mqtt_parser.c:1363 nano_msg_notify: test offline!
2026-09-17 01:18:01 [2269271] WARN  /home/kadir/mqtt-fuzzing/builds/nanomq-asan/nng/src/sp/protocol/mqtt/mqtt_parser.c:1359 nano_msg_notify: test online!
2026-09-17 01:18:01 [2269277] WARN  /home/kadir/mqtt-fuzzing/builds/nanomq-asan/nng/src/sp/transport/mqtt/broker_tcp.c:739 tcptran_pipe_recv_cb: Got invalid CONNECT from client!
2026-09-17 01:18:01 [2269277] WARN  /home/kadir/mqtt-fuzzing/builds/nanomq-asan/nng/src/sp/transport/mqtt/broker_tcp.c:895 tcptran_pipe_recv_cb: tcptran_pipe_recv_cb: recv_error rv: 129

2026-09-17 01:18:01 [2269276] WARN  /home/kadir/mqtt-fuzzing/builds/nanomq-asan/nng/src/sp/protocol/mqtt/mqtt_parser.c:1363 nano_msg_notify: test offline!
2026-09-17 01:18:01 [2269278] WARN  /home/kadir/mqtt-fuzzing/builds/nanomq-asan/nng/src/sp/protocol/mqtt/mqtt_parser.c:1359 nano_msg_notify: test online!
2026-09-17 01:18:01 [2269276] WARN  /home/kadir/mqtt-fuzzing/builds/nanomq-asan/nng/src/sp/transport/mqtt/broker_tcp.c:739 tcptran_pipe_recv_cb: Got invalid CONNECT from client!
2026-09-17 01:18:01 [2269276] WARN  /home/kadir/mqtt-fuzzing/builds/nanomq-asan/nng/src/sp/transport/mqtt/broker_tcp.c:895 tcptran_pipe_recv_cb: tcptran_pipe_recv_cb: recv_error rv: 129

2026-09-17 01:18:01 [2269271] WARN  /home/kadir/mqtt-fuzzing/builds/nanomq-asan/nng/src/sp/protocol/mqtt/mqtt_parser.c:1363 nano_msg_notify: test offline!
2026-09-17 01:18:01 [2269278] WARN  /home/kadir/mqtt-fuzzing/builds/nanomq-asan/nng/src/sp/protocol/mqtt/mqtt_parser.c:1359 nano_msg_notify: test online!
2026-09-17 01:18:01 [2269276] WARN  /home/kadir/mqtt-fuzzing/builds/nanomq-asan/nng/src/sp/transport/mqtt/broker_tcp.c:739 tcptran_pipe_recv_cb: Got invalid CONNECT from client!
2026-09-17 01:18:01 [2269276] WARN  /home/kadir/mqtt-fuzzing/builds/nanomq-asan/nng/src/sp/transport/mqtt/broker_tcp.c:895 tcptran_pipe_recv_cb: tcptran_pipe_recv_cb: recv_error rv: 129

2026-09-17 01:18:01 [2269272] WARN  /home/kadir/mqtt-fuzzing/builds/nanomq-asan/nng/src/sp/protocol/mqtt/mqtt_parser.c:1363 nano_msg_notify: test offline!
2026-09-17 01:18:01 [2269278] WARN  /home/kadir/mqtt-fuzzing/builds/nanomq-asan/nng/src/sp/protocol/mqtt/mqtt_parser.c:1359 nano_msg_notify: test online!
2026-09-17 01:18:01 [2269274] WARN  /home/kadir/mqtt-fuzzing/builds/nanomq-asan/nng/src/sp/transport/mqtt/broker_tcp.c:628 tcptran_pipe_recv_cb: nni aio recv error!! Connection shutdown

2026-09-17 01:18:01 [2269274] WARN  /home/kadir/mqtt-fuzzing/builds/nanomq-asan/nng/src/sp/transport/mqtt/broker_tcp.c:895 tcptran_pipe_recv_cb: tcptran_pipe_recv_cb: recv_error rv: 139

2026-09-17 01:18:01 [2269277] WARN  /home/kadir/mqtt-fuzzing/builds/nanomq-asan/nng/src/sp/protocol/mqtt/mqtt_parser.c:1363 nano_msg_notify: test offline!
2026-09-17 01:18:01 [2269274] WARN  /home/kadir/mqtt-fuzzing/builds/nanomq-asan/nng/src/sp/protocol/mqtt/mqtt_parser.c:1359 nano_msg_notify: test online!
2026-09-17 01:18:01 [2269271] WARN  /home/kadir/mqtt-fuzzing/builds/nanomq-asan/nng/src/sp/transport/mqtt/broker_tcp.c:739 tcptran_pipe_recv_cb: Got invalid CONNECT from client!
2026-09-17 01:18:01 [2269271] WARN  /home/kadir/mqtt-fuzzing/builds/nanomq-asan/nng/src/sp/transport/mqtt/broker_tcp.c:895 tcptran_pipe_recv_cb: tcptran_pipe_recv_cb: recv_error rv: 129

2026-09-17 01:18:01 [2269278] WARN  /home/kadir/mqtt-fuzzing/builds/nanomq-asan/nng/src/sp/protocol/mqtt/mqtt_parser.c:1363 nano_msg_notify: test offline!
2026-09-17 01:18:01 [2269271] WARN  /home/kadir/mqtt-fuzzing/builds/nanomq-asan/nng/src/sp/protocol/mqtt/mqtt_parser.c:1359 nano_msg_notify: test online!
2026-09-17 01:18:01 [2269273] WARN  /home/kadir/mqtt-fuzzing/builds/nanomq-asan/nng/src/sp/transport/mqtt/broker_tcp.c:739 tcptran_pipe_recv_cb: Got invalid CONNECT from client!
2026-09-17 01:18:01 [2269273] WARN  /home/kadir/mqtt-fuzzing/builds/nanomq-asan/nng/src/sp/transport/mqtt/broker_tcp.c:895 tcptran_pipe_recv_cb: tcptran_pipe_recv_cb: recv_error rv: 129

2026-09-17 01:18:01 [2269276] WARN  /home/kadir/mqtt-fuzzing/builds/nanomq-asan/nng/src/sp/protocol/mqtt/mqtt_parser.c:1363 nano_msg_notify: test offline!
2026-09-17 01:18:02 [2269271] WARN  /home/kadir/mqtt-fuzzing/builds/nanomq-asan/nng/src/sp/protocol/mqtt/mqtt_parser.c:1359 nano_msg_notify: test online!
2026-09-17 01:18:02 [2269273] WARN  /home/kadir/mqtt-fuzzing/builds/nanomq-asan/nng/src/sp/transport/mqtt/broker_tcp.c:628 tcptran_pipe_recv_cb: nni aio recv error!! Connection shutdown

2026-09-17 01:18:02 [2269273] WARN  /home/kadir/mqtt-fuzzing/builds/nanomq-asan/nng/src/sp/transport/mqtt/broker_tcp.c:895 tcptran_pipe_recv_cb: tcptran_pipe_recv_cb: recv_error rv: 139

2026-09-17 01:18:02 [2269277] WARN  /home/kadir/mqtt-fuzzing/builds/nanomq-asan/nng/src/sp/protocol/mqtt/mqtt_parser.c:1363 nano_msg_notify: test offline!
2026-09-17 01:18:02 [2269273] WARN  /home/kadir/mqtt-fuzzing/builds/nanomq-asan/nng/src/sp/protocol/mqtt/mqtt_parser.c:1359 nano_msg_notify: test online!
2026-09-17 01:18:02 [2269275] WARN  /home/kadir/mqtt-fuzzing/builds/nanomq-asan/nng/src/sp/transport/mqtt/broker_tcp.c:739 tcptran_pipe_recv_cb: Got invalid CONNECT from client!
2026-09-17 01:18:02 [2269275] WARN  /home/kadir/mqtt-fuzzing/builds/nanomq-asan/nng/src/sp/transport/mqtt/broker_tcp.c:895 tcptran_pipe_recv_cb: tcptran_pipe_recv_cb: recv_error rv: 129

2026-09-17 01:18:02 [2269278] WARN  /home/kadir/mqtt-fuzzing/builds/nanomq-asan/nng/src/sp/protocol/mqtt/mqtt_parser.c:1363 nano_msg_notify: test offline!
2026-09-17 01:18:02 [2269272] WARN  /home/kadir/mqtt-fuzzing/builds/nanomq-asan/nng/src/sp/protocol/mqtt/mqtt_parser.c:1359 nano_msg_notify: test online!
2026-09-17 01:18:02 [2269277] WARN  /home/kadir/mqtt-fuzzing/builds/nanomq-asan/nng/src/sp/transport/mqtt/broker_tcp.c:739 tcptran_pipe_recv_cb: Got invalid CONNECT from client!
2026-09-17 01:18:02 [2269277] WARN  /home/kadir/mqtt-fuzzing/builds/nanomq-asan/nng/src/sp/transport/mqtt/broker_tcp.c:895 tcptran_pipe_recv_cb: tcptran_pipe_recv_cb: recv_error rv: 129

2026-09-17 01:18:02 [2269274] WARN  /home/kadir/mqtt-fuzzing/builds/nanomq-asan/nng/src/sp/protocol/mqtt/mqtt_parser.c:1363 nano_msg_notify: test offline!
2026-09-17 01:18:02 [2269277] WARN  /home/kadir/mqtt-fuzzing/builds/nanomq-asan/nng/src/sp/protocol/mqtt/mqtt_parser.c:1359 nano_msg_notify: test online!
2026-09-17 01:18:02 [2269275] WARN  /home/kadir/mqtt-fuzzing/builds/nanomq-asan/nng/src/sp/transport/mqtt/broker_tcp.c:739 tcptran_pipe_recv_cb: Got invalid CONNECT from client!
2026-09-17 01:18:02 [2269275] WARN  /home/kadir/mqtt-fuzzing/builds/nanomq-asan/nng/src/sp/transport/mqtt/broker_tcp.c:895 tcptran_pipe_recv_cb: tcptran_pipe_recv_cb: recv_error rv: 129

2026-09-17 01:18:02 [2269276] WARN  /home/kadir/mqtt-fuzzing/builds/nanomq-asan/nng/src/sp/protocol/mqtt/mqtt_parser.c:1363 nano_msg_notify: test offline!
2026-09-17 01:18:02 [2269271] WARN  /home/kadir/mqtt-fuzzing/builds/nanomq-asan/nng/src/sp/protocol/mqtt/mqtt_parser.c:1359 nano_msg_notify: test online!
2026-09-17 01:18:02 [2269272] WARN  /home/kadir/mqtt-fuzzing/builds/nanomq-asan/nng/src/sp/transport/mqtt/broker_tcp.c:739 tcptran_pipe_recv_cb: Got invalid CONNECT from client!
2026-09-17 01:18:02 [2269272] WARN  /home/kadir/mqtt-fuzzing/builds/nanomq-asan/nng/src/sp/transport/mqtt/broker_tcp.c:895 tcptran_pipe_recv_cb: tcptran_pipe_recv_cb: recv_error rv: 129

2026-09-17 01:18:02 [2269275] WARN  /home/kadir/mqtt-fuzzing/builds/nanomq-asan/nng/src/sp/protocol/mqtt/mqtt_parser.c:1363 nano_msg_notify: test offline!
2026-09-17 01:18:02 [2269277] WARN  /home/kadir/mqtt-fuzzing/builds/nanomq-asan/nng/src/sp/protocol/mqtt/mqtt_parser.c:1359 nano_msg_notify: test online!
2026-09-17 01:18:02 [2269276] WARN  /home/kadir/mqtt-fuzzing/builds/nanomq-asan/nng/src/sp/transport/mqtt/broker_tcp.c:739 tcptran_pipe_recv_cb: Got invalid CONNECT from client!
2026-09-17 01:18:02 [2269276] WARN  /home/kadir/mqtt-fuzzing/builds/nanomq-asan/nng/src/sp/transport/mqtt/broker_tcp.c:895 tcptran_pipe_recv_cb: tcptran_pipe_recv_cb: recv_error rv: 129

2026-09-17 01:18:02 [2269278] WARN  /home/kadir/mqtt-fuzzing/builds/nanomq-asan/nng/src/sp/protocol/mqtt/mqtt_parser.c:1363 nano_msg_notify: test offline!
2026-09-17 01:18:02 [2269277] WARN  /home/kadir/mqtt-fuzzing/builds/nanomq-asan/nng/src/sp/transport/mqtt/broker_tcp.c:739 tcptran_pipe_recv_cb: Got invalid CONNECT from client!
2026-09-17 01:18:02 [2269277] WARN  /home/kadir/mqtt-fuzzing/builds/nanomq-asan/nng/src/sp/transport/mqtt/broker_tcp.c:895 tcptran_pipe_recv_cb: tcptran_pipe_recv_cb: recv_error rv: 129

2026-09-17 01:18:02 [2269272] WARN  /home/kadir/mqtt-fuzzing/builds/nanomq-asan/nng/src/sp/protocol/mqtt/mqtt_parser.c:1363 nano_msg_notify: test offline!
2026-09-17 01:18:02 [2269274] WARN  /home/kadir/mqtt-fuzzing/builds/nanomq-asan/nng/src/sp/protocol/mqtt/mqtt_parser.c:1359 nano_msg_notify: test online!
2026-09-17 01:18:02 [2269274] WARN  /home/kadir/mqtt-fuzzing/builds/nanomq-asan/nng/src/sp/transport/mqtt/broker_tcp.c:739 tcptran_pipe_recv_cb: Got invalid CONNECT from client!
2026-09-17 01:18:02 [2269274] WARN  /home/kadir/mqtt-fuzzing/builds/nanomq-asan/nng/src/sp/transport/mqtt/broker_tcp.c:895 tcptran_pipe_recv_cb: tcptran_pipe_recv_cb: recv_error rv: 129

2026-09-17 01:18:02 [2269276] WARN  /home/kadir/mqtt-fuzzing/builds/nanomq-asan/nng/src/sp/protocol/mqtt/mqtt_parser.c:1359 nano_msg_notify: test online!
2026-09-17 01:18:02 [2269277] WARN  /home/kadir/mqtt-fuzzing/builds/nanomq-asan/nng/src/sp/protocol/mqtt/mqtt_parser.c:1363 nano_msg_notify: test offline!
2026-09-17 01:18:02 [2269275] WARN  /home/kadir/mqtt-fuzzing/builds/nanomq-asan/nng/src/sp/protocol/mqtt/mqtt_parser.c:1359 nano_msg_notify: test online!
2026-09-17 01:18:02 [2269273] WARN  /home/kadir/mqtt-fuzzing/builds/nanomq-asan/nng/src/sp/transport/mqtt/broker_tcp.c:739 tcptran_pipe_recv_cb: Got invalid CONNECT from client!
2026-09-17 01:18:02 [2269273] WARN  /home/kadir/mqtt-fuzzing/builds/nanomq-asan/nng/src/sp/transport/mqtt/broker_tcp.c:895 tcptran_pipe_recv_cb: tcptran_pipe_recv_cb: recv_error rv: 129

2026-09-17 01:18:02 [2269278] WARN  /home/kadir/mqtt-fuzzing/builds/nanomq-asan/nng/src/sp/protocol/mqtt/mqtt_parser.c:1363 nano_msg_notify: test offline!
2026-09-17 01:18:02 [2269273] WARN  /home/kadir/mqtt-fuzzing/builds/nanomq-asan/nng/src/sp/protocol/mqtt/mqtt_parser.c:1359 nano_msg_notify: test online!
2026-09-17 01:18:02 [2269278] WARN  /home/kadir/mqtt-fuzzing/builds/nanomq-asan/nng/src/sp/transport/mqtt/broker_tcp.c:739 tcptran_pipe_recv_cb: Got invalid CONNECT from client!
2026-09-17 01:18:02 [2269278] WARN  /home/kadir/mqtt-fuzzing/builds/nanomq-asan/nng/src/sp/transport/mqtt/broker_tcp.c:895 tcptran_pipe_recv_cb: tcptran_pipe_recv_cb: recv_error rv: 129

2026-09-17 01:18:02 [2269272] WARN  /home/kadir/mqtt-fuzzing/builds/nanomq-asan/nng/src/sp/protocol/mqtt/mqtt_parser.c:1363 nano_msg_notify: test offline!
2026-09-17 01:18:02 [2269278] WARN  /home/kadir/mqtt-fuzzing/builds/nanomq-asan/nng/src/sp/protocol/mqtt/mqtt_parser.c:1359 nano_msg_notify: test online!
2026-09-17 01:18:02 [2269276] WARN  /home/kadir/mqtt-fuzzing/builds/nanomq-asan/nng/src/sp/transport/mqtt/broker_tcp.c:739 tcptran_pipe_recv_cb: Got invalid CONNECT from client!
2026-09-17 01:18:02 [2269276] WARN  /home/kadir/mqtt-fuzzing/builds/nanomq-asan/nng/src/sp/transport/mqtt/broker_tcp.c:895 tcptran_pipe_recv_cb: tcptran_pipe_recv_cb: recv_error rv: 129

2026-09-17 01:18:02 [2269272] WARN  /home/kadir/mqtt-fuzzing/builds/nanomq-asan/nng/src/sp/protocol/mqtt/mqtt_parser.c:1363 nano_msg_notify: test offline!
2026-09-17 01:18:02 [2269276] WARN  /home/kadir/mqtt-fuzzing/builds/nanomq-asan/nng/src/sp/protocol/mqtt/mqtt_parser.c:1359 nano_msg_notify: test online!
2026-09-17 01:18:02 [2269273] WARN  /home/kadir/mqtt-fuzzing/builds/nanomq-asan/nng/src/sp/transport/mqtt/broker_tcp.c:739 tcptran_pipe_recv_cb: Got invalid CONNECT from client!
2026-09-17 01:18:02 [2269273] WARN  /home/kadir/mqtt-fuzzing/builds/nanomq-asan/nng/src/sp/transport/mqtt/broker_tcp.c:895 tcptran_pipe_recv_cb: tcptran_pipe_recv_cb: recv_error rv: 129

2026-09-17 01:18:02 [2269278] WARN  /home/kadir/mqtt-fuzzing/builds/nanomq-asan/nng/src/sp/protocol/mqtt/mqtt_parser.c:1363 nano_msg_notify: test offline!
2026-09-17 01:18:02 [2269273] WARN  /home/kadir/mqtt-fuzzing/builds/nanomq-asan/nng/src/sp/protocol/mqtt/mqtt_parser.c:1359 nano_msg_notify: test online!
2026-09-17 01:18:02 [2269278] WARN  /home/kadir/mqtt-fuzzing/builds/nanomq-asan/nng/src/sp/transport/mqtt/broker_tcp.c:739 tcptran_pipe_recv_cb: Got invalid CONNECT from client!
2026-09-17 01:18:02 [2269278] WARN  /home/kadir/mqtt-fuzzing/builds/nanomq-asan/nng/src/sp/transport/mqtt/broker_tcp.c:895 tcptran_pipe_recv_cb: tcptran_pipe_recv_cb: recv_error rv: 129

2026-09-17 01:18:02 [2269276] WARN  /home/kadir/mqtt-fuzzing/builds/nanomq-asan/nng/src/sp/protocol/mqtt/mqtt_parser.c:1363 nano_msg_notify: test offline!
2026-09-17 01:18:02 [2269272] WARN  /home/kadir/mqtt-fuzzing/builds/nanomq-asan/nng/src/sp/protocol/mqtt/mqtt_parser.c:1359 nano_msg_notify: test online!
2026-09-17 01:18:02 [2269276] WARN  /home/kadir/mqtt-fuzzing/builds/nanomq-asan/nng/src/sp/transport/mqtt/broker_tcp.c:739 tcptran_pipe_recv_cb: Got invalid CONNECT from client!
2026-09-17 01:18:02 [2269276] WARN  /home/kadir/mqtt-fuzzing/builds/nanomq-asan/nng/src/sp/transport/mqtt/broker_tcp.c:895 tcptran_pipe_recv_cb: tcptran_pipe_recv_cb: recv_error rv: 129

2026-09-17 01:18:02 [2269274] WARN  /home/kadir/mqtt-fuzzing/builds/nanomq-asan/nng/src/sp/protocol/mqtt/mqtt_parser.c:1363 nano_msg_notify: test offline!
2026-09-17 01:18:02 [2269271] WARN  /home/kadir/mqtt-fuzzing/builds/nanomq-asan/nng/src/sp/protocol/mqtt/mqtt_parser.c:1359 nano_msg_notify: test online!
2026-09-17 01:18:02 [2269274] WARN  /home/kadir/mqtt-fuzzing/builds/nanomq-asan/nng/src/sp/transport/mqtt/broker_tcp.c:739 tcptran_pipe_recv_cb: Got invalid CONNECT from client!
2026-09-17 01:18:02 [2269274] WARN  /home/kadir/mqtt-fuzzing/builds/nanomq-asan/nng/src/sp/transport/mqtt/broker_tcp.c:895 tcptran_pipe_recv_cb: tcptran_pipe_recv_cb: recv_error rv: 129

2026-09-17 01:18:02 [2269272] WARN  /home/kadir/mqtt-fuzzing/builds/nanomq-asan/nng/src/sp/protocol/mqtt/mqtt_parser.c:1363 nano_msg_notify: test offline!
2026-09-17 01:18:02 [2269274] WARN  /home/kadir/mqtt-fuzzing/builds/nanomq-asan/nng/src/sp/protocol/mqtt/mqtt_parser.c:1359 nano_msg_notify: test online!2026-09-17 01:18:02 [2269272] WARN  /home/kadir/mqtt-fuzzing/builds/nanomq-asan/nng/src/sp/transport/mqtt/broker_tcp.c:739 tcptran_pipe_recv_cb: Got invalid CONNECT from client!

2026-09-17 01:18:02 [2269272] WARN  /home/kadir/mqtt-fuzzing/builds/nanomq-asan/nng/src/sp/transport/mqtt/broker_tcp.c:895 tcptran_pipe_recv_cb: tcptran_pipe_recv_cb: recv_error rv: 129

2026-09-17 01:18:02 [2269271] WARN  /home/kadir/mqtt-fuzzing/builds/nanomq-asan/nng/src/sp/protocol/mqtt/mqtt_parser.c:1363 nano_msg_notify: test offline!
2026-09-17 01:18:02 [2269275] WARN  /home/kadir/mqtt-fuzzing/builds/nanomq-asan/nng/src/sp/protocol/mqtt/mqtt_parser.c:1359 nano_msg_notify: test online!
2026-09-17 01:18:02 [2269274] WARN  /home/kadir/mqtt-fuzzing/builds/nanomq-asan/nng/src/sp/transport/mqtt/broker_tcp.c:739 tcptran_pipe_recv_cb: Got invalid CONNECT from client!
2026-09-17 01:18:02 [2269274] WARN  /home/kadir/mqtt-fuzzing/builds/nanomq-asan/nng/src/sp/transport/mqtt/broker_tcp.c:895 tcptran_pipe_recv_cb: tcptran_pipe_recv_cb: recv_error rv: 129

2026-09-17 01:18:02 [2269278] WARN  /home/kadir/mqtt-fuzzing/builds/nanomq-asan/nng/src/sp/protocol/mqtt/mqtt_parser.c:1363 nano_msg_notify: test offline!
2026-09-17 01:18:02 [2269276] WARN  /home/kadir/mqtt-fuzzing/builds/nanomq-asan/nng/src/sp/protocol/mqtt/mqtt_parser.c:1359 nano_msg_notify: test online!
2026-09-17 01:18:02 [2269273] WARN  /home/kadir/mqtt-fuzzing/builds/nanomq-asan/nng/src/sp/transport/mqtt/broker_tcp.c:739 tcptran_pipe_recv_cb: Got invalid CONNECT from client!
2026-09-17 01:18:02 [2269273] WARN  /home/kadir/mqtt-fuzzing/builds/nanomq-asan/nng/src/sp/transport/mqtt/broker_tcp.c:895 tcptran_pipe_recv_cb: tcptran_pipe_recv_cb: recv_error rv: 129

2026-09-17 01:18:02 [2269275] WARN  /home/kadir/mqtt-fuzzing/builds/nanomq-asan/nng/src/sp/protocol/mqtt/mqtt_parser.c:1363 nano_msg_notify: test offline!
2026-09-17 01:18:02 [2269276] WARN  /home/kadir/mqtt-fuzzing/builds/nanomq-asan/nng/src/sp/protocol/mqtt/mqtt_parser.c:1359 nano_msg_notify: test online!
2026-09-17 01:18:02 [2269275] WARN  /home/kadir/mqtt-fuzzing/builds/nanomq-asan/nng/src/sp/transport/mqtt/broker_tcp.c:739 tcptran_pipe_recv_cb: Got invalid CONNECT from client!
2026-09-17 01:18:02 [2269275] WARN  /home/kadir/mqtt-fuzzing/builds/nanomq-asan/nng/src/sp/transport/mqtt/broker_tcp.c:895 tcptran_pipe_recv_cb: tcptran_pipe_recv_cb: recv_error rv: 129

2026-09-17 01:18:02 [2269271] WARN  /home/kadir/mqtt-fuzzing/builds/nanomq-asan/nng/src/sp/protocol/mqtt/mqtt_parser.c:1363 nano_msg_notify: test offline!
2026-09-17 01:18:02 [2269276] WARN  /home/kadir/mqtt-fuzzing/builds/nanomq-asan/nng/src/sp/protocol/mqtt/mqtt_parser.c:1359 nano_msg_notify: test online!
2026-09-17 01:18:02 [2269275] WARN  /home/kadir/mqtt-fuzzing/builds/nanomq-asan/nng/src/sp/transport/mqtt/broker_tcp.c:739 tcptran_pipe_recv_cb: Got invalid CONNECT from client!
2026-09-17 01:18:02 [2269275] WARN  /home/kadir/mqtt-fuzzing/builds/nanomq-asan/nng/src/sp/transport/mqtt/broker_tcp.c:895 tcptran_pipe_recv_cb: tcptran_pipe_recv_cb: recv_error rv: 129

2026-09-17 01:18:02 [2269273] WARN  /home/kadir/mqtt-fuzzing/builds/nanomq-asan/nng/src/sp/protocol/mqtt/mqtt_parser.c:1363 nano_msg_notify: test offline!
2026-09-17 01:18:02 [2269274] WARN  /home/kadir/mqtt-fuzzing/builds/nanomq-asan/nng/src/sp/protocol/mqtt/mqtt_parser.c:1359 nano_msg_notify: test online!
2026-09-17 01:18:02 [2269272] WARN  /home/kadir/mqtt-fuzzing/builds/nanomq-asan/nng/src/sp/transport/mqtt/broker_tcp.c:739 tcptran_pipe_recv_cb: Got invalid CONNECT from client!
2026-09-17 01:18:02 [2269272] WARN  /home/kadir/mqtt-fuzzing/builds/nanomq-asan/nng/src/sp/transport/mqtt/broker_tcp.c:895 tcptran_pipe_recv_cb: tcptran_pipe_recv_cb: recv_error rv: 129

2026-09-17 01:18:02 [2269275] WARN  /home/kadir/mqtt-fuzzing/builds/nanomq-asan/nng/src/sp/protocol/mqtt/mqtt_parser.c:1363 nano_msg_notify: test offline!
2026-09-17 01:18:02 [2269274] WARN  /home/kadir/mqtt-fuzzing/builds/nanomq-asan/nng/src/sp/protocol/mqtt/mqtt_parser.c:1359 nano_msg_notify: test online!
2026-09-17 01:18:02 [2269278] WARN  /home/kadir/mqtt-fuzzing/builds/nanomq-asan/nng/src/sp/transport/mqtt/broker_tcp.c:739 tcptran_pipe_recv_cb: Got invalid CONNECT from client!
2026-09-17 01:18:02 [2269278] WARN  /home/kadir/mqtt-fuzzing/builds/nanomq-asan/nng/src/sp/transport/mqtt/broker_tcp.c:895 tcptran_pipe_recv_cb: tcptran_pipe_recv_cb: recv_error rv: 129

2026-09-17 01:18:02 [2269277] WARN  /home/kadir/mqtt-fuzzing/builds/nanomq-asan/nng/src/sp/protocol/mqtt/mqtt_parser.c:1363 nano_msg_notify: test offline!
2026-09-17 01:18:02 [2269271] WARN  /home/kadir/mqtt-fuzzing/builds/nanomq-asan/nng/src/sp/transport/mqtt/broker_tcp.c:739 tcptran_pipe_recv_cb: Got invalid CONNECT from client!
2026-09-17 01:18:02 [2269271] WARN  /home/kadir/mqtt-fuzzing/builds/nanomq-asan/nng/src/sp/transport/mqtt/broker_tcp.c:895 tcptran_pipe_recv_cb: tcptran_pipe_recv_cb: recv_error rv: 129

2026-09-17 01:18:02 [2269278] WARN  /home/kadir/mqtt-fuzzing/builds/nanomq-asan/nng/src/sp/protocol/mqtt/mqtt_parser.c:1359 nano_msg_notify: test online!
2026-09-17 01:18:02 [2269275] WARN  /home/kadir/mqtt-fuzzing/builds/nanomq-asan/nng/src/sp/protocol/mqtt/mqtt_parser.c:1363 nano_msg_notify: test offline!
2026-09-17 01:18:02 [2269277] WARN  /home/kadir/mqtt-fuzzing/builds/nanomq-asan/nng/src/sp/protocol/mqtt/mqtt_parser.c:1359 nano_msg_notify: test online!
2026-09-17 01:18:02 [2269272] WARN  /home/kadir/mqtt-fuzzing/builds/nanomq-asan/nng/src/sp/transport/mqtt/broker_tcp.c:739 tcptran_pipe_recv_cb: Got invalid CONNECT from client!
2026-09-17 01:18:02 [2269272] WARN  /home/kadir/mqtt-fuzzing/builds/nanomq-asan/nng/src/sp/transport/mqtt/broker_tcp.c:895 tcptran_pipe_recv_cb: tcptran_pipe_recv_cb: recv_error rv: 129

2026-09-17 01:18:02 [2269272] WARN  /home/kadir/mqtt-fuzzing/builds/nanomq-asan/nng/src/sp/protocol/mqtt/mqtt_parser.c:1363 nano_msg_notify: test offline!
2026-09-17 01:18:02 [2269271] WARN  /home/kadir/mqtt-fuzzing/builds/nanomq-asan/nng/src/sp/protocol/mqtt/mqtt_parser.c:1359 nano_msg_notify: test online!
2026-09-17 01:18:02 [2269272] WARN  /home/kadir/mqtt-fuzzing/builds/nanomq-asan/nng/src/sp/transport/mqtt/broker_tcp.c:739 tcptran_pipe_recv_cb: Got invalid CONNECT from client!
2026-09-17 01:18:02 [2269272] WARN  /home/kadir/mqtt-fuzzing/builds/nanomq-asan/nng/src/sp/transport/mqtt/broker_tcp.c:895 tcptran_pipe_recv_cb: tcptran_pipe_recv_cb: recv_error rv: 129

2026-09-17 01:18:02 [2269275] WARN  /home/kadir/mqtt-fuzzing/builds/nanomq-asan/nng/src/sp/protocol/mqtt/mqtt_parser.c:1363 nano_msg_notify: test offline!
2026-09-17 01:18:02 [2269271] WARN  /home/kadir/mqtt-fuzzing/builds/nanomq-asan/nng/src/sp/protocol/mqtt/mqtt_parser.c:1359 nano_msg_notify: test online!
2026-09-17 01:18:02 [2269271] WARN  /home/kadir/mqtt-fuzzing/builds/nanomq-asan/nng/src/sp/transport/mqtt/broker_tcp.c:739 tcptran_pipe_recv_cb: Got invalid CONNECT from client!
2026-09-17 01:18:02 [2269271] WARN  /home/kadir/mqtt-fuzzing/builds/nanomq-asan/nng/src/sp/transport/mqtt/broker_tcp.c:895 tcptran_pipe_recv_cb: tcptran_pipe_recv_cb: recv_error rv: 129

2026-09-17 01:18:02 [2269276] WARN  /home/kadir/mqtt-fuzzing/builds/nanomq-asan/nng/src/sp/protocol/mqtt/mqtt_parser.c:1363 nano_msg_notify: test offline!
2026-09-17 01:18:02 [2269278] WARN  /home/kadir/mqtt-fuzzing/builds/nanomq-asan/nng/src/sp/protocol/mqtt/mqtt_parser.c:1359 nano_msg_notify: test online!
2026-09-17 01:18:02 [2269275] WARN  /home/kadir/mqtt-fuzzing/builds/nanomq-asan/nng/src/sp/transport/mqtt/broker_tcp.c:739 tcptran_pipe_recv_cb: Got invalid CONNECT from client!
2026-09-17 01:18:02 [2269275] WARN  /home/kadir/mqtt-fuzzing/builds/nanomq-asan/nng/src/sp/transport/mqtt/broker_tcp.c:895 tcptran_pipe_recv_cb: tcptran_pipe_recv_cb: recv_error rv: 129

2026-09-17 01:18:02 [2269272] WARN  /home/kadir/mqtt-fuzzing/builds/nanomq-asan/nng/src/sp/protocol/mqtt/mqtt_parser.c:1363 nano_msg_notify: test offline!
2026-09-17 01:18:02 [2269275] WARN  /home/kadir/mqtt-fuzzing/builds/nanomq-asan/nng/src/sp/protocol/mqtt/mqtt_parser.c:1359 nano_msg_notify: test online!
2026-09-17 01:18:02 [2269278] WARN  /home/kadir/mqtt-fuzzing/builds/nanomq-asan/nng/src/sp/transport/mqtt/broker_tcp.c:739 tcptran_pipe_recv_cb: Got invalid CONNECT from client!
2026-09-17 01:18:02 [2269278] WARN  /home/kadir/mqtt-fuzzing/builds/nanomq-asan/nng/src/sp/transport/mqtt/broker_tcp.c:895 tcptran_pipe_recv_cb: tcptran_pipe_recv_cb: recv_error rv: 129

2026-09-17 01:18:02 [2269273] WARN  /home/kadir/mqtt-fuzzing/builds/nanomq-asan/nng/src/sp/protocol/mqtt/mqtt_parser.c:1363 nano_msg_notify: test offline!
2026-09-17 01:18:02 [2269275] WARN  /home/kadir/mqtt-fuzzing/builds/nanomq-asan/nng/src/sp/protocol/mqtt/mqtt_parser.c:1359 nano_msg_notify: test online!
2026-09-17 01:18:02 [2269271] WARN  /home/kadir/mqtt-fuzzing/builds/nanomq-asan/nng/src/sp/transport/mqtt/broker_tcp.c:739 tcptran_pipe_recv_cb: Got invalid CONNECT from client!
2026-09-17 01:18:02 [2269271] WARN  /home/kadir/mqtt-fuzzing/builds/nanomq-asan/nng/src/sp/transport/mqtt/broker_tcp.c:895 tcptran_pipe_recv_cb: tcptran_pipe_recv_cb: recv_error rv: 129

2026-09-17 01:18:02 [2269276] WARN  /home/kadir/mqtt-fuzzing/builds/nanomq-asan/nng/src/sp/protocol/mqtt/mqtt_parser.c:1363 nano_msg_notify: test offline!
2026-09-17 01:18:02 [2269273] WARN  /home/kadir/mqtt-fuzzing/builds/nanomq-asan/nng/src/sp/protocol/mqtt/mqtt_parser.c:1359 nano_msg_notify: test online!
2026-09-17 01:18:02 [2269276] WARN  /home/kadir/mqtt-fuzzing/builds/nanomq-asan/nng/src/sp/transport/mqtt/broker_tcp.c:739 tcptran_pipe_recv_cb: Got invalid CONNECT from client!
2026-09-17 01:18:02 [2269276] WARN  /home/kadir/mqtt-fuzzing/builds/nanomq-asan/nng/src/sp/transport/mqtt/broker_tcp.c:895 tcptran_pipe_recv_cb: tcptran_pipe_recv_cb: recv_error rv: 129

2026-09-17 01:18:02 [2269272] WARN  /home/kadir/mqtt-fuzzing/builds/nanomq-asan/nng/src/sp/protocol/mqtt/mqtt_parser.c:1363 nano_msg_notify: test offline!
2026-09-17 01:18:02 [2269273] WARN  /home/kadir/mqtt-fuzzing/builds/nanomq-asan/nng/src/sp/protocol/mqtt/mqtt_parser.c:1359 nano_msg_notify: test online!
2026-09-17 01:18:02 [2269274] WARN  /home/kadir/mqtt-fuzzing/builds/nanomq-asan/nng/src/sp/transport/mqtt/broker_tcp.c:739 tcptran_pipe_recv_cb: Got invalid CONNECT from client!
2026-09-17 01:18:02 [2269274] WARN  /home/kadir/mqtt-fuzzing/builds/nanomq-asan/nng/src/sp/transport/mqtt/broker_tcp.c:895 tcptran_pipe_recv_cb: tcptran_pipe_recv_cb: recv_error rv: 129

2026-09-17 01:18:02 [2269272] WARN  /home/kadir/mqtt-fuzzing/builds/nanomq-asan/nng/src/sp/protocol/mqtt/mqtt_parser.c:1363 nano_msg_notify: test offline!
2026-09-17 01:18:02 [2269274] WARN  /home/kadir/mqtt-fuzzing/builds/nanomq-asan/nng/src/sp/protocol/mqtt/mqtt_parser.c:1359 nano_msg_notify: test online!
2026-09-17 01:18:02 [2269272] WARN  /home/kadir/mqtt-fuzzing/builds/nanomq-asan/nng/src/sp/transport/mqtt/broker_tcp.c:739 tcptran_pipe_recv_cb: Got invalid CONNECT from client!
2026-09-17 01:18:02 [2269272] WARN  /home/kadir/mqtt-fuzzing/builds/nanomq-asan/nng/src/sp/transport/mqtt/broker_tcp.c:895 tcptran_pipe_recv_cb: tcptran_pipe_recv_cb: recv_error rv: 129

2026-09-17 01:18:02 [2269276] WARN  /home/kadir/mqtt-fuzzing/builds/nanomq-asan/nng/src/sp/protocol/mqtt/mqtt_parser.c:1363 nano_msg_notify: test offline!
2026-09-17 01:18:02 [2269271] WARN  /home/kadir/mqtt-fuzzing/builds/nanomq-asan/nng/src/sp/protocol/mqtt/mqtt_parser.c:1359 nano_msg_notify: test online!
2026-09-17 01:18:02 [2269277] WARN  /home/kadir/mqtt-fuzzing/builds/nanomq-asan/nng/src/sp/transport/mqtt/broker_tcp.c:739 tcptran_pipe_recv_cb: Got invalid CONNECT from client!
2026-09-17 01:18:02 [2269277] WARN  /home/kadir/mqtt-fuzzing/builds/nanomq-asan/nng/src/sp/transport/mqtt/broker_tcp.c:895 tcptran_pipe_recv_cb: tcptran_pipe_recv_cb: recv_error rv: 129

2026-09-17 01:18:02 [2269273] WARN  /home/kadir/mqtt-fuzzing/builds/nanomq-asan/nng/src/sp/protocol/mqtt/mqtt_parser.c:1363 nano_msg_notify: test offline!
2026-09-17 01:18:02 [2269271] WARN  /home/kadir/mqtt-fuzzing/builds/nanomq-asan/nng/src/sp/protocol/mqtt/mqtt_parser.c:1359 nano_msg_notify: test online!
2026-09-17 01:18:02 [2269272] WARN  /home/kadir/mqtt-fuzzing/builds/nanomq-asan/nng/src/sp/transport/mqtt/broker_tcp.c:739 tcptran_pipe_recv_cb: Got invalid CONNECT from client!
2026-09-17 01:18:02 [2269272] WARN  /home/kadir/mqtt-fuzzing/builds/nanomq-asan/nng/src/sp/transport/mqtt/broker_tcp.c:895 tcptran_pipe_recv_cb: tcptran_pipe_recv_cb: recv_error rv: 129

2026-09-17 01:18:02 [2269273] WARN  /home/kadir/mqtt-fuzzing/builds/nanomq-asan/nng/src/sp/protocol/mqtt/mqtt_parser.c:1363 nano_msg_notify: test offline!
2026-09-17 01:18:02 [2269272] WARN  /home/kadir/mqtt-fuzzing/builds/nanomq-asan/nng/src/sp/protocol/mqtt/mqtt_parser.c:1359 nano_msg_notify: test online!
2026-09-17 01:18:02 [2269273] WARN  /home/kadir/mqtt-fuzzing/builds/nanomq-asan/nng/src/sp/transport/mqtt/broker_tcp.c:739 tcptran_pipe_recv_cb: Got invalid CONNECT from client!
2026-09-17 01:18:02 [2269273] WARN  /home/kadir/mqtt-fuzzing/builds/nanomq-asan/nng/src/sp/transport/mqtt/broker_tcp.c:895 tcptran_pipe_recv_cb: tcptran_pipe_recv_cb: recv_error rv: 129

2026-09-17 01:18:02 [2269272] WARN  /home/kadir/mqtt-fuzzing/builds/nanomq-asan/nng/src/sp/protocol/mqtt/mqtt_parser.c:1363 nano_msg_notify: test offline!
2026-09-17 01:18:02 [2269272] WARN  /home/kadir/mqtt-fuzzing/builds/nanomq-asan/nng/src/sp/transport/mqtt/broker_tcp.c:739 tcptran_pipe_recv_cb: Got invalid CONNECT from client!
2026-09-17 01:18:02 [2269272] WARN  /home/kadir/mqtt-fuzzing/builds/nanomq-asan/nng/src/sp/transport/mqtt/broker_tcp.c:895 tcptran_pipe_recv_cb: tcptran_pipe_recv_cb: recv_error rv: 129

2026-09-17 01:18:02 [2269277] WARN  /home/kadir/mqtt-fuzzing/builds/nanomq-asan/nng/src/sp/protocol/mqtt/mqtt_parser.c:1363 nano_msg_notify: test offline!
2026-09-17 01:18:02 [2269278] WARN  /home/kadir/mqtt-fuzzing/builds/nanomq-asan/nng/src/sp/protocol/mqtt/mqtt_parser.c:1359 nano_msg_notify: test online!
2026-09-17 01:18:02 [2269275] WARN  /home/kadir/mqtt-fuzzing/builds/nanomq-asan/nng/src/sp/protocol/mqtt/mqtt_parser.c:1359 nano_msg_notify: test online!
2026-09-17 01:18:02 [2269276] WARN  /home/kadir/mqtt-fuzzing/builds/nanomq-asan/nng/src/sp/transport/mqtt/broker_tcp.c:739 tcptran_pipe_recv_cb: Got invalid CONNECT from client!
2026-09-17 01:18:02 [2269276] WARN  /home/kadir/mqtt-fuzzing/builds/nanomq-asan/nng/src/sp/transport/mqtt/broker_tcp.c:895 tcptran_pipe_recv_cb: tcptran_pipe_recv_cb: recv_error rv: 129

2026-09-17 01:18:02 [2269274] WARN  /home/kadir/mqtt-fuzzing/builds/nanomq-asan/nng/src/sp/protocol/mqtt/mqtt_parser.c:1363 nano_msg_notify: test offline!
2026-09-17 01:18:02 [2269276] WARN  /home/kadir/mqtt-fuzzing/builds/nanomq-asan/nng/src/sp/protocol/mqtt/mqtt_parser.c:1359 nano_msg_notify: test online!
2026-09-17 01:18:02 [2269274] WARN  /home/kadir/mqtt-fuzzing/builds/nanomq-asan/nng/src/sp/transport/mqtt/broker_tcp.c:739 tcptran_pipe_recv_cb: Got invalid CONNECT from client!
2026-09-17 01:18:02 [2269274] WARN  /home/kadir/mqtt-fuzzing/builds/nanomq-asan/nng/src/sp/transport/mqtt/broker_tcp.c:895 tcptran_pipe_recv_cb: tcptran_pipe_recv_cb: recv_error rv: 129

2026-09-17 01:18:02 [2269278] WARN  /home/kadir/mqtt-fuzzing/builds/nanomq-asan/nng/src/sp/protocol/mqtt/mqtt_parser.c:1363 nano_msg_notify: test offline!
2026-09-17 01:18:02 [2269276] WARN  /home/kadir/mqtt-fuzzing/builds/nanomq-asan/nng/src/sp/protocol/mqtt/mqtt_parser.c:1359 nano_msg_notify: test online!
2026-09-17 01:18:02 [2269275] WARN  /home/kadir/mqtt-fuzzing/builds/nanomq-asan/nng/src/sp/transport/mqtt/broker_tcp.c:739 tcptran_pipe_recv_cb: Got invalid CONNECT from client!
2026-09-17 01:18:02 [2269275] WARN  /home/kadir/mqtt-fuzzing/builds/nanomq-asan/nng/src/sp/transport/mqtt/broker_tcp.c:895 tcptran_pipe_recv_cb: tcptran_pipe_recv_cb: recv_error rv: 129

2026-09-17 01:18:02 [2269273] WARN  /home/kadir/mqtt-fuzzing/builds/nanomq-asan/nng/src/sp/protocol/mqtt/mqtt_parser.c:1363 nano_msg_notify: test offline!
2026-09-17 01:18:02 [2269271] WARN  /home/kadir/mqtt-fuzzing/builds/nanomq-asan/nng/src/sp/protocol/mqtt/mqtt_parser.c:1359 nano_msg_notify: test online!
2026-09-17 01:18:02 [2269277] WARN  /home/kadir/mqtt-fuzzing/builds/nanomq-asan/nng/src/sp/transport/mqtt/broker_tcp.c:739 tcptran_pipe_recv_cb: Got invalid CONNECT from client!
2026-09-17 01:18:02 [2269277] WARN  /home/kadir/mqtt-fuzzing/builds/nanomq-asan/nng/src/sp/transport/mqtt/broker_tcp.c:895 tcptran_pipe_recv_cb: tcptran_pipe_recv_cb: recv_error rv: 129

2026-09-17 01:18:02 [2269276] WARN  /home/kadir/mqtt-fuzzing/builds/nanomq-asan/nng/src/sp/protocol/mqtt/mqtt_parser.c:1363 nano_msg_notify: test offline!
2026-09-17 01:18:02 [2269277] WARN  /home/kadir/mqtt-fuzzing/builds/nanomq-asan/nng/src/sp/protocol/mqtt/mqtt_parser.c:1359 nano_msg_notify: test online!
2026-09-17 01:18:02 [2269276] WARN  /home/kadir/mqtt-fuzzing/builds/nanomq-asan/nng/src/sp/transport/mqtt/broker_tcp.c:739 tcptran_pipe_recv_cb: Got invalid CONNECT from client!
2026-09-17 01:18:02 [2269276] WARN  /home/kadir/mqtt-fuzzing/builds/nanomq-asan/nng/src/sp/transport/mqtt/broker_tcp.c:895 tcptran_pipe_recv_cb: tcptran_pipe_recv_cb: recv_error rv: 129

2026-09-17 01:18:02 [2269274] WARN  /home/kadir/mqtt-fuzzing/builds/nanomq-asan/nng/src/sp/protocol/mqtt/mqtt_parser.c:1363 nano_msg_notify: test offline!
2026-09-17 01:18:02 [2269278] WARN  /home/kadir/mqtt-fuzzing/builds/nanomq-asan/nng/src/sp/protocol/mqtt/mqtt_parser.c:1359 nano_msg_notify: test online!
2026-09-17 01:18:02 [2269272] WARN  /home/kadir/mqtt-fuzzing/builds/nanomq-asan/nng/src/sp/transport/mqtt/broker_tcp.c:739 tcptran_pipe_recv_cb: Got invalid CONNECT from client!
2026-09-17 01:18:02 [2269272] WARN  /home/kadir/mqtt-fuzzing/builds/nanomq-asan/nng/src/sp/transport/mqtt/broker_tcp.c:895 tcptran_pipe_recv_cb: tcptran_pipe_recv_cb: recv_error rv: 129

2026-09-17 01:18:02 [2269275] WARN  /home/kadir/mqtt-fuzzing/builds/nanomq-asan/nng/src/sp/protocol/mqtt/mqtt_parser.c:1363 nano_msg_notify: test offline!
2026-09-17 01:18:02 [2269272] WARN  /home/kadir/mqtt-fuzzing/builds/nanomq-asan/nng/src/sp/protocol/mqtt/mqtt_parser.c:1359 nano_msg_notify: test online!
2026-09-17 01:18:02 [2269274] WARN  /home/kadir/mqtt-fuzzing/builds/nanomq-asan/nng/src/sp/transport/mqtt/broker_tcp.c:628 tcptran_pipe_recv_cb: nni aio recv error!! Connection shutdown

2026-09-17 01:18:02 [2269274] WARN  /home/kadir/mqtt-fuzzing/builds/nanomq-asan/nng/src/sp/transport/mqtt/broker_tcp.c:895 tcptran_pipe_recv_cb: tcptran_pipe_recv_cb: recv_error rv: 139

2026-09-17 01:18:02 [2269273] WARN  /home/kadir/mqtt-fuzzing/builds/nanomq-asan/nng/src/sp/protocol/mqtt/mqtt_parser.c:1363 nano_msg_notify: test offline!
2026-09-17 01:18:02 [2269275] WARN  /home/kadir/mqtt-fuzzing/builds/nanomq-asan/nng/src/sp/protocol/mqtt/mqtt_parser.c:1359 nano_msg_notify: test online!
2026-09-17 01:18:02 [2269276] WARN  /home/kadir/mqtt-fuzzing/builds/nanomq-asan/nng/src/sp/transport/mqtt/broker_tcp.c:739 tcptran_pipe_recv_cb: Got invalid CONNECT from client!
2026-09-17 01:18:02 [2269276] WARN  /home/kadir/mqtt-fuzzing/builds/nanomq-asan/nng/src/sp/transport/mqtt/broker_tcp.c:895 tcptran_pipe_recv_cb: tcptran_pipe_recv_cb: recv_error rv: 129

2026-09-17 01:18:02 [2269277] WARN  /home/kadir/mqtt-fuzzing/builds/nanomq-asan/nng/src/sp/protocol/mqtt/mqtt_parser.c:1363 nano_msg_notify: test offline!
2026-09-17 01:18:02 [2269275] WARN  /home/kadir/mqtt-fuzzing/builds/nanomq-asan/nng/src/sp/protocol/mqtt/mqtt_parser.c:1359 nano_msg_notify: test online!
2026-09-17 01:18:02 [2269271] WARN  /home/kadir/mqtt-fuzzing/builds/nanomq-asan/nng/src/sp/transport/mqtt/broker_tcp.c:739 tcptran_pipe_recv_cb: Got invalid CONNECT from client!
2026-09-17 01:18:02 [2269271] WARN  /home/kadir/mqtt-fuzzing/builds/nanomq-asan/nng/src/sp/transport/mqtt/broker_tcp.c:895 tcptran_pipe_recv_cb: tcptran_pipe_recv_cb: recv_error rv: 129

2026-09-17 01:18:02 [2269271] WARN  /home/kadir/mqtt-fuzzing/builds/nanomq-asan/nng/src/sp/protocol/mqtt/mqtt_parser.c:1363 nano_msg_notify: test offline!
2026-09-17 01:18:02 [2269273] WARN  /home/kadir/mqtt-fuzzing/builds/nanomq-asan/nng/src/sp/protocol/mqtt/mqtt_parser.c:1359 nano_msg_notify: test online!
2026-09-17 01:18:02 [2269276] WARN  /home/kadir/mqtt-fuzzing/builds/nanomq-asan/nng/src/sp/transport/mqtt/broker_tcp.c:739 tcptran_pipe_recv_cb: Got invalid CONNECT from client!
2026-09-17 01:18:02 [2269276] WARN  /home/kadir/mqtt-fuzzing/builds/nanomq-asan/nng/src/sp/transport/mqtt/broker_tcp.c:895 tcptran_pipe_recv_cb: tcptran_pipe_recv_cb: recv_error rv: 129

2026-09-17 01:18:02 [2269272] WARN  /home/kadir/mqtt-fuzzing/builds/nanomq-asan/nng/src/sp/protocol/mqtt/mqtt_parser.c:1363 nano_msg_notify: test offline!
2026-09-17 01:18:02 [2269272] WARN  /home/kadir/mqtt-fuzzing/builds/nanomq-asan/nng/src/sp/transport/mqtt/broker_tcp.c:739 tcptran_pipe_recv_cb: Got invalid CONNECT from client!
2026-09-17 01:18:02 [2269274] WARN  /home/kadir/mqtt-fuzzing/builds/nanomq-asan/nng/src/sp/protocol/mqtt/mqtt_parser.c:1359 nano_msg_notify: test online!
2026-09-17 01:18:02 [2269272] WARN  /home/kadir/mqtt-fuzzing/builds/nanomq-asan/nng/src/sp/transport/mqtt/broker_tcp.c:895 tcptran_pipe_recv_cb: tcptran_pipe_recv_cb: recv_error rv: 129

2026-09-17 01:18:02 [2269273] WARN  /home/kadir/mqtt-fuzzing/builds/nanomq-asan/nng/src/sp/protocol/mqtt/mqtt_parser.c:1363 nano_msg_notify: test offline!
2026-09-17 01:18:02 [2269272] WARN  /home/kadir/mqtt-fuzzing/builds/nanomq-asan/nng/src/sp/protocol/mqtt/mqtt_parser.c:1359 nano_msg_notify: test online!
2026-09-17 01:18:02 [2269273] WARN  /home/kadir/mqtt-fuzzing/builds/nanomq-asan/nng/src/sp/transport/mqtt/broker_tcp.c:739 tcptran_pipe_recv_cb: Got invalid CONNECT from client!
2026-09-17 01:18:02 [2269273] WARN  /home/kadir/mqtt-fuzzing/builds/nanomq-asan/nng/src/sp/transport/mqtt/broker_tcp.c:895 tcptran_pipe_recv_cb: tcptran_pipe_recv_cb: recv_error rv: 129

2026-09-17 01:18:02 [2269271] WARN  /home/kadir/mqtt-fuzzing/builds/nanomq-asan/nng/src/sp/protocol/mqtt/mqtt_parser.c:1363 nano_msg_notify: test offline!
2026-09-17 01:18:02 [2269278] WARN  /home/kadir/mqtt-fuzzing/builds/nanomq-asan/nng/src/sp/protocol/mqtt/mqtt_parser.c:1359 nano_msg_notify: test online!
2026-09-17 01:18:02 [2269273] WARN  /home/kadir/mqtt-fuzzing/builds/nanomq-asan/nng/src/sp/transport/mqtt/broker_tcp.c:739 tcptran_pipe_recv_cb: Got invalid CONNECT from client!
2026-09-17 01:18:02 [2269273] WARN  /home/kadir/mqtt-fuzzing/builds/nanomq-asan/nng/src/sp/transport/mqtt/broker_tcp.c:895 tcptran_pipe_recv_cb: tcptran_pipe_recv_cb: recv_error rv: 129

2026-09-17 01:18:02 [2269276] WARN  /home/kadir/mqtt-fuzzing/builds/nanomq-asan/nng/src/sp/protocol/mqtt/mqtt_parser.c:1363 nano_msg_notify: test offline!
2026-09-17 01:18:02 [2269273] WARN  /home/kadir/mqtt-fuzzing/builds/nanomq-asan/nng/src/sp/protocol/mqtt/mqtt_parser.c:1359 nano_msg_notify: test online!
2026-09-17 01:18:02 [2269275] WARN  /home/kadir/mqtt-fuzzing/builds/nanomq-asan/nng/src/sp/transport/mqtt/broker_tcp.c:739 tcptran_pipe_recv_cb: Got invalid CONNECT from client!
2026-09-17 01:18:02 [2269275] WARN  /home/kadir/mqtt-fuzzing/builds/nanomq-asan/nng/src/sp/transport/mqtt/broker_tcp.c:895 tcptran_pipe_recv_cb: tcptran_pipe_recv_cb: recv_error rv: 129

2026-09-17 01:18:02 [2269277] WARN  /home/kadir/mqtt-fuzzing/builds/nanomq-asan/nng/src/sp/protocol/mqtt/mqtt_parser.c:1363 nano_msg_notify: test offline!
2026-09-17 01:18:02 [2269275] WARN  /home/kadir/mqtt-fuzzing/builds/nanomq-asan/nng/src/sp/protocol/mqtt/mqtt_parser.c:1359 nano_msg_notify: test online!
2026-09-17 01:18:02 [2269277] WARN  /home/kadir/mqtt-fuzzing/builds/nanomq-asan/nng/src/sp/transport/mqtt/broker_tcp.c:739 tcptran_pipe_recv_cb: Got invalid CONNECT from client!
2026-09-17 01:18:02 [2269277] WARN  /home/kadir/mqtt-fuzzing/builds/nanomq-asan/nng/src/sp/transport/mqtt/broker_tcp.c:895 tcptran_pipe_recv_cb: tcptran_pipe_recv_cb: recv_error rv: 129

2026-09-17 01:18:02 [2269273] WARN  /home/kadir/mqtt-fuzzing/builds/nanomq-asan/nng/src/sp/protocol/mqtt/mqtt_parser.c:1363 nano_msg_notify: test offline!
2026-09-17 01:18:02 [2269273] WARN  /home/kadir/mqtt-fuzzing/builds/nanomq-asan/nng/src/sp/transport/mqtt/broker_tcp.c:739 tcptran_pipe_recv_cb: Got invalid CONNECT from client!
2026-09-17 01:18:02 [2269273] WARN  /home/kadir/mqtt-fuzzing/builds/nanomq-asan/nng/src/sp/transport/mqtt/broker_tcp.c:895 tcptran_pipe_recv_cb: tcptran_pipe_recv_cb: recv_error rv: 129

2026-09-17 01:18:02 [2269274] WARN  /home/kadir/mqtt-fuzzing/builds/nanomq-asan/nng/src/sp/protocol/mqtt/mqtt_parser.c:1359 nano_msg_notify: test online!
2026-09-17 01:18:02 [2269271] WARN  /home/kadir/mqtt-fuzzing/builds/nanomq-asan/nng/src/sp/protocol/mqtt/mqtt_parser.c:1363 nano_msg_notify: test offline!
2026-09-17 01:18:02 [2269273] WARN  /home/kadir/mqtt-fuzzing/builds/nanomq-asan/nng/src/sp/protocol/mqtt/mqtt_parser.c:1359 nano_msg_notify: test online!
2026-09-17 01:18:02 [2269271] WARN  /home/kadir/mqtt-fuzzing/builds/nanomq-asan/nng/src/sp/transport/mqtt/broker_tcp.c:739 tcptran_pipe_recv_cb: Got invalid CONNECT from client!
2026-09-17 01:18:02 [2269271] WARN  /home/kadir/mqtt-fuzzing/builds/nanomq-asan/nng/src/sp/transport/mqtt/broker_tcp.c:895 tcptran_pipe_recv_cb: tcptran_pipe_recv_cb: recv_error rv: 129

2026-09-17 01:18:02 [2269274] WARN  /home/kadir/mqtt-fuzzing/builds/nanomq-asan/nng/src/sp/protocol/mqtt/mqtt_parser.c:1363 nano_msg_notify: test offline!
2026-09-17 01:18:02 [2269272] WARN  /home/kadir/mqtt-fuzzing/builds/nanomq-asan/nng/src/sp/protocol/mqtt/mqtt_parser.c:1359 nano_msg_notify: test online!
2026-09-17 01:18:02 [2269277] WARN  /home/kadir/mqtt-fuzzing/builds/nanomq-asan/nng/src/sp/transport/mqtt/broker_tcp.c:739 tcptran_pipe_recv_cb: Got invalid CONNECT from client!
2026-09-17 01:18:02 [2269277] WARN  /home/kadir/mqtt-fuzzing/builds/nanomq-asan/nng/src/sp/transport/mqtt/broker_tcp.c:895 tcptran_pipe_recv_cb: tcptran_pipe_recv_cb: recv_error rv: 129

2026-09-17 01:18:02 [2269273] WARN  /home/kadir/mqtt-fuzzing/builds/nanomq-asan/nng/src/sp/protocol/mqtt/mqtt_parser.c:1363 nano_msg_notify: test offline!
2026-09-17 01:18:02 [2269277] WARN  /home/kadir/mqtt-fuzzing/builds/nanomq-asan/nng/src/sp/protocol/mqtt/mqtt_parser.c:1359 nano_msg_notify: test online!
2026-09-17 01:18:02 [2269274] WARN  /home/kadir/mqtt-fuzzing/builds/nanomq-asan/nng/src/sp/transport/mqtt/broker_tcp.c:739 tcptran_pipe_recv_cb: Got invalid CONNECT from client!
2026-09-17 01:18:02 [2269274] WARN  /home/kadir/mqtt-fuzzing/builds/nanomq-asan/nng/src/sp/transport/mqtt/broker_tcp.c:895 tcptran_pipe_recv_cb: tcptran_pipe_recv_cb: recv_error rv: 129

2026-09-17 01:18:02 [2269276] WARN  /home/kadir/mqtt-fuzzing/builds/nanomq-asan/nng/src/sp/protocol/mqtt/mqtt_parser.c:1363 nano_msg_notify: test offline!
2026-09-17 01:18:02 [2269277] WARN  /home/kadir/mqtt-fuzzing/builds/nanomq-asan/nng/src/sp/protocol/mqtt/mqtt_parser.c:1359 nano_msg_notify: test online!
2026-09-17 01:18:02 [2269276] WARN  /home/kadir/mqtt-fuzzing/builds/nanomq-asan/nng/src/sp/transport/mqtt/broker_tcp.c:739 tcptran_pipe_recv_cb: Got invalid CONNECT from client!
2026-09-17 01:18:02 [2269276] WARN  /home/kadir/mqtt-fuzzing/builds/nanomq-asan/nng/src/sp/transport/mqtt/broker_tcp.c:895 tcptran_pipe_recv_cb: tcptran_pipe_recv_cb: recv_error rv: 129

2026-09-17 01:18:02 [2269278] WARN  /home/kadir/mqtt-fuzzing/builds/nanomq-asan/nng/src/sp/protocol/mqtt/mqtt_parser.c:1363 nano_msg_notify: test offline!
2026-09-17 01:18:02 [2269276] WARN  /home/kadir/mqtt-fuzzing/builds/nanomq-asan/nng/src/sp/protocol/mqtt/mqtt_parser.c:1359 nano_msg_notify: test online!
2026-09-17 01:18:02 [2269274] WARN  /home/kadir/mqtt-fuzzing/builds/nanomq-asan/nng/src/sp/transport/mqtt/broker_tcp.c:739 tcptran_pipe_recv_cb: Got invalid CONNECT from client!
2026-09-17 01:18:02 [2269274] WARN  /home/kadir/mqtt-fuzzing/builds/nanomq-asan/nng/src/sp/transport/mqtt/broker_tcp.c:895 tcptran_pipe_recv_cb: tcptran_pipe_recv_cb: recv_error rv: 129

2026-09-17 01:18:02 [2269277] WARN  /home/kadir/mqtt-fuzzing/builds/nanomq-asan/nng/src/sp/protocol/mqtt/mqtt_parser.c:1363 nano_msg_notify: test offline!
2026-09-17 01:18:02 [2269276] WARN  /home/kadir/mqtt-fuzzing/builds/nanomq-asan/nng/src/sp/protocol/mqtt/mqtt_parser.c:1359 nano_msg_notify: test online!
2026-09-17 01:18:02 [2269274] WARN  /home/kadir/mqtt-fuzzing/builds/nanomq-asan/nng/src/sp/transport/mqtt/broker_tcp.c:739 tcptran_pipe_recv_cb: Got invalid CONNECT from client!
2026-09-17 01:18:02 [2269274] WARN  /home/kadir/mqtt-fuzzing/builds/nanomq-asan/nng/src/sp/transport/mqtt/broker_tcp.c:895 tcptran_pipe_recv_cb: tcptran_pipe_recv_cb: recv_error rv: 129

2026-09-17 01:18:02 [2269278] WARN  /home/kadir/mqtt-fuzzing/builds/nanomq-asan/nng/src/sp/protocol/mqtt/mqtt_parser.c:1363 nano_msg_notify: test offline!
2026-09-17 01:18:02 [2269271] WARN  /home/kadir/mqtt-fuzzing/builds/nanomq-asan/nng/src/sp/protocol/mqtt/mqtt_parser.c:1359 nano_msg_notify: 2026-09-17 01:18:02 [2269278] WARN  /home/kadir/mqtt-fuzzing/builds/nanomq-asan/nng/src/sp/transport/mqtt/broker_tcp.c:739 tcptran_pipe_recv_cb: Got invalid CONNECT from client!
test online!
2026-09-17 01:18:02 [2269278] WARN  /home/kadir/mqtt-fuzzing/builds/nanomq-asan/nng/src/sp/transport/mqtt/broker_tcp.c:895 tcptran_pipe_recv_cb: tcptran_pipe_recv_cb: recv_error rv: 129

2026-09-17 01:18:02 [2269278] WARN  /home/kadir/mqtt-fuzzing/builds/nanomq-asan/nng/src/sp/protocol/mqtt/mqtt_parser.c:1363 nano_msg_notify: test offline!
2026-09-17 01:18:02 [2269275] WARN  /home/kadir/mqtt-fuzzing/builds/nanomq-asan/nng/src/sp/protocol/mqtt/mqtt_parser.c:1359 nano_msg_notify: test online!
2026-09-17 01:18:02 [2269276] WARN  /home/kadir/mqtt-fuzzing/builds/nanomq-asan/nng/src/sp/transport/mqtt/broker_tcp.c:628 tcptran_pipe_recv_cb: nni aio recv error!! Connection shutdown

2026-09-17 01:18:02 [2269276] WARN  /home/kadir/mqtt-fuzzing/builds/nanomq-asan/nng/src/sp/transport/mqtt/broker_tcp.c:895 tcptran_pipe_recv_cb: tcptran_pipe_recv_cb: recv_error rv: 139

2026-09-17 01:18:02 [2269276] WARN  /home/kadir/mqtt-fuzzing/builds/nanomq-asan/nng/src/sp/protocol/mqtt/mqtt_parser.c:1363 nano_msg_notify: test offline!
2026-09-17 01:18:02 [2269276] WARN  /home/kadir/mqtt-fuzzing/builds/nanomq-asan/nng/src/sp/protocol/mqtt/mqtt_parser.c:1359 nano_msg_notify: test online!
2026-09-17 01:18:02 [2269272] WARN  /home/kadir/mqtt-fuzzing/builds/nanomq-asan/nng/src/sp/transport/mqtt/broker_tcp.c:739 tcptran_pipe_recv_cb: Got invalid CONNECT from client!
2026-09-17 01:18:02 [2269272] WARN  /home/kadir/mqtt-fuzzing/builds/nanomq-asan/nng/src/sp/transport/mqtt/broker_tcp.c:895 tcptran_pipe_recv_cb: tcptran_pipe_recv_cb: recv_error rv: 129

2026-09-17 01:18:02 [2269277] WARN  /home/kadir/mqtt-fuzzing/builds/nanomq-asan/nng/src/sp/protocol/mqtt/mqtt_parser.c:1363 nano_msg_notify: test offline!
2026-09-17 01:18:02 [2269278] WARN  /home/kadir/mqtt-fuzzing/builds/nanomq-asan/nng/src/sp/protocol/mqtt/mqtt_parser.c:1359 nano_msg_notify: test online!
2026-09-17 01:18:02 [2269272] WARN  /home/kadir/mqtt-fuzzing/builds/nanomq-asan/nng/src/sp/transport/mqtt/broker_tcp.c:739 tcptran_pipe_recv_cb: Got invalid CONNECT from client!
2026-09-17 01:18:02 [2269272] WARN  /home/kadir/mqtt-fuzzing/builds/nanomq-asan/nng/src/sp/transport/mqtt/broker_tcp.c:895 tcptran_pipe_recv_cb: tcptran_pipe_recv_cb: recv_error rv: 129

2026-09-17 01:18:02 [2269275] WARN  /home/kadir/mqtt-fuzzing/builds/nanomq-asan/nng/src/sp/protocol/mqtt/mqtt_parser.c:1363 nano_msg_notify: test offline!
2026-09-17 01:18:02 [2269273] WARN  /home/kadir/mqtt-fuzzing/builds/nanomq-asan/nng/src/sp/protocol/mqtt/mqtt_parser.c:1359 nano_msg_notify: test online!
2026-09-17 01:18:02 [2269275] WARN  /home/kadir/mqtt-fuzzing/builds/nanomq-asan/nng/src/sp/transport/mqtt/broker_tcp.c:739 tcptran_pipe_recv_cb: Got invalid CONNECT from client!
2026-09-17 01:18:02 [2269275] WARN  /home/kadir/mqtt-fuzzing/builds/nanomq-asan/nng/src/sp/transport/mqtt/broker_tcp.c:895 tcptran_pipe_recv_cb: tcptran_pipe_recv_cb: recv_error rv: 129

2026-09-17 01:18:02 [2269278] WARN  /home/kadir/mqtt-fuzzing/builds/nanomq-asan/nng/src/sp/protocol/mqtt/mqtt_parser.c:1363 nano_msg_notify: test offline!
2026-09-17 01:18:02 [2269275] WARN  /home/kadir/mqtt-fuzzing/builds/nanomq-asan/nng/src/sp/protocol/mqtt/mqtt_parser.c:1359 nano_msg_notify: test online!
2026-09-17 01:18:02 [2269271] WARN  /home/kadir/mqtt-fuzzing/builds/nanomq-asan/nng/src/sp/transport/mqtt/broker_tcp.c:739 tcptran_pipe_recv_cb: Got invalid CONNECT from client!
2026-09-17 01:18:02 [2269271] WARN  /home/kadir/mqtt-fuzzing/builds/nanomq-asan/nng/src/sp/transport/mqtt/broker_tcp.c:895 tcptran_pipe_recv_cb: tcptran_pipe_recv_cb: recv_error rv: 129

2026-09-17 01:18:02 [2269273] WARN  /home/kadir/mqtt-fuzzing/builds/nanomq-asan/nng/src/sp/protocol/mqtt/mqtt_parser.c:1363 nano_msg_notify: test offline!
2026-09-17 01:18:02 [2269278] WARN  /home/kadir/mqtt-fuzzing/builds/nanomq-asan/nng/src/sp/protocol/mqtt/mqtt_parser.c:1359 nano_msg_notify: test online!
2026-09-17 01:18:02 [2269273] WARN  /home/kadir/mqtt-fuzzing/builds/nanomq-asan/nng/src/sp/transport/mqtt/broker_tcp.c:739 tcptran_pipe_recv_cb: Got invalid CONNECT from client!
2026-09-17 01:18:02 [2269273] WARN  /home/kadir/mqtt-fuzzing/builds/nanomq-asan/nng/src/sp/transport/mqtt/broker_tcp.c:895 tcptran_pipe_recv_cb: tcptran_pipe_recv_cb: recv_error rv: 129

2026-09-17 01:18:02 [2269272] WARN  /home/kadir/mqtt-fuzzing/builds/nanomq-asan/nng/src/sp/protocol/mqtt/mqtt_parser.c:1363 nano_msg_notify: test offline!
2026-09-17 01:18:02 [2269274] WARN  /home/kadir/mqtt-fuzzing/builds/nanomq-asan/nng/src/sp/transport/mqtt/broker_tcp.c:739 tcptran_pipe_recv_cb: Got invalid CONNECT from client!
2026-09-17 01:18:02 [2269274] WARN  /home/kadir/mqtt-fuzzing/builds/nanomq-asan/nng/src/sp/transport/mqtt/broker_tcp.c:895 tcptran_pipe_recv_cb: tcptran_pipe_recv_cb: recv_error rv: 129

2026-09-17 01:18:02 [2269275] WARN  /home/kadir/mqtt-fuzzing/builds/nanomq-asan/nng/src/sp/protocol/mqtt/mqtt_parser.c:1363 nano_msg_notify: test offline!
2026-09-17 01:18:02 [2269271] WARN  /home/kadir/mqtt-fuzzing/builds/nanomq-asan/nng/src/sp/protocol/mqtt/mqtt_parser.c:1359 nano_msg_notify: test online!
2026-09-17 01:18:02 [2269277] WARN  /home/kadir/mqtt-fuzzing/builds/nanomq-asan/nng/src/sp/protocol/mqtt/mqtt_parser.c:1359 nano_msg_notify: test online!
2026-09-17 01:18:02 [2269278] WARN  /home/kadir/mqtt-fuzzing/builds/nanomq-asan/nng/src/sp/transport/mqtt/broker_tcp.c:739 tcptran_pipe_recv_cb: Got invalid CONNECT from client!
2026-09-17 01:18:02 [2269278] WARN  /home/kadir/mqtt-fuzzing/builds/nanomq-asan/nng/src/sp/transport/mqtt/broker_tcp.c:895 tcptran_pipe_recv_cb: tcptran_pipe_recv_cb: recv_error rv: 129

2026-09-17 01:18:02 [2269274] WARN  /home/kadir/mqtt-fuzzing/builds/nanomq-asan/nng/src/sp/protocol/mqtt/mqtt_parser.c:1363 nano_msg_notify: test offline!
2026-09-17 01:18:02 [2269276] WARN  /home/kadir/mqtt-fuzzing/builds/nanomq-asan/nng/src/sp/transport/mqtt/broker_tcp.c:739 tcptran_pipe_recv_cb: Got invalid CONNECT from client!
2026-09-17 01:18:02 [2269276] WARN  /home/kadir/mqtt-fuzzing/builds/nanomq-asan/nng/src/sp/transport/mqtt/broker_tcp.c:895 tcptran_pipe_recv_cb: tcptran_pipe_recv_cb: recv_error rv: 129

2026-09-17 01:18:02 [2269277] WARN  /home/kadir/mqtt-fuzzing/builds/nanomq-asan/nng/src/sp/protocol/mqtt/mqtt_parser.c:1359 nano_msg_notify: test online!
2026-09-17 01:18:02 [2269275] WARN  /home/kadir/mqtt-fuzzing/builds/nanomq-asan/nng/src/sp/protocol/mqtt/mqtt_parser.c:1363 nano_msg_notify: test offline!
2026-09-17 01:18:02 [2269271] WARN  /home/kadir/mqtt-fuzzing/builds/nanomq-asan/nng/src/sp/protocol/mqtt/mqtt_parser.c:1359 nano_msg_notify: test online!
2026-09-17 01:18:02 [2269278] WARN  /home/kadir/mqtt-fuzzing/builds/nanomq-asan/nng/src/sp/transport/mqtt/broker_tcp.c:739 tcptran_pipe_recv_cb: Got invalid CONNECT from client!
2026-09-17 01:18:02 [2269278] WARN  /home/kadir/mqtt-fuzzing/builds/nanomq-asan/nng/src/sp/transport/mqtt/broker_tcp.c:895 tcptran_pipe_recv_cb: tcptran_pipe_recv_cb: recv_error rv: 129

2026-09-17 01:18:02 [2269273] WARN  /home/kadir/mqtt-fuzzing/builds/nanomq-asan/nng/src/sp/protocol/mqtt/mqtt_parser.c:1363 nano_msg_notify: test offline!
2026-09-17 01:18:02 [2269276] WARN  /home/kadir/mqtt-fuzzing/builds/nanomq-asan/nng/src/sp/protocol/mqtt/mqtt_parser.c:1359 nano_msg_notify: test online!
2026-09-17 01:18:02 [2269273] WARN  /home/kadir/mqtt-fuzzing/builds/nanomq-asan/nng/src/sp/transport/mqtt/broker_tcp.c:739 tcptran_pipe_recv_cb: Got invalid CONNECT from client!
2026-09-17 01:18:02 [2269273] WARN  /home/kadir/mqtt-fuzzing/builds/nanomq-asan/nng/src/sp/transport/mqtt/broker_tcp.c:895 tcptran_pipe_recv_cb: tcptran_pipe_recv_cb: recv_error rv: 129

2026-09-17 01:18:02 [2269271] WARN  /home/kadir/mqtt-fuzzing/builds/nanomq-asan/nng/src/sp/protocol/mqtt/mqtt_parser.c:1363 nano_msg_notify: test offline!
2026-09-17 01:18:02 [2269271] WARN  /home/kadir/mqtt-fuzzing/builds/nanomq-asan/nng/src/sp/transport/mqtt/broker_tcp.c:739 tcptran_pipe_recv_cb: Got invalid CONNECT from client!
2026-09-17 01:18:02 [2269271] WARN  /home/kadir/mqtt-fuzzing/builds/nanomq-asan/nng/src/sp/transport/mqtt/broker_tcp.c:895 tcptran_pipe_recv_cb: tcptran_pipe_recv_cb: recv_error rv: 129

2026-09-17 01:18:02 [2269273] WARN  /home/kadir/mqtt-fuzzing/builds/nanomq-asan/nng/src/sp/protocol/mqtt/mqtt_parser.c:1359 nano_msg_notify: test online!
2026-09-17 01:18:02 [2269276] WARN  /home/kadir/mqtt-fuzzing/builds/nanomq-asan/nng/src/sp/protocol/mqtt/mqtt_parser.c:1363 nano_msg_notify: test offline!
2026-09-17 01:18:02 [2269278] WARN  /home/kadir/mqtt-fuzzing/builds/nanomq-asan/nng/src/sp/protocol/mqtt/mqtt_parser.c:1359 nano_msg_notify: 2026-09-17 01:18:02 [2269276] WARN  /home/kadir/mqtt-fuzzing/builds/nanomq-asan/nng/src/sp/transport/mqtt/broker_tcp.c:739 tcptran_pipe_recv_cb: Got invalid CONNECT from client!
2026-09-17 01:18:02 [2269276] WARN  /home/kadir/mqtt-fuzzing/builds/nanomq-asan/nng/src/sp/transport/mqtt/broker_tcp.c:895 tcptran_pipe_recv_cb: tcptran_pipe_recv_cb: recv_error rv: 129

test online!
2026-09-17 01:18:02 [2269275] WARN  /home/kadir/mqtt-fuzzing/builds/nanomq-asan/nng/src/sp/transport/mqtt/broker_tcp.c:525 nmq_tcptran_pipe_send_cb:  send aio error Object closed(7)
2026-09-17 01:18:02 [2269273] WARN  /home/kadir/mqtt-fuzzing/builds/nanomq-asan/nng/src/sp/protocol/mqtt/mqtt_parser.c:1363 nano_msg_notify: test offline!
2026-09-17 01:18:02 [2269271] WARN  /home/kadir/mqtt-fuzzing/builds/nanomq-asan/nng/src/sp/protocol/mqtt/mqtt_parser.c:1359 nano_msg_notify: test online!
2026-09-17 01:18:02 [2269272] WARN  /home/kadir/mqtt-fuzzing/builds/nanomq-asan/nng/src/sp/transport/mqtt/broker_tcp.c:739 tcptran_pipe_recv_cb: Got invalid CONNECT from client!
2026-09-17 01:18:02 [2269272] WARN  /home/kadir/mqtt-fuzzing/builds/nanomq-asan/nng/src/sp/transport/mqtt/broker_tcp.c:895 tcptran_pipe_recv_cb: tcptran_pipe_recv_cb: recv_error rv: 129

2026-09-17 01:18:02 [2269276] WARN  /home/kadir/mqtt-fuzzing/builds/nanomq-asan/nng/src/sp/protocol/mqtt/mqtt_parser.c:1363 nano_msg_notify: test offline!
2026-09-17 01:18:02 [2269272] WARN  /home/kadir/mqtt-fuzzing/builds/nanomq-asan/nng/src/sp/protocol/mqtt/mqtt_parser.c:1359 nano_msg_notify: test online!
2026-09-17 01:18:02 [2269276] WARN  /home/kadir/mqtt-fuzzing/builds/nanomq-asan/nng/src/sp/transport/mqtt/broker_tcp.c:739 tcptran_pipe_recv_cb: Got invalid CONNECT from client!
2026-09-17 01:18:02 [2269276] WARN  /home/kadir/mqtt-fuzzing/builds/nanomq-asan/nng/src/sp/transport/mqtt/broker_tcp.c:895 tcptran_pipe_recv_cb: tcptran_pipe_recv_cb: recv_error rv: 129

2026-09-17 01:18:02 [2269271] WARN  /home/kadir/mqtt-fuzzing/builds/nanomq-asan/nng/src/sp/protocol/mqtt/mqtt_parser.c:1363 nano_msg_notify: test offline!
2026-09-17 01:18:02 [2269274] WARN  /home/kadir/mqtt-fuzzing/builds/nanomq-asan/nng/src/sp/transport/mqtt/broker_tcp.c:739 tcptran_pipe_recv_cb: Got invalid CONNECT from client!
2026-09-17 01:18:02 [2269274] WARN  /home/kadir/mqtt-fuzzing/builds/nanomq-asan/nng/src/sp/transport/mqtt/broker_tcp.c:895 tcptran_pipe_recv_cb: tcptran_pipe_recv_cb: recv_error rv: 129

2026-09-17 01:18:02 [2269276] WARN  /home/kadir/mqtt-fuzzing/builds/nanomq-asan/nng/src/sp/protocol/mqtt/mqtt_parser.c:1359 nano_msg_notify: test online!
2026-09-17 01:18:02 [2269273] WARN  /home/kadir/mqtt-fuzzing/builds/nanomq-asan/nng/src/sp/protocol/mqtt/mqtt_parser.c:1363 nano_msg_notify: test offline!
2026-09-17 01:18:02 [2269271] WARN  /home/kadir/mqtt-fuzzing/builds/nanomq-asan/nng/src/sp/transport/mqtt/broker_tcp.c:739 tcptran_pipe_recv_cb: Got invalid CONNECT from client!
2026-09-17 01:18:02 [2269271] WARN  /home/kadir/mqtt-fuzzing/builds/nanomq-asan/nng/src/sp/transport/mqtt/broker_tcp.c:895 tcptran_pipe_recv_cb: tcptran_pipe_recv_cb: recv_error rv: 129

2026-09-17 01:18:02 [2269272] WARN  /home/kadir/mqtt-fuzzing/builds/nanomq-asan/nng/src/sp/protocol/mqtt/mqtt_parser.c:1363 nano_msg_notify: test offline!
2026-09-17 01:18:02 [2269275] WARN  /home/kadir/mqtt-fuzzing/builds/nanomq-asan/nng/src/sp/protocol/mqtt/mqtt_parser.c:1359 nano_msg_notify: test online!
2026-09-17 01:18:02 [2269273] WARN  /home/kadir/mqtt-fuzzing/builds/nanomq-asan/nng/src/sp/transport/mqtt/broker_tcp.c:525 nmq_tcptran_pipe_send_cb:  send aio error Object closed(7)
2026-09-17 01:18:02 [2269278] WARN  /home/kadir/mqtt-fuzzing/builds/nanomq-asan/nng/src/sp/protocol/mqtt/mqtt_parser.c:1359 nano_msg_notify: test online!
2026-09-17 01:18:02 [2269272] WARN  /home/kadir/mqtt-fuzzing/builds/nanomq-asan/nng/src/sp/transport/mqtt/broker_tcp.c:739 tcptran_pipe_recv_cb: Got invalid CONNECT from client!
2026-09-17 01:18:02 [2269272] WARN  /home/kadir/mqtt-fuzzing/builds/nanomq-asan/nng/src/sp/transport/mqtt/broker_tcp.c:895 tcptran_pipe_recv_cb: tcptran_pipe_recv_cb: recv_error rv: 129

2026-09-17 01:18:02 [2269275] WARN  /home/kadir/mqtt-fuzzing/builds/nanomq-asan/nng/src/sp/protocol/mqtt/mqtt_parser.c:1363 nano_msg_notify: test offline!
2026-09-17 01:18:02 [2269278] WARN  /home/kadir/mqtt-fuzzing/builds/nanomq-asan/nng/src/sp/protocol/mqtt/mqtt_parser.c:1359 nano_msg_notify: test online!
2026-09-17 01:18:02 [2269274] WARN  /home/kadir/mqtt-fuzzing/builds/nanomq-asan/nng/src/sp/transport/mqtt/broker_tcp.c:739 tcptran_pipe_recv_cb: Got invalid CONNECT from client!
2026-09-17 01:18:02 [2269274] WARN  /home/kadir/mqtt-fuzzing/builds/nanomq-asan/nng/src/sp/transport/mqtt/broker_tcp.c:895 tcptran_pipe_recv_cb: tcptran_pipe_recv_cb: recv_error rv: 129

2026-09-17 01:18:02 [2269276] WARN  /home/kadir/mqtt-fuzzing/builds/nanomq-asan/nng/src/sp/protocol/mqtt/mqtt_parser.c:1363 nano_msg_notify: test offline!
2026-09-17 01:18:02 [2269274] WARN  /home/kadir/mqtt-fuzzing/builds/nanomq-asan/nng/src/sp/protocol/mqtt/mqtt_parser.c:1359 nano_msg_notify: test online!
2026-09-17 01:18:02 [2269276] WARN  /home/kadir/mqtt-fuzzing/builds/nanomq-asan/nng/src/sp/transport/mqtt/broker_tcp.c:739 tcptran_pipe_recv_cb: Got invalid CONNECT from client!
2026-09-17 01:18:02 [2269276] WARN  /home/kadir/mqtt-fuzzing/builds/nanomq-asan/nng/src/sp/transport/mqtt/broker_tcp.c:895 tcptran_pipe_recv_cb: tcptran_pipe_recv_cb: recv_error rv: 129

2026-09-17 01:18:02 [2269275] WARN  /home/kadir/mqtt-fuzzing/builds/nanomq-asan/nng/src/sp/protocol/mqtt/mqtt_parser.c:1363 nano_msg_notify: test offline!
2026-09-17 01:18:02 [2269278] WARN  /home/kadir/mqtt-fuzzing/builds/nanomq-asan/nng/src/sp/transport/mqtt/broker_tcp.c:739 tcptran_pipe_recv_cb: Got invalid CONNECT from client!
2026-09-17 01:18:02 [2269278] WARN  /home/kadir/mqtt-fuzzing/builds/nanomq-asan/nng/src/sp/transport/mqtt/broker_tcp.c:895 tcptran_pipe_recv_cb: tcptran_pipe_recv_cb: recv_error rv: 129

2026-09-17 01:18:02 [2269276] WARN  /home/kadir/mqtt-fuzzing/builds/nanomq-asan/nng/src/sp/protocol/mqtt/mqtt_parser.c:1359 nano_msg_notify: test online!
2026-09-17 01:18:02 [2269277] WARN  /home/kadir/mqtt-fuzzing/builds/nanomq-asan/nng/src/sp/protocol/mqtt/mqtt_parser.c:1363 nano_msg_notify: test offline!
2026-09-17 01:18:02 [2269271] WARN  /home/kadir/mqtt-fuzzing/builds/nanomq-asan/nng/src/sp/transport/mqtt/broker_tcp.c:739 tcptran_pipe_recv_cb: Got invalid CONNECT from client!
2026-09-17 01:18:02 [2269271] WARN  /home/kadir/mqtt-fuzzing/builds/nanomq-asan/nng/src/sp/transport/mqtt/broker_tcp.c:895 tcptran_pipe_recv_cb: tcptran_pipe_recv_cb: recv_error rv: 129

2026-09-17 01:18:02 [2269275] WARN  /home/kadir/mqtt-fuzzing/builds/nanomq-asan/nng/src/sp/protocol/mqtt/mqtt_parser.c:1359 nano_msg_notify: test online!
2026-09-17 01:18:02 [2269276] WARN  /home/kadir/mqtt-fuzzing/builds/nanomq-asan/nng/src/sp/protocol/mqtt/mqtt_parser.c:1363 nano_msg_notify: test offline!
2026-09-17 01:18:02 [2269272] WARN  /home/kadir/mqtt-fuzzing/builds/nanomq-asan/nng/src/sp/protocol/mqtt/mqtt_parser.c:1359 nano_msg_notify: test online!
2026-09-17 01:18:02 [2269277] WARN  /home/kadir/mqtt-fuzzing/builds/nanomq-asan/nng/src/sp/transport/mqtt/broker_tcp.c:739 tcptran_pipe_recv_cb: Got invalid CONNECT from client!
2026-09-17 01:18:02 [2269277] WARN  /home/kadir/mqtt-fuzzing/builds/nanomq-asan/nng/src/sp/transport/mqtt/broker_tcp.c:895 tcptran_pipe_recv_cb: tcptran_pipe_recv_cb: recv_error rv: 129

2026-09-17 01:18:02 [2269275] WARN  /home/kadir/mqtt-fuzzing/builds/nanomq-asan/nng/src/sp/protocol/mqtt/mqtt_parser.c:1363 nano_msg_notify: test offline!
2026-09-17 01:18:02 [2269277] WARN  /home/kadir/mqtt-fuzzing/builds/nanomq-asan/nng/src/sp/protocol/mqtt/mqtt_parser.c:1359 nano_msg_notify: test online!
2026-09-17 01:18:02 [2269274] WARN  /home/kadir/mqtt-fuzzing/builds/nanomq-asan/nng/src/sp/transport/mqtt/broker_tcp.c:739 tcptran_pipe_recv_cb: Got invalid CONNECT from client!
2026-09-17 01:18:02 [2269274] WARN  /home/kadir/mqtt-fuzzing/builds/nanomq-asan/nng/src/sp/transport/mqtt/broker_tcp.c:895 tcptran_pipe_recv_cb: tcptran_pipe_recv_cb: recv_error rv: 129

2026-09-17 01:18:02 [2269273] WARN  /home/kadir/mqtt-fuzzing/builds/nanomq-asan/nng/src/sp/protocol/mqtt/mqtt_parser.c:1363 nano_msg_notify: test offline!
2026-09-17 01:18:02 [2269277] WARN  /home/kadir/mqtt-fuzzing/builds/nanomq-asan/nng/src/sp/protocol/mqtt/mqtt_parser.c:1359 nano_msg_notify: test online!
2026-09-17 01:18:02 [2269276] WARN  /home/kadir/mqtt-fuzzing/builds/nanomq-asan/nng/src/sp/transport/mqtt/broker_tcp.c:739 tcptran_pipe_recv_cb: Got invalid CONNECT from client!
2026-09-17 01:18:02 [2269276] WARN  /home/kadir/mqtt-fuzzing/builds/nanomq-asan/nng/src/sp/transport/mqtt/broker_tcp.c:895 tcptran_pipe_recv_cb: tcptran_pipe_recv_cb: recv_error rv: 129

2026-09-17 01:18:02 [2269272] WARN  /home/kadir/mqtt-fuzzing/builds/nanomq-asan/nng/src/sp/protocol/mqtt/mqtt_parser.c:1363 nano_msg_notify: test offline!
2026-09-17 01:18:02 [2269273] WARN  /home/kadir/mqtt-fuzzing/builds/nanomq-asan/nng/src/sp/transport/mqtt/broker_tcp.c:739 tcptran_pipe_recv_cb: Got invalid CONNECT from client!
2026-09-17 01:18:02 [2269273] WARN  /home/kadir/mqtt-fuzzing/builds/nanomq-asan/nng/src/sp/transport/mqtt/broker_tcp.c:895 tcptran_pipe_recv_cb: tcptran_pipe_recv_cb: recv_error rv: 129

2026-09-17 01:18:02 [2269276] WARN  /home/kadir/mqtt-fuzzing/builds/nanomq-asan/nng/src/sp/protocol/mqtt/mqtt_parser.c:1359 nano_msg_notify: test online!
2026-09-17 01:18:02 [2269277] WARN  /home/kadir/mqtt-fuzzing/builds/nanomq-asan/nng/src/sp/protocol/mqtt/mqtt_parser.c:1363 nano_msg_notify: test offline!
2026-09-17 01:18:02 [2269278] WARN  /home/kadir/mqtt-fuzzing/builds/nanomq-asan/nng/src/sp/protocol/mqtt/mqtt_parser.c:1359 nano_msg_notify: test online!
2026-09-17 01:18:02 [2269276] WARN  /home/kadir/mqtt-fuzzing/builds/nanomq-asan/nng/src/sp/transport/mqtt/broker_tcp.c:739 tcptran_pipe_recv_cb: Got invalid CONNECT from client!
2026-09-17 01:18:02 [2269276] WARN  /home/kadir/mqtt-fuzzing/builds/nanomq-asan/nng/src/sp/transport/mqtt/broker_tcp.c:895 tcptran_pipe_recv_cb: tcptran_pipe_recv_cb: recv_error rv: 129

2026-09-17 01:18:02 [2269272] WARN  /home/kadir/mqtt-fuzzing/builds/nanomq-asan/nng/src/sp/protocol/mqtt/mqtt_parser.c:1363 nano_msg_notify: test offline!
2026-09-17 01:18:02 [2269275] WARN  /home/kadir/mqtt-fuzzing/builds/nanomq-asan/nng/src/sp/protocol/mqtt/mqtt_parser.c:1359 nano_msg_notify: test online!
2026-09-17 01:18:02 [2269273] WARN  /home/kadir/mqtt-fuzzing/builds/nanomq-asan/nng/src/sp/transport/mqtt/broker_tcp.c:739 tcptran_pipe_recv_cb: Got invalid CONNECT from client!
2026-09-17 01:18:02 [2269273] WARN  /home/kadir/mqtt-fuzzing/builds/nanomq-asan/nng/src/sp/transport/mqtt/broker_tcp.c:895 tcptran_pipe_recv_cb: tcptran_pipe_recv_cb: recv_error rv: 129

2026-09-17 01:18:02 [2269278] WARN  /home/kadir/mqtt-fuzzing/builds/nanomq-asan/nng/src/sp/protocol/mqtt/mqtt_parser.c:1363 nano_msg_notify: test offline!
2026-09-17 01:18:02 [2269273] WARN  /home/kadir/mqtt-fuzzing/builds/nanomq-asan/nng/src/sp/protocol/mqtt/mqtt_parser.c:1359 nano_msg_notify: test online!
2026-09-17 01:18:02 [2269275] WARN  /home/kadir/mqtt-fuzzing/builds/nanomq-asan/nng/src/sp/transport/mqtt/broker_tcp.c:739 tcptran_pipe_recv_cb: Got invalid CONNECT from client!
2026-09-17 01:18:02 [2269275] WARN  /home/kadir/mqtt-fuzzing/builds/nanomq-asan/nng/src/sp/transport/mqtt/broker_tcp.c:895 tcptran_pipe_recv_cb: tcptran_pipe_recv_cb: recv_error rv: 129

2026-09-17 01:18:02 [2269272] WARN  /home/kadir/mqtt-fuzzing/builds/nanomq-asan/nng/src/sp/protocol/mqtt/mqtt_parser.c:1363 nano_msg_notify: test offline!
2026-09-17 01:18:02 [2269275] WARN  /home/kadir/mqtt-fuzzing/builds/nanomq-asan/nng/src/sp/protocol/mqtt/mqtt_parser.c:1359 nano_msg_notify: test online!
2026-09-17 01:18:02 [2269273] WARN  /home/kadir/mqtt-fuzzing/builds/nanomq-asan/nng/src/sp/transport/mqtt/broker_tcp.c:628 tcptran_pipe_recv_cb: nni aio recv error!! Connection shutdown

2026-09-17 01:18:02 [2269273] WARN  /home/kadir/mqtt-fuzzing/builds/nanomq-asan/nng/src/sp/transport/mqtt/broker_tcp.c:895 tcptran_pipe_recv_cb: tcptran_pipe_recv_cb: recv_error rv: 139

2026-09-17 01:18:02 [2269277] WARN  /home/kadir/mqtt-fuzzing/builds/nanomq-asan/nng/src/sp/protocol/mqtt/mqtt_parser.c:1363 nano_msg_notify: test offline!
2026-09-17 01:18:02 [2269272] WARN  /home/kadir/mqtt-fuzzing/builds/nanomq-asan/nng/src/sp/protocol/mqtt/mqtt_parser.c:1359 nano_msg_notify: test online!
2026-09-17 01:18:02 [2269278] WARN  /home/kadir/mqtt-fuzzing/builds/nanomq-asan/nng/src/sp/transport/mqtt/broker_tcp.c:628 tcptran_pipe_recv_cb: nni aio recv error!! Connection shutdown

2026-09-17 01:18:02 [2269278] WARN  /home/kadir/mqtt-fuzzing/builds/nanomq-asan/nng/src/sp/transport/mqtt/broker_tcp.c:895 tcptran_pipe_recv_cb: tcptran_pipe_recv_cb: recv_error rv: 139

2026-09-17 01:18:02 [2269271] WARN  /home/kadir/mqtt-fuzzing/builds/nanomq-asan/nng/src/sp/protocol/mqtt/mqtt_parser.c:1363 nano_msg_notify: test offline!
2026-09-17 01:18:02 [2269272] WARN  /home/kadir/mqtt-fuzzing/builds/nanomq-asan/nng/src/sp/protocol/mqtt/mqtt_parser.c:1359 nano_msg_notify: test online!
2026-09-17 01:18:02 [2269276] WARN  /home/kadir/mqtt-fuzzing/builds/nanomq-asan/nng/src/sp/transport/mqtt/broker_tcp.c:628 tcptran_pipe_recv_cb: nni aio recv error!! Connection shutdown

2026-09-17 01:18:02 [2269276] WARN  /home/kadir/mqtt-fuzzing/builds/nanomq-asan/nng/src/sp/transport/mqtt/broker_tcp.c:895 tcptran_pipe_recv_cb: tcptran_pipe_recv_cb: recv_error rv: 139

2026-09-17 01:18:02 [2269276] WARN  /home/kadir/mqtt-fuzzing/builds/nanomq-asan/nng/src/sp/protocol/mqtt/mqtt_parser.c:1363 nano_msg_notify: test offline!
2026-09-17 01:18:02 [2269276] WARN  /home/kadir/mqtt-fuzzing/builds/nanomq-asan/nng/src/sp/transport/mqtt/broker_tcp.c:739 tcptran_pipe_recv_cb: Got invalid CONNECT from client!
2026-09-17 01:18:02 [2269276] WARN  /home/kadir/mqtt-fuzzing/builds/nanomq-asan/nng/src/sp/transport/mqtt/broker_tcp.c:895 tcptran_pipe_recv_cb: tcptran_pipe_recv_cb: recv_error rv: 129

2026-09-17 01:18:02 [2269275] WARN  /home/kadir/mqtt-fuzzing/builds/nanomq-asan/nng/src/sp/protocol/mqtt/mqtt_parser.c:1359 nano_msg_notify: test online!
2026-09-17 01:18:02 [2269272] WARN  /home/kadir/mqtt-fuzzing/builds/nanomq-asan/nng/src/sp/protocol/mqtt/mqtt_parser.c:1363 nano_msg_notify: test offline!
2026-09-17 01:18:02 [2269274] WARN  /home/kadir/mqtt-fuzzing/builds/nanomq-asan/nng/src/sp/transport/mqtt/broker_tcp.c:739 tcptran_pipe_recv_cb: Got invalid CONNECT from client!
2026-09-17 01:18:02 [2269274] WARN  /home/kadir/mqtt-fuzzing/builds/nanomq-asan/nng/src/sp/transport/mqtt/broker_tcp.c:895 tcptran_pipe_recv_cb: tcptran_pipe_recv_cb: recv_error rv: 129

2026-09-17 01:18:02 [2269278] WARN  /home/kadir/mqtt-fuzzing/builds/nanomq-asan/nng/src/sp/protocol/mqtt/mqtt_parser.c:1359 nano_msg_notify: test online!
2026-09-17 01:18:02 [2269277] WARN  /home/kadir/mqtt-fuzzing/builds/nanomq-asan/nng/src/sp/protocol/mqtt/mqtt_parser.c:1363 nano_msg_notify: test offline!
2026-09-17 01:18:02 [2269274] WARN  /home/kadir/mqtt-fuzzing/builds/nanomq-asan/nng/src/sp/protocol/mqtt/mqtt_parser.c:1359 nano_msg_notify: test online!
2026-09-17 01:18:02 [2269277] WARN  /home/kadir/mqtt-fuzzing/builds/nanomq-asan/nng/src/sp/transport/mqtt/broker_tcp.c:739 tcptran_pipe_recv_cb: Got invalid CONNECT from client!
2026-09-17 01:18:02 [2269277] WARN  /home/kadir/mqtt-fuzzing/builds/nanomq-asan/nng/src/sp/transport/mqtt/broker_tcp.c:895 tcptran_pipe_recv_cb: tcptran_pipe_recv_cb: recv_error rv: 129

2026-09-17 01:18:02 [2269271] WARN  /home/kadir/mqtt-fuzzing/builds/nanomq-asan/nng/src/sp/protocol/mqtt/mqtt_parser.c:1363 nano_msg_notify: test offline!
2026-09-17 01:18:02 [2269275] WARN  /home/kadir/mqtt-fuzzing/builds/nanomq-asan/nng/src/sp/protocol/mqtt/mqtt_parser.c:1359 nano_msg_notify: test online!
2026-09-17 01:18:02 [2269276] WARN  /home/kadir/mqtt-fuzzing/builds/nanomq-asan/nng/src/sp/transport/mqtt/broker_tcp.c:739 tcptran_pipe_recv_cb: Got invalid CONNECT from client!
2026-09-17 01:18:02 [2269276] WARN  /home/kadir/mqtt-fuzzing/builds/nanomq-asan/nng/src/sp/transport/mqtt/broker_tcp.c:895 tcptran_pipe_recv_cb: tcptran_pipe_recv_cb: recv_error rv: 129

2026-09-17 01:18:02 [2269274] WARN  /home/kadir/mqtt-fuzzing/builds/nanomq-asan/nng/src/sp/protocol/mqtt/mqtt_parser.c:1363 nano_msg_notify: test offline!
2026-09-17 01:18:02 [2269272] WARN  /home/kadir/mqtt-fuzzing/builds/nanomq-asan/nng/src/sp/protocol/mqtt/mqtt_parser.c:1359 nano_msg_notify: test online!
2026-09-17 01:18:02 [2269277] WARN  /home/kadir/mqtt-fuzzing/builds/nanomq-asan/nng/src/sp/transport/mqtt/broker_tcp.c:739 tcptran_pipe_recv_cb: Got invalid CONNECT from client!
2026-09-17 01:18:02 [2269277] WARN  /home/kadir/mqtt-fuzzing/builds/nanomq-asan/nng/src/sp/transport/mqtt/broker_tcp.c:895 tcptran_pipe_recv_cb: tcptran_pipe_recv_cb: recv_error rv: 129

2026-09-17 01:18:02 [2269278] WARN  /home/kadir/mqtt-fuzzing/builds/nanomq-asan/nng/src/sp/protocol/mqtt/mqtt_parser.c:1363 nano_msg_notify: test offline!
2026-09-17 01:18:02 [2269273] WARN  /home/kadir/mqtt-fuzzing/builds/nanomq-asan/nng/src/sp/transport/mqtt/broker_tcp.c:739 tcptran_pipe_recv_cb: Got invalid CONNECT from client!
2026-09-17 01:18:02 [2269273] WARN  /home/kadir/mqtt-fuzzing/builds/nanomq-asan/nng/src/sp/transport/mqtt/broker_tcp.c:895 tcptran_pipe_recv_cb: tcptran_pipe_recv_cb: recv_error rv: 129

2026-09-17 01:18:02 [2269277] WARN  /home/kadir/mqtt-fuzzing/builds/nanomq-asan/nng/src/sp/protocol/mqtt/mqtt_parser.c:1359 nano_msg_notify: test online!
2026-09-17 01:18:02 [2269275] WARN  /home/kadir/mqtt-fuzzing/builds/nanomq-asan/nng/src/sp/protocol/mqtt/mqtt_parser.c:1363 nano_msg_notify: test offline!
2026-09-17 01:18:02 [2269274] WARN  /home/kadir/mqtt-fuzzing/builds/nanomq-asan/nng/src/sp/protocol/mqtt/mqtt_parser.c:1359 nano_msg_notify: test online!
2026-09-17 01:18:02 [2269276] WARN  /home/kadir/mqtt-fuzzing/builds/nanomq-asan/nng/src/sp/transport/mqtt/broker_tcp.c:739 tcptran_pipe_recv_cb: Got invalid CONNECT from client!
2026-09-17 01:18:02 [2269276] WARN  /home/kadir/mqtt-fuzzing/builds/nanomq-asan/nng/src/sp/transport/mqtt/broker_tcp.c:895 tcptran_pipe_recv_cb: tcptran_pipe_recv_cb: recv_error rv: 129

2026-09-17 01:18:02 [2269277] WARN  /home/kadir/mqtt-fuzzing/builds/nanomq-asan/nng/src/sp/protocol/mqtt/mqtt_parser.c:1363 nano_msg_notify: test offline!
2026-09-17 01:18:02 [2269272] WARN  /home/kadir/mqtt-fuzzing/builds/nanomq-asan/nng/src/sp/protocol/mqtt/mqtt_parser.c:1359 nano_msg_notify: test online!
2026-09-17 01:18:02 [2269273] WARN  /home/kadir/mqtt-fuzzing/builds/nanomq-asan/nng/src/sp/transport/mqtt/broker_tcp.c:739 tcptran_pipe_recv_cb: Got invalid CONNECT from client!
2026-09-17 01:18:02 [2269273] WARN  /home/kadir/mqtt-fuzzing/builds/nanomq-asan/nng/src/sp/transport/mqtt/broker_tcp.c:895 tcptran_pipe_recv_cb: tcptran_pipe_recv_cb: recv_error rv: 129

2026-09-17 01:18:02 [2269275] WARN  /home/kadir/mqtt-fuzzing/builds/nanomq-asan/nng/src/sp/protocol/mqtt/mqtt_parser.c:1363 nano_msg_notify: test offline!
2026-09-17 01:18:02 [2269271] WARN  /home/kadir/mqtt-fuzzing/builds/nanomq-asan/nng/src/sp/protocol/mqtt/mqtt_parser.c:1359 nano_msg_notify: test online!
2026-09-17 01:18:02 [2269275] WARN  /home/kadir/mqtt-fuzzing/builds/nanomq-asan/nng/src/sp/transport/mqtt/broker_tcp.c:739 tcptran_pipe_recv_cb: Got invalid CONNECT from client!
2026-09-17 01:18:02 [2269275] WARN  /home/kadir/mqtt-fuzzing/builds/nanomq-asan/nng/src/sp/transport/mqtt/broker_tcp.c:895 tcptran_pipe_recv_cb: tcptran_pipe_recv_cb: recv_error rv: 129

2026-09-17 01:18:02 [2269276] WARN  /home/kadir/mqtt-fuzzing/builds/nanomq-asan/nng/src/sp/protocol/mqtt/mqtt_parser.c:1363 nano_msg_notify: test offline!
2026-09-17 01:18:02 [2269278] WARN  /home/kadir/mqtt-fuzzing/builds/nanomq-asan/nng/src/sp/protocol/mqtt/mqtt_parser.c:1359 nano_msg_notify: test online!
2026-09-17 01:18:02 [2269272] WARN  /home/kadir/mqtt-fuzzing/builds/nanomq-asan/nng/src/sp/transport/mqtt/broker_tcp.c:739 tcptran_pipe_recv_cb: Got invalid CONNECT from client!
2026-09-17 01:18:02 [2269272] WARN  /home/kadir/mqtt-fuzzing/builds/nanomq-asan/nng/src/sp/transport/mqtt/broker_tcp.c:895 tcptran_pipe_recv_cb: tcptran_pipe_recv_cb: recv_error rv: 129

2026-09-17 01:18:02 [2269277] WARN  /home/kadir/mqtt-fuzzing/builds/nanomq-asan/nng/src/sp/protocol/mqtt/mqtt_parser.c:1363 nano_msg_notify: test offline!
2026-09-17 01:18:02 [2269273] WARN  /home/kadir/mqtt-fuzzing/builds/nanomq-asan/nng/src/sp/transport/mqtt/broker_tcp.c:739 tcptran_pipe_recv_cb: Got invalid CONNECT from client!
2026-09-17 01:18:02 [2269273] WARN  /home/kadir/mqtt-fuzzing/builds/nanomq-asan/nng/src/sp/transport/mqtt/broker_tcp.c:895 tcptran_pipe_recv_cb: tcptran_pipe_recv_cb: recv_error rv: 129

2026-09-17 01:18:02 [2269276] WARN  /home/kadir/mqtt-fuzzing/builds/nanomq-asan/nng/src/sp/protocol/mqtt/mqtt_parser.c:1363 nano_msg_notify: test offline!
2026-09-17 01:18:02 [2269272] WARN  /home/kadir/mqtt-fuzzing/builds/nanomq-asan/nng/src/sp/protocol/mqtt/mqtt_parser.c:1359 nano_msg_notify: test online!
2026-09-17 01:18:02 [2269275] WARN  /home/kadir/mqtt-fuzzing/builds/nanomq-asan/nng/src/sp/protocol/mqtt/mqtt_parser.c:1359 nano_msg_notify: test online!
2026-09-17 01:18:02 [2269277] WARN  /home/kadir/mqtt-fuzzing/builds/nanomq-asan/nng/src/sp/transport/mqtt/broker_tcp.c:739 tcptran_pipe_recv_cb: Got invalid CONNECT from client!
2026-09-17 01:18:02 [2269277] WARN  /home/kadir/mqtt-fuzzing/builds/nanomq-asan/nng/src/sp/transport/mqtt/broker_tcp.c:895 tcptran_pipe_recv_cb: tcptran_pipe_recv_cb: recv_error rv: 129

2026-09-17 01:18:02 [2269274] WARN  /home/kadir/mqtt-fuzzing/builds/nanomq-asan/nng/src/sp/protocol/mqtt/mqtt_parser.c:1363 nano_msg_notify: test offline!
2026-09-17 01:18:02 [2269277] WARN  /home/kadir/mqtt-fuzzing/builds/nanomq-asan/nng/src/sp/protocol/mqtt/mqtt_parser.c:1359 nano_msg_notify: test online!
2026-09-17 01:18:02 [2269276] WARN  /home/kadir/mqtt-fuzzing/builds/nanomq-asan/nng/src/sp/transport/mqtt/broker_tcp.c:739 tcptran_pipe_recv_cb: Got invalid CONNECT from client!
2026-09-17 01:18:02 [2269276] WARN  /home/kadir/mqtt-fuzzing/builds/nanomq-asan/nng/src/sp/transport/mqtt/broker_tcp.c:895 tcptran_pipe_recv_cb: tcptran_pipe_recv_cb: recv_error rv: 129

2026-09-17 01:18:02 [2269272] WARN  /home/kadir/mqtt-fuzzing/builds/nanomq-asan/nng/src/sp/protocol/mqtt/mqtt_parser.c:1363 nano_msg_notify: test offline!
2026-09-17 01:18:02 [2269273] WARN  /home/kadir/mqtt-fuzzing/builds/nanomq-asan/nng/src/sp/protocol/mqtt/mqtt_parser.c:1359 nano_msg_notify: test online!
2026-09-17 01:18:02 [2269275] WARN  /home/kadir/mqtt-fuzzing/builds/nanomq-asan/nng/src/sp/transport/mqtt/broker_tcp.c:739 tcptran_pipe_recv_cb: Got invalid CONNECT from client!
2026-09-17 01:18:02 [2269275] WARN  /home/kadir/mqtt-fuzzing/builds/nanomq-asan/nng/src/sp/transport/mqtt/broker_tcp.c:895 tcptran_pipe_recv_cb: tcptran_pipe_recv_cb: recv_error rv: 129

2026-09-17 01:18:02 [2269271] WARN  /home/kadir/mqtt-fuzzing/builds/nanomq-asan/nng/src/sp/protocol/mqtt/mqtt_parser.c:1363 nano_msg_notify: test offline!
2026-09-17 01:18:02 [2269276] WARN  /home/kadir/mqtt-fuzzing/builds/nanomq-asan/nng/src/sp/transport/mqtt/broker_tcp.c:739 tcptran_pipe_recv_cb: Got invalid CONNECT from client!
2026-09-17 01:18:02 [2269276] WARN  /home/kadir/mqtt-fuzzing/builds/nanomq-asan/nng/src/sp/transport/mqtt/broker_tcp.c:895 tcptran_pipe_recv_cb: tcptran_pipe_recv_cb: recv_error rv: 129

2026-09-17 01:18:02 [2269277] WARN  /home/kadir/mqtt-fuzzing/builds/nanomq-asan/nng/src/sp/protocol/mqtt/mqtt_parser.c:1363 nano_msg_notify: test offline!
2026-09-17 01:18:02 [2269278] WARN  /home/kadir/mqtt-fuzzing/builds/nanomq-asan/nng/src/sp/protocol/mqtt/mqtt_parser.c:1359 nano_msg_notify: test online!
2026-09-17 01:18:02 [2269276] WARN  /home/kadir/mqtt-fuzzing/builds/nanomq-asan/nng/src/sp/protocol/mqtt/mqtt_parser.c:1359 nano_msg_notify: test online!
2026-09-17 01:18:02 [2269275] WARN  /home/kadir/mqtt-fuzzing/builds/nanomq-asan/nng/src/sp/transport/mqtt/broker_tcp.c:739 tcptran_pipe_recv_cb: Got invalid CONNECT from client!
2026-09-17 01:18:02 [2269275] WARN  /home/kadir/mqtt-fuzzing/builds/nanomq-asan/nng/src/sp/transport/mqtt/broker_tcp.c:895 tcptran_pipe_recv_cb: tcptran_pipe_recv_cb: recv_error rv: 129

2026-09-17 01:18:02 [2269273] WARN  /home/kadir/mqtt-fuzzing/builds/nanomq-asan/nng/src/sp/protocol/mqtt/mqtt_parser.c:1363 nano_msg_notify: test offline!
2026-09-17 01:18:02 [2269275] WARN  /home/kadir/mqtt-fuzzing/builds/nanomq-asan/nng/src/sp/protocol/mqtt/mqtt_parser.c:1359 nano_msg_notify: test online!
2026-09-17 01:18:02 [2269274] WARN  /home/kadir/mqtt-fuzzing/builds/nanomq-asan/nng/src/sp/transport/mqtt/broker_tcp.c:739 tcptran_pipe_recv_cb: Got invalid CONNECT from client!
2026-09-17 01:18:02 [2269274] WARN  /home/kadir/mqtt-fuzzing/builds/nanomq-asan/nng/src/sp/transport/mqtt/broker_tcp.c:895 tcptran_pipe_recv_cb: tcptran_pipe_recv_cb: recv_error rv: 129

2026-09-17 01:18:02 [2269273] WARN  /home/kadir/mqtt-fuzzing/builds/nanomq-asan/nng/src/sp/protocol/mqtt/mqtt_parser.c:1363 nano_msg_notify: test offline!
2026-09-17 01:18:02 [2269274] WARN  /home/kadir/mqtt-fuzzing/builds/nanomq-asan/nng/src/sp/protocol/mqtt/mqtt_parser.c:1359 nano_msg_notify: test online!
2026-09-17 01:18:02 [2269275] WARN  /home/kadir/mqtt-fuzzing/builds/nanomq-asan/nng/src/sp/transport/mqtt/broker_tcp.c:739 tcptran_pipe_recv_cb: Got invalid CONNECT from client!
2026-09-17 01:18:02 [2269275] WARN  /home/kadir/mqtt-fuzzing/builds/nanomq-asan/nng/src/sp/transport/mqtt/broker_tcp.c:895 tcptran_pipe_recv_cb: tcptran_pipe_recv_cb: recv_error rv: 129

2026-09-17 01:18:02 [2269278] WARN  /home/kadir/mqtt-fuzzing/builds/nanomq-asan/nng/src/sp/protocol/mqtt/mqtt_parser.c:1363 nano_msg_notify: test offline!
2026-09-17 01:18:02 [2269272] WARN  /home/kadir/mqtt-fuzzing/builds/nanomq-asan/nng/src/sp/protocol/mqtt/mqtt_parser.c:1359 nano_msg_notify: test online!
2026-09-17 01:18:02 [2269273] WARN  /home/kadir/mqtt-fuzzing/builds/nanomq-asan/nng/src/sp/transport/mqtt/broker_tcp.c:739 tcptran_pipe_recv_cb: Got invalid CONNECT from client!
2026-09-17 01:18:02 [2269273] WARN  /home/kadir/mqtt-fuzzing/builds/nanomq-asan/nng/src/sp/transport/mqtt/broker_tcp.c:895 tcptran_pipe_recv_cb: tcptran_pipe_recv_cb: recv_error rv: 129

2026-09-17 01:18:02 [2269273] WARN  /home/kadir/mqtt-fuzzing/builds/nanomq-asan/nng/src/sp/protocol/mqtt/mqtt_parser.c:1363 nano_msg_notify: test offline!
2026-09-17 01:18:02 [2269273] WARN  /home/kadir/mqtt-fuzzing/builds/nanomq-asan/nng/src/sp/protocol/mqtt/mqtt_parser.c:1359 nano_msg_notify: test online!
2026-09-17 01:18:02 [2269275] WARN  /home/kadir/mqtt-fuzzing/builds/nanomq-asan/nng/src/sp/transport/mqtt/broker_tcp.c:739 tcptran_pipe_recv_cb: Got invalid CONNECT from client!
2026-09-17 01:18:02 [2269275] WARN  /home/kadir/mqtt-fuzzing/builds/nanomq-asan/nng/src/sp/transport/mqtt/broker_tcp.c:895 tcptran_pipe_recv_cb: tcptran_pipe_recv_cb: recv_error rv: 129

2026-09-17 01:18:02 [2269274] WARN  /home/kadir/mqtt-fuzzing/builds/nanomq-asan/nng/src/sp/protocol/mqtt/mqtt_parser.c:1363 nano_msg_notify: test offline!
2026-09-17 01:18:02 [2269275] WARN  /home/kadir/mqtt-fuzzing/builds/nanomq-asan/nng/src/sp/protocol/mqtt/mqtt_parser.c:1359 nano_msg_notify: test online!
2026-09-17 01:18:02 [2269274] WARN  /home/kadir/mqtt-fuzzing/builds/nanomq-asan/nng/src/sp/transport/mqtt/broker_tcp.c:739 tcptran_pipe_recv_cb: Got invalid CONNECT from client!
2026-09-17 01:18:02 [2269274] WARN  /home/kadir/mqtt-fuzzing/builds/nanomq-asan/nng/src/sp/transport/mqtt/broker_tcp.c:895 tcptran_pipe_recv_cb: tcptran_pipe_recv_cb: recv_error rv: 129

2026-09-17 01:18:02 [2269276] WARN  /home/kadir/mqtt-fuzzing/builds/nanomq-asan/nng/src/sp/protocol/mqtt/mqtt_parser.c:1363 nano_msg_notify: test offline!
2026-09-17 01:18:02 [2269274] WARN  /home/kadir/mqtt-fuzzing/builds/nanomq-asan/nng/src/sp/protocol/mqtt/mqtt_parser.c:1359 nano_msg_notify: test online!
2026-09-17 01:18:02 [2269276] WARN  /home/kadir/mqtt-fuzzing/builds/nanomq-asan/nng/src/sp/transport/mqtt/broker_tcp.c:739 tcptran_pipe_recv_cb: Got invalid CONNECT from client!
2026-09-17 01:18:02 [2269276] WARN  /home/kadir/mqtt-fuzzing/builds/nanomq-asan/nng/src/sp/transport/mqtt/broker_tcp.c:895 tcptran_pipe_recv_cb: tcptran_pipe_recv_cb: recv_error rv: 129

2026-09-17 01:18:02 [2269275] WARN  /home/kadir/mqtt-fuzzing/builds/nanomq-asan/nng/src/sp/protocol/mqtt/mqtt_parser.c:1363 nano_msg_notify: test offline!
2026-09-17 01:18:02 [2269276] WARN  /home/kadir/mqtt-fuzzing/builds/nanomq-asan/nng/src/sp/protocol/mqtt/mqtt_parser.c:1359 nano_msg_notify: test online!
2026-09-17 01:18:02 [2269273] WARN  /home/kadir/mqtt-fuzzing/builds/nanomq-asan/nng/src/sp/transport/mqtt/broker_tcp.c:739 tcptran_pipe_recv_cb: Got invalid CONNECT from client!
2026-09-17 01:18:02 [2269273] WARN  /home/kadir/mqtt-fuzzing/builds/nanomq-asan/nng/src/sp/transport/mqtt/broker_tcp.c:895 tcptran_pipe_recv_cb: tcptran_pipe_recv_cb: recv_error rv: 129

2026-09-17 01:18:02 [2269271] WARN  /home/kadir/mqtt-fuzzing/builds/nanomq-asan/nng/src/sp/protocol/mqtt/mqtt_parser.c:1363 nano_msg_notify: test offline!
2026-09-17 01:18:02 [2269276] WARN  /home/kadir/mqtt-fuzzing/builds/nanomq-asan/nng/src/sp/transport/mqtt/broker_tcp.c:739 tcptran_pipe_recv_cb: Got invalid CONNECT from client!
2026-09-17 01:18:02 [2269276] WARN  /home/kadir/mqtt-fuzzing/builds/nanomq-asan/nng/src/sp/transport/mqtt/broker_tcp.c:895 tcptran_pipe_recv_cb: tcptran_pipe_recv_cb: recv_error rv: 129

2026-09-17 01:18:02 [2269273] WARN  /home/kadir/mqtt-fuzzing/builds/nanomq-asan/nng/src/sp/protocol/mqtt/mqtt_parser.c:1359 nano_msg_notify: test online!
2026-09-17 01:18:02 [2269274] WARN  /home/kadir/mqtt-fuzzing/builds/nanomq-asan/nng/src/sp/protocol/mqtt/mqtt_parser.c:1363 nano_msg_notify: test offline!
2026-09-17 01:18:02 [2269272] WARN  /home/kadir/mqtt-fuzzing/builds/nanomq-asan/nng/src/sp/protocol/mqtt/mqtt_parser.c:1359 nano_msg_notify: test online!
2026-09-17 01:18:02 [2269271] WARN  /home/kadir/mqtt-fuzzing/builds/nanomq-asan/nng/src/sp/transport/mqtt/broker_tcp.c:739 tcptran_pipe_recv_cb: Got invalid CONNECT from client!
2026-09-17 01:18:02 [2269271] WARN  /home/kadir/mqtt-fuzzing/builds/nanomq-asan/nng/src/sp/transport/mqtt/broker_tcp.c:895 tcptran_pipe_recv_cb: tcptran_pipe_recv_cb: recv_error rv: 129

2026-09-17 01:18:02 [2269273] WARN  /home/kadir/mqtt-fuzzing/builds/nanomq-asan/nng/src/sp/protocol/mqtt/mqtt_parser.c:1363 nano_msg_notify: test offline!
2026-09-17 01:18:02 [2269271] WARN  /home/kadir/mqtt-fuzzing/builds/nanomq-asan/nng/src/sp/protocol/mqtt/mqtt_parser.c:1359 nano_msg_notify: test online!
2026-09-17 01:18:02 [2269273] WARN  /home/kadir/mqtt-fuzzing/builds/nanomq-asan/nng/src/sp/transport/mqtt/broker_tcp.c:739 tcptran_pipe_recv_cb: Got invalid CONNECT from client!
2026-09-17 01:18:02 [2269273] WARN  /home/kadir/mqtt-fuzzing/builds/nanomq-asan/nng/src/sp/transport/mqtt/broker_tcp.c:895 tcptran_pipe_recv_cb: tcptran_pipe_recv_cb: recv_error rv: 129

2026-09-17 01:18:02 [2269275] WARN  /home/kadir/mqtt-fuzzing/builds/nanomq-asan/nng/src/sp/protocol/mqtt/mqtt_parser.c:1363 nano_msg_notify: test offline!
2026-09-17 01:18:02 [2269273] WARN  /home/kadir/mqtt-fuzzing/builds/nanomq-asan/nng/src/sp/protocol/mqtt/mqtt_parser.c:1359 nano_msg_notify: test online!
2026-09-17 01:18:02 [2269272] WARN  /home/kadir/mqtt-fuzzing/builds/nanomq-asan/nng/src/sp/transport/mqtt/broker_tcp.c:739 tcptran_pipe_recv_cb: Got invalid CONNECT from client!
2026-09-17 01:18:02 [2269272] WARN  /home/kadir/mqtt-fuzzing/builds/nanomq-asan/nng/src/sp/transport/mqtt/broker_tcp.c:895 tcptran_pipe_recv_cb: tcptran_pipe_recv_cb: recv_error rv: 129

2026-09-17 01:18:02 [2269276] WARN  /home/kadir/mqtt-fuzzing/builds/nanomq-asan/nng/src/sp/protocol/mqtt/mqtt_parser.c:1363 nano_msg_notify: test offline!
2026-09-17 01:18:02 [2269272] WARN  /home/kadir/mqtt-fuzzing/builds/nanomq-asan/nng/src/sp/protocol/mqtt/mqtt_parser.c:1359 nano_msg_notify: test online!
2026-09-17 01:18:02 [2269274] WARN  /home/kadir/mqtt-fuzzing/builds/nanomq-asan/nng/src/sp/transport/mqtt/broker_tcp.c:739 tcptran_pipe_recv_cb: Got invalid CONNECT from client!
2026-09-17 01:18:02 [2269274] WARN  /home/kadir/mqtt-fuzzing/builds/nanomq-asan/nng/src/sp/transport/mqtt/broker_tcp.c:895 tcptran_pipe_recv_cb: tcptran_pipe_recv_cb: recv_error rv: 129

2026-09-17 01:18:02 [2269278] WARN  /home/kadir/mqtt-fuzzing/builds/nanomq-asan/nng/src/sp/protocol/mqtt/mqtt_parser.c:1363 nano_msg_notify: test offline!
2026-09-17 01:18:02 [2269278] WARN  /home/kadir/mqtt-fuzzing/builds/nanomq-asan/nng/src/sp/transport/mqtt/broker_tcp.c:739 tcptran_pipe_recv_cb: Got invalid CONNECT from client!
2026-09-17 01:18:02 [2269276] WARN  /home/kadir/mqtt-fuzzing/builds/nanomq-asan/nng/src/sp/protocol/mqtt/mqtt_parser.c:1359 nano_msg_notify: test online!
2026-09-17 01:18:02 [2269278] WARN  /home/kadir/mqtt-fuzzing/builds/nanomq-asan/nng/src/sp/transport/mqtt/broker_tcp.c:895 tcptran_pipe_recv_cb: tcptran_pipe_recv_cb: recv_error rv: 129

2026-09-17 01:18:02 [2269272] WARN  /home/kadir/mqtt-fuzzing/builds/nanomq-asan/nng/src/sp/protocol/mqtt/mqtt_parser.c:1363 nano_msg_notify: test offline!
2026-09-17 01:18:02 [2269278] WARN  /home/kadir/mqtt-fuzzing/builds/nanomq-asan/nng/src/sp/protocol/mqtt/mqtt_parser.c:1359 nano_msg_notify: test online!
2026-09-17 01:18:02 [2269276] WARN  /home/kadir/mqtt-fuzzing/builds/nanomq-asan/nng/src/sp/transport/mqtt/broker_tcp.c:739 tcptran_pipe_recv_cb: Got invalid CONNECT from client!
2026-09-17 01:18:02 [2269276] WARN  /home/kadir/mqtt-fuzzing/builds/nanomq-asan/nng/src/sp/transport/mqtt/broker_tcp.c:895 tcptran_pipe_recv_cb: tcptran_pipe_recv_cb: recv_error rv: 129

2026-09-17 01:18:02 [2269271] WARN  /home/kadir/mqtt-fuzzing/builds/nanomq-asan/nng/src/sp/protocol/mqtt/mqtt_parser.c:1363 nano_msg_notify: test offline!
2026-09-17 01:18:02 [2269272] WARN  /home/kadir/mqtt-fuzzing/builds/nanomq-asan/nng/src/sp/transport/mqtt/broker_tcp.c:739 tcptran_pipe_recv_cb: Got invalid CONNECT from client!
2026-09-17 01:18:02 [2269272] WARN  /home/kadir/mqtt-fuzzing/builds/nanomq-asan/nng/src/sp/transport/mqtt/broker_tcp.c:895 tcptran_pipe_recv_cb: tcptran_pipe_recv_cb: recv_error rv: 129

2026-09-17 01:18:02 [2269273] WARN  /home/kadir/mqtt-fuzzing/builds/nanomq-asan/nng/src/sp/protocol/mqtt/mqtt_parser.c:1363 nano_msg_notify: test offline!
2026-09-17 01:18:02 [2269276] WARN  /home/kadir/mqtt-fuzzing/builds/nanomq-asan/nng/src/sp/protocol/mqtt/mqtt_parser.c:1359 nano_msg_notify: test online!
2026-09-17 01:18:02 [2269272] WARN  /home/kadir/mqtt-fuzzing/builds/nanomq-asan/nng/src/sp/protocol/mqtt/mqtt_parser.c:1359 nano_msg_notify: test online!
2026-09-17 01:18:02 [2269274] WARN  /home/kadir/mqtt-fuzzing/builds/nanomq-asan/nng/src/sp/transport/mqtt/broker_tcp.c:739 tcptran_pipe_recv_cb: Got invalid CONNECT from client!
2026-09-17 01:18:02 [2269274] WARN  /home/kadir/mqtt-fuzzing/builds/nanomq-asan/nng/src/sp/transport/mqtt/broker_tcp.c:895 tcptran_pipe_recv_cb: tcptran_pipe_recv_cb: recv_error rv: 129

2026-09-17 01:18:02 [2269271] WARN  /home/kadir/mqtt-fuzzing/builds/nanomq-asan/nng/src/sp/protocol/mqtt/mqtt_parser.c:1363 nano_msg_notify: test offline!
2026-09-17 01:18:02 [2269274] WARN  /home/kadir/mqtt-fuzzing/builds/nanomq-asan/nng/src/sp/protocol/mqtt/mqtt_parser.c:1359 nano_msg_notify: test online!
2026-09-17 01:18:02 [2269273] WARN  /home/kadir/mqtt-fuzzing/builds/nanomq-asan/nng/src/sp/transport/mqtt/broker_tcp.c:739 tcptran_pipe_recv_cb: Got invalid CONNECT from client!
2026-09-17 01:18:02 [2269273] WARN  /home/kadir/mqtt-fuzzing/builds/nanomq-asan/nng/src/sp/transport/mqtt/broker_tcp.c:895 tcptran_pipe_recv_cb: tcptran_pipe_recv_cb: recv_error rv: 129

2026-09-17 01:18:02 [2269276] WARN  /home/kadir/mqtt-fuzzing/builds/nanomq-asan/nng/src/sp/protocol/mqtt/mqtt_parser.c:1363 nano_msg_notify: test offline!
2026-09-17 01:18:02 [2269275] WARN  /home/kadir/mqtt-fuzzing/builds/nanomq-asan/nng/src/sp/protocol/mqtt/mqtt_parser.c:1359 nano_msg_notify: test online!
2026-09-17 01:18:02 [2269276] WARN  /home/kadir/mqtt-fuzzing/builds/nanomq-asan/nng/src/sp/transport/mqtt/broker_tcp.c:739 tcptran_pipe_recv_cb: Got invalid CONNECT from client!
2026-09-17 01:18:02 [2269276] WARN  /home/kadir/mqtt-fuzzing/builds/nanomq-asan/nng/src/sp/transport/mqtt/broker_tcp.c:895 tcptran_pipe_recv_cb: tcptran_pipe_recv_cb: recv_error rv: 129

2026-09-17 01:18:02 [2269274] WARN  /home/kadir/mqtt-fuzzing/builds/nanomq-asan/nng/src/sp/protocol/mqtt/mqtt_parser.c:1363 nano_msg_notify: test offline!
2026-09-17 01:18:02 [2269276] WARN  /home/kadir/mqtt-fuzzing/builds/nanomq-asan/nng/src/sp/protocol/mqtt/mqtt_parser.c:1359 nano_msg_notify: test online!
2026-09-17 01:18:02 [2269275] WARN  /home/kadir/mqtt-fuzzing/builds/nanomq-asan/nng/src/sp/transport/mqtt/broker_tcp.c:739 tcptran_pipe_recv_cb: Got invalid CONNECT from client!
2026-09-17 01:18:02 [2269275] WARN  /home/kadir/mqtt-fuzzing/builds/nanomq-asan/nng/src/sp/transport/mqtt/broker_tcp.c:895 tcptran_pipe_recv_cb: tcptran_pipe_recv_cb: recv_error rv: 129

2026-09-17 01:18:02 [2269274] WARN  /home/kadir/mqtt-fuzzing/builds/nanomq-asan/nng/src/sp/protocol/mqtt/mqtt_parser.c:1363 nano_msg_notify: test offline!
2026-09-17 01:18:02 [2269275] WARN  /home/kadir/mqtt-fuzzing/builds/nanomq-asan/nng/src/sp/protocol/mqtt/mqtt_parser.c:1359 nano_msg_notify: test online!
2026-09-17 01:18:02 [2269278] WARN  /home/kadir/mqtt-fuzzing/builds/nanomq-asan/nng/src/sp/transport/mqtt/broker_tcp.c:739 tcptran_pipe_recv_cb: Got invalid CONNECT from client!
2026-09-17 01:18:02 [2269278] WARN  /home/kadir/mqtt-fuzzing/builds/nanomq-asan/nng/src/sp/transport/mqtt/broker_tcp.c:895 tcptran_pipe_recv_cb: tcptran_pipe_recv_cb: recv_error rv: 129

2026-09-17 01:18:02 [2269271] WARN  /home/kadir/mqtt-fuzzing/builds/nanomq-asan/nng/src/sp/protocol/mqtt/mqtt_parser.c:1363 nano_msg_notify: test offline!
2026-09-17 01:18:02 [2269278] WARN  /home/kadir/mqtt-fuzzing/builds/nanomq-asan/nng/src/sp/protocol/mqtt/mqtt_parser.c:1359 nano_msg_notify: test online!
2026-09-17 01:18:02 [2269277] WARN  /home/kadir/mqtt-fuzzing/builds/nanomq-asan/nng/src/sp/transport/mqtt/broker_tcp.c:739 tcptran_pipe_recv_cb: Got invalid CONNECT from client!
2026-09-17 01:18:02 [2269277] WARN  /home/kadir/mqtt-fuzzing/builds/nanomq-asan/nng/src/sp/transport/mqtt/broker_tcp.c:895 tcptran_pipe_recv_cb: tcptran_pipe_recv_cb: recv_error rv: 129

2026-09-17 01:18:02 [2269276] WARN  /home/kadir/mqtt-fuzzing/builds/nanomq-asan/nng/src/sp/protocol/mqtt/mqtt_parser.c:1363 nano_msg_notify: test offline!
2026-09-17 01:18:02 [2269276] WARN  /home/kadir/mqtt-fuzzing/builds/nanomq-asan/nng/src/sp/transport/mqtt/broker_tcp.c:739 tcptran_pipe_recv_cb: Got invalid CONNECT from client!
2026-09-17 01:18:02 [2269274] WARN  /home/kadir/mqtt-fuzzing/builds/nanomq-asan/nng/src/sp/protocol/mqtt/mqtt_parser.c:1359 nano_msg_notify: test online!
2026-09-17 01:18:02 [2269276] WARN  /home/kadir/mqtt-fuzzing/builds/nanomq-asan/nng/src/sp/transport/mqtt/broker_tcp.c:895 tcptran_pipe_recv_cb: tcptran_pipe_recv_cb: recv_error rv: 129

2026-09-17 01:18:02 [2269275] WARN  /home/kadir/mqtt-fuzzing/builds/nanomq-asan/nng/src/sp/protocol/mqtt/mqtt_parser.c:1363 nano_msg_notify: test offline!
2026-09-17 01:18:02 [2269273] WARN  /home/kadir/mqtt-fuzzing/builds/nanomq-asan/nng/src/sp/transport/mqtt/broker_tcp.c:739 tcptran_pipe_recv_cb: Got invalid CONNECT from client!
2026-09-17 01:18:02 [2269273] WARN  /home/kadir/mqtt-fuzzing/builds/nanomq-asan/nng/src/sp/transport/mqtt/broker_tcp.c:895 tcptran_pipe_recv_cb: tcptran_pipe_recv_cb: recv_error rv: 129

2026-09-17 01:18:02 [2269271] WARN  /home/kadir/mqtt-fuzzing/builds/nanomq-asan/nng/src/sp/protocol/mqtt/mqtt_parser.c:1363 nano_msg_notify: test offline!
2026-09-17 01:18:02 [2269276] WARN  /home/kadir/mqtt-fuzzing/builds/nanomq-asan/nng/src/sp/protocol/mqtt/mqtt_parser.c:1359 nano_msg_notify: test online!
2026-09-17 01:18:02 [2269272] WARN  /home/kadir/mqtt-fuzzing/builds/nanomq-asan/nng/src/sp/transport/mqtt/broker_tcp.c:739 tcptran_pipe_recv_cb: Got invalid CONNECT from client!
2026-09-17 01:18:02 [2269274] WARN  /home/kadir/mqtt-fuzzing/builds/nanomq-asan/nng/src/sp/protocol/mqtt/mqtt_parser.c:1359 nano_msg_notify: test online!
2026-09-17 01:18:02 [2269272] WARN  /home/kadir/mqtt-fuzzing/builds/nanomq-asan/nng/src/sp/transport/mqtt/broker_tcp.c:895 tcptran_pipe_recv_cb: tcptran_pipe_recv_cb: recv_error rv: 129

2026-09-17 01:18:02 [2269277] WARN  /home/kadir/mqtt-fuzzing/builds/nanomq-asan/nng/src/sp/protocol/mqtt/mqtt_parser.c:1363 nano_msg_notify: test offline!
2026-09-17 01:18:02 [2269273] WARN  /home/kadir/mqtt-fuzzing/builds/nanomq-asan/nng/src/sp/transport/mqtt/broker_tcp.c:739 tcptran_pipe_recv_cb: 2026-09-17 01:18:02 [2269272] WARN  /home/kadir/mqtt-fuzzing/builds/nanomq-asan/nng/src/sp/protocol/mqtt/mqtt_parser.c:1359 nano_msg_notify: Got invalid CONNECT from client!test online!

2026-09-17 01:18:02 [2269273] WARN  /home/kadir/mqtt-fuzzing/builds/nanomq-asan/nng/src/sp/transport/mqtt/broker_tcp.c:895 tcptran_pipe_recv_cb: tcptran_pipe_recv_cb: recv_error rv: 129

2026-09-17 01:18:02 [2269275] WARN  /home/kadir/mqtt-fuzzing/builds/nanomq-asan/nng/src/sp/protocol/mqtt/mqtt_parser.c:1363 nano_msg_notify: test offline!
2026-09-17 01:18:02 [2269273] WARN  /home/kadir/mqtt-fuzzing/builds/nanomq-asan/nng/src/sp/protocol/mqtt/mqtt_parser.c:1359 nano_msg_notify: test online!
2026-09-17 01:18:02 [2269272] WARN  /home/kadir/mqtt-fuzzing/builds/nanomq-asan/nng/src/sp/transport/mqtt/broker_tcp.c:739 tcptran_pipe_recv_cb: Got invalid CONNECT from client!
2026-09-17 01:18:02 [2269272] WARN  /home/kadir/mqtt-fuzzing/builds/nanomq-asan/nng/src/sp/transport/mqtt/broker_tcp.c:895 tcptran_pipe_recv_cb: tcptran_pipe_recv_cb: recv_error rv: 129

2026-09-17 01:18:02 [2269272] WARN  /home/kadir/mqtt-fuzzing/builds/nanomq-asan/nng/src/sp/protocol/mqtt/mqtt_parser.c:1363 nano_msg_notify: test offline!
2026-09-17 01:18:02 [2269277] WARN  /home/kadir/mqtt-fuzzing/builds/nanomq-asan/nng/src/sp/protocol/mqtt/mqtt_parser.c:1359 nano_msg_notify: test online!
2026-09-17 01:18:02 [2269272] WARN  /home/kadir/mqtt-fuzzing/builds/nanomq-asan/nng/src/sp/transport/mqtt/broker_tcp.c:739 tcptran_pipe_recv_cb: Got invalid CONNECT from client!
2026-09-17 01:18:02 [2269272] WARN  /home/kadir/mqtt-fuzzing/builds/nanomq-asan/nng/src/sp/transport/mqtt/broker_tcp.c:895 tcptran_pipe_recv_cb: tcptran_pipe_recv_cb: recv_error rv: 129

2026-09-17 01:18:02 [2269271] WARN  /home/kadir/mqtt-fuzzing/builds/nanomq-asan/nng/src/sp/protocol/mqtt/mqtt_parser.c:1363 nano_msg_notify: test offline!
2026-09-17 01:18:02 [2269278] WARN  /home/kadir/mqtt-fuzzing/builds/nanomq-asan/nng/src/sp/protocol/mqtt/mqtt_parser.c:1359 nano_msg_notify: test online!
2026-09-17 01:18:02 [2269271] WARN  /home/kadir/mqtt-fuzzing/builds/nanomq-asan/nng/src/sp/transport/mqtt/broker_tcp.c:739 tcptran_pipe_recv_cb: Got invalid CONNECT from client!
2026-09-17 01:18:02 [2269271] WARN  /home/kadir/mqtt-fuzzing/builds/nanomq-asan/nng/src/sp/transport/mqtt/broker_tcp.c:895 tcptran_pipe_recv_cb: tcptran_pipe_recv_cb: recv_error rv: 129

2026-09-17 01:18:02 [2269277] WARN  /home/kadir/mqtt-fuzzing/builds/nanomq-asan/nng/src/sp/protocol/mqtt/mqtt_parser.c:1363 nano_msg_notify: test offline!
2026-09-17 01:18:02 [2269276] WARN  /home/kadir/mqtt-fuzzing/builds/nanomq-asan/nng/src/sp/protocol/mqtt/mqtt_parser.c:1359 nano_msg_notify: test online!
2026-09-17 01:18:02 [2269274] WARN  /home/kadir/mqtt-fuzzing/builds/nanomq-asan/nng/src/sp/transport/mqtt/broker_tcp.c:739 tcptran_pipe_recv_cb: Got invalid CONNECT from client!
2026-09-17 01:18:02 [2269274] WARN  /home/kadir/mqtt-fuzzing/builds/nanomq-asan/nng/src/sp/transport/mqtt/broker_tcp.c:895 tcptran_pipe_recv_cb: tcptran_pipe_recv_cb: recv_error rv: 129

2026-09-17 01:18:02 [2269274] WARN  /home/kadir/mqtt-fuzzing/builds/nanomq-asan/nng/src/sp/protocol/mqtt/mqtt_parser.c:1363 nano_msg_notify: test offline!
2026-09-17 01:18:02 [2269273] WARN  /home/kadir/mqtt-fuzzing/builds/nanomq-asan/nng/src/sp/protocol/mqtt/mqtt_parser.c:1359 nano_msg_notify: test online!
2026-09-17 01:18:02 [2269274] WARN  /home/kadir/mqtt-fuzzing/builds/nanomq-asan/nng/src/sp/transport/mqtt/broker_tcp.c:739 tcptran_pipe_recv_cb: Got invalid CONNECT from client!
2026-09-17 01:18:02 [2269274] WARN  /home/kadir/mqtt-fuzzing/builds/nanomq-asan/nng/src/sp/transport/mqtt/broker_tcp.c:895 tcptran_pipe_recv_cb: tcptran_pipe_recv_cb: recv_error rv: 129

2026-09-17 01:18:02 [2269277] WARN  /home/kadir/mqtt-fuzzing/builds/nanomq-asan/nng/src/sp/protocol/mqtt/mqtt_parser.c:1363 nano_msg_notify: test offline!
2026-09-17 01:18:02 [2269272] WARN  /home/kadir/mqtt-fuzzing/builds/nanomq-asan/nng/src/sp/protocol/mqtt/mqtt_parser.c:1359 nano_msg_notify: test online!
2026-09-17 01:18:02 [2269277] WARN  /home/kadir/mqtt-fuzzing/builds/nanomq-asan/nng/src/sp/transport/mqtt/broker_tcp.c:739 tcptran_pipe_recv_cb: Got invalid CONNECT from client!
2026-09-17 01:18:02 [2269277] WARN  /home/kadir/mqtt-fuzzing/builds/nanomq-asan/nng/src/sp/transport/mqtt/broker_tcp.c:895 tcptran_pipe_recv_cb: tcptran_pipe_recv_cb: recv_error rv: 129

2026-09-17 01:18:02 [2269273] WARN  /home/kadir/mqtt-fuzzing/builds/nanomq-asan/nng/src/sp/protocol/mqtt/mqtt_parser.c:1363 nano_msg_notify: test offline!
2026-09-17 01:18:02 [2269277] WARN  /home/kadir/mqtt-fuzzing/builds/nanomq-asan/nng/src/sp/protocol/mqtt/mqtt_parser.c:1359 nano_msg_notify: test online!
2026-09-17 01:18:02 [2269273] WARN  /home/kadir/mqtt-fuzzing/builds/nanomq-asan/nng/src/sp/transport/mqtt/broker_tcp.c:739 tcptran_pipe_recv_cb: Got invalid CONNECT from client!
2026-09-17 01:18:02 [2269273] WARN  /home/kadir/mqtt-fuzzing/builds/nanomq-asan/nng/src/sp/transport/mqtt/broker_tcp.c:895 tcptran_pipe_recv_cb: tcptran_pipe_recv_cb: recv_error rv: 129

2026-09-17 01:18:02 [2269276] WARN  /home/kadir/mqtt-fuzzing/builds/nanomq-asan/nng/src/sp/protocol/mqtt/mqtt_parser.c:1363 nano_msg_notify: test offline!
2026-09-17 01:18:02 [2269273] WARN  /home/kadir/mqtt-fuzzing/builds/nanomq-asan/nng/src/sp/protocol/mqtt/mqtt_parser.c:1359 nano_msg_notify: test online!
2026-09-17 01:18:02 [2269276] WARN  /home/kadir/mqtt-fuzzing/builds/nanomq-asan/nng/src/sp/transport/mqtt/broker_tcp.c:739 tcptran_pipe_recv_cb: Got invalid CONNECT from client!
2026-09-17 01:18:02 [2269276] WARN  /home/kadir/mqtt-fuzzing/builds/nanomq-asan/nng/src/sp/transport/mqtt/broker_tcp.c:895 tcptran_pipe_recv_cb: tcptran_pipe_recv_cb: recv_error rv: 129

2026-09-17 01:18:02 [2269275] WARN  /home/kadir/mqtt-fuzzing/builds/nanomq-asan/nng/src/sp/protocol/mqtt/mqtt_parser.c:1363 nano_msg_notify: test offline!
2026-09-17 01:18:03 [2269276] WARN  /home/kadir/mqtt-fuzzing/builds/nanomq-asan/nng/src/sp/protocol/mqtt/mqtt_parser.c:1359 nano_msg_notify: test online!
2026-09-17 01:18:03 [2269275] WARN  /home/kadir/mqtt-fuzzing/builds/nanomq-asan/nng/src/sp/transport/mqtt/broker_tcp.c:739 tcptran_pipe_recv_cb: Got invalid CONNECT from client!
2026-09-17 01:18:03 [2269275] WARN  /home/kadir/mqtt-fuzzing/builds/nanomq-asan/nng/src/sp/transport/mqtt/broker_tcp.c:895 tcptran_pipe_recv_cb: tcptran_pipe_recv_cb: recv_error rv: 129

2026-09-17 01:18:03 [2269273] WARN  /home/kadir/mqtt-fuzzing/builds/nanomq-asan/nng/src/sp/protocol/mqtt/mqtt_parser.c:1363 nano_msg_notify: test offline!
2026-09-17 01:18:03 [2269275] WARN  /home/kadir/mqtt-fuzzing/builds/nanomq-asan/nng/src/sp/protocol/mqtt/mqtt_parser.c:1359 nano_msg_notify: test online!
2026-09-17 01:18:03 [2269273] WARN  /home/kadir/mqtt-fuzzing/builds/nanomq-asan/nng/src/sp/transport/mqtt/broker_tcp.c:739 tcptran_pipe_recv_cb: Got invalid CONNECT from client!
2026-09-17 01:18:03 [2269273] WARN  /home/kadir/mqtt-fuzzing/builds/nanomq-asan/nng/src/sp/transport/mqtt/broker_tcp.c:895 tcptran_pipe_recv_cb: tcptran_pipe_recv_cb: recv_error rv: 129

2026-09-17 01:18:03 [2269274] WARN  /home/kadir/mqtt-fuzzing/builds/nanomq-asan/nng/src/sp/protocol/mqtt/mqtt_parser.c:1363 nano_msg_notify: test offline!
2026-09-17 01:18:03 [2269277] WARN  /home/kadir/mqtt-fuzzing/builds/nanomq-asan/nng/src/sp/protocol/mqtt/mqtt_parser.c:1359 nano_msg_notify: test online!
2026-09-17 01:18:03 [2269274] WARN  /home/kadir/mqtt-fuzzing/builds/nanomq-asan/nng/src/sp/transport/mqtt/broker_tcp.c:739 tcptran_pipe_recv_cb: Got invalid CONNECT from client!
2026-09-17 01:18:03 [2269274] WARN  /home/kadir/mqtt-fuzzing/builds/nanomq-asan/nng/src/sp/transport/mqtt/broker_tcp.c:895 tcptran_pipe_recv_cb: tcptran_pipe_recv_cb: recv_error rv: 129

2026-09-17 01:18:03 [2269275] WARN  /home/kadir/mqtt-fuzzing/builds/nanomq-asan/nng/src/sp/protocol/mqtt/mqtt_parser.c:1363 nano_msg_notify: test offline!
2026-09-17 01:18:03 [2269271] WARN  /home/kadir/mqtt-fuzzing/builds/nanomq-asan/nng/src/sp/protocol/mqtt/mqtt_parser.c:1359 nano_msg_notify: test online!
2026-09-17 01:18:03 [2269272] WARN  /home/kadir/mqtt-fuzzing/builds/nanomq-asan/nng/src/sp/transport/mqtt/broker_tcp.c:739 tcptran_pipe_recv_cb: Got invalid CONNECT from client!
2026-09-17 01:18:03 [2269272] WARN  /home/kadir/mqtt-fuzzing/builds/nanomq-asan/nng/src/sp/transport/mqtt/broker_tcp.c:895 tcptran_pipe_recv_cb: tcptran_pipe_recv_cb: recv_error rv: 129

2026-09-17 01:18:03 [2269276] WARN  /home/kadir/mqtt-fuzzing/builds/nanomq-asan/nng/src/sp/protocol/mqtt/mqtt_parser.c:1363 nano_msg_notify: test offline!
2026-09-17 01:18:03 [2269273] WARN  /home/kadir/mqtt-fuzzing/builds/nanomq-asan/nng/src/sp/protocol/mqtt/mqtt_parser.c:1359 nano_msg_notify: test online!
2026-09-17 01:18:03 [2269278] WARN  /home/kadir/mqtt-fuzzing/builds/nanomq-asan/nng/src/sp/transport/mqtt/broker_tcp.c:739 tcptran_pipe_recv_cb: Got invalid CONNECT from client!
2026-09-17 01:18:03 [2269278] WARN  /home/kadir/mqtt-fuzzing/builds/nanomq-asan/nng/src/sp/transport/mqtt/broker_tcp.c:895 tcptran_pipe_recv_cb: tcptran_pipe_recv_cb: recv_error rv: 129

2026-09-17 01:18:03 [2269275] WARN  /home/kadir/mqtt-fuzzing/builds/nanomq-asan/nng/src/sp/protocol/mqtt/mqtt_parser.c:1363 nano_msg_notify: test offline!
2026-09-17 01:18:03 [2269274] WARN  /home/kadir/mqtt-fuzzing/builds/nanomq-asan/nng/src/sp/transport/mqtt/broker_tcp.c:739 tcptran_pipe_recv_cb: Got invalid CONNECT from client!
2026-09-17 01:18:03 [2269274] WARN  /home/kadir/mqtt-fuzzing/builds/nanomq-asan/nng/src/sp/transport/mqtt/broker_tcp.c:895 tcptran_pipe_recv_cb: tcptran_pipe_recv_cb: recv_error rv: 129

2026-09-17 01:18:03 [2269273] WARN  /home/kadir/mqtt-fuzzing/builds/nanomq-asan/nng/src/sp/protocol/mqtt/mqtt_parser.c:1359 nano_msg_notify: test online!
2026-09-17 01:18:03 [2269274] WARN  /home/kadir/mqtt-fuzzing/builds/nanomq-asan/nng/src/sp/protocol/mqtt/mqtt_parser.c:1363 nano_msg_notify: test offline!
2026-09-17 01:18:03 [2269277] WARN  /home/kadir/mqtt-fuzzing/builds/nanomq-asan/nng/src/sp/protocol/mqtt/mqtt_parser.c:1359 nano_msg_notify: test online!
2026-09-17 01:18:03 [2269278] WARN  /home/kadir/mqtt-fuzzing/builds/nanomq-asan/nng/src/sp/transport/mqtt/broker_tcp.c:739 tcptran_pipe_recv_cb: Got invalid CONNECT from client!
2026-09-17 01:18:03 [2269275] WARN  /home/kadir/mqtt-fuzzing/builds/nanomq-asan/nng/src/sp/protocol/mqtt/mqtt_parser.c:1363 nano_msg_notify: test offline!
2026-09-17 01:18:03 [2269278] WARN  /home/kadir/mqtt-fuzzing/builds/nanomq-asan/nng/src/sp/transport/mqtt/broker_tcp.c:895 tcptran_pipe_recv_cb: tcptran_pipe_recv_cb: recv_error rv: 129

2026-09-17 01:18:03 [2269276] WARN  /home/kadir/mqtt-fuzzing/builds/nanomq-asan/nng/src/sp/protocol/mqtt/mqtt_parser.c:1359 nano_msg_notify: test online!
2026-09-17 01:18:03 [2269271] WARN  /home/kadir/mqtt-fuzzing/builds/nanomq-asan/nng/src/sp/transport/mqtt/broker_tcp.c:739 tcptran_pipe_recv_cb: Got invalid CONNECT from client!
2026-09-17 01:18:03 [2269271] WARN  /home/kadir/mqtt-fuzzing/builds/nanomq-asan/nng/src/sp/transport/mqtt/broker_tcp.c:895 tcptran_pipe_recv_cb: tcptran_pipe_recv_cb: recv_error rv: 129

2026-09-17 01:18:03 [2269274] WARN  /home/kadir/mqtt-fuzzing/builds/nanomq-asan/nng/src/sp/protocol/mqtt/mqtt_parser.c:1363 nano_msg_notify: test offline!
2026-09-17 01:18:03 [2269276] WARN  /home/kadir/mqtt-fuzzing/builds/nanomq-asan/nng/src/sp/protocol/mqtt/mqtt_parser.c:1359 nano_msg_notify: test online!
2026-09-17 01:18:03 [2269275] WARN  /home/kadir/mqtt-fuzzing/builds/nanomq-asan/nng/src/sp/transport/mqtt/broker_tcp.c:739 tcptran_pipe_recv_cb: Got invalid CONNECT from client!
2026-09-17 01:18:03 [2269275] WARN  /home/kadir/mqtt-fuzzing/builds/nanomq-asan/nng/src/sp/transport/mqtt/broker_tcp.c:895 tcptran_pipe_recv_cb: tcptran_pipe_recv_cb: recv_error rv: 129

2026-09-17 01:18:03 [2269271] WARN  /home/kadir/mqtt-fuzzing/builds/nanomq-asan/nng/src/sp/protocol/mqtt/mqtt_parser.c:1363 nano_msg_notify: test offline!
2026-09-17 01:18:03 [2269273] WARN  /home/kadir/mqtt-fuzzing/builds/nanomq-asan/nng/src/sp/protocol/mqtt/mqtt_parser.c:1359 nano_msg_notify: test online!
2026-09-17 01:18:03 [2269272] WARN  /home/kadir/mqtt-fuzzing/builds/nanomq-asan/nng/src/sp/transport/mqtt/broker_tcp.c:739 tcptran_pipe_recv_cb: Got invalid CONNECT from client!
2026-09-17 01:18:03 [2269272] WARN  /home/kadir/mqtt-fuzzing/builds/nanomq-asan/nng/src/sp/transport/mqtt/broker_tcp.c:895 tcptran_pipe_recv_cb: tcptran_pipe_recv_cb: recv_error rv: 129

2026-09-17 01:18:03 [2269278] WARN  /home/kadir/mqtt-fuzzing/builds/nanomq-asan/nng/src/sp/protocol/mqtt/mqtt_parser.c:1363 nano_msg_notify: test offline!
2026-09-17 01:18:03 [2269274] WARN  /home/kadir/mqtt-fuzzing/builds/nanomq-asan/nng/src/sp/protocol/mqtt/mqtt_parser.c:1359 nano_msg_notify: test online!
2026-09-17 01:18:03 [2269273] WARN  /home/kadir/mqtt-fuzzing/builds/nanomq-asan/nng/src/sp/transport/mqtt/broker_tcp.c:739 tcptran_pipe_recv_cb: Got invalid CONNECT from client!
2026-09-17 01:18:03 [2269273] WARN  /home/kadir/mqtt-fuzzing/builds/nanomq-asan/nng/src/sp/transport/mqtt/broker_tcp.c:895 tcptran_pipe_recv_cb: tcptran_pipe_recv_cb: recv_error rv: 129

2026-09-17 01:18:03 [2269277] WARN  /home/kadir/mqtt-fuzzing/builds/nanomq-asan/nng/src/sp/protocol/mqtt/mqtt_parser.c:1363 nano_msg_notify: test offline!
2026-09-17 01:18:03 [2269271] WARN  /home/kadir/mqtt-fuzzing/builds/nanomq-asan/nng/src/sp/protocol/mqtt/mqtt_parser.c:1359 nano_msg_notify: test online!
2026-09-17 01:18:03 [2269277] WARN  /home/kadir/mqtt-fuzzing/builds/nanomq-asan/nng/src/sp/transport/mqtt/broker_tcp.c:739 tcptran_pipe_recv_cb: Got invalid CONNECT from client!
2026-09-17 01:18:03 [2269277] WARN  /home/kadir/mqtt-fuzzing/builds/nanomq-asan/nng/src/sp/transport/mqtt/broker_tcp.c:895 tcptran_pipe_recv_cb: tcptran_pipe_recv_cb: recv_error rv: 129

2026-09-17 01:18:03 [2269274] WARN  /home/kadir/mqtt-fuzzing/builds/nanomq-asan/nng/src/sp/protocol/mqtt/mqtt_parser.c:1363 nano_msg_notify: test offline!
2026-09-17 01:18:03 [2269277] WARN  /home/kadir/mqtt-fuzzing/builds/nanomq-asan/nng/src/sp/protocol/mqtt/mqtt_parser.c:1359 nano_msg_notify: test online!
2026-09-17 01:18:03 [2269272] WARN  /home/kadir/mqtt-fuzzing/builds/nanomq-asan/nng/src/sp/transport/mqtt/broker_tcp.c:739 tcptran_pipe_recv_cb: Got invalid CONNECT from client!
2026-09-17 01:18:03 [2269272] WARN  /home/kadir/mqtt-fuzzing/builds/nanomq-asan/nng/src/sp/transport/mqtt/broker_tcp.c:895 tcptran_pipe_recv_cb: tcptran_pipe_recv_cb: recv_error rv: 129

2026-09-17 01:18:03 [2269275] WARN  /home/kadir/mqtt-fuzzing/builds/nanomq-asan/nng/src/sp/protocol/mqtt/mqtt_parser.c:1363 nano_msg_notify: test offline!
2026-09-17 01:18:03 [2269272] WARN  /home/kadir/mqtt-fuzzing/builds/nanomq-asan/nng/src/sp/protocol/mqtt/mqtt_parser.c:1359 nano_msg_notify: test online!
2026-09-17 01:18:03 [2269273] WARN  /home/kadir/mqtt-fuzzing/builds/nanomq-asan/nng/src/sp/transport/mqtt/broker_tcp.c:739 tcptran_pipe_recv_cb: Got invalid CONNECT from client!
2026-09-17 01:18:03 [2269273] WARN  /home/kadir/mqtt-fuzzing/builds/nanomq-asan/nng/src/sp/transport/mqtt/broker_tcp.c:895 tcptran_pipe_recv_cb: tcptran_pipe_recv_cb: recv_error rv: 129

2026-09-17 01:18:03 [2269273] WARN  /home/kadir/mqtt-fuzzing/builds/nanomq-asan/nng/src/sp/protocol/mqtt/mqtt_parser.c:1363 nano_msg_notify: test offline!
2026-09-17 01:18:03 [2269274] WARN  /home/kadir/mqtt-fuzzing/builds/nanomq-asan/nng/src/sp/protocol/mqtt/mqtt_parser.c:1359 nano_msg_notify: test online!
2026-09-17 01:18:03 [2269277] WARN  /home/kadir/mqtt-fuzzing/builds/nanomq-asan/nng/src/sp/transport/mqtt/broker_tcp.c:739 tcptran_pipe_recv_cb: Got invalid CONNECT from client!
2026-09-17 01:18:03 [2269277] WARN  /home/kadir/mqtt-fuzzing/builds/nanomq-asan/nng/src/sp/transport/mqtt/broker_tcp.c:895 tcptran_pipe_recv_cb: tcptran_pipe_recv_cb: recv_error rv: 129

2026-09-17 01:18:03 [2269275] WARN  /home/kadir/mqtt-fuzzing/builds/nanomq-asan/nng/src/sp/protocol/mqtt/mqtt_parser.c:1363 nano_msg_notify: test offline!
2026-09-17 01:18:03 [2269276] WARN  /home/kadir/mqtt-fuzzing/builds/nanomq-asan/nng/src/sp/protocol/mqtt/mqtt_parser.c:1359 nano_msg_notify: test online!
2026-09-17 01:18:03 [2269272] WARN  /home/kadir/mqtt-fuzzing/builds/nanomq-asan/nng/src/sp/transport/mqtt/broker_tcp.c:739 tcptran_pipe_recv_cb: Got invalid CONNECT from client!
2026-09-17 01:18:03 [2269272] WARN  /home/kadir/mqtt-fuzzing/builds/nanomq-asan/nng/src/sp/transport/mqtt/broker_tcp.c:895 tcptran_pipe_recv_cb: tcptran_pipe_recv_cb: recv_error rv: 129

2026-09-17 01:18:03 [2269273] WARN  /home/kadir/mqtt-fuzzing/builds/nanomq-asan/nng/src/sp/protocol/mqtt/mqtt_parser.c:1363 nano_msg_notify: test offline!
2026-09-17 01:18:03 [2269272] WARN  /home/kadir/mqtt-fuzzing/builds/nanomq-asan/nng/src/sp/protocol/mqtt/mqtt_parser.c:1359 nano_msg_notify: test online!
2026-09-17 01:18:03 [2269277] WARN  /home/kadir/mqtt-fuzzing/builds/nanomq-asan/nng/src/sp/transport/mqtt/broker_tcp.c:739 tcptran_pipe_recv_cb: Got invalid CONNECT from client!
2026-09-17 01:18:03 [2269277] WARN  /home/kadir/mqtt-fuzzing/builds/nanomq-asan/nng/src/sp/transport/mqtt/broker_tcp.c:895 tcptran_pipe_recv_cb: tcptran_pipe_recv_cb: recv_error rv: 129

2026-09-17 01:18:03 [2269276] WARN  /home/kadir/mqtt-fuzzing/builds/nanomq-asan/nng/src/sp/protocol/mqtt/mqtt_parser.c:1363 nano_msg_notify: test offline!
2026-09-17 01:18:03 [2269272] WARN  /home/kadir/mqtt-fuzzing/builds/nanomq-asan/nng/src/sp/protocol/mqtt/mqtt_parser.c:1359 nano_msg_notify: test online!
2026-09-17 01:18:03 [2269278] WARN  /home/kadir/mqtt-fuzzing/builds/nanomq-asan/nng/src/sp/transport/mqtt/broker_tcp.c:739 tcptran_pipe_recv_cb: Got invalid CONNECT from client!
2026-09-17 01:18:03 [2269278] WARN  /home/kadir/mqtt-fuzzing/builds/nanomq-asan/nng/src/sp/transport/mqtt/broker_tcp.c:895 tcptran_pipe_recv_cb: tcptran_pipe_recv_cb: recv_error rv: 129

2026-09-17 01:18:03 [2269277] WARN  /home/kadir/mqtt-fuzzing/builds/nanomq-asan/nng/src/sp/protocol/mqtt/mqtt_parser.c:1363 nano_msg_notify: test offline!
2026-09-17 01:18:03 [2269278] WARN  /home/kadir/mqtt-fuzzing/builds/nanomq-asan/nng/src/sp/protocol/mqtt/mqtt_parser.c:1359 nano_msg_notify: test online!
2026-09-17 01:18:03 [2269273] WARN  /home/kadir/mqtt-fuzzing/builds/nanomq-asan/nng/src/sp/transport/mqtt/broker_tcp.c:739 tcptran_pipe_recv_cb: Got invalid CONNECT from client!
2026-09-17 01:18:03 [2269273] WARN  /home/kadir/mqtt-fuzzing/builds/nanomq-asan/nng/src/sp/transport/mqtt/broker_tcp.c:895 tcptran_pipe_recv_cb: tcptran_pipe_recv_cb: recv_error rv: 129

2026-09-17 01:18:03 [2269276] WARN  /home/kadir/mqtt-fuzzing/builds/nanomq-asan/nng/src/sp/protocol/mqtt/mqtt_parser.c:1363 nano_msg_notify: test offline!
2026-09-17 01:18:03 [2269273] WARN  /home/kadir/mqtt-fuzzing/builds/nanomq-asan/nng/src/sp/protocol/mqtt/mqtt_parser.c:1359 nano_msg_notify: test online!
2026-09-17 01:18:03 [2269272] WARN  /home/kadir/mqtt-fuzzing/builds/nanomq-asan/nng/src/sp/transport/mqtt/broker_tcp.c:739 tcptran_pipe_recv_cb: Got invalid CONNECT from client!
2026-09-17 01:18:03 [2269272] WARN  /home/kadir/mqtt-fuzzing/builds/nanomq-asan/nng/src/sp/transport/mqtt/broker_tcp.c:895 tcptran_pipe_recv_cb: tcptran_pipe_recv_cb: recv_error rv: 129

2026-09-17 01:18:03 [2269275] WARN  /home/kadir/mqtt-fuzzing/builds/nanomq-asan/nng/src/sp/protocol/mqtt/mqtt_parser.c:1363 nano_msg_notify: test offline!
2026-09-17 01:18:03 [2269276] WARN  /home/kadir/mqtt-fuzzing/builds/nanomq-asan/nng/src/sp/protocol/mqtt/mqtt_parser.c:1359 nano_msg_notify: test online!
2026-09-17 01:18:03 [2269274] WARN  /home/kadir/mqtt-fuzzing/builds/nanomq-asan/nng/src/sp/transport/mqtt/broker_tcp.c:739 tcptran_pipe_recv_cb: Got invalid CONNECT from client!
2026-09-17 01:18:03 [2269274] WARN  /home/kadir/mqtt-fuzzing/builds/nanomq-asan/nng/src/sp/transport/mqtt/broker_tcp.c:895 tcptran_pipe_recv_cb: tcptran_pipe_recv_cb: recv_error rv: 129

2026-09-17 01:18:03 [2269275] WARN  /home/kadir/mqtt-fuzzing/builds/nanomq-asan/nng/src/sp/protocol/mqtt/mqtt_parser.c:1363 nano_msg_notify: test offline!
2026-09-17 01:18:03 [2269276] WARN  /home/kadir/mqtt-fuzzing/builds/nanomq-asan/nng/src/sp/protocol/mqtt/mqtt_parser.c:1359 nano_msg_notify: test online!
2026-09-17 01:18:03 [2269273] WARN  /home/kadir/mqtt-fuzzing/builds/nanomq-asan/nng/src/sp/transport/mqtt/broker_tcp.c:739 tcptran_pipe_recv_cb: Got invalid CONNECT from client!
2026-09-17 01:18:03 [2269273] WARN  /home/kadir/mqtt-fuzzing/builds/nanomq-asan/nng/src/sp/transport/mqtt/broker_tcp.c:895 tcptran_pipe_recv_cb: tcptran_pipe_recv_cb: recv_error rv: 129

2026-09-17 01:18:03 [2269273] WARN  /home/kadir/mqtt-fuzzing/builds/nanomq-asan/nng/src/sp/protocol/mqtt/mqtt_parser.c:1363 nano_msg_notify: test offline!
2026-09-17 01:18:03 [2269276] WARN  /home/kadir/mqtt-fuzzing/builds/nanomq-asan/nng/src/sp/protocol/mqtt/mqtt_parser.c:1359 nano_msg_notify: test online!
2026-09-17 01:18:03 [2269273] WARN  /home/kadir/mqtt-fuzzing/builds/nanomq-asan/nng/src/sp/transport/mqtt/broker_tcp.c:739 tcptran_pipe_recv_cb: Got invalid CONNECT from client!
2026-09-17 01:18:03 [2269273] WARN  /home/kadir/mqtt-fuzzing/builds/nanomq-asan/nng/src/sp/transport/mqtt/broker_tcp.c:895 tcptran_pipe_recv_cb: tcptran_pipe_recv_cb: recv_error rv: 129

2026-09-17 01:18:03 [2269273] WARN  /home/kadir/mqtt-fuzzing/builds/nanomq-asan/nng/src/sp/protocol/mqtt/mqtt_parser.c:1363 nano_msg_notify: test offline!
2026-09-17 01:18:03 [2269272] WARN  /home/kadir/mqtt-fuzzing/builds/nanomq-asan/nng/src/sp/protocol/mqtt/mqtt_parser.c:1359 nano_msg_notify: test online!
2026-09-17 01:18:03 [2269278] WARN  /home/kadir/mqtt-fuzzing/builds/nanomq-asan/nng/src/sp/transport/mqtt/broker_tcp.c:739 tcptran_pipe_recv_cb: Got invalid CONNECT from client!
2026-09-17 01:18:03 [2269278] WARN  /home/kadir/mqtt-fuzzing/builds/nanomq-asan/nng/src/sp/transport/mqtt/broker_tcp.c:895 tcptran_pipe_recv_cb: tcptran_pipe_recv_cb: recv_error rv: 129

2026-09-17 01:18:03 [2269277] WARN  /home/kadir/mqtt-fuzzing/builds/nanomq-asan/nng/src/sp/protocol/mqtt/mqtt_parser.c:1363 nano_msg_notify: test offline!
2026-09-17 01:18:03 [2269275] WARN  /home/kadir/mqtt-fuzzing/builds/nanomq-asan/nng/src/sp/protocol/mqtt/mqtt_parser.c:1359 nano_msg_notify: test online!
2026-09-17 01:18:03 [2269277] WARN  /home/kadir/mqtt-fuzzing/builds/nanomq-asan/nng/src/sp/transport/mqtt/broker_tcp.c:739 tcptran_pipe_recv_cb: Got invalid CONNECT from client!
2026-09-17 01:18:03 [2269277] WARN  /home/kadir/mqtt-fuzzing/builds/nanomq-asan/nng/src/sp/transport/mqtt/broker_tcp.c:895 tcptran_pipe_recv_cb: tcptran_pipe_recv_cb: recv_error rv: 129

2026-09-17 01:18:03 [2269271] WARN  /home/kadir/mqtt-fuzzing/builds/nanomq-asan/nng/src/sp/protocol/mqtt/mqtt_parser.c:1363 nano_msg_notify: test offline!
2026-09-17 01:18:03 [2269274] WARN  /home/kadir/mqtt-fuzzing/builds/nanomq-asan/nng/src/sp/protocol/mqtt/mqtt_parser.c:1359 nano_msg_notify: test online!
2026-09-17 01:18:03 [2269276] WARN  /home/kadir/mqtt-fuzzing/builds/nanomq-asan/nng/src/sp/transport/mqtt/broker_tcp.c:739 tcptran_pipe_recv_cb: Got invalid CONNECT from client!
2026-09-17 01:18:03 [2269276] WARN  /home/kadir/mqtt-fuzzing/builds/nanomq-asan/nng/src/sp/transport/mqtt/broker_tcp.c:895 tcptran_pipe_recv_cb: tcptran_pipe_recv_cb: recv_error rv: 129

2026-09-17 01:18:03 [2269273] WARN  /home/kadir/mqtt-fuzzing/builds/nanomq-asan/nng/src/sp/protocol/mqtt/mqtt_parser.c:1363 nano_msg_notify: test offline!
2026-09-17 01:18:03 [2269272] WARN  /home/kadir/mqtt-fuzzing/builds/nanomq-asan/nng/src/sp/protocol/mqtt/mqtt_parser.c:1359 nano_msg_notify: test online!
2026-09-17 01:18:03 [2269276] WARN  /home/kadir/mqtt-fuzzing/builds/nanomq-asan/nng/src/sp/transport/mqtt/broker_tcp.c:739 tcptran_pipe_recv_cb: Got invalid CONNECT from client!
2026-09-17 01:18:03 [2269276] WARN  /home/kadir/mqtt-fuzzing/builds/nanomq-asan/nng/src/sp/transport/mqtt/broker_tcp.c:895 tcptran_pipe_recv_cb: tcptran_pipe_recv_cb: recv_error rv: 129

2026-09-17 01:18:03 [2269271] WARN  /home/kadir/mqtt-fuzzing/builds/nanomq-asan/nng/src/sp/protocol/mqtt/mqtt_parser.c:1363 nano_msg_notify: test offline!
2026-09-17 01:18:03 [2269275] WARN  /home/kadir/mqtt-fuzzing/builds/nanomq-asan/nng/src/sp/transport/mqtt/broker_tcp.c:739 tcptran_pipe_recv_cb: Got invalid CONNECT from client!
2026-09-17 01:18:03 [2269272] WARN  /home/kadir/mqtt-fuzzing/builds/nanomq-asan/nng/src/sp/protocol/mqtt/mqtt_parser.c:1359 nano_msg_notify: test online!
2026-09-17 01:18:03 [2269275] WARN  /home/kadir/mqtt-fuzzing/builds/nanomq-asan/nng/src/sp/transport/mqtt/broker_tcp.c:895 tcptran_pipe_recv_cb: tcptran_pipe_recv_cb: recv_error rv: 129

2026-09-17 01:18:03 [2269278] WARN  /home/kadir/mqtt-fuzzing/builds/nanomq-asan/nng/src/sp/protocol/mqtt/mqtt_parser.c:1363 nano_msg_notify: test offline!
2026-09-17 01:18:03 [2269275] WARN  /home/kadir/mqtt-fuzzing/builds/nanomq-asan/nng/src/sp/protocol/mqtt/mqtt_parser.c:1359 nano_msg_notify: test online!
2026-09-17 01:18:03 [2269278] WARN  /home/kadir/mqtt-fuzzing/builds/nanomq-asan/nng/src/sp/transport/mqtt/broker_tcp.c:739 tcptran_pipe_recv_cb: Got invalid CONNECT from client!
2026-09-17 01:18:03 [2269278] WARN  /home/kadir/mqtt-fuzzing/builds/nanomq-asan/nng/src/sp/transport/mqtt/broker_tcp.c:895 tcptran_pipe_recv_cb: tcptran_pipe_recv_cb: recv_error rv: 129

2026-09-17 01:18:03 [2269273] WARN  /home/kadir/mqtt-fuzzing/builds/nanomq-asan/nng/src/sp/protocol/mqtt/mqtt_parser.c:1363 nano_msg_notify: test offline!
2026-09-17 01:18:03 [2269271] WARN  /home/kadir/mqtt-fuzzing/builds/nanomq-asan/nng/src/sp/protocol/mqtt/mqtt_parser.c:1359 nano_msg_notify: test online!
2026-09-17 01:18:03 [2269277] WARN  /home/kadir/mqtt-fuzzing/builds/nanomq-asan/nng/src/sp/transport/mqtt/broker_tcp.c:739 tcptran_pipe_recv_cb: Got invalid CONNECT from client!
2026-09-17 01:18:03 [2269277] WARN  /home/kadir/mqtt-fuzzing/builds/nanomq-asan/nng/src/sp/transport/mqtt/broker_tcp.c:895 tcptran_pipe_recv_cb: tcptran_pipe_recv_cb: recv_error rv: 129

2026-09-17 01:18:03 [2269276] WARN  /home/kadir/mqtt-fuzzing/builds/nanomq-asan/nng/src/sp/protocol/mqtt/mqtt_parser.c:1363 nano_msg_notify: test offline!
2026-09-17 01:18:03 [2269277] WARN  /home/kadir/mqtt-fuzzing/builds/nanomq-asan/nng/src/sp/protocol/mqtt/mqtt_parser.c:1359 nano_msg_notify: test online!
2026-09-17 01:18:03 [2269271] WARN  /home/kadir/mqtt-fuzzing/builds/nanomq-asan/nng/src/sp/transport/mqtt/broker_tcp.c:739 tcptran_pipe_recv_cb: Got invalid CONNECT from client!
2026-09-17 01:18:03 [2269271] WARN  /home/kadir/mqtt-fuzzing/builds/nanomq-asan/nng/src/sp/transport/mqtt/broker_tcp.c:895 tcptran_pipe_recv_cb: tcptran_pipe_recv_cb: recv_error rv: 129

2026-09-17 01:18:03 [2269273] WARN  /home/kadir/mqtt-fuzzing/builds/nanomq-asan/nng/src/sp/protocol/mqtt/mqtt_parser.c:1363 nano_msg_notify: test offline!
2026-09-17 01:18:03 [2269275] WARN  /home/kadir/mqtt-fuzzing/builds/nanomq-asan/nng/src/sp/protocol/mqtt/mqtt_parser.c:1359 nano_msg_notify: test online!
2026-09-17 01:18:03 [2269274] WARN  /home/kadir/mqtt-fuzzing/builds/nanomq-asan/nng/src/sp/transport/mqtt/broker_tcp.c:739 tcptran_pipe_recv_cb: Got invalid CONNECT from client!
2026-09-17 01:18:03 [2269274] WARN  /home/kadir/mqtt-fuzzing/builds/nanomq-asan/nng/src/sp/transport/mqtt/broker_tcp.c:895 tcptran_pipe_recv_cb: tcptran_pipe_recv_cb: recv_error rv: 129

2026-09-17 01:18:03 [2269273] WARN  /home/kadir/mqtt-fuzzing/builds/nanomq-asan/nng/src/sp/protocol/mqtt/mqtt_parser.c:1363 nano_msg_notify: test offline!
2026-09-17 01:18:03 [2269274] WARN  /home/kadir/mqtt-fuzzing/builds/nanomq-asan/nng/src/sp/protocol/mqtt/mqtt_parser.c:1359 nano_msg_notify: test online!
2026-09-17 01:18:03 [2269276] WARN  /home/kadir/mqtt-fuzzing/builds/nanomq-asan/nng/src/sp/transport/mqtt/broker_tcp.c:739 tcptran_pipe_recv_cb: Got invalid CONNECT from client!
2026-09-17 01:18:03 [2269276] WARN  /home/kadir/mqtt-fuzzing/builds/nanomq-asan/nng/src/sp/transport/mqtt/broker_tcp.c:895 tcptran_pipe_recv_cb: tcptran_pipe_recv_cb: recv_error rv: 129

2026-09-17 01:18:03 [2269271] WARN  /home/kadir/mqtt-fuzzing/builds/nanomq-asan/nng/src/sp/protocol/mqtt/mqtt_parser.c:1363 nano_msg_notify: test offline!
2026-09-17 01:18:03 [2269274] WARN  /home/kadir/mqtt-fuzzing/builds/nanomq-asan/nng/src/sp/protocol/mqtt/mqtt_parser.c:1359 nano_msg_notify: test online!
2026-09-17 01:18:03 [2269275] WARN  /home/kadir/mqtt-fuzzing/builds/nanomq-asan/nng/src/sp/transport/mqtt/broker_tcp.c:739 tcptran_pipe_recv_cb: Got invalid CONNECT from client!
2026-09-17 01:18:03 [2269275] WARN  /home/kadir/mqtt-fuzzing/builds/nanomq-asan/nng/src/sp/transport/mqtt/broker_tcp.c:895 tcptran_pipe_recv_cb: tcptran_pipe_recv_cb: recv_error rv: 129

2026-09-17 01:18:03 [2269277] WARN  /home/kadir/mqtt-fuzzing/builds/nanomq-asan/nng/src/sp/protocol/mqtt/mqtt_parser.c:1363 nano_msg_notify: test offline!
2026-09-17 01:18:03 [2269275] WARN  /home/kadir/mqtt-fuzzing/builds/nanomq-asan/nng/src/sp/protocol/mqtt/mqtt_parser.c:1359 nano_msg_notify: test online!
2026-09-17 01:18:03 [2269278] WARN  /home/kadir/mqtt-fuzzing/builds/nanomq-asan/nng/src/sp/transport/mqtt/broker_tcp.c:739 tcptran_pipe_recv_cb: Got invalid CONNECT from client!
2026-09-17 01:18:03 [2269278] WARN  /home/kadir/mqtt-fuzzing/builds/nanomq-asan/nng/src/sp/transport/mqtt/broker_tcp.c:895 tcptran_pipe_recv_cb: tcptran_pipe_recv_cb: recv_error rv: 129

2026-09-17 01:18:03 [2269274] WARN  /home/kadir/mqtt-fuzzing/builds/nanomq-asan/nng/src/sp/protocol/mqtt/mqtt_parser.c:1363 nano_msg_notify: test offline!
2026-09-17 01:18:03 [2269274] WARN  /home/kadir/mqtt-fuzzing/builds/nanomq-asan/nng/src/sp/transport/mqtt/broker_tcp.c:739 tcptran_pipe_recv_cb: Got invalid CONNECT from client!2026-09-17 01:18:03 [2269278] WARN  /home/kadir/mqtt-fuzzing/builds/nanomq-asan/nng/src/sp/protocol/mqtt/mqtt_parser.c:1359 nano_msg_notify: test online!

2026-09-17 01:18:03 [2269274] WARN  /home/kadir/mqtt-fuzzing/builds/nanomq-asan/nng/src/sp/transport/mqtt/broker_tcp.c:895 tcptran_pipe_recv_cb: tcptran_pipe_recv_cb: recv_error rv: 129

2026-09-17 01:18:03 [2269276] WARN  /home/kadir/mqtt-fuzzing/builds/nanomq-asan/nng/src/sp/protocol/mqtt/mqtt_parser.c:1363 nano_msg_notify: test offline!
2026-09-17 01:18:03 [2269274] WARN  /home/kadir/mqtt-fuzzing/builds/nanomq-asan/nng/src/sp/protocol/mqtt/mqtt_parser.c:1359 nano_msg_notify: test online!
2026-09-17 01:18:03 [2269273] WARN  /home/kadir/mqtt-fuzzing/builds/nanomq-asan/nng/src/sp/transport/mqtt/broker_tcp.c:739 tcptran_pipe_recv_cb: Got invalid CONNECT from client!
2026-09-17 01:18:03 [2269272] WARN  /home/kadir/mqtt-fuzzing/builds/nanomq-asan/nng/src/sp/protocol/mqtt/mqtt_parser.c:1363 nano_msg_notify: test offline!
2026-09-17 01:18:03 [2269273] WARN  /home/kadir/mqtt-fuzzing/builds/nanomq-asan/nng/src/sp/transport/mqtt/broker_tcp.c:895 tcptran_pipe_recv_cb: tcptran_pipe_recv_cb: recv_error rv: 129

2026-09-17 01:18:03 [2269273] WARN  /home/kadir/mqtt-fuzzing/builds/nanomq-asan/nng/src/sp/protocol/mqtt/mqtt_parser.c:1359 nano_msg_notify: test online!
2026-09-17 01:18:03 [2269278] WARN  /home/kadir/mqtt-fuzzing/builds/nanomq-asan/nng/src/sp/transport/mqtt/broker_tcp.c:739 tcptran_pipe_recv_cb: Got invalid CONNECT from client!
2026-09-17 01:18:03 [2269278] WARN  /home/kadir/mqtt-fuzzing/builds/nanomq-asan/nng/src/sp/transport/mqtt/broker_tcp.c:895 tcptran_pipe_recv_cb: tcptran_pipe_recv_cb: recv_error rv: 129

2026-09-17 01:18:03 [2269274] WARN  /home/kadir/mqtt-fuzzing/builds/nanomq-asan/nng/src/sp/protocol/mqtt/mqtt_parser.c:1363 nano_msg_notify: test offline!
2026-09-17 01:18:03 [2269278] WARN  /home/kadir/mqtt-fuzzing/builds/nanomq-asan/nng/src/sp/protocol/mqtt/mqtt_parser.c:1359 nano_msg_notify: test online!
2026-09-17 01:18:03 [2269273] WARN  /home/kadir/mqtt-fuzzing/builds/nanomq-asan/nng/src/sp/transport/mqtt/broker_tcp.c:739 tcptran_pipe_recv_cb: Got invalid CONNECT from client!
2026-09-17 01:18:03 [2269273] WARN  /home/kadir/mqtt-fuzzing/builds/nanomq-asan/nng/src/sp/transport/mqtt/broker_tcp.c:895 tcptran_pipe_recv_cb: tcptran_pipe_recv_cb: recv_error rv: 129

2026-09-17 01:18:03 [2269272] WARN  /home/kadir/mqtt-fuzzing/builds/nanomq-asan/nng/src/sp/protocol/mqtt/mqtt_parser.c:1363 nano_msg_notify: test offline!
2026-09-17 01:18:03 [2269276] WARN  /home/kadir/mqtt-fuzzing/builds/nanomq-asan/nng/src/sp/transport/mqtt/broker_tcp.c:739 tcptran_pipe_recv_cb: Got invalid CONNECT from client!
2026-09-17 01:18:03 [2269276] WARN  /home/kadir/mqtt-fuzzing/builds/nanomq-asan/nng/src/sp/transport/mqtt/broker_tcp.c:895 tcptran_pipe_recv_cb: tcptran_pipe_recv_cb: recv_error rv: 129

2026-09-17 01:18:03 [2269273] WARN  /home/kadir/mqtt-fuzzing/builds/nanomq-asan/nng/src/sp/protocol/mqtt/mqtt_parser.c:1359 nano_msg_notify: test online!
2026-09-17 01:18:03 [2269271] WARN  /home/kadir/mqtt-fuzzing/builds/nanomq-asan/nng/src/sp/protocol/mqtt/mqtt_parser.c:1363 nano_msg_notify: test offline!
2026-09-17 01:18:03 [2269278] WARN  /home/kadir/mqtt-fuzzing/builds/nanomq-asan/nng/src/sp/protocol/mqtt/mqtt_parser.c:1359 nano_msg_notify: test online!
2026-09-17 01:18:03 [2269271] WARN  /home/kadir/mqtt-fuzzing/builds/nanomq-asan/nng/src/sp/transport/mqtt/broker_tcp.c:739 tcptran_pipe_recv_cb: Got invalid CONNECT from client!
2026-09-17 01:18:03 [2269271] WARN  /home/kadir/mqtt-fuzzing/builds/nanomq-asan/nng/src/sp/transport/mqtt/broker_tcp.c:895 tcptran_pipe_recv_cb: tcptran_pipe_recv_cb: recv_error rv: 129

2026-09-17 01:18:03 [2269274] WARN  /home/kadir/mqtt-fuzzing/builds/nanomq-asan/nng/src/sp/protocol/mqtt/mqtt_parser.c:1363 nano_msg_notify: test offline!
2026-09-17 01:18:03 [2269273] WARN  /home/kadir/mqtt-fuzzing/builds/nanomq-asan/nng/src/sp/protocol/mqtt/mqtt_parser.c:1359 nano_msg_notify: test online!
2026-09-17 01:18:03 [2269278] WARN  /home/kadir/mqtt-fuzzing/builds/nanomq-asan/nng/src/sp/transport/mqtt/broker_tcp.c:739 tcptran_pipe_recv_cb: Got invalid CONNECT from client!
2026-09-17 01:18:03 [2269278] WARN  /home/kadir/mqtt-fuzzing/builds/nanomq-asan/nng/src/sp/transport/mqtt/broker_tcp.c:895 tcptran_pipe_recv_cb: tcptran_pipe_recv_cb: recv_error rv: 129

2026-09-17 01:18:03 [2269272] WARN  /home/kadir/mqtt-fuzzing/builds/nanomq-asan/nng/src/sp/protocol/mqtt/mqtt_parser.c:1363 nano_msg_notify: test offline!
2026-09-17 01:18:03 [2269278] WARN  /home/kadir/mqtt-fuzzing/builds/nanomq-asan/nng/src/sp/protocol/mqtt/mqtt_parser.c:1359 nano_msg_notify: test online!
2026-09-17 01:18:03 [2269272] WARN  /home/kadir/mqtt-fuzzing/builds/nanomq-asan/nng/src/sp/transport/mqtt/broker_tcp.c:739 tcptran_pipe_recv_cb: Got invalid CONNECT from client!
2026-09-17 01:18:03 [2269272] WARN  /home/kadir/mqtt-fuzzing/builds/nanomq-asan/nng/src/sp/transport/mqtt/broker_tcp.c:895 tcptran_pipe_recv_cb: tcptran_pipe_recv_cb: recv_error rv: 129

2026-09-17 01:18:03 [2269275] WARN  /home/kadir/mqtt-fuzzing/builds/nanomq-asan/nng/src/sp/protocol/mqtt/mqtt_parser.c:1363 nano_msg_notify: test offline!
2026-09-17 01:18:03 [2269272] WARN  /home/kadir/mqtt-fuzzing/builds/nanomq-asan/nng/src/sp/protocol/mqtt/mqtt_parser.c:1359 nano_msg_notify: test online!
2026-09-17 01:18:03 [2269276] WARN  /home/kadir/mqtt-fuzzing/builds/nanomq-asan/nng/src/sp/transport/mqtt/broker_tcp.c:739 tcptran_pipe_recv_cb: Got invalid CONNECT from client!
2026-09-17 01:18:03 [2269276] WARN  /home/kadir/mqtt-fuzzing/builds/nanomq-asan/nng/src/sp/transport/mqtt/broker_tcp.c:895 tcptran_pipe_recv_cb: tcptran_pipe_recv_cb: recv_error rv: 129

2026-09-17 01:18:03 [2269273] WARN  /home/kadir/mqtt-fuzzing/builds/nanomq-asan/nng/src/sp/protocol/mqtt/mqtt_parser.c:1363 nano_msg_notify: test offline!
2026-09-17 01:18:03 [2269275] WARN  /home/kadir/mqtt-fuzzing/builds/nanomq-asan/nng/src/sp/protocol/mqtt/mqtt_parser.c:1359 nano_msg_notify: test online!
2026-09-17 01:18:03 [2269274] WARN  /home/kadir/mqtt-fuzzing/builds/nanomq-asan/nng/src/sp/transport/mqtt/broker_tcp.c:739 tcptran_pipe_recv_cb: Got invalid CONNECT from client!
2026-09-17 01:18:03 [2269274] WARN  /home/kadir/mqtt-fuzzing/builds/nanomq-asan/nng/src/sp/transport/mqtt/broker_tcp.c:895 tcptran_pipe_recv_cb: tcptran_pipe_recv_cb: recv_error rv: 129

2026-09-17 01:18:03 [2269273] WARN  /home/kadir/mqtt-fuzzing/builds/nanomq-asan/nng/src/sp/protocol/mqtt/mqtt_parser.c:1363 nano_msg_notify: test offline!
2026-09-17 01:18:03 [2269272] WARN  /home/kadir/mqtt-fuzzing/builds/nanomq-asan/nng/src/sp/transport/mqtt/broker_tcp.c:739 tcptran_pipe_recv_cb: Got invalid CONNECT from client!
2026-09-17 01:18:03 [2269272] WARN  /home/kadir/mqtt-fuzzing/builds/nanomq-asan/nng/src/sp/transport/mqtt/broker_tcp.c:895 tcptran_pipe_recv_cb: tcptran_pipe_recv_cb: recv_error rv: 129

2026-09-17 01:18:03 [2269277] WARN  /home/kadir/mqtt-fuzzing/builds/nanomq-asan/nng/src/sp/protocol/mqtt/mqtt_parser.c:1359 nano_msg_notify: test online!
2026-09-17 01:18:03 [2269276] WARN  /home/kadir/mqtt-fuzzing/builds/nanomq-asan/nng/src/sp/protocol/mqtt/mqtt_parser.c:1363 nano_msg_notify: test offline!
2026-09-17 01:18:03 [2269271] WARN  /home/kadir/mqtt-fuzzing/builds/nanomq-asan/nng/src/sp/protocol/mqtt/mqtt_parser.c:1359 nano_msg_notify: test online!
2026-09-17 01:18:03 [2269277] WARN  /home/kadir/mqtt-fuzzing/builds/nanomq-asan/nng/src/sp/transport/mqtt/broker_tcp.c:739 tcptran_pipe_recv_cb: Got invalid CONNECT from client!
2026-09-17 01:18:03 [2269277] WARN  /home/kadir/mqtt-fuzzing/builds/nanomq-asan/nng/src/sp/transport/mqtt/broker_tcp.c:895 tcptran_pipe_recv_cb: tcptran_pipe_recv_cb: recv_error rv: 129

2026-09-17 01:18:03 [2269277] WARN  /home/kadir/mqtt-fuzzing/builds/nanomq-asan/nng/src/sp/protocol/mqtt/mqtt_parser.c:1363 nano_msg_notify: test offline!
2026-09-17 01:18:03 [2269273] WARN  /home/kadir/mqtt-fuzzing/builds/nanomq-asan/nng/src/sp/protocol/mqtt/mqtt_parser.c:1359 nano_msg_notify: test online!
2026-09-17 01:18:03 [2269271] WARN  /home/kadir/mqtt-fuzzing/builds/nanomq-asan/nng/src/sp/transport/mqtt/broker_tcp.c:739 tcptran_pipe_recv_cb: Got invalid CONNECT from client!
2026-09-17 01:18:03 [2269271] WARN  /home/kadir/mqtt-fuzzing/builds/nanomq-asan/nng/src/sp/transport/mqtt/broker_tcp.c:895 tcptran_pipe_recv_cb: tcptran_pipe_recv_cb: recv_error rv: 129

2026-09-17 01:18:03 [2269276] WARN  /home/kadir/mqtt-fuzzing/builds/nanomq-asan/nng/src/sp/protocol/mqtt/mqtt_parser.c:1363 nano_msg_notify: test offline!
2026-09-17 01:18:03 [2269271] WARN  /home/kadir/mqtt-fuzzing/builds/nanomq-asan/nng/src/sp/protocol/mqtt/mqtt_parser.c:1359 nano_msg_notify: test online!
2026-09-17 01:18:03 [2269278] WARN  /home/kadir/mqtt-fuzzing/builds/nanomq-asan/nng/src/sp/transport/mqtt/broker_tcp.c:739 tcptran_pipe_recv_cb: Got invalid CONNECT from client!
2026-09-17 01:18:03 [2269278] WARN  /home/kadir/mqtt-fuzzing/builds/nanomq-asan/nng/src/sp/transport/mqtt/broker_tcp.c:895 tcptran_pipe_recv_cb: tcptran_pipe_recv_cb: recv_error rv: 129

2026-09-17 01:18:03 [2269278] WARN  /home/kadir/mqtt-fuzzing/builds/nanomq-asan/nng/src/sp/protocol/mqtt/mqtt_parser.c:1363 nano_msg_notify: test offline!
2026-09-17 01:18:03 [2269274] WARN  /home/kadir/mqtt-fuzzing/builds/nanomq-asan/nng/src/sp/protocol/mqtt/mqtt_parser.c:1359 nano_msg_notify: test online!
2026-09-17 01:18:03 [2269277] WARN  /home/kadir/mqtt-fuzzing/builds/nanomq-asan/nng/src/sp/transport/mqtt/broker_tcp.c:739 tcptran_pipe_recv_cb: Got invalid CONNECT from client!
2026-09-17 01:18:03 [2269277] WARN  /home/kadir/mqtt-fuzzing/builds/nanomq-asan/nng/src/sp/transport/mqtt/broker_tcp.c:895 tcptran_pipe_recv_cb: tcptran_pipe_recv_cb: recv_error rv: 129

2026-09-17 01:18:03 [2269278] WARN  /home/kadir/mqtt-fuzzing/builds/nanomq-asan/nng/src/sp/protocol/mqtt/mqtt_parser.c:1363 nano_msg_notify: test offline!

### ... ORTA KISIM CIKARILDI ...

2026-09-17 06:17:58 [2269273] WARN  /home/kadir/mqtt-fuzzing/builds/nanomq-asan/nng/src/sp/transport/mqtt/broker_tcp.c:525 nmq_tcptran_pipe_send_cb:  send aio error Object closed(7)
2026-09-17 06:17:58 [2269271] ERROR /home/kadir/mqtt-fuzzing/builds/nanomq-asan/nanomq/pub_handler.c:1703 handle_pub: Topic is NULL
2026-09-17 06:17:58 [2269273] WARN  /home/kadir/mqtt-fuzzing/builds/nanomq-asan/nng/src/sp/protocol/mqtt/mqtt_parser.c:1363 nano_msg_notify: test offline!
2026-09-17 06:17:58 [2269276] ERROR /home/kadir/mqtt-fuzzing/builds/nanomq-asan/nanomq/pub_handler.c:1703 handle_pub: Topic is NULL
2026-09-17 06:17:58 [2269273] WARN  /home/kadir/mqtt-fuzzing/builds/nanomq-asan/nng/src/sp/protocol/mqtt/mqtt_parser.c:1359 nano_msg_notify: test online!
2026-09-17 06:17:58 [2269277] ERROR /home/kadir/mqtt-fuzzing/builds/nanomq-asan/nanomq/pub_handler.c:1703 handle_pub: Topic is NULL
2026-09-17 06:17:58 [2269271] ERROR /home/kadir/mqtt-fuzzing/builds/nanomq-asan/nanomq/pub_handler.c:1703 handle_pub: Topic is NULL
2026-09-17 06:17:58 [2269277] WARN  /home/kadir/mqtt-fuzzing/builds/nanomq-asan/nng/src/sp/transport/mqtt/broker_tcp.c:525 nmq_tcptran_pipe_send_cb:  send aio error Object closed(7)
2026-09-17 06:17:58 [2269271] ERROR /home/kadir/mqtt-fuzzing/builds/nanomq-asan/nanomq/pub_handler.c:1703 handle_pub: Topic is NULL
2026-09-17 06:17:58 [2269277] WARN  /home/kadir/mqtt-fuzzing/builds/nanomq-asan/nng/src/sp/protocol/mqtt/mqtt_parser.c:1363 nano_msg_notify: test offline!
2026-09-17 06:17:58 [2269274] WARN  /home/kadir/mqtt-fuzzing/builds/nanomq-asan/nng/src/sp/protocol/mqtt/mqtt_parser.c:1359 nano_msg_notify: test online!
2026-09-17 06:17:58 [2269273] ERROR /home/kadir/mqtt-fuzzing/builds/nanomq-asan/nanomq/pub_handler.c:1703 handle_pub: Topic is NULL
2026-09-17 06:17:58 [2269272] ERROR /home/kadir/mqtt-fuzzing/builds/nanomq-asan/nanomq/pub_handler.c:1703 handle_pub: Topic is NULL
2026-09-17 06:17:58 [2269275] ERROR /home/kadir/mqtt-fuzzing/builds/nanomq-asan/nanomq/pub_handler.c:1703 handle_pub: Topic is NULL
2026-09-17 06:17:58 [2269277] WARN  /home/kadir/mqtt-fuzzing/builds/nanomq-asan/nng/src/sp/transport/mqtt/broker_tcp.c:525 nmq_tcptran_pipe_send_cb:  send aio error Object closed(7)
2026-09-17 06:17:58 [2269276] ERROR /home/kadir/mqtt-fuzzing/builds/nanomq-asan/nanomq/pub_handler.c:1703 handle_pub: Topic is NULL
2026-09-17 06:17:58 [2269278] WARN  /home/kadir/mqtt-fuzzing/builds/nanomq-asan/nng/src/sp/transport/mqtt/broker_tcp.c:628 tcptran_pipe_recv_cb: nni aio recv error!! Connection shutdown

2026-09-17 06:17:58 [2269278] WARN  /home/kadir/mqtt-fuzzing/builds/nanomq-asan/nng/src/sp/transport/mqtt/broker_tcp.c:895 tcptran_pipe_recv_cb: tcptran_pipe_recv_cb: recv_error rv: 139

2026-09-17 06:17:58 [2269277] WARN  /home/kadir/mqtt-fuzzing/builds/nanomq-asan/nng/src/sp/protocol/mqtt/mqtt_parser.c:1363 nano_msg_notify: test offline!
2026-09-17 06:17:58 [2269277] WARN  /home/kadir/mqtt-fuzzing/builds/nanomq-asan/nng/src/sp/protocol/mqtt/mqtt_parser.c:1359 nano_msg_notify: test online!
2026-09-17 06:17:58 [2269276] ERROR /home/kadir/mqtt-fuzzing/builds/nanomq-asan/nanomq/pub_handler.c:1703 handle_pub: Topic is NULL
2026-09-17 06:17:58 [2269277] ERROR /home/kadir/mqtt-fuzzing/builds/nanomq-asan/nanomq/pub_handler.c:1703 handle_pub: Topic is NULL
2026-09-17 06:17:58 [2269277] ERROR /home/kadir/mqtt-fuzzing/builds/nanomq-asan/nanomq/pub_handler.c:1703 handle_pub: Topic is NULL
2026-09-17 06:17:58 [2269272] WARN  /home/kadir/mqtt-fuzzing/builds/nanomq-asan/nng/src/sp/transport/mqtt/broker_tcp.c:525 nmq_tcptran_pipe_send_cb:  send aio error Object closed(7)
2026-09-17 06:17:58 [2269272] WARN  /home/kadir/mqtt-fuzzing/builds/nanomq-asan/nng/src/sp/protocol/mqtt/mqtt_parser.c:1363 nano_msg_notify: test offline!
2026-09-17 06:17:58 [2269275] ERROR /home/kadir/mqtt-fuzzing/builds/nanomq-asan/nanomq/pub_handler.c:1703 handle_pub: Topic is NULL
2026-09-17 06:17:58 [2269278] WARN  /home/kadir/mqtt-fuzzing/builds/nanomq-asan/nng/src/sp/protocol/mqtt/mqtt_parser.c:1359 nano_msg_notify: test online!
2026-09-17 06:17:58 [2269276] ERROR /home/kadir/mqtt-fuzzing/builds/nanomq-asan/nanomq/pub_handler.c:1703 handle_pub: Topic is NULL
2026-09-17 06:17:58 [2269273] ERROR /home/kadir/mqtt-fuzzing/builds/nanomq-asan/nanomq/pub_handler.c:1703 handle_pub: Topic is NULL
2026-09-17 06:17:58 [2269274] ERROR /home/kadir/mqtt-fuzzing/builds/nanomq-asan/nanomq/pub_handler.c:1703 handle_pub: Topic is NULL
2026-09-17 06:17:58 [2269278] WARN  /home/kadir/mqtt-fuzzing/builds/nanomq-asan/nng/src/sp/transport/mqtt/broker_tcp.c:525 nmq_tcptran_pipe_send_cb:  send aio error Object closed(7)
2026-09-17 06:17:58 [2269278] WARN  /home/kadir/mqtt-fuzzing/builds/nanomq-asan/nng/src/sp/protocol/mqtt/mqtt_parser.c:1363 nano_msg_notify: test offline!
2026-09-17 06:17:58 [2269271] ERROR /home/kadir/mqtt-fuzzing/builds/nanomq-asan/nanomq/pub_handler.c:1703 handle_pub: Topic is NULL
2026-09-17 06:17:58 [2269276] WARN  /home/kadir/mqtt-fuzzing/builds/nanomq-asan/nng/src/sp/protocol/mqtt/mqtt_parser.c:1359 nano_msg_notify: test online!
2026-09-17 06:17:58 [2269275] ERROR /home/kadir/mqtt-fuzzing/builds/nanomq-asan/nanomq/pub_handler.c:1703 handle_pub: Topic is NULL
2026-09-17 06:17:58 [2269276] WARN  /home/kadir/mqtt-fuzzing/builds/nanomq-asan/nng/src/sp/transport/mqtt/broker_tcp.c:525 nmq_tcptran_pipe_send_cb:  send aio error Object closed(7)
2026-09-17 06:17:58 [2269274] ERROR /home/kadir/mqtt-fuzzing/builds/nanomq-asan/nanomq/pub_handler.c:1703 handle_pub: Topic is NULL
2026-09-17 06:17:58 [2269276] WARN  /home/kadir/mqtt-fuzzing/builds/nanomq-asan/nng/src/sp/protocol/mqtt/mqtt_parser.c:1363 nano_msg_notify: test offline!
2026-09-17 06:17:58 [2269278] WARN  /home/kadir/mqtt-fuzzing/builds/nanomq-asan/nng/src/sp/protocol/mqtt/mqtt_parser.c:1359 nano_msg_notify: test online!
2026-09-17 06:17:58 [2269275] ERROR /home/kadir/mqtt-fuzzing/builds/nanomq-asan/nanomq/pub_handler.c:1703 handle_pub: Topic is NULL
2026-09-17 06:17:58 [2269272] ERROR /home/kadir/mqtt-fuzzing/builds/nanomq-asan/nanomq/pub_handler.c:1703 handle_pub: Topic is NULL
2026-09-17 06:17:58 [2269273] ERROR /home/kadir/mqtt-fuzzing/builds/nanomq-asan/nanomq/pub_handler.c:1703 handle_pub: Topic is NULL
2026-09-17 06:17:58 [2269278] WARN  /home/kadir/mqtt-fuzzing/builds/nanomq-asan/nng/src/sp/transport/mqtt/broker_tcp.c:525 nmq_tcptran_pipe_send_cb: 2026-09-17 06:17:58 [2269272] ERROR /home/kadir/mqtt-fuzzing/builds/nanomq-asan/nanomq/pub_handler.c:1703 handle_pub:  send aio error Object closed(7)
Topic is NULL
2026-09-17 06:17:58 [2269278] WARN  /home/kadir/mqtt-fuzzing/builds/nanomq-asan/nng/src/sp/protocol/mqtt/mqtt_parser.c:1363 nano_msg_notify: test offline!
2026-09-17 06:17:58 [2269275] WARN  /home/kadir/mqtt-fuzzing/builds/nanomq-asan/nng/src/sp/protocol/mqtt/mqtt_parser.c:1359 nano_msg_notify: test online!
2026-09-17 06:17:58 [2269272] ERROR /home/kadir/mqtt-fuzzing/builds/nanomq-asan/nanomq/pub_handler.c:1703 handle_pub: Topic is NULL
2026-09-17 06:17:58 [2269274] ERROR /home/kadir/mqtt-fuzzing/builds/nanomq-asan/nanomq/pub_handler.c:1703 handle_pub: Topic is NULL
2026-09-17 06:17:58 [2269272] ERROR /home/kadir/mqtt-fuzzing/builds/nanomq-asan/nanomq/pub_handler.c:1703 handle_pub: Topic is NULL
2026-09-17 06:17:58 [2269273] WARN  /home/kadir/mqtt-fuzzing/builds/nanomq-asan/nng/src/sp/transport/mqtt/broker_tcp.c:525 nmq_tcptran_pipe_send_cb:  send aio error Object closed(7)
2026-09-17 06:17:58 [2269277] WARN  /home/kadir/mqtt-fuzzing/builds/nanomq-asan/nng/src/sp/transport/mqtt/broker_tcp.c:628 tcptran_pipe_recv_cb: nni aio recv error!! Object closed

2026-09-17 06:17:58 [2269276] WARN  /home/kadir/mqtt-fuzzing/builds/nanomq-asan/nng/src/sp/protocol/mqtt/mqtt_parser.c:1363 nano_msg_notify: test offline!
2026-09-17 06:17:58 [2269277] WARN  /home/kadir/mqtt-fuzzing/builds/nanomq-asan/nng/src/sp/transport/mqtt/broker_tcp.c:895 tcptran_pipe_recv_cb: tcptran_pipe_recv_cb: recv_error rv: 139

2026-09-17 06:17:58 [2269277] WARN  /home/kadir/mqtt-fuzzing/builds/nanomq-asan/nng/src/sp/protocol/mqtt/mqtt_parser.c:1359 nano_msg_notify: test online!
2026-09-17 06:17:58 [2269271] ERROR /home/kadir/mqtt-fuzzing/builds/nanomq-asan/nanomq/pub_handler.c:1703 handle_pub: Topic is NULL
2026-09-17 06:17:58 [2269275] ERROR /home/kadir/mqtt-fuzzing/builds/nanomq-asan/nanomq/pub_handler.c:1703 handle_pub: Topic is NULL
2026-09-17 06:17:58 [2269276] ERROR /home/kadir/mqtt-fuzzing/builds/nanomq-asan/nanomq/pub_handler.c:1703 handle_pub: Topic is NULL
2026-09-17 06:17:58 [2269275] WARN  /home/kadir/mqtt-fuzzing/builds/nanomq-asan/nng/src/sp/transport/mqtt/broker_tcp.c:525 nmq_tcptran_pipe_send_cb:  send aio error Object closed(7)
2026-09-17 06:17:58 [2269277] ERROR /home/kadir/mqtt-fuzzing/builds/nanomq-asan/nanomq/pub_handler.c:1703 handle_pub: Topic is NULL
2026-09-17 06:17:58 [2269275] WARN  /home/kadir/mqtt-fuzzing/builds/nanomq-asan/nng/src/sp/protocol/mqtt/mqtt_parser.c:1363 nano_msg_notify: test offline!
2026-09-17 06:17:58 [2269271] WARN  /home/kadir/mqtt-fuzzing/builds/nanomq-asan/nng/src/sp/protocol/mqtt/mqtt_parser.c:1359 nano_msg_notify: test online!
2026-09-17 06:17:58 [2269276] ERROR /home/kadir/mqtt-fuzzing/builds/nanomq-asan/nanomq/pub_handler.c:1703 handle_pub: 2026-09-17 06:17:58 [2269274] ERROR /home/kadir/mqtt-fuzzing/builds/nanomq-asan/nanomq/pub_handler.c:1703 handle_pub: Topic is NULL
2026-09-17 06:17:58 [2269277] ERROR /home/kadir/mqtt-fuzzing/builds/nanomq-asan/nanomq/pub_handler.c:1703 handle_pub: Topic is NULL
Topic is NULL
2026-09-17 06:17:58 [2269272] ERROR /home/kadir/mqtt-fuzzing/builds/nanomq-asan/nanomq/pub_handler.c:1703 handle_pub: Topic is NULL
2026-09-17 06:17:58 [2269278] ERROR /home/kadir/mqtt-fuzzing/builds/nanomq-asan/nanomq/pub_handler.c:1703 handle_pub: Topic is NULL
2026-09-17 06:17:58 [2269275] WARN  /home/kadir/mqtt-fuzzing/builds/nanomq-asan/nng/src/sp/transport/mqtt/broker_tcp.c:525 nmq_tcptran_pipe_send_cb:  send aio error Object closed(7)
2026-09-17 06:17:58 [2269273] ERROR /home/kadir/mqtt-fuzzing/builds/nanomq-asan/nanomq/pub_handler.c:1703 handle_pub: 2026-09-17 06:17:58 [2269274] ERROR /home/kadir/mqtt-fuzzing/builds/nanomq-asan/nanomq/pub_handler.c:1703 handle_pub: Topic is NULLTopic is NULL

2026-09-17 06:17:58 [2269272] ERROR /home/kadir/mqtt-fuzzing/builds/nanomq-asan/nanomq/pub_handler.c:1703 handle_pub: Topic is NULL
2026-09-17 06:17:58 [2269276] WARN  /home/kadir/mqtt-fuzzing/builds/nanomq-asan/nng/src/sp/protocol/mqtt/mqtt_parser.c:1363 nano_msg_notify: test offline!
2026-09-17 06:17:58 [2269272] ERROR /home/kadir/mqtt-fuzzing/builds/nanomq-asan/nanomq/pub_handler.c:1703 handle_pub: Topic is NULL
2026-09-17 06:17:58 [2269275] WARN  /home/kadir/mqtt-fuzzing/builds/nanomq-asan/nng/src/sp/protocol/mqtt/mqtt_parser.c:1359 nano_msg_notify: test online!
2026-09-17 06:17:58 [2269272] ERROR /home/kadir/mqtt-fuzzing/builds/nanomq-asan/nanomq/pub_handler.c:1703 handle_pub: Topic is NULL
2026-09-17 06:17:58 [2269275] ERROR /home/kadir/mqtt-fuzzing/builds/nanomq-asan/nanomq/pub_handler.c:1703 handle_pub: Topic is NULL
2026-09-17 06:17:58 [2269277] ERROR /home/kadir/mqtt-fuzzing/builds/nanomq-asan/nanomq/pub_handler.c:1703 handle_pub: Topic is NULL
2026-09-17 06:17:58 [2269274] ERROR /home/kadir/mqtt-fuzzing/builds/nanomq-asan/nanomq/pub_handler.c:1703 handle_pub: Topic is NULL
2026-09-17 06:17:58 [2269278] WARN  /home/kadir/mqtt-fuzzing/builds/nanomq-asan/nng/src/sp/transport/mqtt/broker_tcp.c:525 nmq_tcptran_pipe_send_cb:  send aio error Object closed(7)
2026-09-17 06:17:58 [2269278] WARN  /home/kadir/mqtt-fuzzing/builds/nanomq-asan/nng/src/sp/protocol/mqtt/mqtt_parser.c:1363 nano_msg_notify: test offline!
2026-09-17 06:17:58 [2269277] WARN  /home/kadir/mqtt-fuzzing/builds/nanomq-asan/nng/src/sp/protocol/mqtt/mqtt_parser.c:1359 nano_msg_notify: test online!
2026-09-17 06:17:58 [2269272] ERROR /home/kadir/mqtt-fuzzing/builds/nanomq-asan/nanomq/pub_handler.c:1703 handle_pub: Topic is NULL
2026-09-17 06:17:58 [2269272] ERROR /home/kadir/mqtt-fuzzing/builds/nanomq-asan/nanomq/pub_handler.c:1703 handle_pub: Topic is NULL
2026-09-17 06:17:58 [2269272] WARN  /home/kadir/mqtt-fuzzing/builds/nanomq-asan/nng/src/sp/transport/mqtt/broker_tcp.c:525 nmq_tcptran_pipe_send_cb:  send aio error Object closed(7)
2026-09-17 06:17:58 [2269272] WARN  /home/kadir/mqtt-fuzzing/builds/nanomq-asan/nng/src/sp/protocol/mqtt/mqtt_parser.c:1363 nano_msg_notify: test offline!
2026-09-17 06:17:58 [2269271] WARN  /home/kadir/mqtt-fuzzing/builds/nanomq-asan/nng/src/sp/protocol/mqtt/mqtt_parser.c:1359 nano_msg_notify: test online!
2026-09-17 06:17:58 [2269274] ERROR /home/kadir/mqtt-fuzzing/builds/nanomq-asan/nanomq/pub_handler.c:1703 handle_pub: Topic is NULL
2026-09-17 06:17:58 [2269275] ERROR /home/kadir/mqtt-fuzzing/builds/nanomq-asan/nanomq/pub_handler.c:1703 handle_pub: Topic is NULL
2026-09-17 06:17:58 [2269276] ERROR /home/kadir/mqtt-fuzzing/builds/nanomq-asan/nanomq/pub_handler.c:1703 handle_pub: Topic is NULL
2026-09-17 06:17:58 [2269273] WARN  /home/kadir/mqtt-fuzzing/builds/nanomq-asan/nng/src/sp/transport/mqtt/broker_tcp.c:525 nmq_tcptran_pipe_send_cb:  send aio error Object closed(7)
2026-09-17 06:17:58 [2269274] WARN  /home/kadir/mqtt-fuzzing/builds/nanomq-asan/nng/src/sp/protocol/mqtt/mqtt_parser.c:1363 nano_msg_notify: test offline!
2026-09-17 06:17:58 [2269277] ERROR /home/kadir/mqtt-fuzzing/builds/nanomq-asan/nanomq/pub_handler.c:1703 handle_pub: Topic is NULL
2026-09-17 06:17:58 [2269275] WARN  /home/kadir/mqtt-fuzzing/builds/nanomq-asan/nng/src/sp/protocol/mqtt/mqtt_parser.c:1359 nano_msg_notify: test online!
2026-09-17 06:17:58 [2269274] ERROR /home/kadir/mqtt-fuzzing/builds/nanomq-asan/nanomq/pub_handler.c:1703 handle_pub: Topic is NULL
2026-09-17 06:17:58 [2269274] WARN  /home/kadir/mqtt-fuzzing/builds/nanomq-asan/nng/src/sp/transport/mqtt/broker_tcp.c:525 nmq_tcptran_pipe_send_cb:  send aio error Object closed(7)
2026-09-17 06:17:58 [2269277] WARN  /home/kadir/mqtt-fuzzing/builds/nanomq-asan/nng/src/sp/transport/mqtt/broker_tcp.c:628 tcptran_pipe_recv_cb: nni aio recv error!! Object closed

2026-09-17 06:17:58 [2269274] WARN  /home/kadir/mqtt-fuzzing/builds/nanomq-asan/nng/src/sp/protocol/mqtt/mqtt_parser.c:1363 nano_msg_notify: test offline!
2026-09-17 06:17:58 [2269272] ERROR /home/kadir/mqtt-fuzzing/builds/nanomq-asan/nanomq/pub_handler.c:1703 handle_pub: 2026-09-17 06:17:58 [2269277] WARN  /home/kadir/mqtt-fuzzing/builds/nanomq-asan/nng/src/sp/transport/mqtt/broker_tcp.c:895 tcptran_pipe_recv_cb: tcptran_pipe_recv_cb: recv_error rv: 139

Topic is NULL
2026-09-17 06:17:58 [2269276] WARN  /home/kadir/mqtt-fuzzing/builds/nanomq-asan/nng/src/sp/protocol/mqtt/mqtt_parser.c:1359 nano_msg_notify: test online!
2026-09-17 06:17:58 [2269272] ERROR /home/kadir/mqtt-fuzzing/builds/nanomq-asan/nanomq/pub_handler.c:1703 handle_pub: Topic is NULL
2026-09-17 06:17:58 [2269275] ERROR /home/kadir/mqtt-fuzzing/builds/nanomq-asan/nanomq/pub_handler.c:1703 handle_pub: Topic is NULL
2026-09-17 06:17:58 [2269276] ERROR /home/kadir/mqtt-fuzzing/builds/nanomq-asan/nanomq/pub_handler.c:1703 handle_pub: Topic is NULL
2026-09-17 06:17:58 [2269277] WARN  /home/kadir/mqtt-fuzzing/builds/nanomq-asan/nng/src/sp/transport/mqtt/broker_tcp.c:525 nmq_tcptran_pipe_send_cb:  send aio error Object closed(7)
2026-09-17 06:17:58 [2269277] WARN  /home/kadir/mqtt-fuzzing/builds/nanomq-asan/nng/src/sp/protocol/mqtt/mqtt_parser.c:1363 nano_msg_notify: test offline!
2026-09-17 06:17:58 [2269276] ERROR /home/kadir/mqtt-fuzzing/builds/nanomq-asan/nanomq/pub_handler.c:1703 handle_pub: Topic is NULL
2026-09-17 06:17:58 [2269278] WARN  /home/kadir/mqtt-fuzzing/builds/nanomq-asan/nng/src/sp/protocol/mqtt/mqtt_parser.c:1359 nano_msg_notify: test online!
2026-09-17 06:17:58 [2269277] ERROR /home/kadir/mqtt-fuzzing/builds/nanomq-asan/nanomq/pub_handler.c:1703 handle_pub: Topic is NULL
2026-09-17 06:17:58 [2269275] ERROR /home/kadir/mqtt-fuzzing/builds/nanomq-asan/nanomq/pub_handler.c:1703 handle_pub: Topic is NULL
2026-09-17 06:17:58 [2269273] ERROR /home/kadir/mqtt-fuzzing/builds/nanomq-asan/nanomq/pub_handler.c:1703 handle_pub: Topic is NULL
2026-09-17 06:17:58 [2269271] WARN  /home/kadir/mqtt-fuzzing/builds/nanomq-asan/nng/src/sp/transport/mqtt/broker_tcp.c:525 nmq_tcptran_pipe_send_cb:  send aio error Object closed(7)
2026-09-17 06:17:58 [2269278] ERROR /home/kadir/mqtt-fuzzing/builds/nanomq-asan/nanomq/pub_handler.c:1703 handle_pub: Topic is NULL
2026-09-17 06:17:58 [2269272] WARN  /home/kadir/mqtt-fuzzing/builds/nanomq-asan/nng/src/sp/protocol/mqtt/mqtt_parser.c:1363 nano_msg_notify: test offline!
2026-09-17 06:17:58 [2269271] WARN  /home/kadir/mqtt-fuzzing/builds/nanomq-asan/nng/src/sp/transport/mqtt/broker_tcp.c:628 tcptran_pipe_recv_cb: nni aio recv error!! Object closed

2026-09-17 06:17:58 [2269271] WARN  /home/kadir/mqtt-fuzzing/builds/nanomq-asan/nng/src/sp/transport/mqtt/broker_tcp.c:895 tcptran_pipe_recv_cb: tcptran_pipe_recv_cb: recv_error rv: 139

2026-09-17 06:17:58 [2269273] WARN  /home/kadir/mqtt-fuzzing/builds/nanomq-asan/nng/src/sp/protocol/mqtt/mqtt_parser.c:1359 nano_msg_notify: test online!
2026-09-17 06:17:58 [2269278] ERROR /home/kadir/mqtt-fuzzing/builds/nanomq-asan/nanomq/pub_handler.c:1703 handle_pub: Topic is NULL
2026-09-17 06:17:58 [2269274] ERROR /home/kadir/mqtt-fuzzing/builds/nanomq-asan/nanomq/pub_handler.c:1703 handle_pub: Topic is NULL
2026-09-17 06:17:58 [2269276] WARN  /home/kadir/mqtt-fuzzing/builds/nanomq-asan/nng/src/sp/transport/mqtt/broker_tcp.c:525 nmq_tcptran_pipe_send_cb:  send aio error Object closed(7)
2026-09-17 06:17:58 [2269272] ERROR /home/kadir/mqtt-fuzzing/builds/nanomq-asan/nng/src/core/pipe.c:484 nni_pipe_set_pid: Client ID collision or set ID failed!
2026-09-17 06:17:58 [2269277] WARN  /home/kadir/mqtt-fuzzing/builds/nanomq-asan/nng/src/sp/protocol/mqtt/mqtt_parser.c:1363 nano_msg_notify: test offline!
2026-09-17 06:17:58 [2269272] WARN  /home/kadir/mqtt-fuzzing/builds/nanomq-asan/nng/src/sp/protocol/mqtt/mqtt_parser.c:1359 nano_msg_notify: test online!
2026-09-17 06:17:58 [2269271] ERROR /home/kadir/mqtt-fuzzing/builds/nanomq-asan/nanomq/pub_handler.c:1703 handle_pub: Topic is NULL
2026-09-17 06:17:58 [2269278] WARN  /home/kadir/mqtt-fuzzing/builds/nanomq-asan/nng/src/sp/transport/mqtt/broker_tcp.c:628 tcptran_pipe_recv_cb: nni aio recv error!! Connection shutdown

2026-09-17 06:17:58 [2269278] WARN  /home/kadir/mqtt-fuzzing/builds/nanomq-asan/nng/src/sp/transport/mqtt/broker_tcp.c:895 tcptran_pipe_recv_cb: tcptran_pipe_recv_cb: recv_error rv: 139

2026-09-17 06:17:58 [2269277] WARN  /home/kadir/mqtt-fuzzing/builds/nanomq-asan/nng/src/sp/protocol/mqtt/mqtt_parser.c:1363 nano_msg_notify: test offline!
2026-09-17 06:17:58 [2269272] WARN  /home/kadir/mqtt-fuzzing/builds/nanomq-asan/nng/src/sp/protocol/mqtt/mqtt_parser.c:1359 nano_msg_notify: test online!
2026-09-17 06:17:58 [2269274] ERROR /home/kadir/mqtt-fuzzing/builds/nanomq-asan/nanomq/pub_handler.c:1703 handle_pub: Topic is NULL
2026-09-17 06:17:58 [2269275] ERROR /home/kadir/mqtt-fuzzing/builds/nanomq-asan/nanomq/pub_handler.c:1703 handle_pub: Topic is NULL
2026-09-17 06:17:58 [2269271] ERROR /home/kadir/mqtt-fuzzing/builds/nanomq-asan/nanomq/pub_handler.c:1703 handle_pub: Topic is NULL
2026-09-17 06:17:58 [2269272] WARN  /home/kadir/mqtt-fuzzing/builds/nanomq-asan/nng/src/sp/transport/mqtt/broker_tcp.c:525 nmq_tcptran_pipe_send_cb:  send aio error Object closed(7)
2026-09-17 06:17:58 [2269272] WARN  /home/kadir/mqtt-fuzzing/builds/nanomq-asan/nng/src/sp/protocol/mqtt/mqtt_parser.c:1363 nano_msg_notify: test offline!
2026-09-17 06:17:58 [2269271] ERROR /home/kadir/mqtt-fuzzing/builds/nanomq-asan/nanomq/pub_handler.c:1703 handle_pub: Topic is NULL
2026-09-17 06:17:58 [2269272] WARN  /home/kadir/mqtt-fuzzing/builds/nanomq-asan/nng/src/sp/protocol/mqtt/mqtt_parser.c:1359 nano_msg_notify: test online!
2026-09-17 06:17:58 [2269271] ERROR /home/kadir/mqtt-fuzzing/builds/nanomq-asan/nanomq/pub_handler.c:1703 handle_pub: Topic is NULL
2026-09-17 06:17:58 [2269278] ERROR /home/kadir/mqtt-fuzzing/builds/nanomq-asan/nanomq/pub_handler.c:1703 handle_pub: Topic is NULL
2026-09-17 06:17:58 [2269273] WARN  /home/kadir/mqtt-fuzzing/builds/nanomq-asan/nng/src/sp/transport/mqtt/broker_tcp.c:525 nmq_tcptran_pipe_send_cb:  send aio error Object closed(7)
2026-09-17 06:17:58 [2269273] WARN  /home/kadir/mqtt-fuzzing/builds/nanomq-asan/nng/src/sp/protocol/mqtt/mqtt_parser.c:1363 nano_msg_notify: test offline!
2026-09-17 06:17:58 [2269271] WARN  /home/kadir/mqtt-fuzzing/builds/nanomq-asan/nng/src/sp/transport/mqtt/broker_tcp.c:628 tcptran_pipe_recv_cb: nni aio recv error!! Object closed

2026-09-17 06:17:58 [2269271] WARN  /home/kadir/mqtt-fuzzing/builds/nanomq-asan/nng/src/sp/transport/mqtt/broker_tcp.c:895 tcptran_pipe_recv_cb: tcptran_pipe_recv_cb: recv_error rv: 139

2026-09-17 06:17:58 [2269274] WARN  /home/kadir/mqtt-fuzzing/builds/nanomq-asan/nng/src/sp/protocol/mqtt/mqtt_parser.c:1359 nano_msg_notify: test online!
2026-09-17 06:17:58 [2269271] ERROR /home/kadir/mqtt-fuzzing/builds/nanomq-asan/nanomq/pub_handler.c:1703 handle_pub: Topic is NULL
2026-09-17 06:17:58 [2269272] ERROR /home/kadir/mqtt-fuzzing/builds/nanomq-asan/nanomq/pub_handler.c:1703 handle_pub: Topic is NULL
2026-09-17 06:17:58 [2269271] ERROR /home/kadir/mqtt-fuzzing/builds/nanomq-asan/nanomq/pub_handler.c:1703 handle_pub: Topic is NULL
2026-09-17 06:17:58 [2269273] WARN  /home/kadir/mqtt-fuzzing/builds/nanomq-asan/nng/src/sp/transport/mqtt/broker_tcp.c:525 nmq_tcptran_pipe_send_cb:  send aio error Object closed(7)
2026-09-17 06:17:58 [2269273] WARN  /home/kadir/mqtt-fuzzing/builds/nanomq-asan/nng/src/sp/protocol/mqtt/mqtt_parser.c:1363 nano_msg_notify: test offline!
2026-09-17 06:17:58 [2269272] WARN  /home/kadir/mqtt-fuzzing/builds/nanomq-asan/nng/src/sp/transport/mqtt/broker_tcp.c:628 tcptran_pipe_recv_cb: nni aio recv error!! Object closed

2026-09-17 06:17:58 [2269272] WARN  /home/kadir/mqtt-fuzzing/builds/nanomq-asan/nng/src/sp/transport/mqtt/broker_tcp.c:895 tcptran_pipe_recv_cb: tcptran_pipe_recv_cb: recv_error rv: 139

2026-09-17 06:17:58 [2269275] WARN  /home/kadir/mqtt-fuzzing/builds/nanomq-asan/nng/src/sp/protocol/mqtt/mqtt_parser.c:1359 nano_msg_notify: test online!
2026-09-17 06:17:58 [2269271] ERROR /home/kadir/mqtt-fuzzing/builds/nanomq-asan/nanomq/pub_handler.c:1703 handle_pub: 2026-09-17 06:17:58 [2269278] ERROR /home/kadir/mqtt-fuzzing/builds/nanomq-asan/nanomq/pub_handler.c:1703 handle_pub: Topic is NULL
Topic is NULL
2026-09-17 06:17:58 [2269277] ERROR /home/kadir/mqtt-fuzzing/builds/nanomq-asan/nanomq/pub_handler.c:1703 handle_pub: Topic is NULL
2026-09-17 06:17:58 [2269274] WARN  /home/kadir/mqtt-fuzzing/builds/nanomq-asan/nng/src/sp/transport/mqtt/broker_tcp.c:525 nmq_tcptran_pipe_send_cb:  send aio error Object closed(7)
2026-09-17 06:17:58 [2269273] WARN  /home/kadir/mqtt-fuzzing/builds/nanomq-asan/nng/src/sp/transport/mqtt/broker_tcp.c:628 tcptran_pipe_recv_cb: nni aio recv error!! Object closed

2026-09-17 06:17:58 [2269272] ERROR /home/kadir/mqtt-fuzzing/builds/nanomq-asan/nanomq/pub_handler.c:1703 handle_pub: Topic is NULL
2026-09-17 06:17:58 [2269274] WARN  /home/kadir/mqtt-fuzzing/builds/nanomq-asan/nng/src/sp/protocol/mqtt/mqtt_parser.c:1363 nano_msg_notify: test offline!
2026-09-17 06:17:58 [2269273] WARN  /home/kadir/mqtt-fuzzing/builds/nanomq-asan/nng/src/sp/transport/mqtt/broker_tcp.c:895 tcptran_pipe_recv_cb: tcptran_pipe_recv_cb: recv_error rv: 139

2026-09-17 06:17:58 [2269275] WARN  /home/kadir/mqtt-fuzzing/builds/nanomq-asan/nng/src/sp/protocol/mqtt/mqtt_parser.c:1359 nano_msg_notify: test online!
2026-09-17 06:17:58 [2269273] ERROR /home/kadir/mqtt-fuzzing/builds/nanomq-asan/nanomq/pub_handler.c:1703 handle_pub: Topic is NULL
2026-09-17 06:17:58 [2269278] ERROR /home/kadir/mqtt-fuzzing/builds/nanomq-asan/nanomq/pub_handler.c:1703 handle_pub: Topic is NULL
2026-09-17 06:17:58 [2269275] ERROR /home/kadir/mqtt-fuzzing/builds/nanomq-asan/nanomq/pub_handler.c:1703 handle_pub: Topic is NULL
2026-09-17 06:17:58 [2269272] ERROR /home/kadir/mqtt-fuzzing/builds/nanomq-asan/nanomq/pub_handler.c:1703 handle_pub: Topic is NULL
2026-09-17 06:17:58 [2269274] WARN  /home/kadir/mqtt-fuzzing/builds/nanomq-asan/nng/src/sp/transport/mqtt/broker_tcp.c:525 nmq_tcptran_pipe_send_cb:  send aio error Object closed(7)
2026-09-17 06:17:58 [2269271] ERROR /home/kadir/mqtt-fuzzing/builds/nanomq-asan/nanomq/pub_handler.c:1703 handle_pub: Topic is NULL
2026-09-17 06:17:58 [2269276] ERROR /home/kadir/mqtt-fuzzing/builds/nanomq-asan/nanomq/pub_handler.c:1703 handle_pub: Topic is NULL
2026-09-17 06:17:58 [2269276] ERROR /home/kadir/mqtt-fuzzing/builds/nanomq-asan/nanomq/pub_handler.c:1703 handle_pub: Topic is NULL
2026-09-17 06:17:58 [2269271] ERROR /home/kadir/mqtt-fuzzing/builds/nanomq-asan/nanomq/pub_handler.c:1703 handle_pub: Topic is NULL
2026-09-17 06:17:58 [2269276] ERROR /home/kadir/mqtt-fuzzing/builds/nanomq-asan/nanomq/pub_handler.c:1703 handle_pub: Topic is NULL
2026-09-17 06:17:58 [2269271] ERROR /home/kadir/mqtt-fuzzing/builds/nanomq-asan/nanomq/pub_handler.c:1703 handle_pub: Topic is NULL
2026-09-17 06:17:58 [2269276] ERROR /home/kadir/mqtt-fuzzing/builds/nanomq-asan/nanomq/pub_handler.c:1703 handle_pub: Topic is NULL
2026-09-17 06:17:58 [2269271] ERROR /home/kadir/mqtt-fuzzing/builds/nanomq-asan/nanomq/pub_handler.c:1703 handle_pub: Topic is NULL
2026-09-17 06:17:58 [2269271] ERROR /home/kadir/mqtt-fuzzing/builds/nanomq-asan/nanomq/pub_handler.c:1703 handle_pub: Topic is NULL
2026-09-17 06:17:58 [2269276] ERROR /home/kadir/mqtt-fuzzing/builds/nanomq-asan/nanomq/pub_handler.c:1703 handle_pub: Topic is NULL
2026-09-17 06:17:58 [2269276] ERROR /home/kadir/mqtt-fuzzing/builds/nanomq-asan/nanomq/pub_handler.c:1703 handle_pub: Topic is NULL
2026-09-17 06:17:58 [2269271] ERROR /home/kadir/mqtt-fuzzing/builds/nanomq-asan/nanomq/pub_handler.c:1703 handle_pub: Topic is NULL
2026-09-17 06:17:58 [2269271] ERROR /home/kadir/mqtt-fuzzing/builds/nanomq-asan/nanomq/pub_handler.c:1703 handle_pub: Topic is NULL
2026-09-17 06:17:58 [2269276] ERROR /home/kadir/mqtt-fuzzing/builds/nanomq-asan/nanomq/pub_handler.c:1703 handle_pub: Topic is NULL
2026-09-17 06:17:58 [2269276] ERROR /home/kadir/mqtt-fuzzing/builds/nanomq-asan/nanomq/pub_handler.c:1703 handle_pub: Topic is NULL
2026-09-17 06:17:58 [2269271] ERROR /home/kadir/mqtt-fuzzing/builds/nanomq-asan/nanomq/pub_handler.c:1703 handle_pub: Topic is NULL
2026-09-17 06:17:58 [2269271] ERROR /home/kadir/mqtt-fuzzing/builds/nanomq-asan/nanomq/pub_handler.c:1703 handle_pub: Topic is NULL
2026-09-17 06:17:58 [2269276] ERROR /home/kadir/mqtt-fuzzing/builds/nanomq-asan/nanomq/pub_handler.c:1703 handle_pub: Topic is NULL
2026-09-17 06:17:58 [2269276] ERROR /home/kadir/mqtt-fuzzing/builds/nanomq-asan/nanomq/pub_handler.c:1703 handle_pub: Topic is NULL
2026-09-17 06:17:58 [2269271] ERROR /home/kadir/mqtt-fuzzing/builds/nanomq-asan/nanomq/pub_handler.c:1703 handle_pub: Topic is NULL
2026-09-17 06:17:58 [2269277] ERROR /home/kadir/mqtt-fuzzing/builds/nanomq-asan/nanomq/pub_handler.c:1703 handle_pub: Topic is NULL
2026-09-17 06:17:58 [2269274] WARN  /home/kadir/mqtt-fuzzing/builds/nanomq-asan/nng/src/sp/protocol/mqtt/mqtt_parser.c:1363 nano_msg_notify: test offline!
2026-09-17 06:17:58 [2269271] WARN  /home/kadir/mqtt-fuzzing/builds/nanomq-asan/nng/src/sp/protocol/mqtt/mqtt_parser.c:1359 nano_msg_notify: test online!
2026-09-17 06:17:58 [2269272] ERROR /home/kadir/mqtt-fuzzing/builds/nanomq-asan/nanomq/pub_handler.c:1703 handle_pub: Topic is NULL
2026-09-17 06:17:58 [2269273] ERROR /home/kadir/mqtt-fuzzing/builds/nanomq-asan/nanomq/pub_handler.c:1703 handle_pub: Topic is NULL
2026-09-17 06:17:58 [2269275] ERROR /home/kadir/mqtt-fuzzing/builds/nanomq-asan/nanomq/pub_handler.c:1703 handle_pub: Topic is NULL
2026-09-17 06:17:58 [2269274] WARN  /home/kadir/mqtt-fuzzing/builds/nanomq-asan/nng/src/sp/transport/mqtt/broker_tcp.c:525 nmq_tcptran_pipe_send_cb:  send aio error Object closed(7)
2026-09-17 06:17:58 [2269274] WARN  /home/kadir/mqtt-fuzzing/builds/nanomq-asan/nng/src/sp/protocol/mqtt/mqtt_parser.c:1363 nano_msg_notify: test offline!
2026-09-17 06:17:58 [2269274] WARN  /home/kadir/mqtt-fuzzing/builds/nanomq-asan/nng/src/sp/protocol/mqtt/mqtt_parser.c:1359 nano_msg_notify: test online!
2026-09-17 06:17:58 [2269271] ERROR /home/kadir/mqtt-fuzzing/builds/nanomq-asan/nanomq/pub_handler.c:1703 handle_pub: Topic is NULL
2026-09-17 06:17:58 [2269272] WARN  /home/kadir/mqtt-fuzzing/builds/nanomq-asan/nng/src/sp/transport/mqtt/broker_tcp.c:525 nmq_tcptran_pipe_send_cb:  send aio error Object closed(7)
2026-09-17 06:17:58 [2269272] WARN  /home/kadir/mqtt-fuzzing/builds/nanomq-asan/nng/src/sp/protocol/mqtt/mqtt_parser.c:1363 nano_msg_notify: test offline!
2026-09-17 06:17:58 [2269277] WARN  /home/kadir/mqtt-fuzzing/builds/nanomq-asan/nng/src/sp/transport/mqtt/broker_tcp.c:628 tcptran_pipe_recv_cb: nni aio recv error!! Object closed

2026-09-17 06:17:58 [2269277] WARN  /home/kadir/mqtt-fuzzing/builds/nanomq-asan/nng/src/sp/transport/mqtt/broker_tcp.c:895 tcptran_pipe_recv_cb: tcptran_pipe_recv_cb: recv_error rv: 139

2026-09-17 06:17:58 [2269274] WARN  /home/kadir/mqtt-fuzzing/builds/nanomq-asan/nng/src/sp/protocol/mqtt/mqtt_parser.c:1359 nano_msg_notify: test online!
2026-09-17 06:17:58 [2269271] ERROR /home/kadir/mqtt-fuzzing/builds/nanomq-asan/nanomq/pub_handler.c:1703 handle_pub: Topic is NULL
2026-09-17 06:17:58 [2269278] ERROR /home/kadir/mqtt-fuzzing/builds/nanomq-asan/nanomq/pub_handler.c:1703 handle_pub: Topic is NULL
2026-09-17 06:17:58 [2269276] ERROR /home/kadir/mqtt-fuzzing/builds/nanomq-asan/nanomq/pub_handler.c:1703 handle_pub: Topic is NULL
2026-09-17 06:17:58 [2269275] WARN  /home/kadir/mqtt-fuzzing/builds/nanomq-asan/nng/src/sp/transport/mqtt/broker_tcp.c:525 nmq_tcptran_pipe_send_cb:  send aio error Object closed(7)
2026-09-17 06:17:58 [2269272] ERROR /home/kadir/mqtt-fuzzing/builds/nanomq-asan/nanomq/pub_handler.c:1703 handle_pub: Topic is NULL
2026-09-17 06:17:58 [2269274] ERROR /home/kadir/mqtt-fuzzing/builds/nanomq-asan/nanomq/pub_handler.c:1703 handle_pub: Topic is NULL
2026-09-17 06:17:58 [2269274] ERROR /home/kadir/mqtt-fuzzing/builds/nanomq-asan/nanomq/pub_handler.c:1703 handle_pub: Topic is NULL
2026-09-17 06:17:58 [2269275] WARN  /home/kadir/mqtt-fuzzing/builds/nanomq-asan/nng/src/sp/protocol/mqtt/mqtt_parser.c:1363 nano_msg_notify: test offline!
2026-09-17 06:17:58 [2269273] WARN  /home/kadir/mqtt-fuzzing/builds/nanomq-asan/nng/src/sp/protocol/mqtt/mqtt_parser.c:1359 nano_msg_notify: test online!
2026-09-17 06:17:58 [2269276] ERROR /home/kadir/mqtt-fuzzing/builds/nanomq-asan/nanomq/pub_handler.c:1703 handle_pub: Topic is NULL
2026-09-17 06:17:58 [2269271] ERROR /home/kadir/mqtt-fuzzing/builds/nanomq-asan/nanomq/pub_handler.c:1703 handle_pub: 2026-09-17 06:17:58 [2269274] ERROR /home/kadir/mqtt-fuzzing/builds/nanomq-asan/nanomq/pub_handler.c:1703 handle_pub: Topic is NULL
2026-09-17 06:17:58 [2269277] ERROR /home/kadir/mqtt-fuzzing/builds/nanomq-asan/nanomq/pub_handler.c:1703 handle_pub: Topic is NULL
Topic is NULL
2026-09-17 06:17:58 [2269274] WARN  /home/kadir/mqtt-fuzzing/builds/nanomq-asan/nng/src/sp/transport/mqtt/broker_tcp.c:525 nmq_tcptran_pipe_send_cb:  send aio error Object closed(7)
2026-09-17 06:17:58 [2269272] ERROR /home/kadir/mqtt-fuzzing/builds/nanomq-asan/nanomq/pub_handler.c:1703 handle_pub: Topic is NULL
2026-09-17 06:17:58 [2269278] ERROR /home/kadir/mqtt-fuzzing/builds/nanomq-asan/nanomq/pub_handler.c:1703 handle_pub: Topic is NULL
2026-09-17 06:17:58 [2269274] WARN  /home/kadir/mqtt-fuzzing/builds/nanomq-asan/nng/src/sp/protocol/mqtt/mqtt_parser.c:1363 nano_msg_notify: test offline!
2026-09-17 06:17:58 [2269277] WARN  /home/kadir/mqtt-fuzzing/builds/nanomq-asan/nng/src/sp/protocol/mqtt/mqtt_parser.c:1359 nano_msg_notify: test online!
2026-09-17 06:17:58 [2269277] ERROR /home/kadir/mqtt-fuzzing/builds/nanomq-asan/nanomq/pub_handler.c:1703 handle_pub: Topic is NULL
2026-09-17 06:17:58 [2269276] ERROR /home/kadir/mqtt-fuzzing/builds/nanomq-asan/nanomq/pub_handler.c:1703 handle_pub: Topic is NULL
2026-09-17 06:17:58 [2269274] ERROR /home/kadir/mqtt-fuzzing/builds/nanomq-asan/nanomq/pub_handler.c:1703 handle_pub: Topic is NULL
2026-09-17 06:17:58 [2269273] WARN  /home/kadir/mqtt-fuzzing/builds/nanomq-asan/nng/src/sp/transport/mqtt/broker_tcp.c:525 nmq_tcptran_pipe_send_cb:  send aio error Object closed(7)
2026-09-17 06:17:58 [2269278] ERROR /home/kadir/mqtt-fuzzing/builds/nanomq-asan/nanomq/pub_handler.c:1703 handle_pub: Topic is NULL
2026-09-17 06:17:58 [2269272] WARN  /home/kadir/mqtt-fuzzing/builds/nanomq-asan/nng/src/sp/protocol/mqtt/mqtt_parser.c:1363 nano_msg_notify: test offline!
2026-09-17 06:17:58 [2269273] WARN  /home/kadir/mqtt-fuzzing/builds/nanomq-asan/nng/src/sp/transport/mqtt/broker_tcp.c:628 tcptran_pipe_recv_cb: nni aio recv error!! Object closed

2026-09-17 06:17:58 [2269273] WARN  /home/kadir/mqtt-fuzzing/builds/nanomq-asan/nng/src/sp/transport/mqtt/broker_tcp.c:895 tcptran_pipe_recv_cb: tcptran_pipe_recv_cb: recv_error rv: 139

2026-09-17 06:17:58 [2269274] WARN  /home/kadir/mqtt-fuzzing/builds/nanomq-asan/nng/src/sp/protocol/mqtt/mqtt_parser.c:1359 nano_msg_notify: test online!
2026-09-17 06:17:58 [2269271] ERROR /home/kadir/mqtt-fuzzing/builds/nanomq-asan/nanomq/pub_handler.c:1703 handle_pub: Topic is NULL
2026-09-17 06:17:58 [2269272] WARN  /home/kadir/mqtt-fuzzing/builds/nanomq-asan/nng/src/sp/transport/mqtt/broker_tcp.c:525 nmq_tcptran_pipe_send_cb:  send aio error Object closed(7)
2026-09-17 06:17:58 [2269277] WARN  /home/kadir/mqtt-fuzzing/builds/nanomq-asan/nng/src/sp/transport/mqtt/broker_tcp.c:628 tcptran_pipe_recv_cb: nni aio recv error!! Object closed

2026-09-17 06:17:58 [2269272] WARN  /home/kadir/mqtt-fuzzing/builds/nanomq-asan/nng/src/sp/protocol/mqtt/mqtt_parser.c:1363 nano_msg_notify: test offline!
2026-09-17 06:17:58 [2269273] ERROR /home/kadir/mqtt-fuzzing/builds/nanomq-asan/nanomq/pub_handler.c:1703 handle_pub: Topic is NULL
2026-09-17 06:17:58 [2269277] WARN  /home/kadir/mqtt-fuzzing/builds/nanomq-asan/nng/src/sp/transport/mqtt/broker_tcp.c:895 tcptran_pipe_recv_cb: tcptran_pipe_recv_cb: recv_error rv: 139

2026-09-17 06:17:58 [2269276] WARN  /home/kadir/mqtt-fuzzing/builds/nanomq-asan/nng/src/sp/protocol/mqtt/mqtt_parser.c:1359 nano_msg_notify: test online!
2026-09-17 06:17:58 [2269275] ERROR /home/kadir/mqtt-fuzzing/builds/nanomq-asan/nanomq/pub_handler.c:1703 handle_pub: Topic is NULL
2026-09-17 06:17:58 [2269273] ERROR /home/kadir/mqtt-fuzzing/builds/nanomq-asan/nanomq/pub_handler.c:1703 handle_pub: Topic is NULL
2026-09-17 06:17:58 [2269276] ERROR /home/kadir/mqtt-fuzzing/builds/nanomq-asan/nanomq/pub_handler.c:1703 handle_pub: Topic is NULL
2026-09-17 06:17:58 [2269272] WARN  /home/kadir/mqtt-fuzzing/builds/nanomq-asan/nng/src/sp/transport/mqtt/broker_tcp.c:525 nmq_tcptran_pipe_send_cb:  send aio error Object closed(7)
2026-09-17 06:17:58 [2269276] WARN  /home/kadir/mqtt-fuzzing/builds/nanomq-asan/nng/src/sp/protocol/mqtt/mqtt_parser.c:1363 nano_msg_notify: test offline!
2026-09-17 06:17:58 [2269273] ERROR /home/kadir/mqtt-fuzzing/builds/nanomq-asan/nanomq/pub_handler.c:1703 handle_pub: Topic is NULL
2026-09-17 06:17:58 [2269276] WARN  /home/kadir/mqtt-fuzzing/builds/nanomq-asan/nng/src/sp/protocol/mqtt/mqtt_parser.c:1359 nano_msg_notify: test online!
2026-09-17 06:17:58 [2269276] ERROR /home/kadir/mqtt-fuzzing/builds/nanomq-asan/nanomq/pub_handler.c:1703 handle_pub: Topic is NULL
2026-09-17 06:17:58 [2269273] ERROR /home/kadir/mqtt-fuzzing/builds/nanomq-asan/nanomq/pub_handler.c:1703 handle_pub: Topic is NULL
2026-09-17 06:17:58 [2269272] ERROR /home/kadir/mqtt-fuzzing/builds/nanomq-asan/nanomq/pub_handler.c:1703 handle_pub: Topic is NULL
2026-09-17 06:17:58 [2269274] WARN  /home/kadir/mqtt-fuzzing/builds/nanomq-asan/nng/src/sp/transport/mqtt/broker_tcp.c:525 nmq_tcptran_pipe_send_cb:  send aio error Object closed(7)
2026-09-17 06:17:58 [2269278] ERROR /home/kadir/mqtt-fuzzing/builds/nanomq-asan/nanomq/pub_handler.c:1703 handle_pub: Topic is NULL
2026-09-17 06:17:58 [2269274] WARN  /home/kadir/mqtt-fuzzing/builds/nanomq-asan/nng/src/sp/protocol/mqtt/mqtt_parser.c:1363 nano_msg_notify: test offline!
2026-09-17 06:17:58 [2269273] ERROR /home/kadir/mqtt-fuzzing/builds/nanomq-asan/nanomq/pub_handler.c:1703 handle_pub: Topic is NULL
2026-09-17 06:17:58 [2269278] WARN  /home/kadir/mqtt-fuzzing/builds/nanomq-asan/nng/src/sp/protocol/mqtt/mqtt_parser.c:1359 nano_msg_notify: test online!
2026-09-17 06:17:58 [2269276] ERROR /home/kadir/mqtt-fuzzing/builds/nanomq-asan/nanomq/pub_handler.c:1703 handle_pub: Topic is NULL
2026-09-17 06:17:58 [2269278] ERROR /home/kadir/mqtt-fuzzing/builds/nanomq-asan/nanomq/pub_handler.c:1703 handle_pub: Topic is NULL
2026-09-17 06:17:58 [2269275] ERROR /home/kadir/mqtt-fuzzing/builds/nanomq-asan/nanomq/pub_handler.c:1703 handle_pub: Topic is NULL
2026-09-17 06:17:58 [2269274] WARN  /home/kadir/mqtt-fuzzing/builds/nanomq-asan/nng/src/sp/transport/mqtt/broker_tcp.c:525 nmq_tcptran_pipe_send_cb:  send aio error Object closed(7)
2026-09-17 06:17:58 [2269272] WARN  /home/kadir/mqtt-fuzzing/builds/nanomq-asan/nng/src/sp/transport/mqtt/broker_tcp.c:628 tcptran_pipe_recv_cb: nni aio recv error!! Object closed

2026-09-17 06:17:58 [2269274] WARN  /home/kadir/mqtt-fuzzing/builds/nanomq-asan/nng/src/sp/protocol/mqtt/mqtt_parser.c:1363 nano_msg_notify: test offline!
2026-09-17 06:17:58 [2269272] WARN  /home/kadir/mqtt-fuzzing/builds/nanomq-asan/nng/src/sp/transport/mqtt/broker_tcp.c:895 tcptran_pipe_recv_cb: tcptran_pipe_recv_cb: recv_error rv: 139

2026-09-17 06:17:58 [2269275] ERROR /home/kadir/mqtt-fuzzing/builds/nanomq-asan/nanomq/pub_handler.c:1703 handle_pub: Topic is NULL
2026-09-17 06:17:58 [2269273] WARN  /home/kadir/mqtt-fuzzing/builds/nanomq-asan/nng/src/sp/protocol/mqtt/mqtt_parser.c:1359 nano_msg_notify: test online!
2026-09-17 06:17:58 [2269275] ERROR /home/kadir/mqtt-fuzzing/builds/nanomq-asan/nanomq/pub_handler.c:1703 handle_pub: Topic is NULL
2026-09-17 06:17:58 [2269278] ERROR /home/kadir/mqtt-fuzzing/builds/nanomq-asan/nanomq/pub_handler.c:1703 handle_pub: Topic is NULL
2026-09-17 06:17:58 [2269274] ERROR /home/kadir/mqtt-fuzzing/builds/nanomq-asan/nanomq/pub_handler.c:1703 handle_pub: Topic is NULL
2026-09-17 06:17:58 [2269271] WARN  /home/kadir/mqtt-fuzzing/builds/nanomq-asan/nng/src/sp/transport/mqtt/broker_tcp.c:525 nmq_tcptran_pipe_send_cb:  send aio error Object closed(7)
2026-09-17 06:17:58 [2269277] ERROR /home/kadir/mqtt-fuzzing/builds/nanomq-asan/nanomq/pub_handler.c:1703 handle_pub: Topic is NULL
2026-09-17 06:17:58 [2269271] WARN  /home/kadir/mqtt-fuzzing/builds/nanomq-asan/nng/src/sp/protocol/mqtt/mqtt_parser.c:1363 nano_msg_notify: test offline!
2026-09-17 06:17:58 [2269273] WARN  /home/kadir/mqtt-fuzzing/builds/nanomq-asan/nng/src/sp/protocol/mqtt/mqtt_parser.c:1359 nano_msg_notify: test online!
2026-09-17 06:17:58 [2269274] ERROR /home/kadir/mqtt-fuzzing/builds/nanomq-asan/nanomq/pub_handler.c:1703 handle_pub: Topic is NULL
2026-09-17 06:17:58 [2269276] ERROR /home/kadir/mqtt-fuzzing/builds/nanomq-asan/nanomq/pub_handler.c:1703 handle_pub: Topic is NULL
2026-09-17 06:17:58 [2269278] ERROR /home/kadir/mqtt-fuzzing/builds/nanomq-asan/nanomq/pub_handler.c:1703 handle_pub: Topic is NULL
2026-09-17 06:17:58 [2269275] WARN  /home/kadir/mqtt-fuzzing/builds/nanomq-asan/nng/src/sp/transport/mqtt/broker_tcp.c:525 nmq_tcptran_pipe_send_cb:  send aio error Object closed(7)
2026-09-17 06:17:58 [2269278] ERROR /home/kadir/mqtt-fuzzing/builds/nanomq-asan/nanomq/pub_handler.c:1703 handle_pub: Topic is NULL
2026-09-17 06:17:58 [2269275] WARN  /home/kadir/mqtt-fuzzing/builds/nanomq-asan/nng/src/sp/protocol/mqtt/mqtt_parser.c:1363 nano_msg_notify: test offline!
2026-09-17 06:17:58 [2269271] ERROR /home/kadir/mqtt-fuzzing/builds/nanomq-asan/nanomq/pub_handler.c:1703 handle_pub: Topic is NULL
2026-09-17 06:17:58 [2269273] WARN  /home/kadir/mqtt-fuzzing/builds/nanomq-asan/nng/src/sp/protocol/mqtt/mqtt_parser.c:1359 nano_msg_notify: test online!
2026-09-17 06:17:58 [2269272] ERROR /home/kadir/mqtt-fuzzing/builds/nanomq-asan/nanomq/pub_handler.c:1703 handle_pub: Topic is NULL
2026-09-17 06:17:58 [2269275] ERROR /home/kadir/mqtt-fuzzing/builds/nanomq-asan/nanomq/pub_handler.c:1703 handle_pub: Topic is NULL
2026-09-17 06:17:58 [2269271] ERROR /home/kadir/mqtt-fuzzing/builds/nanomq-asan/nanomq/pub_handler.c:1703 handle_pub: Topic is NULL
2026-09-17 06:17:58 [2269277] WARN  /home/kadir/mqtt-fuzzing/builds/nanomq-asan/nng/src/sp/transport/mqtt/broker_tcp.c:525 nmq_tcptran_pipe_send_cb:  send aio error Object closed(7)
2026-09-17 06:17:58 [2269274] ERROR /home/kadir/mqtt-fuzzing/builds/nanomq-asan/nanomq/pub_handler.c:1703 handle_pub: 2026-09-17 06:17:58 [2269276] ERROR /home/kadir/mqtt-fuzzing/builds/nanomq-asan/nanomq/pub_handler.c:1703 handle_pub: Topic is NULL
Topic is NULL
2026-09-17 06:17:58 [2269277] WARN  /home/kadir/mqtt-fuzzing/builds/nanomq-asan/nng/src/sp/protocol/mqtt/mqtt_parser.c:1363 nano_msg_notify: test offline!
2026-09-17 06:17:58 [2269272] ERROR /home/kadir/mqtt-fuzzing/builds/nanomq-asan/nanomq/pub_handler.c:1703 handle_pub: Topic is NULL
2026-09-17 06:17:58 [2269271] WARN  /home/kadir/mqtt-fuzzing/builds/nanomq-asan/nng/src/sp/protocol/mqtt/mqtt_parser.c:1359 nano_msg_notify: test online!
2026-09-17 06:17:58 [2269272] ERROR /home/kadir/mqtt-fuzzing/builds/nanomq-asan/nanomq/pub_handler.c:1703 handle_pub: Topic is NULL
2026-09-17 06:17:58 [2269275] ERROR /home/kadir/mqtt-fuzzing/builds/nanomq-asan/nanomq/pub_handler.c:1703 handle_pub: Topic is NULL
2026-09-17 06:17:58 [2269277] ERROR /home/kadir/mqtt-fuzzing/builds/nanomq-asan/nanomq/pub_handler.c:1703 handle_pub: Topic is NULL
2026-09-17 06:17:58 [2269273] ERROR /home/kadir/mqtt-fuzzing/builds/nanomq-asan/nanomq/pub_handler.c:1703 handle_pub: Topic is NULL
2026-09-17 06:17:58 [2269278] ERROR /home/kadir/mqtt-fuzzing/builds/nanomq-asan/nanomq/pub_handler.c:1703 handle_pub: Topic is NULL
2026-09-17 06:17:58 [2269275] WARN  /home/kadir/mqtt-fuzzing/builds/nanomq-asan/nng/src/sp/transport/mqtt/broker_tcp.c:525 nmq_tcptran_pipe_send_cb:  send aio error Object closed(7)
2026-09-17 06:17:58 [2269274] ERROR /home/kadir/mqtt-fuzzing/builds/nanomq-asan/nanomq/pub_handler.c:1703 handle_pub: Topic is NULL
2026-09-17 06:17:58 [2269275] WARN  /home/kadir/mqtt-fuzzing/builds/nanomq-asan/nng/src/sp/protocol/mqtt/mqtt_parser.c:1363 nano_msg_notify: test offline!
2026-09-17 06:17:58 [2269271] WARN  /home/kadir/mqtt-fuzzing/builds/nanomq-asan/nng/src/sp/protocol/mqtt/mqtt_parser.c:1359 nano_msg_notify: test online!
2026-09-17 06:17:58 [2269272] ERROR /home/kadir/mqtt-fuzzing/builds/nanomq-asan/nanomq/pub_handler.c:1703 handle_pub: Topic is NULL
2026-09-17 06:17:58 [2269275] ERROR /home/kadir/mqtt-fuzzing/builds/nanomq-asan/nanomq/pub_handler.c:1703 handle_pub: Topic is NULL
2026-09-17 06:17:58 [2269271] WARN  /home/kadir/mqtt-fuzzing/builds/nanomq-asan/nng/src/sp/transport/mqtt/broker_tcp.c:525 nmq_tcptran_pipe_send_cb:  send aio error Connection reset(19)
2026-09-17 06:17:58 [2269273] WARN  /home/kadir/mqtt-fuzzing/builds/nanomq-asan/nng/src/sp/transport/mqtt/broker_tcp.c:628 tcptran_pipe_recv_cb: nni aio recv error!! Object closed
2026-09-17 06:17:58 [2269274] ERROR /home/kadir/mqtt-fuzzing/builds/nanomq-asan/nanomq/pub_handler.c:1703 handle_pub: 
Topic is NULL
2026-09-17 06:17:58 [2269273] WARN  /home/kadir/mqtt-fuzzing/builds/nanomq-asan/nng/src/sp/transport/mqtt/broker_tcp.c:895 tcptran_pipe_recv_cb: tcptran_pipe_recv_cb: recv_error rv: 139

2026-09-17 06:17:58 [2269271] WARN  /home/kadir/mqtt-fuzzing/builds/nanomq-asan/nng/src/sp/protocol/mqtt/mqtt_parser.c:1363 nano_msg_notify: test offline!
2026-09-17 06:17:58 [2269273] WARN  /home/kadir/mqtt-fuzzing/builds/nanomq-asan/nng/src/sp/protocol/mqtt/mqtt_parser.c:1359 nano_msg_notify: test online!
2026-09-17 06:17:58 [2269275] ERROR /home/kadir/mqtt-fuzzing/builds/nanomq-asan/nanomq/pub_handler.c:1703 handle_pub: Topic is NULL
2026-09-17 06:17:58 [2269271] ERROR /home/kadir/mqtt-fuzzing/builds/nanomq-asan/nanomq/pub_handler.c:1703 handle_pub: Topic is NULL
2026-09-17 06:17:58 [2269277] ERROR /home/kadir/mqtt-fuzzing/builds/nanomq-asan/nanomq/pub_handler.c:1703 handle_pub: Topic is NULL
2026-09-17 06:17:58 [2269278] ERROR /home/kadir/mqtt-fuzzing/builds/nanomq-asan/nanomq/pub_handler.c:1703 handle_pub: Topic is NULL
2026-09-17 06:17:58 [2269275] WARN  /home/kadir/mqtt-fuzzing/builds/nanomq-asan/nng/src/sp/protocol/mqtt/mqtt_parser.c:1363 nano_msg_notify: test offline!
2026-09-17 06:17:58 [2269273] ERROR /home/kadir/mqtt-fuzzing/builds/nanomq-asan/nanomq/pub_handler.c:1703 handle_pub: Topic is NULL
2026-09-17 06:17:58 [2269273] WARN  /home/kadir/mqtt-fuzzing/builds/nanomq-asan/nng/src/sp/protocol/mqtt/mqtt_parser.c:1359 nano_msg_notify: test online!
2026-09-17 06:17:58 [2269271] WARN  /home/kadir/mqtt-fuzzing/builds/nanomq-asan/nng/src/sp/transport/mqtt/broker_tcp.c:628 tcptran_pipe_recv_cb: nni aio recv error!! Connection shutdown

2026-09-17 06:17:58 [2269271] WARN  /home/kadir/mqtt-fuzzing/builds/nanomq-asan/nng/src/sp/transport/mqtt/broker_tcp.c:895 tcptran_pipe_recv_cb: tcptran_pipe_recv_cb: recv_error rv: 139

2026-09-17 06:17:58 [2269277] WARN  /home/kadir/mqtt-fuzzing/builds/nanomq-asan/nng/src/sp/protocol/mqtt/mqtt_parser.c:1363 nano_msg_notify: test offline!
2026-09-17 06:17:58 [2269273] WARN  /home/kadir/mqtt-fuzzing/builds/nanomq-asan/nng/src/sp/protocol/mqtt/mqtt_parser.c:1359 nano_msg_notify: test online!
2026-09-17 06:17:58 [2269272] WARN  /home/kadir/mqtt-fuzzing/builds/nanomq-asan/nng/src/sp/transport/mqtt/broker_tcp.c:628 tcptran_pipe_recv_cb: nni aio recv error!! Connection shutdown

2026-09-17 06:17:58 [2269274] WARN  /home/kadir/mqtt-fuzzing/builds/nanomq-asan/nng/src/sp/protocol/mqtt/mqtt_parser.c:1363 nano_msg_notify: test offline!
2026-09-17 06:17:58 [2269272] WARN  /home/kadir/mqtt-fuzzing/builds/nanomq-asan/nng/src/sp/transport/mqtt/broker_tcp.c:895 tcptran_pipe_recv_cb: tcptran_pipe_recv_cb: recv_error rv: 139

2026-09-17 06:17:58 [2269273] WARN  /home/kadir/mqtt-fuzzing/builds/nanomq-asan/nng/src/sp/protocol/mqtt/mqtt_parser.c:1359 nano_msg_notify: test online!
2026-09-17 06:17:58 [2269276] WARN  /home/kadir/mqtt-fuzzing/builds/nanomq-asan/nng/src/sp/transport/mqtt/broker_tcp.c:628 tcptran_pipe_recv_cb: nni aio recv error!! Connection shutdown

2026-09-17 06:17:58 [2269276] WARN  /home/kadir/mqtt-fuzzing/builds/nanomq-asan/nng/src/sp/transport/mqtt/broker_tcp.c:895 tcptran_pipe_recv_cb: tcptran_pipe_recv_cb: recv_error rv: 139

2026-09-17 06:17:58 [2269273] WARN  /home/kadir/mqtt-fuzzing/builds/nanomq-asan/nng/src/sp/protocol/mqtt/mqtt_parser.c:1363 nano_msg_notify: test offline!
2026-09-17 06:17:58 [2269274] WARN  /home/kadir/mqtt-fuzzing/builds/nanomq-asan/nng/src/sp/protocol/mqtt/mqtt_parser.c:1359 nano_msg_notify: test online!
2026-09-17 06:17:58 [2269272] WARN  /home/kadir/mqtt-fuzzing/builds/nanomq-asan/nng/src/sp/transport/mqtt/broker_tcp.c:628 tcptran_pipe_recv_cb: nni aio recv error!! Connection shutdown

2026-09-17 06:17:58 [2269272] WARN  /home/kadir/mqtt-fuzzing/builds/nanomq-asan/nng/src/sp/transport/mqtt/broker_tcp.c:895 tcptran_pipe_recv_cb: tcptran_pipe_recv_cb: recv_error rv: 139

2026-09-17 06:17:58 [2269277] WARN  /home/kadir/mqtt-fuzzing/builds/nanomq-asan/nng/src/sp/protocol/mqtt/mqtt_parser.c:1363 nano_msg_notify: test offline!
2026-09-17 06:17:58 [2269273] WARN  /home/kadir/mqtt-fuzzing/builds/nanomq-asan/nng/src/sp/protocol/mqtt/mqtt_parser.c:1359 nano_msg_notify: test online!
2026-09-17 06:17:58 [2269274] WARN  /home/kadir/mqtt-fuzzing/builds/nanomq-asan/nng/src/sp/transport/mqtt/broker_tcp.c:628 tcptran_pipe_recv_cb: nni aio recv error!! Connection shutdown

2026-09-17 06:17:58 [2269274] WARN  /home/kadir/mqtt-fuzzing/builds/nanomq-asan/nng/src/sp/transport/mqtt/broker_tcp.c:895 tcptran_pipe_recv_cb: tcptran_pipe_recv_cb: recv_error rv: 139

2026-09-17 06:17:58 [2269271] WARN  /home/kadir/mqtt-fuzzing/builds/nanomq-asan/nng/src/sp/protocol/mqtt/mqtt_parser.c:1363 nano_msg_notify: test offline!
2026-09-17 06:17:58 [2269274] WARN  /home/kadir/mqtt-fuzzing/builds/nanomq-asan/nng/src/sp/protocol/mqtt/mqtt_parser.c:1359 nano_msg_notify: test online!
2026-09-17 06:17:58 [2269276] WARN  /home/kadir/mqtt-fuzzing/builds/nanomq-asan/nng/src/sp/transport/mqtt/broker_tcp.c:628 tcptran_pipe_recv_cb: nni aio recv error!! Connection shutdown

2026-09-17 06:17:58 [2269276] WARN  /home/kadir/mqtt-fuzzing/builds/nanomq-asan/nng/src/sp/transport/mqtt/broker_tcp.c:895 tcptran_pipe_recv_cb: tcptran_pipe_recv_cb: recv_error rv: 139

2026-09-17 06:17:58 [2269272] WARN  /home/kadir/mqtt-fuzzing/builds/nanomq-asan/nng/src/sp/protocol/mqtt/mqtt_parser.c:1363 nano_msg_notify: test offline!
2026-09-17 06:17:58 [2269278] WARN  /home/kadir/mqtt-fuzzing/builds/nanomq-asan/nng/src/sp/protocol/mqtt/mqtt_parser.c:1359 nano_msg_notify: test online!
2026-09-17 06:17:58 [2269272] WARN  /home/kadir/mqtt-fuzzing/builds/nanomq-asan/nng/src/sp/transport/mqtt/broker_tcp.c:628 tcptran_pipe_recv_cb: nni aio recv error!! Connection shutdown

2026-09-17 06:17:58 [2269272] WARN  /home/kadir/mqtt-fuzzing/builds/nanomq-asan/nng/src/sp/transport/mqtt/broker_tcp.c:895 tcptran_pipe_recv_cb: tcptran_pipe_recv_cb: recv_error rv: 139

2026-09-17 06:17:58 [2269274] WARN  /home/kadir/mqtt-fuzzing/builds/nanomq-asan/nng/src/sp/protocol/mqtt/mqtt_parser.c:1363 nano_msg_notify: test offline!
2026-09-17 06:17:58 [2269275] WARN  /home/kadir/mqtt-fuzzing/builds/nanomq-asan/nng/src/sp/protocol/mqtt/mqtt_parser.c:1359 nano_msg_notify: test online!
2026-09-17 06:17:58 [2269274] WARN  /home/kadir/mqtt-fuzzing/builds/nanomq-asan/nng/src/sp/transport/mqtt/broker_tcp.c:628 tcptran_pipe_recv_cb: nni aio recv error!! Connection shutdown

2026-09-17 06:17:58 [2269274] WARN  /home/kadir/mqtt-fuzzing/builds/nanomq-asan/nng/src/sp/transport/mqtt/broker_tcp.c:895 tcptran_pipe_recv_cb: tcptran_pipe_recv_cb: recv_error rv: 139

2026-09-17 06:17:58 [2269272] WARN  /home/kadir/mqtt-fuzzing/builds/nanomq-asan/nng/src/sp/protocol/mqtt/mqtt_parser.c:1363 nano_msg_notify: test offline!
2026-09-17 06:17:58 [2269273] WARN  /home/kadir/mqtt-fuzzing/builds/nanomq-asan/nng/src/sp/protocol/mqtt/mqtt_parser.c:1359 nano_msg_notify: test online!
2026-09-17 06:17:58 [2269278] WARN  /home/kadir/mqtt-fuzzing/builds/nanomq-asan/nng/src/sp/transport/mqtt/broker_tcp.c:628 tcptran_pipe_recv_cb: nni aio recv error!! Connection shutdown

2026-09-17 06:17:58 [2269278] WARN  /home/kadir/mqtt-fuzzing/builds/nanomq-asan/nng/src/sp/transport/mqtt/broker_tcp.c:895 tcptran_pipe_recv_cb: tcptran_pipe_recv_cb: recv_error rv: 139

2026-09-17 06:17:58 [2269273] WARN  /home/kadir/mqtt-fuzzing/builds/nanomq-asan/nng/src/sp/protocol/mqtt/mqtt_parser.c:1363 nano_msg_notify: test offline!
2026-09-17 06:17:58 [2269276] WARN  /home/kadir/mqtt-fuzzing/builds/nanomq-asan/nng/src/sp/protocol/mqtt/mqtt_parser.c:1359 nano_msg_notify: test online!
2026-09-17 06:17:58 [2269271] WARN  /home/kadir/mqtt-fuzzing/builds/nanomq-asan/nng/src/sp/transport/mqtt/broker_tcp.c:628 tcptran_pipe_recv_cb: nni aio recv error!! Connection shutdown

2026-09-17 06:17:58 [2269271] WARN  /home/kadir/mqtt-fuzzing/builds/nanomq-asan/nng/src/sp/transport/mqtt/broker_tcp.c:895 tcptran_pipe_recv_cb: tcptran_pipe_recv_cb: recv_error rv: 139

2026-09-17 06:17:58 [2269272] WARN  /home/kadir/mqtt-fuzzing/builds/nanomq-asan/nng/src/sp/protocol/mqtt/mqtt_parser.c:1363 nano_msg_notify: test offline!
2026-09-17 06:17:58 [2269276] WARN  /home/kadir/mqtt-fuzzing/builds/nanomq-asan/nng/src/sp/protocol/mqtt/mqtt_parser.c:1359 nano_msg_notify: test online!
2026-09-17 06:17:58 [2269278] WARN  /home/kadir/mqtt-fuzzing/builds/nanomq-asan/nng/src/sp/transport/mqtt/broker_tcp.c:628 tcptran_pipe_recv_cb: nni aio recv error!! Connection shutdown

2026-09-17 06:17:58 [2269278] WARN  /home/kadir/mqtt-fuzzing/builds/nanomq-asan/nng/src/sp/transport/mqtt/broker_tcp.c:895 tcptran_pipe_recv_cb: tcptran_pipe_recv_cb: recv_error rv: 139

2026-09-17 06:17:58 [2269271] WARN  /home/kadir/mqtt-fuzzing/builds/nanomq-asan/nng/src/sp/protocol/mqtt/mqtt_parser.c:1363 nano_msg_notify: test offline!
2026-09-17 06:17:58 [2269273] WARN  /home/kadir/mqtt-fuzzing/builds/nanomq-asan/nng/src/sp/protocol/mqtt/mqtt_parser.c:1359 nano_msg_notify: test online!
2026-09-17 06:17:58 [2269277] WARN  /home/kadir/mqtt-fuzzing/builds/nanomq-asan/nng/src/sp/transport/mqtt/broker_tcp.c:628 tcptran_pipe_recv_cb: nni aio recv error!! Connection shutdown

2026-09-17 06:17:58 [2269277] WARN  /home/kadir/mqtt-fuzzing/builds/nanomq-asan/nng/src/sp/transport/mqtt/broker_tcp.c:895 tcptran_pipe_recv_cb: tcptran_pipe_recv_cb: recv_error rv: 139

2026-09-17 06:17:58 [2269271] WARN  /home/kadir/mqtt-fuzzing/builds/nanomq-asan/nng/src/sp/protocol/mqtt/mqtt_parser.c:1363 nano_msg_notify: test offline!
2026-09-17 06:17:58 [2269272] WARN  /home/kadir/mqtt-fuzzing/builds/nanomq-asan/nng/src/sp/protocol/mqtt/mqtt_parser.c:1359 nano_msg_notify: test online!
2026-09-17 06:17:58 [2269274] WARN  /home/kadir/mqtt-fuzzing/builds/nanomq-asan/nng/src/sp/transport/mqtt/broker_tcp.c:628 tcptran_pipe_recv_cb: nni aio recv error!! Connection shutdown

2026-09-17 06:17:58 [2269274] WARN  /home/kadir/mqtt-fuzzing/builds/nanomq-asan/nng/src/sp/transport/mqtt/broker_tcp.c:895 tcptran_pipe_recv_cb: tcptran_pipe_recv_cb: recv_error rv: 139

2026-09-17 06:17:58 [2269271] WARN  /home/kadir/mqtt-fuzzing/builds/nanomq-asan/nng/src/sp/protocol/mqtt/mqtt_parser.c:1363 nano_msg_notify: test offline!
2026-09-17 06:17:58 [2269274] WARN  /home/kadir/mqtt-fuzzing/builds/nanomq-asan/nng/src/sp/protocol/mqtt/mqtt_parser.c:1359 nano_msg_notify: test online!
2026-09-17 06:17:58 [2269277] WARN  /home/kadir/mqtt-fuzzing/builds/nanomq-asan/nng/src/sp/transport/mqtt/broker_tcp.c:628 tcptran_pipe_recv_cb: nni aio recv error!! Connection shutdown

2026-09-17 06:17:58 [2269277] WARN  /home/kadir/mqtt-fuzzing/builds/nanomq-asan/nng/src/sp/transport/mqtt/broker_tcp.c:895 tcptran_pipe_recv_cb: tcptran_pipe_recv_cb: recv_error rv: 139

2026-09-17 06:17:58 [2269278] WARN  /home/kadir/mqtt-fuzzing/builds/nanomq-asan/nng/src/sp/protocol/mqtt/mqtt_parser.c:1363 nano_msg_notify: test offline!
2026-09-17 06:17:58 [2269272] WARN  /home/kadir/mqtt-fuzzing/builds/nanomq-asan/nng/src/sp/protocol/mqtt/mqtt_parser.c:1359 nano_msg_notify: test online!
2026-09-17 06:17:58 [2269271] WARN  /home/kadir/mqtt-fuzzing/builds/nanomq-asan/nng/src/sp/transport/mqtt/broker_tcp.c:628 tcptran_pipe_recv_cb: nni aio recv error!! Connection shutdown

2026-09-17 06:17:58 [2269271] WARN  /home/kadir/mqtt-fuzzing/builds/nanomq-asan/nng/src/sp/transport/mqtt/broker_tcp.c:895 tcptran_pipe_recv_cb: tcptran_pipe_recv_cb: recv_error rv: 139

2026-09-17 06:17:58 [2269274] WARN  /home/kadir/mqtt-fuzzing/builds/nanomq-asan/nng/src/sp/protocol/mqtt/mqtt_parser.c:1363 nano_msg_notify: test offline!
2026-09-17 06:17:58 [2269273] WARN  /home/kadir/mqtt-fuzzing/builds/nanomq-asan/nng/src/sp/protocol/mqtt/mqtt_parser.c:1359 nano_msg_notify: test online!
2026-09-17 06:17:58 [2269278] WARN  /home/kadir/mqtt-fuzzing/builds/nanomq-asan/nng/src/sp/transport/mqtt/broker_tcp.c:628 tcptran_pipe_recv_cb: nni aio recv error!! Connection shutdown

2026-09-17 06:17:58 [2269278] WARN  /home/kadir/mqtt-fuzzing/builds/nanomq-asan/nng/src/sp/transport/mqtt/broker_tcp.c:895 tcptran_pipe_recv_cb: tcptran_pipe_recv_cb: recv_error rv: 139

2026-09-17 06:17:58 [2269277] WARN  /home/kadir/mqtt-fuzzing/builds/nanomq-asan/nng/src/sp/protocol/mqtt/mqtt_parser.c:1363 nano_msg_notify: test offline!
2026-09-17 06:17:58 [2269272] WARN  /home/kadir/mqtt-fuzzing/builds/nanomq-asan/nng/src/sp/protocol/mqtt/mqtt_parser.c:1359 nano_msg_notify: test online!
2026-09-17 06:17:58 [2269278] WARN  /home/kadir/mqtt-fuzzing/builds/nanomq-asan/nng/src/sp/transport/mqtt/broker_tcp.c:628 tcptran_pipe_recv_cb: nni aio recv error!! Connection shutdown

2026-09-17 06:17:58 [2269278] WARN  /home/kadir/mqtt-fuzzing/builds/nanomq-asan/nng/src/sp/transport/mqtt/broker_tcp.c:895 tcptran_pipe_recv_cb: tcptran_pipe_recv_cb: recv_error rv: 139

2026-09-17 06:17:58 [2269273] WARN  /home/kadir/mqtt-fuzzing/builds/nanomq-asan/nng/src/sp/protocol/mqtt/mqtt_parser.c:1363 nano_msg_notify: test offline!
2026-09-17 06:17:58 [2269276] WARN  /home/kadir/mqtt-fuzzing/builds/nanomq-asan/nng/src/sp/protocol/mqtt/mqtt_parser.c:1359 nano_msg_notify: test online!
2026-09-17 06:17:58 [2269275] WARN  /home/kadir/mqtt-fuzzing/builds/nanomq-asan/nng/src/sp/transport/mqtt/broker_tcp.c:628 tcptran_pipe_recv_cb: nni aio recv error!! Connection shutdown

2026-09-17 06:17:58 [2269275] WARN  /home/kadir/mqtt-fuzzing/builds/nanomq-asan/nng/src/sp/transport/mqtt/broker_tcp.c:895 tcptran_pipe_recv_cb: tcptran_pipe_recv_cb: recv_error rv: 139

2026-09-17 06:17:58 [2269277] WARN  /home/kadir/mqtt-fuzzing/builds/nanomq-asan/nng/src/sp/protocol/mqtt/mqtt_parser.c:1363 nano_msg_notify: test offline!
2026-09-17 06:17:58 [2269277] WARN  /home/kadir/mqtt-fuzzing/builds/nanomq-asan/nng/src/sp/protocol/mqtt/mqtt_parser.c:1359 nano_msg_notify: test online!
2026-09-17 06:17:58 [2269274] WARN  /home/kadir/mqtt-fuzzing/builds/nanomq-asan/nng/src/sp/transport/mqtt/broker_tcp.c:628 tcptran_pipe_recv_cb: nni aio recv error!! Connection shutdown

2026-09-17 06:17:58 [2269274] WARN  /home/kadir/mqtt-fuzzing/builds/nanomq-asan/nng/src/sp/transport/mqtt/broker_tcp.c:895 tcptran_pipe_recv_cb: tcptran_pipe_recv_cb: recv_error rv: 139

2026-09-17 06:17:58 [2269272] WARN  /home/kadir/mqtt-fuzzing/builds/nanomq-asan/nng/src/sp/protocol/mqtt/mqtt_parser.c:1363 nano_msg_notify: test offline!
2026-09-17 06:17:58 [2269278] WARN  /home/kadir/mqtt-fuzzing/builds/nanomq-asan/nng/src/sp/protocol/mqtt/mqtt_parser.c:1359 nano_msg_notify: test online!
2026-09-17 06:17:58 [2269275] WARN  /home/kadir/mqtt-fuzzing/builds/nanomq-asan/nng/src/sp/transport/mqtt/broker_tcp.c:628 tcptran_pipe_recv_cb: nni aio recv error!! Connection shutdown

2026-09-17 06:17:58 [2269275] WARN  /home/kadir/mqtt-fuzzing/builds/nanomq-asan/nng/src/sp/transport/mqtt/broker_tcp.c:895 tcptran_pipe_recv_cb: tcptran_pipe_recv_cb: recv_error rv: 139

2026-09-17 06:17:58 [2269272] WARN  /home/kadir/mqtt-fuzzing/builds/nanomq-asan/nng/src/sp/protocol/mqtt/mqtt_parser.c:1363 nano_msg_notify: test offline!
2026-09-17 06:17:58 [2269275] WARN  /home/kadir/mqtt-fuzzing/builds/nanomq-asan/nng/src/sp/protocol/mqtt/mqtt_parser.c:1359 nano_msg_notify: test online!
2026-09-17 06:17:58 [2269271] WARN  /home/kadir/mqtt-fuzzing/builds/nanomq-asan/nng/src/sp/transport/mqtt/broker_tcp.c:776 tcptran_pipe_recv_cb: 0 Packet ID in QoS Message!
2026-09-17 06:17:58 [2269271] WARN  /home/kadir/mqtt-fuzzing/builds/nanomq-asan/nng/src/sp/transport/mqtt/broker_tcp.c:895 tcptran_pipe_recv_cb: tcptran_pipe_recv_cb: recv_error rv: 130

2026-09-17 06:17:58 [2269276] WARN  /home/kadir/mqtt-fuzzing/builds/nanomq-asan/nng/src/sp/protocol/mqtt/mqtt_parser.c:1363 nano_msg_notify: test offline!
2026-09-17 06:17:58 [2269275] WARN  /home/kadir/mqtt-fuzzing/builds/nanomq-asan/nng/src/sp/protocol/mqtt/mqtt_parser.c:1359 nano_msg_notify: test online!
2026-09-17 06:17:58 [2269278] WARN  /home/kadir/mqtt-fuzzing/builds/nanomq-asan/nng/src/sp/transport/mqtt/broker_tcp.c:776 tcptran_pipe_recv_cb: 0 Packet ID in QoS Message!
2026-09-17 06:17:58 [2269278] WARN  /home/kadir/mqtt-fuzzing/builds/nanomq-asan/nng/src/sp/transport/mqtt/broker_tcp.c:895 tcptran_pipe_recv_cb: tcptran_pipe_recv_cb: recv_error rv: 130

2026-09-17 06:17:58 [2269271] WARN  /home/kadir/mqtt-fuzzing/builds/nanomq-asan/nng/src/sp/protocol/mqtt/mqtt_parser.c:1363 nano_msg_notify: test offline!
2026-09-17 06:17:58 [2269278] WARN  /home/kadir/mqtt-fuzzing/builds/nanomq-asan/nng/src/sp/protocol/mqtt/mqtt_parser.c:1359 nano_msg_notify: test online!
2026-09-17 06:17:58 [2269273] WARN  /home/kadir/mqtt-fuzzing/builds/nanomq-asan/nng/src/sp/transport/mqtt/broker_tcp.c:776 tcptran_pipe_recv_cb: 0 Packet ID in QoS Message!
2026-09-17 06:17:58 [2269273] WARN  /home/kadir/mqtt-fuzzing/builds/nanomq-asan/nng/src/sp/transport/mqtt/broker_tcp.c:895 tcptran_pipe_recv_cb: tcptran_pipe_recv_cb: recv_error rv: 130

2026-09-17 06:17:58 [2269277] WARN  /home/kadir/mqtt-fuzzing/builds/nanomq-asan/nng/src/sp/protocol/mqtt/mqtt_parser.c:1363 nano_msg_notify: test offline!
2026-09-17 06:17:58 [2269275] WARN  /home/kadir/mqtt-fuzzing/builds/nanomq-asan/nng/src/sp/protocol/mqtt/mqtt_parser.c:1359 nano_msg_notify: test online!
2026-09-17 06:17:58 [2269271] WARN  /home/kadir/mqtt-fuzzing/builds/nanomq-asan/nng/src/sp/transport/mqtt/broker_tcp.c:776 tcptran_pipe_recv_cb: 0 Packet ID in QoS Message!
2026-09-17 06:17:58 [2269271] WARN  /home/kadir/mqtt-fuzzing/builds/nanomq-asan/nng/src/sp/transport/mqtt/broker_tcp.c:895 tcptran_pipe_recv_cb: tcptran_pipe_recv_cb: recv_error rv: 130

2026-09-17 06:17:58 [2269274] WARN  /home/kadir/mqtt-fuzzing/builds/nanomq-asan/nng/src/sp/protocol/mqtt/mqtt_parser.c:1363 nano_msg_notify: test offline!
2026-09-17 06:17:58 [2269274] WARN  /home/kadir/mqtt-fuzzing/builds/nanomq-asan/nng/src/sp/protocol/mqtt/mqtt_parser.c:1359 nano_msg_notify: test online!
2026-09-17 06:17:58 [2269273] WARN  /home/kadir/mqtt-fuzzing/builds/nanomq-asan/nng/src/sp/transport/mqtt/broker_tcp.c:776 tcptran_pipe_recv_cb: 0 Packet ID in QoS Message!
2026-09-17 06:17:58 [2269273] WARN  /home/kadir/mqtt-fuzzing/builds/nanomq-asan/nng/src/sp/transport/mqtt/broker_tcp.c:895 tcptran_pipe_recv_cb: tcptran_pipe_recv_cb: recv_error rv: 130

2026-09-17 06:17:58 [2269276] WARN  /home/kadir/mqtt-fuzzing/builds/nanomq-asan/nng/src/sp/protocol/mqtt/mqtt_parser.c:1363 nano_msg_notify: test offline!
2026-09-17 06:17:58 [2269275] WARN  /home/kadir/mqtt-fuzzing/builds/nanomq-asan/nng/src/sp/protocol/mqtt/mqtt_parser.c:1359 nano_msg_notify: test online!
2026-09-17 06:17:58 [2269272] WARN  /home/kadir/mqtt-fuzzing/builds/nanomq-asan/nng/src/sp/transport/mqtt/broker_tcp.c:776 tcptran_pipe_recv_cb: 0 Packet ID in QoS Message!
2026-09-17 06:17:58 [2269272] WARN  /home/kadir/mqtt-fuzzing/builds/nanomq-asan/nng/src/sp/transport/mqtt/broker_tcp.c:895 tcptran_pipe_recv_cb: tcptran_pipe_recv_cb: recv_error rv: 130

2026-09-17 06:17:58 [2269276] WARN  /home/kadir/mqtt-fuzzing/builds/nanomq-asan/nng/src/sp/protocol/mqtt/mqtt_parser.c:1363 nano_msg_notify: test offline!
2026-09-17 06:17:58 [2269274] WARN  /home/kadir/mqtt-fuzzing/builds/nanomq-asan/nng/src/sp/protocol/mqtt/mqtt_parser.c:1359 nano_msg_notify: test online!
2026-09-17 06:17:58 [2269271] WARN  /home/kadir/mqtt-fuzzing/builds/nanomq-asan/nng/src/sp/transport/mqtt/broker_tcp.c:776 tcptran_pipe_recv_cb: 0 Packet ID in QoS Message!
2026-09-17 06:17:58 [2269271] WARN  /home/kadir/mqtt-fuzzing/builds/nanomq-asan/nng/src/sp/transport/mqtt/broker_tcp.c:895 tcptran_pipe_recv_cb: tcptran_pipe_recv_cb: recv_error rv: 130

2026-09-17 06:17:58 [2269278] WARN  /home/kadir/mqtt-fuzzing/builds/nanomq-asan/nng/src/sp/protocol/mqtt/mqtt_parser.c:1363 nano_msg_notify: test offline!
2026-09-17 06:17:58 [2269275] WARN  /home/kadir/mqtt-fuzzing/builds/nanomq-asan/nng/src/sp/protocol/mqtt/mqtt_parser.c:1359 nano_msg_notify: test online!
2026-09-17 06:17:58 [2269277] WARN  /home/kadir/mqtt-fuzzing/builds/nanomq-asan/nng/src/sp/transport/mqtt/broker_tcp.c:776 tcptran_pipe_recv_cb: 0 Packet ID in QoS Message!
2026-09-17 06:17:58 [2269277] WARN  /home/kadir/mqtt-fuzzing/builds/nanomq-asan/nng/src/sp/transport/mqtt/broker_tcp.c:895 tcptran_pipe_recv_cb: tcptran_pipe_recv_cb: recv_error rv: 130

2026-09-17 06:17:58 [2269275] WARN  /home/kadir/mqtt-fuzzing/builds/nanomq-asan/nng/src/sp/protocol/mqtt/mqtt_parser.c:1363 nano_msg_notify: test offline!
2026-09-17 06:17:58 [2269276] WARN  /home/kadir/mqtt-fuzzing/builds/nanomq-asan/nng/src/sp/protocol/mqtt/mqtt_parser.c:1359 nano_msg_notify: test online!
2026-09-17 06:17:58 [2269278] WARN  /home/kadir/mqtt-fuzzing/builds/nanomq-asan/nng/src/sp/transport/mqtt/broker_tcp.c:776 tcptran_pipe_recv_cb: 0 Packet ID in QoS Message!
2026-09-17 06:17:58 [2269278] WARN  /home/kadir/mqtt-fuzzing/builds/nanomq-asan/nng/src/sp/transport/mqtt/broker_tcp.c:895 tcptran_pipe_recv_cb: tcptran_pipe_recv_cb: recv_error rv: 130

2026-09-17 06:17:58 [2269275] WARN  /home/kadir/mqtt-fuzzing/builds/nanomq-asan/nng/src/sp/protocol/mqtt/mqtt_parser.c:1363 nano_msg_notify: test offline!
2026-09-17 06:17:58 [2269278] WARN  /home/kadir/mqtt-fuzzing/builds/nanomq-asan/nng/src/sp/protocol/mqtt/mqtt_parser.c:1359 nano_msg_notify: test online!
2026-09-17 06:17:58 [2269276] WARN  /home/kadir/mqtt-fuzzing/builds/nanomq-asan/nng/src/sp/transport/mqtt/broker_tcp.c:776 tcptran_pipe_recv_cb: 0 Packet ID in QoS Message!
2026-09-17 06:17:58 [2269276] WARN  /home/kadir/mqtt-fuzzing/builds/nanomq-asan/nng/src/sp/transport/mqtt/broker_tcp.c:895 tcptran_pipe_recv_cb: tcptran_pipe_recv_cb: recv_error rv: 130

2026-09-17 06:17:58 [2269273] WARN  /home/kadir/mqtt-fuzzing/builds/nanomq-asan/nng/src/sp/protocol/mqtt/mqtt_parser.c:1363 nano_msg_notify: test offline!
2026-09-17 06:17:58 [2269276] WARN  /home/kadir/mqtt-fuzzing/builds/nanomq-asan/nng/src/sp/protocol/mqtt/mqtt_parser.c:1359 nano_msg_notify: test online!
2026-09-17 06:17:58 [2269271] WARN  /home/kadir/mqtt-fuzzing/builds/nanomq-asan/nng/src/sp/transport/mqtt/broker_tcp.c:776 tcptran_pipe_recv_cb: 0 Packet ID in QoS Message!
2026-09-17 06:17:58 [2269271] WARN  /home/kadir/mqtt-fuzzing/builds/nanomq-asan/nng/src/sp/transport/mqtt/broker_tcp.c:895 tcptran_pipe_recv_cb: tcptran_pipe_recv_cb: recv_error rv: 130

2026-09-17 06:17:58 [2269278] WARN  /home/kadir/mqtt-fuzzing/builds/nanomq-asan/nng/src/sp/protocol/mqtt/mqtt_parser.c:1363 nano_msg_notify: test offline!
2026-09-17 06:17:58 [2269277] WARN  /home/kadir/mqtt-fuzzing/builds/nanomq-asan/nng/src/sp/protocol/mqtt/mqtt_parser.c:1359 nano_msg_notify: test online!
2026-09-17 06:17:58 [2269276] WARN  /home/kadir/mqtt-fuzzing/builds/nanomq-asan/nng/src/sp/transport/mqtt/broker_tcp.c:776 tcptran_pipe_recv_cb: 0 Packet ID in QoS Message!
2026-09-17 06:17:58 [2269276] WARN  /home/kadir/mqtt-fuzzing/builds/nanomq-asan/nng/src/sp/transport/mqtt/broker_tcp.c:895 tcptran_pipe_recv_cb: tcptran_pipe_recv_cb: recv_error rv: 130

2026-09-17 06:17:58 [2269273] WARN  /home/kadir/mqtt-fuzzing/builds/nanomq-asan/nng/src/sp/protocol/mqtt/mqtt_parser.c:1363 nano_msg_notify: test offline!
2026-09-17 06:17:58 [2269274] WARN  /home/kadir/mqtt-fuzzing/builds/nanomq-asan/nng/src/sp/protocol/mqtt/mqtt_parser.c:1359 nano_msg_notify: test online!
2026-09-17 06:17:58 [2269278] WARN  /home/kadir/mqtt-fuzzing/builds/nanomq-asan/nng/src/sp/transport/mqtt/broker_tcp.c:776 tcptran_pipe_recv_cb: 0 Packet ID in QoS Message!
2026-09-17 06:17:58 [2269278] WARN  /home/kadir/mqtt-fuzzing/builds/nanomq-asan/nng/src/sp/transport/mqtt/broker_tcp.c:895 tcptran_pipe_recv_cb: tcptran_pipe_recv_cb: recv_error rv: 130

2026-09-17 06:17:58 [2269271] WARN  /home/kadir/mqtt-fuzzing/builds/nanomq-asan/nng/src/sp/protocol/mqtt/mqtt_parser.c:1363 nano_msg_notify: test offline!
2026-09-17 06:17:58 [2269274] WARN  /home/kadir/mqtt-fuzzing/builds/nanomq-asan/nng/src/sp/protocol/mqtt/mqtt_parser.c:1359 nano_msg_notify: test online!
2026-09-17 06:17:58 [2269276] WARN  /home/kadir/mqtt-fuzzing/builds/nanomq-asan/nng/src/sp/transport/mqtt/broker_tcp.c:776 tcptran_pipe_recv_cb: 0 Packet ID in QoS Message!
2026-09-17 06:17:58 [2269276] WARN  /home/kadir/mqtt-fuzzing/builds/nanomq-asan/nng/src/sp/transport/mqtt/broker_tcp.c:895 tcptran_pipe_recv_cb: tcptran_pipe_recv_cb: recv_error rv: 130

2026-09-17 06:17:58 [2269271] WARN  /home/kadir/mqtt-fuzzing/builds/nanomq-asan/nng/src/sp/protocol/mqtt/mqtt_parser.c:1363 nano_msg_notify: test offline!
2026-09-17 06:17:58 [2269277] WARN  /home/kadir/mqtt-fuzzing/builds/nanomq-asan/nng/src/sp/protocol/mqtt/mqtt_parser.c:1359 nano_msg_notify: test online!
2026-09-17 06:17:58 [2269272] WARN  /home/kadir/mqtt-fuzzing/builds/nanomq-asan/nng/src/sp/transport/mqtt/broker_tcp.c:776 tcptran_pipe_recv_cb: 0 Packet ID in QoS Message!
2026-09-17 06:17:58 [2269272] WARN  /home/kadir/mqtt-fuzzing/builds/nanomq-asan/nng/src/sp/transport/mqtt/broker_tcp.c:895 tcptran_pipe_recv_cb: tcptran_pipe_recv_cb: recv_error rv: 130

2026-09-17 06:17:58 [2269275] WARN  /home/kadir/mqtt-fuzzing/builds/nanomq-asan/nng/src/sp/protocol/mqtt/mqtt_parser.c:1363 nano_msg_notify: test offline!
2026-09-17 06:17:58 [2269275] WARN  /home/kadir/mqtt-fuzzing/builds/nanomq-asan/nng/src/sp/protocol/mqtt/mqtt_parser.c:1359 nano_msg_notify: test online!
2026-09-17 06:17:58 [2269271] WARN  /home/kadir/mqtt-fuzzing/builds/nanomq-asan/nng/src/sp/transport/mqtt/broker_tcp.c:776 tcptran_pipe_recv_cb: 0 Packet ID in QoS Message!
2026-09-17 06:17:58 [2269271] WARN  /home/kadir/mqtt-fuzzing/builds/nanomq-asan/nng/src/sp/transport/mqtt/broker_tcp.c:895 tcptran_pipe_recv_cb: tcptran_pipe_recv_cb: recv_error rv: 130

2026-09-17 06:17:58 [2269278] WARN  /home/kadir/mqtt-fuzzing/builds/nanomq-asan/nng/src/sp/protocol/mqtt/mqtt_parser.c:1363 nano_msg_notify: test offline!
2026-09-17 06:17:58 [2269276] WARN  /home/kadir/mqtt-fuzzing/builds/nanomq-asan/nng/src/sp/protocol/mqtt/mqtt_parser.c:1359 nano_msg_notify: test online!
2026-09-17 06:17:58 [2269277] WARN  /home/kadir/mqtt-fuzzing/builds/nanomq-asan/nng/src/sp/transport/mqtt/broker_tcp.c:776 tcptran_pipe_recv_cb: 0 Packet ID in QoS Message!
2026-09-17 06:17:58 [2269277] WARN  /home/kadir/mqtt-fuzzing/builds/nanomq-asan/nng/src/sp/transport/mqtt/broker_tcp.c:895 tcptran_pipe_recv_cb: tcptran_pipe_recv_cb: recv_error rv: 130

2026-09-17 06:17:58 [2269275] WARN  /home/kadir/mqtt-fuzzing/builds/nanomq-asan/nng/src/sp/protocol/mqtt/mqtt_parser.c:1363 nano_msg_notify: test offline!
2026-09-17 06:17:58 [2269278] WARN  /home/kadir/mqtt-fuzzing/builds/nanomq-asan/nng/src/sp/protocol/mqtt/mqtt_parser.c:1359 nano_msg_notify: test online!
2026-09-17 06:17:58 [2269274] WARN  /home/kadir/mqtt-fuzzing/builds/nanomq-asan/nng/src/sp/transport/mqtt/broker_tcp.c:776 tcptran_pipe_recv_cb: 0 Packet ID in QoS Message!
2026-09-17 06:17:58 [2269274] WARN  /home/kadir/mqtt-fuzzing/builds/nanomq-asan/nng/src/sp/transport/mqtt/broker_tcp.c:895 tcptran_pipe_recv_cb: tcptran_pipe_recv_cb: recv_error rv: 130

2026-09-17 06:17:58 [2269272] WARN  /home/kadir/mqtt-fuzzing/builds/nanomq-asan/nng/src/sp/protocol/mqtt/mqtt_parser.c:1363 nano_msg_notify: test offline!
2026-09-17 06:17:58 [2269273] WARN  /home/kadir/mqtt-fuzzing/builds/nanomq-asan/nng/src/sp/protocol/mqtt/mqtt_parser.c:1359 nano_msg_notify: test online!
2026-09-17 06:17:58 [2269275] WARN  /home/kadir/mqtt-fuzzing/builds/nanomq-asan/nng/src/sp/transport/mqtt/broker_tcp.c:776 tcptran_pipe_recv_cb: 0 Packet ID in QoS Message!
2026-09-17 06:17:58 [2269275] WARN  /home/kadir/mqtt-fuzzing/builds/nanomq-asan/nng/src/sp/transport/mqtt/broker_tcp.c:895 tcptran_pipe_recv_cb: tcptran_pipe_recv_cb: recv_error rv: 130

2026-09-17 06:17:58 [2269276] WARN  /home/kadir/mqtt-fuzzing/builds/nanomq-asan/nng/src/sp/protocol/mqtt/mqtt_parser.c:1363 nano_msg_notify: test offline!
2026-09-17 06:17:58 [2269276] WARN  /home/kadir/mqtt-fuzzing/builds/nanomq-asan/nng/src/sp/protocol/mqtt/mqtt_parser.c:1359 nano_msg_notify: test online!
2026-09-17 06:17:58 [2269273] WARN  /home/kadir/mqtt-fuzzing/builds/nanomq-asan/nng/src/sp/transport/mqtt/broker_tcp.c:776 tcptran_pipe_recv_cb: 0 Packet ID in QoS Message!
2026-09-17 06:17:58 [2269273] WARN  /home/kadir/mqtt-fuzzing/builds/nanomq-asan/nng/src/sp/transport/mqtt/broker_tcp.c:895 tcptran_pipe_recv_cb: tcptran_pipe_recv_cb: recv_error rv: 130

2026-09-17 06:17:58 [2269272] WARN  /home/kadir/mqtt-fuzzing/builds/nanomq-asan/nng/src/sp/protocol/mqtt/mqtt_parser.c:1363 nano_msg_notify: test offline!
2026-09-17 06:17:58 [2269273] WARN  /home/kadir/mqtt-fuzzing/builds/nanomq-asan/nng/src/sp/protocol/mqtt/mqtt_parser.c:1359 nano_msg_notify: test online!
2026-09-17 06:17:58 [2269278] WARN  /home/kadir/mqtt-fuzzing/builds/nanomq-asan/nng/src/sp/transport/mqtt/broker_tcp.c:776 tcptran_pipe_recv_cb: 0 Packet ID in QoS Message!
2026-09-17 06:17:58 [2269278] WARN  /home/kadir/mqtt-fuzzing/builds/nanomq-asan/nng/src/sp/transport/mqtt/broker_tcp.c:895 tcptran_pipe_recv_cb: tcptran_pipe_recv_cb: recv_error rv: 130

2026-09-17 06:17:58 [2269271] WARN  /home/kadir/mqtt-fuzzing/builds/nanomq-asan/nng/src/sp/protocol/mqtt/mqtt_parser.c:1363 nano_msg_notify: test offline!
2026-09-17 06:17:58 [2269274] WARN  /home/kadir/mqtt-fuzzing/builds/nanomq-asan/nng/src/sp/protocol/mqtt/mqtt_parser.c:1359 nano_msg_notify: test online!
2026-09-17 06:17:58 [2269278] WARN  /home/kadir/mqtt-fuzzing/builds/nanomq-asan/nng/src/sp/transport/mqtt/broker_tcp.c:776 tcptran_pipe_recv_cb: 0 Packet ID in QoS Message!
2026-09-17 06:17:58 [2269278] WARN  /home/kadir/mqtt-fuzzing/builds/nanomq-asan/nng/src/sp/transport/mqtt/broker_tcp.c:895 tcptran_pipe_recv_cb: tcptran_pipe_recv_cb: recv_error rv: 130

2026-09-17 06:17:58 [2269272] WARN  /home/kadir/mqtt-fuzzing/builds/nanomq-asan/nng/src/sp/protocol/mqtt/mqtt_parser.c:1363 nano_msg_notify: test offline!
2026-09-17 06:17:58 [2269275] WARN  /home/kadir/mqtt-fuzzing/builds/nanomq-asan/nng/src/sp/protocol/mqtt/mqtt_parser.c:1359 nano_msg_notify: test online!
2026-09-17 06:17:58 [2269276] WARN  /home/kadir/mqtt-fuzzing/builds/nanomq-asan/nng/src/sp/transport/mqtt/broker_tcp.c:776 tcptran_pipe_recv_cb: 0 Packet ID in QoS Message!
2026-09-17 06:17:58 [2269276] WARN  /home/kadir/mqtt-fuzzing/builds/nanomq-asan/nng/src/sp/transport/mqtt/broker_tcp.c:895 tcptran_pipe_recv_cb: tcptran_pipe_recv_cb: recv_error rv: 130

2026-09-17 06:17:58 [2269276] WARN  /home/kadir/mqtt-fuzzing/builds/nanomq-asan/nng/src/sp/protocol/mqtt/mqtt_parser.c:1363 nano_msg_notify: test offline!
2026-09-17 06:17:58 [2269277] WARN  /home/kadir/mqtt-fuzzing/builds/nanomq-asan/nng/src/sp/protocol/mqtt/mqtt_parser.c:1359 nano_msg_notify: test online!
2026-09-17 06:17:58 [2269273] WARN  /home/kadir/mqtt-fuzzing/builds/nanomq-asan/nng/src/sp/transport/mqtt/broker_tcp.c:776 tcptran_pipe_recv_cb: 0 Packet ID in QoS Message!
2026-09-17 06:17:58 [2269273] WARN  /home/kadir/mqtt-fuzzing/builds/nanomq-asan/nng/src/sp/transport/mqtt/broker_tcp.c:895 tcptran_pipe_recv_cb: tcptran_pipe_recv_cb: recv_error rv: 130

2026-09-17 06:17:58 [2269273] WARN  /home/kadir/mqtt-fuzzing/builds/nanomq-asan/nng/src/sp/protocol/mqtt/mqtt_parser.c:1363 nano_msg_notify: test offline!
2026-09-17 06:17:58 [2269275] WARN  /home/kadir/mqtt-fuzzing/builds/nanomq-asan/nng/src/sp/protocol/mqtt/mqtt_parser.c:1359 nano_msg_notify: test online!
2026-09-17 06:17:58 [2269274] WARN  /home/kadir/mqtt-fuzzing/builds/nanomq-asan/nng/src/sp/transport/mqtt/broker_tcp.c:776 tcptran_pipe_recv_cb: 0 Packet ID in QoS Message!
2026-09-17 06:17:58 [2269274] WARN  /home/kadir/mqtt-fuzzing/builds/nanomq-asan/nng/src/sp/transport/mqtt/broker_tcp.c:895 tcptran_pipe_recv_cb: tcptran_pipe_recv_cb: recv_error rv: 130

2026-09-17 06:17:58 [2269273] WARN  /home/kadir/mqtt-fuzzing/builds/nanomq-asan/nng/src/sp/protocol/mqtt/mqtt_parser.c:1363 nano_msg_notify: test offline!
2026-09-17 06:17:58 [2269277] WARN  /home/kadir/mqtt-fuzzing/builds/nanomq-asan/nng/src/sp/protocol/mqtt/mqtt_parser.c:1359 nano_msg_notify: test online!
2026-09-17 06:17:58 [2269275] WARN  /home/kadir/mqtt-fuzzing/builds/nanomq-asan/nng/src/sp/transport/mqtt/broker_tcp.c:776 tcptran_pipe_recv_cb: 0 Packet ID in QoS Message!
2026-09-17 06:17:58 [2269275] WARN  /home/kadir/mqtt-fuzzing/builds/nanomq-asan/nng/src/sp/transport/mqtt/broker_tcp.c:895 tcptran_pipe_recv_cb: tcptran_pipe_recv_cb: recv_error rv: 130

2026-09-17 06:17:58 [2269272] WARN  /home/kadir/mqtt-fuzzing/builds/nanomq-asan/nng/src/sp/protocol/mqtt/mqtt_parser.c:1363 nano_msg_notify: test offline!
2026-09-17 06:17:58 [2269274] WARN  /home/kadir/mqtt-fuzzing/builds/nanomq-asan/nng/src/sp/protocol/mqtt/mqtt_parser.c:1359 nano_msg_notify: test online!
2026-09-17 06:17:58 [2269271] WARN  /home/kadir/mqtt-fuzzing/builds/nanomq-asan/nng/src/sp/transport/mqtt/broker_tcp.c:776 tcptran_pipe_recv_cb: 0 Packet ID in QoS Message!
2026-09-17 06:17:58 [2269271] WARN  /home/kadir/mqtt-fuzzing/builds/nanomq-asan/nng/src/sp/transport/mqtt/broker_tcp.c:895 tcptran_pipe_recv_cb: tcptran_pipe_recv_cb: recv_error rv: 130

2026-09-17 06:17:58 [2269271] WARN  /home/kadir/mqtt-fuzzing/builds/nanomq-asan/nng/src/sp/protocol/mqtt/mqtt_parser.c:1363 nano_msg_notify: test offline!
2026-09-17 06:17:58 [2269272] WARN  /home/kadir/mqtt-fuzzing/builds/nanomq-asan/nng/src/sp/protocol/mqtt/mqtt_parser.c:1359 nano_msg_notify: test online!
2026-09-17 06:17:58 [2269275] WARN  /home/kadir/mqtt-fuzzing/builds/nanomq-asan/nng/src/sp/transport/mqtt/broker_tcp.c:776 tcptran_pipe_recv_cb: 0 Packet ID in QoS Message!
2026-09-17 06:17:58 [2269275] WARN  /home/kadir/mqtt-fuzzing/builds/nanomq-asan/nng/src/sp/transport/mqtt/broker_tcp.c:895 tcptran_pipe_recv_cb: tcptran_pipe_recv_cb: recv_error rv: 130

2026-09-17 06:17:58 [2269277] WARN  /home/kadir/mqtt-fuzzing/builds/nanomq-asan/nng/src/sp/protocol/mqtt/mqtt_parser.c:1363 nano_msg_notify: test offline!
2026-09-17 06:17:58 [2269278] WARN  /home/kadir/mqtt-fuzzing/builds/nanomq-asan/nng/src/sp/protocol/mqtt/mqtt_parser.c:1359 nano_msg_notify: test online!
2026-09-17 06:17:58 [2269277] WARN  /home/kadir/mqtt-fuzzing/builds/nanomq-asan/nng/src/sp/transport/mqtt/broker_tcp.c:776 tcptran_pipe_recv_cb: 0 Packet ID in QoS Message!
2026-09-17 06:17:58 [2269277] WARN  /home/kadir/mqtt-fuzzing/builds/nanomq-asan/nng/src/sp/transport/mqtt/broker_tcp.c:895 tcptran_pipe_recv_cb: tcptran_pipe_recv_cb: recv_error rv: 130

2026-09-17 06:17:58 [2269273] WARN  /home/kadir/mqtt-fuzzing/builds/nanomq-asan/nng/src/sp/protocol/mqtt/mqtt_parser.c:1363 nano_msg_notify: test offline!
2026-09-17 06:17:58 [2269275] WARN  /home/kadir/mqtt-fuzzing/builds/nanomq-asan/nng/src/sp/protocol/mqtt/mqtt_parser.c:1359 nano_msg_notify: test online!
2026-09-17 06:17:58 [2269271] WARN  /home/kadir/mqtt-fuzzing/builds/nanomq-asan/nng/src/sp/transport/mqtt/broker_tcp.c:776 tcptran_pipe_recv_cb: 0 Packet ID in QoS Message!
2026-09-17 06:17:58 [2269271] WARN  /home/kadir/mqtt-fuzzing/builds/nanomq-asan/nng/src/sp/transport/mqtt/broker_tcp.c:895 tcptran_pipe_recv_cb: tcptran_pipe_recv_cb: recv_error rv: 130

2026-09-17 06:17:58 [2269272] WARN  /home/kadir/mqtt-fuzzing/builds/nanomq-asan/nng/src/sp/protocol/mqtt/mqtt_parser.c:1363 nano_msg_notify: test offline!
2026-09-17 06:17:58 [2269274] WARN  /home/kadir/mqtt-fuzzing/builds/nanomq-asan/nng/src/sp/protocol/mqtt/mqtt_parser.c:1359 nano_msg_notify: test online!
2026-09-17 06:17:58 [2269274] WARN  /home/kadir/mqtt-fuzzing/builds/nanomq-asan/nng/src/sp/transport/mqtt/broker_tcp.c:776 tcptran_pipe_recv_cb: 0 Packet ID in QoS Message!
2026-09-17 06:17:58 [2269274] WARN  /home/kadir/mqtt-fuzzing/builds/nanomq-asan/nng/src/sp/transport/mqtt/broker_tcp.c:895 tcptran_pipe_recv_cb: tcptran_pipe_recv_cb: recv_error rv: 130

2026-09-17 06:17:58 [2269276] WARN  /home/kadir/mqtt-fuzzing/builds/nanomq-asan/nng/src/sp/protocol/mqtt/mqtt_parser.c:1363 nano_msg_notify: test offline!
2026-09-17 06:17:58 [2269273] WARN  /home/kadir/mqtt-fuzzing/builds/nanomq-asan/nng/src/sp/protocol/mqtt/mqtt_parser.c:1359 nano_msg_notify: test online!
2026-09-17 06:17:58 [2269278] WARN  /home/kadir/mqtt-fuzzing/builds/nanomq-asan/nng/src/sp/transport/mqtt/broker_tcp.c:776 tcptran_pipe_recv_cb: 0 Packet ID in QoS Message!
2026-09-17 06:17:58 [2269278] WARN  /home/kadir/mqtt-fuzzing/builds/nanomq-asan/nng/src/sp/transport/mqtt/broker_tcp.c:895 tcptran_pipe_recv_cb: tcptran_pipe_recv_cb: recv_error rv: 130

2026-09-17 06:17:58 [2269278] WARN  /home/kadir/mqtt-fuzzing/builds/nanomq-asan/nng/src/sp/protocol/mqtt/mqtt_parser.c:1363 nano_msg_notify: test offline!
2026-09-17 06:17:58 [2269278] WARN  /home/kadir/mqtt-fuzzing/builds/nanomq-asan/nng/src/sp/protocol/mqtt/mqtt_parser.c:1359 nano_msg_notify: test online!
2026-09-17 06:17:58 [2269273] WARN  /home/kadir/mqtt-fuzzing/builds/nanomq-asan/nng/src/sp/transport/mqtt/broker_tcp.c:776 tcptran_pipe_recv_cb: 0 Packet ID in QoS Message!
2026-09-17 06:17:58 [2269273] WARN  /home/kadir/mqtt-fuzzing/builds/nanomq-asan/nng/src/sp/transport/mqtt/broker_tcp.c:895 tcptran_pipe_recv_cb: tcptran_pipe_recv_cb: recv_error rv: 130

2026-09-17 06:17:58 [2269274] WARN  /home/kadir/mqtt-fuzzing/builds/nanomq-asan/nng/src/sp/protocol/mqtt/mqtt_parser.c:1363 nano_msg_notify: test offline!
2026-09-17 06:17:58 [2269271] WARN  /home/kadir/mqtt-fuzzing/builds/nanomq-asan/nng/src/sp/protocol/mqtt/mqtt_parser.c:1359 nano_msg_notify: test online!
2026-09-17 06:17:58 [2269278] WARN  /home/kadir/mqtt-fuzzing/builds/nanomq-asan/nng/src/sp/transport/mqtt/broker_tcp.c:776 tcptran_pipe_recv_cb: 0 Packet ID in QoS Message!
2026-09-17 06:17:58 [2269278] WARN  /home/kadir/mqtt-fuzzing/builds/nanomq-asan/nng/src/sp/transport/mqtt/broker_tcp.c:895 tcptran_pipe_recv_cb: tcptran_pipe_recv_cb: recv_error rv: 130

2026-09-17 06:17:58 [2269273] WARN  /home/kadir/mqtt-fuzzing/builds/nanomq-asan/nng/src/sp/protocol/mqtt/mqtt_parser.c:1363 nano_msg_notify: test offline!
2026-09-17 06:17:58 [2269272] WARN  /home/kadir/mqtt-fuzzing/builds/nanomq-asan/nng/src/sp/protocol/mqtt/mqtt_parser.c:1359 nano_msg_notify: test online!
2026-09-17 06:17:58 [2269274] WARN  /home/kadir/mqtt-fuzzing/builds/nanomq-asan/nng/src/sp/transport/mqtt/broker_tcp.c:776 tcptran_pipe_recv_cb: 0 Packet ID in QoS Message!
2026-09-17 06:17:58 [2269274] WARN  /home/kadir/mqtt-fuzzing/builds/nanomq-asan/nng/src/sp/transport/mqtt/broker_tcp.c:895 tcptran_pipe_recv_cb: tcptran_pipe_recv_cb: recv_error rv: 130

2026-09-17 06:17:58 [2269271] WARN  /home/kadir/mqtt-fuzzing/builds/nanomq-asan/nng/src/sp/protocol/mqtt/mqtt_parser.c:1363 nano_msg_notify: test offline!
2026-09-17 06:17:58 [2269277] WARN  /home/kadir/mqtt-fuzzing/builds/nanomq-asan/nng/src/sp/protocol/mqtt/mqtt_parser.c:1359 nano_msg_notify: test online!
2026-09-17 06:17:58 [2269271] WARN  /home/kadir/mqtt-fuzzing/builds/nanomq-asan/nng/src/sp/transport/mqtt/broker_tcp.c:776 tcptran_pipe_recv_cb: 0 Packet ID in QoS Message!
2026-09-17 06:17:58 [2269271] WARN  /home/kadir/mqtt-fuzzing/builds/nanomq-asan/nng/src/sp/transport/mqtt/broker_tcp.c:895 tcptran_pipe_recv_cb: tcptran_pipe_recv_cb: recv_error rv: 130

2026-09-17 06:17:58 [2269271] WARN  /home/kadir/mqtt-fuzzing/builds/nanomq-asan/nng/src/sp/protocol/mqtt/mqtt_parser.c:1363 nano_msg_notify: test offline!
2026-09-17 06:17:58 [2269271] WARN  /home/kadir/mqtt-fuzzing/builds/nanomq-asan/nng/src/sp/protocol/mqtt/mqtt_parser.c:1359 nano_msg_notify: test online!
2026-09-17 06:17:58 [2269275] WARN  /home/kadir/mqtt-fuzzing/builds/nanomq-asan/nng/src/sp/transport/mqtt/broker_tcp.c:776 tcptran_pipe_recv_cb: 0 Packet ID in QoS Message!
2026-09-17 06:17:58 [2269275] WARN  /home/kadir/mqtt-fuzzing/builds/nanomq-asan/nng/src/sp/transport/mqtt/broker_tcp.c:895 tcptran_pipe_recv_cb: tcptran_pipe_recv_cb: recv_error rv: 130

2026-09-17 06:17:58 [2269273] WARN  /home/kadir/mqtt-fuzzing/builds/nanomq-asan/nng/src/sp/protocol/mqtt/mqtt_parser.c:1363 nano_msg_notify: test offline!
2026-09-17 06:17:58 [2269277] WARN  /home/kadir/mqtt-fuzzing/builds/nanomq-asan/nng/src/sp/protocol/mqtt/mqtt_parser.c:1359 nano_msg_notify: test online!
2026-09-17 06:17:58 [2269272] WARN  /home/kadir/mqtt-fuzzing/builds/nanomq-asan/nng/src/sp/transport/mqtt/broker_tcp.c:776 tcptran_pipe_recv_cb: 0 Packet ID in QoS Message!
2026-09-17 06:17:58 [2269272] WARN  /home/kadir/mqtt-fuzzing/builds/nanomq-asan/nng/src/sp/transport/mqtt/broker_tcp.c:895 tcptran_pipe_recv_cb: tcptran_pipe_recv_cb: recv_error rv: 130

2026-09-17 06:17:58 [2269271] WARN  /home/kadir/mqtt-fuzzing/builds/nanomq-asan/nng/src/sp/protocol/mqtt/mqtt_parser.c:1363 nano_msg_notify: test offline!
2026-09-17 06:17:58 [2269274] WARN  /home/kadir/mqtt-fuzzing/builds/nanomq-asan/nng/src/sp/protocol/mqtt/mqtt_parser.c:1359 nano_msg_notify: test online!
2026-09-17 06:17:58 [2269276] WARN  /home/kadir/mqtt-fuzzing/builds/nanomq-asan/nng/src/sp/transport/mqtt/broker_tcp.c:776 tcptran_pipe_recv_cb: 0 Packet ID in QoS Message!
2026-09-17 06:17:58 [2269276] WARN  /home/kadir/mqtt-fuzzing/builds/nanomq-asan/nng/src/sp/transport/mqtt/broker_tcp.c:895 tcptran_pipe_recv_cb: tcptran_pipe_recv_cb: recv_error rv: 130

2026-09-17 06:17:58 [2269276] WARN  /home/kadir/mqtt-fuzzing/builds/nanomq-asan/nng/src/sp/protocol/mqtt/mqtt_parser.c:1363 nano_msg_notify: test offline!
2026-09-17 06:17:58 [2269278] WARN  /home/kadir/mqtt-fuzzing/builds/nanomq-asan/nng/src/sp/protocol/mqtt/mqtt_parser.c:1359 nano_msg_notify: test online!
2026-09-17 06:17:58 [2269278] WARN  /home/kadir/mqtt-fuzzing/builds/nanomq-asan/nng/src/sp/transport/mqtt/broker_tcp.c:776 tcptran_pipe_recv_cb: 0 Packet ID in QoS Message!
2026-09-17 06:17:58 [2269278] WARN  /home/kadir/mqtt-fuzzing/builds/nanomq-asan/nng/src/sp/transport/mqtt/broker_tcp.c:895 tcptran_pipe_recv_cb: tcptran_pipe_recv_cb: recv_error rv: 130

2026-09-17 06:17:58 [2269272] WARN  /home/kadir/mqtt-fuzzing/builds/nanomq-asan/nng/src/sp/protocol/mqtt/mqtt_parser.c:1363 nano_msg_notify: test offline!
2026-09-17 06:17:58 [2269271] WARN  /home/kadir/mqtt-fuzzing/builds/nanomq-asan/nng/src/sp/protocol/mqtt/mqtt_parser.c:1359 nano_msg_notify: test online!
2026-09-17 06:17:58 [2269275] WARN  /home/kadir/mqtt-fuzzing/builds/nanomq-asan/nng/src/sp/transport/mqtt/broker_tcp.c:776 tcptran_pipe_recv_cb: 0 Packet ID in QoS Message!
2026-09-17 06:17:58 [2269275] WARN  /home/kadir/mqtt-fuzzing/builds/nanomq-asan/nng/src/sp/transport/mqtt/broker_tcp.c:895 tcptran_pipe_recv_cb: tcptran_pipe_recv_cb: recv_error rv: 130

2026-09-17 06:17:58 [2269273] WARN  /home/kadir/mqtt-fuzzing/builds/nanomq-asan/nng/src/sp/protocol/mqtt/mqtt_parser.c:1363 nano_msg_notify: test offline!
2026-09-17 06:17:58 [2269276] WARN  /home/kadir/mqtt-fuzzing/builds/nanomq-asan/nng/src/sp/protocol/mqtt/mqtt_parser.c:1359 nano_msg_notify: test online!
2026-09-17 06:17:58 [2269278] WARN  /home/kadir/mqtt-fuzzing/builds/nanomq-asan/nng/src/sp/transport/mqtt/broker_tcp.c:776 tcptran_pipe_recv_cb: 0 Packet ID in QoS Message!
2026-09-17 06:17:58 [2269278] WARN  /home/kadir/mqtt-fuzzing/builds/nanomq-asan/nng/src/sp/transport/mqtt/broker_tcp.c:895 tcptran_pipe_recv_cb: tcptran_pipe_recv_cb: recv_error rv: 130

2026-09-17 06:17:58 [2269272] WARN  /home/kadir/mqtt-fuzzing/builds/nanomq-asan/nng/src/sp/protocol/mqtt/mqtt_parser.c:1363 nano_msg_notify: test offline!
2026-09-17 06:17:58 [2269278] WARN  /home/kadir/mqtt-fuzzing/builds/nanomq-asan/nng/src/sp/protocol/mqtt/mqtt_parser.c:1359 nano_msg_notify: test online!
2026-09-17 06:17:58 [2269273] WARN  /home/kadir/mqtt-fuzzing/builds/nanomq-asan/nng/src/sp/transport/mqtt/broker_tcp.c:776 tcptran_pipe_recv_cb: 0 Packet ID in QoS Message!
2026-09-17 06:17:58 [2269273] WARN  /home/kadir/mqtt-fuzzing/builds/nanomq-asan/nng/src/sp/transport/mqtt/broker_tcp.c:895 tcptran_pipe_recv_cb: tcptran_pipe_recv_cb: recv_error rv: 130

2026-09-17 06:17:58 [2269277] WARN  /home/kadir/mqtt-fuzzing/builds/nanomq-asan/nng/src/sp/protocol/mqtt/mqtt_parser.c:1363 nano_msg_notify: test offline!
2026-09-17 06:17:58 [2269277] WARN  /home/kadir/mqtt-fuzzing/builds/nanomq-asan/nng/src/sp/protocol/mqtt/mqtt_parser.c:1359 nano_msg_notify: test online!
2026-09-17 06:17:58 [2269273] WARN  /home/kadir/mqtt-fuzzing/builds/nanomq-asan/nng/src/sp/transport/mqtt/broker_tcp.c:776 tcptran_pipe_recv_cb: 0 Packet ID in QoS Message!
2026-09-17 06:17:58 [2269273] WARN  /home/kadir/mqtt-fuzzing/builds/nanomq-asan/nng/src/sp/transport/mqtt/broker_tcp.c:895 tcptran_pipe_recv_cb: tcptran_pipe_recv_cb: recv_error rv: 130

2026-09-17 06:17:58 [2269278] WARN  /home/kadir/mqtt-fuzzing/builds/nanomq-asan/nng/src/sp/protocol/mqtt/mqtt_parser.c:1363 nano_msg_notify: test offline!
2026-09-17 06:17:58 [2269272] WARN  /home/kadir/mqtt-fuzzing/builds/nanomq-asan/nng/src/sp/protocol/mqtt/mqtt_parser.c:1359 nano_msg_notify: test online!
2026-09-17 06:17:58 [2269274] WARN  /home/kadir/mqtt-fuzzing/builds/nanomq-asan/nng/src/sp/transport/mqtt/broker_tcp.c:628 tcptran_pipe_recv_cb: nni aio recv error!! Connection shutdown

2026-09-17 06:17:58 [2269274] WARN  /home/kadir/mqtt-fuzzing/builds/nanomq-asan/nng/src/sp/transport/mqtt/broker_tcp.c:895 tcptran_pipe_recv_cb: tcptran_pipe_recv_cb: recv_error rv: 139

2026-09-17 06:17:58 [2269273] WARN  /home/kadir/mqtt-fuzzing/builds/nanomq-asan/nng/src/sp/protocol/mqtt/mqtt_parser.c:1363 nano_msg_notify: test offline!
2026-09-17 06:17:58 [2269277] WARN  /home/kadir/mqtt-fuzzing/builds/nanomq-asan/nng/src/sp/protocol/mqtt/mqtt_parser.c:1359 nano_msg_notify: test online!
2026-09-17 06:17:58 [2269275] WARN  /home/kadir/mqtt-fuzzing/builds/nanomq-asan/nng/src/sp/transport/mqtt/broker_tcp.c:628 tcptran_pipe_recv_cb: nni aio recv error!! Connection shutdown

2026-09-17 06:17:58 [2269275] WARN  /home/kadir/mqtt-fuzzing/builds/nanomq-asan/nng/src/sp/transport/mqtt/broker_tcp.c:895 tcptran_pipe_recv_cb: tcptran_pipe_recv_cb: recv_error rv: 139

2026-09-17 06:17:58 [2269276] WARN  /home/kadir/mqtt-fuzzing/builds/nanomq-asan/nng/src/sp/protocol/mqtt/mqtt_parser.c:1363 nano_msg_notify: test offline!
2026-09-17 06:17:58 [2269274] WARN  /home/kadir/mqtt-fuzzing/builds/nanomq-asan/nng/src/sp/protocol/mqtt/mqtt_parser.c:1359 nano_msg_notify: test online!
2026-09-17 06:17:58 [2269277] WARN  /home/kadir/mqtt-fuzzing/builds/nanomq-asan/nng/src/sp/transport/mqtt/broker_tcp.c:628 tcptran_pipe_recv_cb: nni aio recv error!! Connection shutdown

2026-09-17 06:17:58 [2269277] WARN  /home/kadir/mqtt-fuzzing/builds/nanomq-asan/nng/src/sp/transport/mqtt/broker_tcp.c:895 tcptran_pipe_recv_cb: tcptran_pipe_recv_cb: recv_error rv: 139

2026-09-17 06:17:58 [2269271] WARN  /home/kadir/mqtt-fuzzing/builds/nanomq-asan/nng/src/sp/protocol/mqtt/mqtt_parser.c:1363 nano_msg_notify: test offline!
2026-09-17 06:17:58 [2269276] WARN  /home/kadir/mqtt-fuzzing/builds/nanomq-asan/nng/src/sp/protocol/mqtt/mqtt_parser.c:1359 nano_msg_notify: test online!
2026-09-17 06:17:58 [2269278] WARN  /home/kadir/mqtt-fuzzing/builds/nanomq-asan/nng/src/sp/transport/mqtt/broker_tcp.c:628 tcptran_pipe_recv_cb: nni aio recv error!! Connection shutdown

2026-09-17 06:17:58 [2269278] WARN  /home/kadir/mqtt-fuzzing/builds/nanomq-asan/nng/src/sp/transport/mqtt/broker_tcp.c:895 tcptran_pipe_recv_cb: tcptran_pipe_recv_cb: recv_error rv: 139

2026-09-17 06:17:58 [2269275] WARN  /home/kadir/mqtt-fuzzing/builds/nanomq-asan/nng/src/sp/protocol/mqtt/mqtt_parser.c:1363 nano_msg_notify: test offline!
2026-09-17 06:17:58 [2269271] WARN  /home/kadir/mqtt-fuzzing/builds/nanomq-asan/nng/src/sp/protocol/mqtt/mqtt_parser.c:1359 nano_msg_notify: test online!
2026-09-17 06:17:58 [2269272] WARN  /home/kadir/mqtt-fuzzing/builds/nanomq-asan/nng/src/sp/transport/mqtt/broker_tcp.c:628 tcptran_pipe_recv_cb: nni aio recv error!! Connection shutdown

2026-09-17 06:17:58 [2269272] WARN  /home/kadir/mqtt-fuzzing/builds/nanomq-asan/nng/src/sp/transport/mqtt/broker_tcp.c:895 tcptran_pipe_recv_cb: tcptran_pipe_recv_cb: recv_error rv: 139

2026-09-17 06:17:58 [2269277] WARN  /home/kadir/mqtt-fuzzing/builds/nanomq-asan/nng/src/sp/protocol/mqtt/mqtt_parser.c:1363 nano_msg_notify: test offline!
2026-09-17 06:17:58 [2269276] WARN  /home/kadir/mqtt-fuzzing/builds/nanomq-asan/nng/src/sp/protocol/mqtt/mqtt_parser.c:1359 nano_msg_notify: test online!
2026-09-17 06:17:58 [2269271] WARN  /home/kadir/mqtt-fuzzing/builds/nanomq-asan/nng/src/sp/transport/mqtt/broker_tcp.c:628 tcptran_pipe_recv_cb: nni aio recv error!! Connection shutdown

2026-09-17 06:17:58 [2269271] WARN  /home/kadir/mqtt-fuzzing/builds/nanomq-asan/nng/src/sp/transport/mqtt/broker_tcp.c:895 tcptran_pipe_recv_cb: tcptran_pipe_recv_cb: recv_error rv: 139

2026-09-17 06:17:58 [2269274] WARN  /home/kadir/mqtt-fuzzing/builds/nanomq-asan/nng/src/sp/protocol/mqtt/mqtt_parser.c:1363 nano_msg_notify: test offline!
2026-09-17 06:17:58 [2269277] WARN  /home/kadir/mqtt-fuzzing/builds/nanomq-asan/nng/src/sp/protocol/mqtt/mqtt_parser.c:1359 nano_msg_notify: test online!
2026-09-17 06:17:58 [2269277] WARN  /home/kadir/mqtt-fuzzing/builds/nanomq-asan/nng/src/sp/transport/mqtt/broker_tcp.c:628 tcptran_pipe_recv_cb: nni aio recv error!! Connection shutdown

2026-09-17 06:17:58 [2269277] WARN  /home/kadir/mqtt-fuzzing/builds/nanomq-asan/nng/src/sp/transport/mqtt/broker_tcp.c:895 tcptran_pipe_recv_cb: tcptran_pipe_recv_cb: recv_error rv: 139

2026-09-17 06:17:58 [2269272] WARN  /home/kadir/mqtt-fuzzing/builds/nanomq-asan/nng/src/sp/protocol/mqtt/mqtt_parser.c:1363 nano_msg_notify: test offline!
2026-09-17 06:17:58 [2269274] WARN  /home/kadir/mqtt-fuzzing/builds/nanomq-asan/nng/src/sp/protocol/mqtt/mqtt_parser.c:1359 nano_msg_notify: test online!
2026-09-17 06:17:58 [2269272] WARN  /home/kadir/mqtt-fuzzing/builds/nanomq-asan/nng/src/sp/transport/mqtt/broker_tcp.c:628 tcptran_pipe_recv_cb: nni aio recv error!! Connection shutdown

2026-09-17 06:17:58 [2269272] WARN  /home/kadir/mqtt-fuzzing/builds/nanomq-asan/nng/src/sp/transport/mqtt/broker_tcp.c:895 tcptran_pipe_recv_cb: tcptran_pipe_recv_cb: recv_error rv: 139

2026-09-17 06:17:58 [2269273] WARN  /home/kadir/mqtt-fuzzing/builds/nanomq-asan/nng/src/sp/protocol/mqtt/mqtt_parser.c:1363 nano_msg_notify: test offline!
2026-09-17 06:17:58 [2269272] WARN  /home/kadir/mqtt-fuzzing/builds/nanomq-asan/nng/src/sp/protocol/mqtt/mqtt_parser.c:1359 nano_msg_notify: test online!
2026-09-17 06:17:58 [2269276] WARN  /home/kadir/mqtt-fuzzing/builds/nanomq-asan/nng/src/sp/transport/mqtt/broker_tcp.c:628 tcptran_pipe_recv_cb: nni aio recv error!! Connection shutdown

2026-09-17 06:17:58 [2269276] WARN  /home/kadir/mqtt-fuzzing/builds/nanomq-asan/nng/src/sp/transport/mqtt/broker_tcp.c:895 tcptran_pipe_recv_cb: tcptran_pipe_recv_cb: recv_error rv: 139

2026-09-17 06:17:58 [2269276] WARN  /home/kadir/mqtt-fuzzing/builds/nanomq-asan/nng/src/sp/protocol/mqtt/mqtt_parser.c:1363 nano_msg_notify: test offline!
2026-09-17 06:17:58 [2269274] WARN  /home/kadir/mqtt-fuzzing/builds/nanomq-asan/nng/src/sp/protocol/mqtt/mqtt_parser.c:1359 nano_msg_notify: test online!
2026-09-17 06:17:58 [2269278] WARN  /home/kadir/mqtt-fuzzing/builds/nanomq-asan/nng/src/sp/transport/mqtt/broker_tcp.c:628 tcptran_pipe_recv_cb: nni aio recv error!! Connection shutdown

2026-09-17 06:17:58 [2269278] WARN  /home/kadir/mqtt-fuzzing/builds/nanomq-asan/nng/src/sp/transport/mqtt/broker_tcp.c:895 tcptran_pipe_recv_cb: tcptran_pipe_recv_cb: recv_error rv: 139

2026-09-17 06:17:58 [2269271] WARN  /home/kadir/mqtt-fuzzing/builds/nanomq-asan/nng/src/sp/protocol/mqtt/mqtt_parser.c:1363 nano_msg_notify: test offline!
2026-09-17 06:17:58 [2269272] WARN  /home/kadir/mqtt-fuzzing/builds/nanomq-asan/nng/src/sp/protocol/mqtt/mqtt_parser.c:1359 nano_msg_notify: test online!
2026-09-17 06:17:58 [2269275] WARN  /home/kadir/mqtt-fuzzing/builds/nanomq-asan/nng/src/sp/transport/mqtt/broker_tcp.c:628 tcptran_pipe_recv_cb: nni aio recv error!! Connection shutdown

2026-09-17 06:17:58 [2269275] WARN  /home/kadir/mqtt-fuzzing/builds/nanomq-asan/nng/src/sp/transport/mqtt/broker_tcp.c:895 tcptran_pipe_recv_cb: tcptran_pipe_recv_cb: recv_error rv: 139

2026-09-17 06:17:58 [2269275] WARN  /home/kadir/mqtt-fuzzing/builds/nanomq-asan/nng/src/sp/protocol/mqtt/mqtt_parser.c:1363 nano_msg_notify: test offline!
2026-09-17 06:17:58 [2269278] WARN  /home/kadir/mqtt-fuzzing/builds/nanomq-asan/nng/src/sp/protocol/mqtt/mqtt_parser.c:1359 nano_msg_notify: test online!
2026-09-17 06:17:58 [2269276] WARN  /home/kadir/mqtt-fuzzing/builds/nanomq-asan/nng/src/sp/transport/mqtt/broker_tcp.c:628 tcptran_pipe_recv_cb: nni aio recv error!! Connection shutdown

2026-09-17 06:17:58 [2269276] WARN  /home/kadir/mqtt-fuzzing/builds/nanomq-asan/nng/src/sp/transport/mqtt/broker_tcp.c:895 tcptran_pipe_recv_cb: tcptran_pipe_recv_cb: recv_error rv: 139

2026-09-17 06:17:58 [2269274] WARN  /home/kadir/mqtt-fuzzing/builds/nanomq-asan/nng/src/sp/protocol/mqtt/mqtt_parser.c:1363 nano_msg_notify: test offline!
2026-09-17 06:17:58 [2269275] WARN  /home/kadir/mqtt-fuzzing/builds/nanomq-asan/nng/src/sp/protocol/mqtt/mqtt_parser.c:1359 nano_msg_notify: test online!
2026-09-17 06:17:58 [2269277] WARN  /home/kadir/mqtt-fuzzing/builds/nanomq-asan/nng/src/sp/transport/mqtt/broker_tcp.c:628 tcptran_pipe_recv_cb: nni aio recv error!! Connection shutdown

2026-09-17 06:17:58 [2269277] WARN  /home/kadir/mqtt-fuzzing/builds/nanomq-asan/nng/src/sp/transport/mqtt/broker_tcp.c:895 tcptran_pipe_recv_cb: tcptran_pipe_recv_cb: recv_error rv: 139

2026-09-17 06:17:58 [2269273] WARN  /home/kadir/mqtt-fuzzing/builds/nanomq-asan/nng/src/sp/protocol/mqtt/mqtt_parser.c:1363 nano_msg_notify: test offline!
2026-09-17 06:17:58 [2269276] WARN  /home/kadir/mqtt-fuzzing/builds/nanomq-asan/nng/src/sp/protocol/mqtt/mqtt_parser.c:1359 nano_msg_notify: test online!
2026-09-17 06:17:58 [2269272] WARN  /home/kadir/mqtt-fuzzing/builds/nanomq-asan/nng/src/sp/transport/mqtt/broker_tcp.c:628 tcptran_pipe_recv_cb: nni aio recv error!! Connection shutdown

2026-09-17 06:17:58 [2269272] WARN  /home/kadir/mqtt-fuzzing/builds/nanomq-asan/nng/src/sp/transport/mqtt/broker_tcp.c:895 tcptran_pipe_recv_cb: tcptran_pipe_recv_cb: recv_error rv: 139

2026-09-17 06:17:58 [2269271] WARN  /home/kadir/mqtt-fuzzing/builds/nanomq-asan/nng/src/sp/protocol/mqtt/mqtt_parser.c:1363 nano_msg_notify: test offline!
2026-09-17 06:17:58 [2269277] WARN  /home/kadir/mqtt-fuzzing/builds/nanomq-asan/nng/src/sp/protocol/mqtt/mqtt_parser.c:1359 nano_msg_notify: test online!
2026-09-17 06:17:58 [2269274] WARN  /home/kadir/mqtt-fuzzing/builds/nanomq-asan/nng/src/sp/transport/mqtt/broker_tcp.c:628 tcptran_pipe_recv_cb: nni aio recv error!! Connection shutdown

2026-09-17 06:17:58 [2269274] WARN  /home/kadir/mqtt-fuzzing/builds/nanomq-asan/nng/src/sp/transport/mqtt/broker_tcp.c:895 tcptran_pipe_recv_cb: tcptran_pipe_recv_cb: recv_error rv: 139

2026-09-17 06:17:58 [2269273] WARN  /home/kadir/mqtt-fuzzing/builds/nanomq-asan/nng/src/sp/protocol/mqtt/mqtt_parser.c:1363 nano_msg_notify: test offline!
2026-09-17 06:17:58 [2269275] WARN  /home/kadir/mqtt-fuzzing/builds/nanomq-asan/nng/src/sp/protocol/mqtt/mqtt_parser.c:1359 nano_msg_notify: test online!
2026-09-17 06:17:58 [2269273] WARN  /home/kadir/mqtt-fuzzing/builds/nanomq-asan/nng/src/sp/transport/mqtt/broker_tcp.c:628 tcptran_pipe_recv_cb: nni aio recv error!! Connection shutdown

2026-09-17 06:17:58 [2269273] WARN  /home/kadir/mqtt-fuzzing/builds/nanomq-asan/nng/src/sp/transport/mqtt/broker_tcp.c:895 tcptran_pipe_recv_cb: tcptran_pipe_recv_cb: recv_error rv: 139

2026-09-17 06:17:58 [2269271] WARN  /home/kadir/mqtt-fuzzing/builds/nanomq-asan/nng/src/sp/protocol/mqtt/mqtt_parser.c:1363 nano_msg_notify: test offline!
2026-09-17 06:17:58 [2269275] WARN  /home/kadir/mqtt-fuzzing/builds/nanomq-asan/nng/src/sp/protocol/mqtt/mqtt_parser.c:1359 nano_msg_notify: test online!
2026-09-17 06:17:58 [2269274] WARN  /home/kadir/mqtt-fuzzing/builds/nanomq-asan/nng/src/sp/transport/mqtt/broker_tcp.c:628 tcptran_pipe_recv_cb: nni aio recv error!! Connection shutdown

2026-09-17 06:17:58 [2269274] WARN  /home/kadir/mqtt-fuzzing/builds/nanomq-asan/nng/src/sp/transport/mqtt/broker_tcp.c:895 tcptran_pipe_recv_cb: tcptran_pipe_recv_cb: recv_error rv: 139

2026-09-17 06:17:58 [2269274] WARN  /home/kadir/mqtt-fuzzing/builds/nanomq-asan/nng/src/sp/protocol/mqtt/mqtt_parser.c:1363 nano_msg_notify: test offline!
2026-09-17 06:17:58 [2269272] WARN  /home/kadir/mqtt-fuzzing/builds/nanomq-asan/nng/src/sp/protocol/mqtt/mqtt_parser.c:1359 nano_msg_notify: test online!
2026-09-17 06:17:58 [2269276] WARN  /home/kadir/mqtt-fuzzing/builds/nanomq-asan/nng/src/sp/transport/mqtt/broker_tcp.c:628 tcptran_pipe_recv_cb: nni aio recv error!! Connection shutdown

2026-09-17 06:17:58 [2269276] WARN  /home/kadir/mqtt-fuzzing/builds/nanomq-asan/nng/src/sp/transport/mqtt/broker_tcp.c:895 tcptran_pipe_recv_cb: tcptran_pipe_recv_cb: recv_error rv: 139

2026-09-17 06:17:58 [2269277] WARN  /home/kadir/mqtt-fuzzing/builds/nanomq-asan/nng/src/sp/protocol/mqtt/mqtt_parser.c:1363 nano_msg_notify: test offline!
2026-09-17 06:17:58 [2269275] WARN  /home/kadir/mqtt-fuzzing/builds/nanomq-asan/nng/src/sp/protocol/mqtt/mqtt_parser.c:1359 nano_msg_notify: test online!
2026-09-17 06:17:58 [2269272] WARN  /home/kadir/mqtt-fuzzing/builds/nanomq-asan/nng/src/sp/transport/mqtt/broker_tcp.c:628 tcptran_pipe_recv_cb: nni aio recv error!! Connection shutdown

2026-09-17 06:17:58 [2269272] WARN  /home/kadir/mqtt-fuzzing/builds/nanomq-asan/nng/src/sp/transport/mqtt/broker_tcp.c:895 tcptran_pipe_recv_cb: tcptran_pipe_recv_cb: recv_error rv: 139

2026-09-17 06:17:58 [2269278] WARN  /home/kadir/mqtt-fuzzing/builds/nanomq-asan/nng/src/sp/protocol/mqtt/mqtt_parser.c:1363 nano_msg_notify: test offline!
2026-09-17 06:17:58 [2269276] WARN  /home/kadir/mqtt-fuzzing/builds/nanomq-asan/nng/src/sp/protocol/mqtt/mqtt_parser.c:1359 nano_msg_notify: test online!
2026-09-17 06:17:58 [2269273] WARN  /home/kadir/mqtt-fuzzing/builds/nanomq-asan/nng/src/sp/transport/mqtt/broker_tcp.c:628 tcptran_pipe_recv_cb: nni aio recv error!! Connection shutdown

2026-09-17 06:17:58 [2269273] WARN  /home/kadir/mqtt-fuzzing/builds/nanomq-asan/nng/src/sp/transport/mqtt/broker_tcp.c:895 tcptran_pipe_recv_cb: tcptran_pipe_recv_cb: recv_error rv: 139

2026-09-17 06:17:58 [2269277] WARN  /home/kadir/mqtt-fuzzing/builds/nanomq-asan/nng/src/sp/protocol/mqtt/mqtt_parser.c:1363 nano_msg_notify: test offline!
2026-09-17 06:17:58 [2269274] WARN  /home/kadir/mqtt-fuzzing/builds/nanomq-asan/nng/src/sp/protocol/mqtt/mqtt_parser.c:1359 nano_msg_notify: test online!
2026-09-17 06:17:58 [2269277] WARN  /home/kadir/mqtt-fuzzing/builds/nanomq-asan/nng/src/sp/transport/mqtt/broker_tcp.c:771 tcptran_pipe_recv_cb: Wrong QoS level!
2026-09-17 06:17:58 [2269277] WARN  /home/kadir/mqtt-fuzzing/builds/nanomq-asan/nng/src/sp/transport/mqtt/broker_tcp.c:895 tcptran_pipe_recv_cb: tcptran_pipe_recv_cb: recv_error rv: 130

2026-09-17 06:17:58 [2269272] WARN  /home/kadir/mqtt-fuzzing/builds/nanomq-asan/nng/src/sp/protocol/mqtt/mqtt_parser.c:1363 nano_msg_notify: test offline!
2026-09-17 06:17:58 [2269272] WARN  /home/kadir/mqtt-fuzzing/builds/nanomq-asan/nng/src/sp/protocol/mqtt/mqtt_parser.c:1359 nano_msg_notify: test online!
2026-09-17 06:17:58 [2269273] WARN  /home/kadir/mqtt-fuzzing/builds/nanomq-asan/nng/src/sp/transport/mqtt/broker_tcp.c:771 tcptran_pipe_recv_cb: Wrong QoS level!
2026-09-17 06:17:58 [2269274] WARN  /home/kadir/mqtt-fuzzing/builds/nanomq-asan/nng/src/sp/protocol/mqtt/mqtt_parser.c:1363 nano_msg_notify: test offline!
2026-09-17 06:17:58 [2269273] WARN  /home/kadir/mqtt-fuzzing/builds/nanomq-asan/nng/src/sp/transport/mqtt/broker_tcp.c:895 tcptran_pipe_recv_cb: tcptran_pipe_recv_cb: recv_error rv: 130

2026-09-17 06:17:58 [2269275] WARN  /home/kadir/mqtt-fuzzing/builds/nanomq-asan/nng/src/sp/protocol/mqtt/mqtt_parser.c:1359 nano_msg_notify: test online!
2026-09-17 06:17:58 [2269273] WARN  /home/kadir/mqtt-fuzzing/builds/nanomq-asan/nng/src/sp/transport/mqtt/broker_tcp.c:771 tcptran_pipe_recv_cb: Wrong QoS level!
2026-09-17 06:17:58 [2269273] WARN  /home/kadir/mqtt-fuzzing/builds/nanomq-asan/nng/src/sp/transport/mqtt/broker_tcp.c:895 tcptran_pipe_recv_cb: tcptran_pipe_recv_cb: recv_error rv: 130

2026-09-17 06:17:58 [2269274] WARN  /home/kadir/mqtt-fuzzing/builds/nanomq-asan/nng/src/sp/protocol/mqtt/mqtt_parser.c:1363 nano_msg_notify: test offline!
2026-09-17 06:17:58 [2269271] WARN  /home/kadir/mqtt-fuzzing/builds/nanomq-asan/nng/src/sp/protocol/mqtt/mqtt_parser.c:1359 nano_msg_notify: test online!
2026-09-17 06:17:58 [2269275] WARN  /home/kadir/mqtt-fuzzing/builds/nanomq-asan/nng/src/sp/transport/mqtt/broker_tcp.c:771 tcptran_pipe_recv_cb: Wrong QoS level!
2026-09-17 06:17:58 [2269275] WARN  /home/kadir/mqtt-fuzzing/builds/nanomq-asan/nng/src/sp/transport/mqtt/broker_tcp.c:895 tcptran_pipe_recv_cb: tcptran_pipe_recv_cb: recv_error rv: 130

2026-09-17 06:17:58 [2269274] WARN  /home/kadir/mqtt-fuzzing/builds/nanomq-asan/nng/src/sp/protocol/mqtt/mqtt_parser.c:1363 nano_msg_notify: test offline!
2026-09-17 06:17:58 [2269277] WARN  /home/kadir/mqtt-fuzzing/builds/nanomq-asan/nng/src/sp/transport/mqtt/broker_tcp.c:771 tcptran_pipe_recv_cb: Wrong QoS level!
2026-09-17 06:17:58 [2269273] WARN  /home/kadir/mqtt-fuzzing/builds/nanomq-asan/nng/src/sp/protocol/mqtt/mqtt_parser.c:1359 nano_msg_notify: test online!
2026-09-17 06:17:58 [2269277] WARN  /home/kadir/mqtt-fuzzing/builds/nanomq-asan/nng/src/sp/transport/mqtt/broker_tcp.c:895 tcptran_pipe_recv_cb: tcptran_pipe_recv_cb: recv_error rv: 130

2026-09-17 06:17:58 [2269275] WARN  /home/kadir/mqtt-fuzzing/builds/nanomq-asan/nng/src/sp/protocol/mqtt/mqtt_parser.c:1363 nano_msg_notify: test offline!
2026-09-17 06:17:58 [2269277] WARN  /home/kadir/mqtt-fuzzing/builds/nanomq-asan/nng/src/sp/protocol/mqtt/mqtt_parser.c:1359 nano_msg_notify: test online!
2026-09-17 06:17:58 [2269276] WARN  /home/kadir/mqtt-fuzzing/builds/nanomq-asan/nng/src/sp/transport/mqtt/broker_tcp.c:771 tcptran_pipe_recv_cb: Wrong QoS level!
2026-09-17 06:17:58 [2269276] WARN  /home/kadir/mqtt-fuzzing/builds/nanomq-asan/nng/src/sp/transport/mqtt/broker_tcp.c:895 tcptran_pipe_recv_cb: tcptran_pipe_recv_cb: recv_error rv: 130

2026-09-17 06:17:58 [2269278] WARN  /home/kadir/mqtt-fuzzing/builds/nanomq-asan/nng/src/sp/protocol/mqtt/mqtt_parser.c:1363 nano_msg_notify: test offline!
2026-09-17 06:17:58 [2269272] WARN  /home/kadir/mqtt-fuzzing/builds/nanomq-asan/nng/src/sp/protocol/mqtt/mqtt_parser.c:1359 nano_msg_notify: test online!
2026-09-17 06:17:58 [2269271] WARN  /home/kadir/mqtt-fuzzing/builds/nanomq-asan/nng/src/sp/transport/mqtt/broker_tcp.c:771 tcptran_pipe_recv_cb: Wrong QoS level!
2026-09-17 06:17:58 [2269271] WARN  /home/kadir/mqtt-fuzzing/builds/nanomq-asan/nng/src/sp/transport/mqtt/broker_tcp.c:895 tcptran_pipe_recv_cb: tcptran_pipe_recv_cb: recv_error rv: 130

2026-09-17 06:17:58 [2269273] WARN  /home/kadir/mqtt-fuzzing/builds/nanomq-asan/nng/src/sp/protocol/mqtt/mqtt_parser.c:1363 nano_msg_notify: test offline!
2026-09-17 06:17:58 [2269278] WARN  /home/kadir/mqtt-fuzzing/builds/nanomq-asan/nng/src/sp/protocol/mqtt/mqtt_parser.c:1359 nano_msg_notify: test online!
2026-09-17 06:17:58 [2269271] WARN  /home/kadir/mqtt-fuzzing/builds/nanomq-asan/nng/src/sp/transport/mqtt/broker_tcp.c:771 tcptran_pipe_recv_cb: Wrong QoS level!
2026-09-17 06:17:58 [2269271] WARN  /home/kadir/mqtt-fuzzing/builds/nanomq-asan/nng/src/sp/transport/mqtt/broker_tcp.c:895 tcptran_pipe_recv_cb: tcptran_pipe_recv_cb: recv_error rv: 130

2026-09-17 06:17:58 [2269277] WARN  /home/kadir/mqtt-fuzzing/builds/nanomq-asan/nng/src/sp/protocol/mqtt/mqtt_parser.c:1363 nano_msg_notify: test offline!
2026-09-17 06:17:58 [2269276] WARN  /home/kadir/mqtt-fuzzing/builds/nanomq-asan/nng/src/sp/protocol/mqtt/mqtt_parser.c:1359 nano_msg_notify: test online!
2026-09-17 06:17:58 [2269278] WARN  /home/kadir/mqtt-fuzzing/builds/nanomq-asan/nng/src/sp/transport/mqtt/broker_tcp.c:771 tcptran_pipe_recv_cb: Wrong QoS level!
2026-09-17 06:17:58 [2269278] WARN  /home/kadir/mqtt-fuzzing/builds/nanomq-asan/nng/src/sp/transport/mqtt/broker_tcp.c:895 tcptran_pipe_recv_cb: tcptran_pipe_recv_cb: recv_error rv: 130

2026-09-17 06:17:58 [2269277] WARN  /home/kadir/mqtt-fuzzing/builds/nanomq-asan/nng/src/sp/protocol/mqtt/mqtt_parser.c:1363 nano_msg_notify: test offline!
2026-09-17 06:17:58 [2269271] WARN  /home/kadir/mqtt-fuzzing/builds/nanomq-asan/nng/src/sp/protocol/mqtt/mqtt_parser.c:1359 nano_msg_notify: test online!
2026-09-17 06:17:58 [2269273] WARN  /home/kadir/mqtt-fuzzing/builds/nanomq-asan/nng/src/sp/transport/mqtt/broker_tcp.c:771 tcptran_pipe_recv_cb: Wrong QoS level!
2026-09-17 06:17:58 [2269273] WARN  /home/kadir/mqtt-fuzzing/builds/nanomq-asan/nng/src/sp/transport/mqtt/broker_tcp.c:895 tcptran_pipe_recv_cb: tcptran_pipe_recv_cb: recv_error rv: 130

2026-09-17 06:17:58 [2269277] WARN  /home/kadir/mqtt-fuzzing/builds/nanomq-asan/nng/src/sp/protocol/mqtt/mqtt_parser.c:1363 nano_msg_notify: test offline!
2026-09-17 06:17:58 [2269278] WARN  /home/kadir/mqtt-fuzzing/builds/nanomq-asan/nng/src/sp/protocol/mqtt/mqtt_parser.c:1359 nano_msg_notify: test online!
2026-09-17 06:17:58 [2269271] WARN  /home/kadir/mqtt-fuzzing/builds/nanomq-asan/nng/src/sp/transport/mqtt/broker_tcp.c:771 tcptran_pipe_recv_cb: Wrong QoS level!
2026-09-17 06:17:58 [2269271] WARN  /home/kadir/mqtt-fuzzing/builds/nanomq-asan/nng/src/sp/transport/mqtt/broker_tcp.c:895 tcptran_pipe_recv_cb: tcptran_pipe_recv_cb: recv_error rv: 130

2026-09-17 06:17:58 [2269276] WARN  /home/kadir/mqtt-fuzzing/builds/nanomq-asan/nng/src/sp/protocol/mqtt/mqtt_parser.c:1363 nano_msg_notify: test offline!
2026-09-17 06:17:59 [2269272] WARN  /home/kadir/mqtt-fuzzing/builds/nanomq-asan/nng/src/sp/protocol/mqtt/mqtt_parser.c:1359 nano_msg_notify: test online!
2026-09-17 06:17:59 [2269271] WARN  /home/kadir/mqtt-fuzzing/builds/nanomq-asan/nng/src/sp/transport/mqtt/broker_tcp.c:771 tcptran_pipe_recv_cb: Wrong QoS level!
2026-09-17 06:17:59 [2269271] WARN  /home/kadir/mqtt-fuzzing/builds/nanomq-asan/nng/src/sp/transport/mqtt/broker_tcp.c:895 tcptran_pipe_recv_cb: tcptran_pipe_recv_cb: recv_error rv: 130

2026-09-17 06:17:59 [2269277] WARN  /home/kadir/mqtt-fuzzing/builds/nanomq-asan/nng/src/sp/protocol/mqtt/mqtt_parser.c:1363 nano_msg_notify: test offline!
2026-09-17 06:17:59 [2269272] WARN  /home/kadir/mqtt-fuzzing/builds/nanomq-asan/nng/src/sp/protocol/mqtt/mqtt_parser.c:1359 nano_msg_notify: test online!
2026-09-17 06:17:59 [2269276] WARN  /home/kadir/mqtt-fuzzing/builds/nanomq-asan/nng/src/sp/transport/mqtt/broker_tcp.c:771 tcptran_pipe_recv_cb: Wrong QoS level!
2026-09-17 06:17:59 [2269276] WARN  /home/kadir/mqtt-fuzzing/builds/nanomq-asan/nng/src/sp/transport/mqtt/broker_tcp.c:895 tcptran_pipe_recv_cb: tcptran_pipe_recv_cb: recv_error rv: 130

2026-09-17 06:17:59 [2269278] WARN  /home/kadir/mqtt-fuzzing/builds/nanomq-asan/nng/src/sp/protocol/mqtt/mqtt_parser.c:1363 nano_msg_notify: test offline!
2026-09-17 06:17:59 [2269275] WARN  /home/kadir/mqtt-fuzzing/builds/nanomq-asan/nng/src/sp/protocol/mqtt/mqtt_parser.c:1359 nano_msg_notify: test online!
2026-09-17 06:17:59 [2269277] WARN  /home/kadir/mqtt-fuzzing/builds/nanomq-asan/nng/src/sp/transport/mqtt/broker_tcp.c:771 tcptran_pipe_recv_cb: Wrong QoS level!
2026-09-17 06:17:59 [2269277] WARN  /home/kadir/mqtt-fuzzing/builds/nanomq-asan/nng/src/sp/transport/mqtt/broker_tcp.c:895 tcptran_pipe_recv_cb: tcptran_pipe_recv_cb: recv_error rv: 130

2026-09-17 06:17:59 [2269275] WARN  /home/kadir/mqtt-fuzzing/builds/nanomq-asan/nng/src/sp/protocol/mqtt/mqtt_parser.c:1363 nano_msg_notify: test offline!
2026-09-17 06:17:59 [2269271] WARN  /home/kadir/mqtt-fuzzing/builds/nanomq-asan/nng/src/sp/protocol/mqtt/mqtt_parser.c:1359 nano_msg_notify: test online!
2026-09-17 06:17:59 [2269274] WARN  /home/kadir/mqtt-fuzzing/builds/nanomq-asan/nng/src/sp/transport/mqtt/broker_tcp.c:771 tcptran_pipe_recv_cb: Wrong QoS level!
2026-09-17 06:17:59 [2269274] WARN  /home/kadir/mqtt-fuzzing/builds/nanomq-asan/nng/src/sp/transport/mqtt/broker_tcp.c:895 tcptran_pipe_recv_cb: tcptran_pipe_recv_cb: recv_error rv: 130

2026-09-17 06:17:59 [2269277] WARN  /home/kadir/mqtt-fuzzing/builds/nanomq-asan/nng/src/sp/protocol/mqtt/mqtt_parser.c:1363 nano_msg_notify: test offline!
2026-09-17 06:17:59 [2269271] WARN  /home/kadir/mqtt-fuzzing/builds/nanomq-asan/nng/src/sp/protocol/mqtt/mqtt_parser.c:1359 nano_msg_notify: test online!
2026-09-17 06:17:59 [2269275] WARN  /home/kadir/mqtt-fuzzing/builds/nanomq-asan/nng/src/sp/transport/mqtt/broker_tcp.c:771 tcptran_pipe_recv_cb: Wrong QoS level!
2026-09-17 06:17:59 [2269275] WARN  /home/kadir/mqtt-fuzzing/builds/nanomq-asan/nng/src/sp/transport/mqtt/broker_tcp.c:895 tcptran_pipe_recv_cb: tcptran_pipe_recv_cb: recv_error rv: 130

2026-09-17 06:17:59 [2269277] WARN  /home/kadir/mqtt-fuzzing/builds/nanomq-asan/nng/src/sp/protocol/mqtt/mqtt_parser.c:1363 nano_msg_notify: test offline!
2026-09-17 06:17:59 [2269273] WARN  /home/kadir/mqtt-fuzzing/builds/nanomq-asan/nng/src/sp/protocol/mqtt/mqtt_parser.c:1359 nano_msg_notify: test online!
2026-09-17 06:17:59 [2269272] WARN  /home/kadir/mqtt-fuzzing/builds/nanomq-asan/nng/src/sp/transport/mqtt/broker_tcp.c:771 tcptran_pipe_recv_cb: Wrong QoS level!
2026-09-17 06:17:59 [2269272] WARN  /home/kadir/mqtt-fuzzing/builds/nanomq-asan/nng/src/sp/transport/mqtt/broker_tcp.c:895 tcptran_pipe_recv_cb: tcptran_pipe_recv_cb: recv_error rv: 130

2026-09-17 06:17:59 [2269274] WARN  /home/kadir/mqtt-fuzzing/builds/nanomq-asan/nng/src/sp/protocol/mqtt/mqtt_parser.c:1363 nano_msg_notify: test offline!
2026-09-17 06:17:59 [2269272] WARN  /home/kadir/mqtt-fuzzing/builds/nanomq-asan/nng/src/sp/protocol/mqtt/mqtt_parser.c:1359 nano_msg_notify: test online!
2026-09-17 06:17:59 [2269278] WARN  /home/kadir/mqtt-fuzzing/builds/nanomq-asan/nng/src/sp/transport/mqtt/broker_tcp.c:771 tcptran_pipe_recv_cb: Wrong QoS level!
2026-09-17 06:17:59 [2269278] WARN  /home/kadir/mqtt-fuzzing/builds/nanomq-asan/nng/src/sp/transport/mqtt/broker_tcp.c:895 tcptran_pipe_recv_cb: tcptran_pipe_recv_cb: recv_error rv: 130

2026-09-17 06:17:59 [2269277] WARN  /home/kadir/mqtt-fuzzing/builds/nanomq-asan/nng/src/sp/protocol/mqtt/mqtt_parser.c:1363 nano_msg_notify: test offline!
2026-09-17 06:17:59 [2269278] WARN  /home/kadir/mqtt-fuzzing/builds/nanomq-asan/nng/src/sp/protocol/mqtt/mqtt_parser.c:1359 nano_msg_notify: test online!
2026-09-17 06:17:59 [2269272] WARN  /home/kadir/mqtt-fuzzing/builds/nanomq-asan/nng/src/sp/transport/mqtt/broker_tcp.c:771 tcptran_pipe_recv_cb: Wrong QoS level!
2026-09-17 06:17:59 [2269272] WARN  /home/kadir/mqtt-fuzzing/builds/nanomq-asan/nng/src/sp/transport/mqtt/broker_tcp.c:895 tcptran_pipe_recv_cb: tcptran_pipe_recv_cb: recv_error rv: 130

2026-09-17 06:17:59 [2269276] WARN  /home/kadir/mqtt-fuzzing/builds/nanomq-asan/nng/src/sp/protocol/mqtt/mqtt_parser.c:1363 nano_msg_notify: test offline!
2026-09-17 06:17:59 [2269277] WARN  /home/kadir/mqtt-fuzzing/builds/nanomq-asan/nng/src/sp/protocol/mqtt/mqtt_parser.c:1359 nano_msg_notify: test online!
2026-09-17 06:17:59 [2269277] WARN  /home/kadir/mqtt-fuzzing/builds/nanomq-asan/nng/src/sp/transport/mqtt/broker_tcp.c:771 tcptran_pipe_recv_cb: Wrong QoS level!
2026-09-17 06:17:59 [2269277] WARN  /home/kadir/mqtt-fuzzing/builds/nanomq-asan/nng/src/sp/transport/mqtt/broker_tcp.c:895 tcptran_pipe_recv_cb: tcptran_pipe_recv_cb: recv_error rv: 130

2026-09-17 06:17:59 [2269276] WARN  /home/kadir/mqtt-fuzzing/builds/nanomq-asan/nng/src/sp/protocol/mqtt/mqtt_parser.c:1363 nano_msg_notify: test offline!
2026-09-17 06:17:59 [2269271] WARN  /home/kadir/mqtt-fuzzing/builds/nanomq-asan/nng/src/sp/protocol/mqtt/mqtt_parser.c:1359 nano_msg_notify: test online!
2026-09-17 06:17:59 [2269278] WARN  /home/kadir/mqtt-fuzzing/builds/nanomq-asan/nng/src/sp/transport/mqtt/broker_tcp.c:771 tcptran_pipe_recv_cb: Wrong QoS level!
2026-09-17 06:17:59 [2269278] WARN  /home/kadir/mqtt-fuzzing/builds/nanomq-asan/nng/src/sp/transport/mqtt/broker_tcp.c:895 tcptran_pipe_recv_cb: tcptran_pipe_recv_cb: recv_error rv: 130

2026-09-17 06:17:59 [2269275] WARN  /home/kadir/mqtt-fuzzing/builds/nanomq-asan/nng/src/sp/protocol/mqtt/mqtt_parser.c:1363 nano_msg_notify: test offline!
2026-09-17 06:17:59 [2269272] WARN  /home/kadir/mqtt-fuzzing/builds/nanomq-asan/nng/src/sp/protocol/mqtt/mqtt_parser.c:1359 nano_msg_notify: test online!
2026-09-17 06:17:59 [2269272] WARN  /home/kadir/mqtt-fuzzing/builds/nanomq-asan/nng/src/sp/transport/mqtt/broker_tcp.c:771 tcptran_pipe_recv_cb: Wrong QoS level!
2026-09-17 06:17:59 [2269272] WARN  /home/kadir/mqtt-fuzzing/builds/nanomq-asan/nng/src/sp/transport/mqtt/broker_tcp.c:895 tcptran_pipe_recv_cb: tcptran_pipe_recv_cb: recv_error rv: 130

2026-09-17 06:17:59 [2269273] WARN  /home/kadir/mqtt-fuzzing/builds/nanomq-asan/nng/src/sp/protocol/mqtt/mqtt_parser.c:1363 nano_msg_notify: test offline!
2026-09-17 06:17:59 [2269271] WARN  /home/kadir/mqtt-fuzzing/builds/nanomq-asan/nng/src/sp/protocol/mqtt/mqtt_parser.c:1359 nano_msg_notify: test online!
2026-09-17 06:17:59 [2269275] WARN  /home/kadir/mqtt-fuzzing/builds/nanomq-asan/nng/src/sp/transport/mqtt/broker_tcp.c:771 tcptran_pipe_recv_cb: Wrong QoS level!
2026-09-17 06:17:59 [2269275] WARN  /home/kadir/mqtt-fuzzing/builds/nanomq-asan/nng/src/sp/transport/mqtt/broker_tcp.c:895 tcptran_pipe_recv_cb: tcptran_pipe_recv_cb: recv_error rv: 130

2026-09-17 06:17:59 [2269278] WARN  /home/kadir/mqtt-fuzzing/builds/nanomq-asan/nng/src/sp/protocol/mqtt/mqtt_parser.c:1363 nano_msg_notify: test offline!
2026-09-17 06:17:59 [2269277] WARN  /home/kadir/mqtt-fuzzing/builds/nanomq-asan/nng/src/sp/protocol/mqtt/mqtt_parser.c:1359 nano_msg_notify: test online!
2026-09-17 06:17:59 [2269276] WARN  /home/kadir/mqtt-fuzzing/builds/nanomq-asan/nng/src/sp/transport/mqtt/broker_tcp.c:771 tcptran_pipe_recv_cb: Wrong QoS level!
2026-09-17 06:17:59 [2269276] WARN  /home/kadir/mqtt-fuzzing/builds/nanomq-asan/nng/src/sp/transport/mqtt/broker_tcp.c:895 tcptran_pipe_recv_cb: tcptran_pipe_recv_cb: recv_error rv: 130

2026-09-17 06:17:59 [2269272] WARN  /home/kadir/mqtt-fuzzing/builds/nanomq-asan/nng/src/sp/protocol/mqtt/mqtt_parser.c:1363 nano_msg_notify: test offline!
2026-09-17 06:17:59 [2269271] WARN  /home/kadir/mqtt-fuzzing/builds/nanomq-asan/nng/src/sp/protocol/mqtt/mqtt_parser.c:1359 nano_msg_notify: test online!
2026-09-17 06:17:59 [2269275] WARN  /home/kadir/mqtt-fuzzing/builds/nanomq-asan/nng/src/sp/transport/mqtt/broker_tcp.c:771 tcptran_pipe_recv_cb: Wrong QoS level!
2026-09-17 06:17:59 [2269275] WARN  /home/kadir/mqtt-fuzzing/builds/nanomq-asan/nng/src/sp/transport/mqtt/broker_tcp.c:895 tcptran_pipe_recv_cb: tcptran_pipe_recv_cb: recv_error rv: 130

2026-09-17 06:17:59 [2269272] WARN  /home/kadir/mqtt-fuzzing/builds/nanomq-asan/nng/src/sp/protocol/mqtt/mqtt_parser.c:1363 nano_msg_notify: test offline!
2026-09-17 06:17:59 [2269271] WARN  /home/kadir/mqtt-fuzzing/builds/nanomq-asan/nng/src/sp/protocol/mqtt/mqtt_parser.c:1359 nano_msg_notify: test online!
2026-09-17 06:17:59 [2269277] WARN  /home/kadir/mqtt-fuzzing/builds/nanomq-asan/nng/src/sp/transport/mqtt/broker_tcp.c:771 tcptran_pipe_recv_cb: Wrong QoS level!
2026-09-17 06:17:59 [2269277] WARN  /home/kadir/mqtt-fuzzing/builds/nanomq-asan/nng/src/sp/transport/mqtt/broker_tcp.c:895 tcptran_pipe_recv_cb: tcptran_pipe_recv_cb: recv_error rv: 130

2026-09-17 06:17:59 [2269272] WARN  /home/kadir/mqtt-fuzzing/builds/nanomq-asan/nng/src/sp/protocol/mqtt/mqtt_parser.c:1363 nano_msg_notify: test offline!
2026-09-17 06:17:59 [2269271] WARN  /home/kadir/mqtt-fuzzing/builds/nanomq-asan/nng/src/sp/protocol/mqtt/mqtt_parser.c:1359 nano_msg_notify: test online!
2026-09-17 06:17:59 [2269273] WARN  /home/kadir/mqtt-fuzzing/builds/nanomq-asan/nng/src/sp/transport/mqtt/broker_tcp.c:771 tcptran_pipe_recv_cb: Wrong QoS level!
2026-09-17 06:17:59 [2269273] WARN  /home/kadir/mqtt-fuzzing/builds/nanomq-asan/nng/src/sp/transport/mqtt/broker_tcp.c:895 tcptran_pipe_recv_cb: tcptran_pipe_recv_cb: recv_error rv: 130

2026-09-17 06:17:59 [2269273] WARN  /home/kadir/mqtt-fuzzing/builds/nanomq-asan/nng/src/sp/protocol/mqtt/mqtt_parser.c:1363 nano_msg_notify: test offline!
2026-09-17 06:17:59 [2269276] WARN  /home/kadir/mqtt-fuzzing/builds/nanomq-asan/nng/src/sp/protocol/mqtt/mqtt_parser.c:1359 nano_msg_notify: test online!
2026-09-17 06:17:59 [2269273] WARN  /home/kadir/mqtt-fuzzing/builds/nanomq-asan/nng/src/sp/transport/mqtt/broker_tcp.c:771 tcptran_pipe_recv_cb: Wrong QoS level!
2026-09-17 06:17:59 [2269273] WARN  /home/kadir/mqtt-fuzzing/builds/nanomq-asan/nng/src/sp/transport/mqtt/broker_tcp.c:895 tcptran_pipe_recv_cb: tcptran_pipe_recv_cb: recv_error rv: 130

2026-09-17 06:17:59 [2269271] WARN  /home/kadir/mqtt-fuzzing/builds/nanomq-asan/nng/src/sp/protocol/mqtt/mqtt_parser.c:1363 nano_msg_notify: test offline!
2026-09-17 06:17:59 [2269272] WARN  /home/kadir/mqtt-fuzzing/builds/nanomq-asan/nng/src/sp/protocol/mqtt/mqtt_parser.c:1359 nano_msg_notify: test online!
2026-09-17 06:17:59 [2269274] WARN  /home/kadir/mqtt-fuzzing/builds/nanomq-asan/nng/src/sp/transport/mqtt/broker_tcp.c:771 tcptran_pipe_recv_cb: Wrong QoS level!
2026-09-17 06:17:59 [2269274] WARN  /home/kadir/mqtt-fuzzing/builds/nanomq-asan/nng/src/sp/transport/mqtt/broker_tcp.c:895 tcptran_pipe_recv_cb: tcptran_pipe_recv_cb: recv_error rv: 130

2026-09-17 06:17:59 [2269275] WARN  /home/kadir/mqtt-fuzzing/builds/nanomq-asan/nng/src/sp/protocol/mqtt/mqtt_parser.c:1363 nano_msg_notify: test offline!
2026-09-17 06:17:59 [2269271] WARN  /home/kadir/mqtt-fuzzing/builds/nanomq-asan/nng/src/sp/protocol/mqtt/mqtt_parser.c:1359 nano_msg_notify: test online!
2026-09-17 06:17:59 [2269275] WARN  /home/kadir/mqtt-fuzzing/builds/nanomq-asan/nng/src/sp/transport/mqtt/broker_tcp.c:771 tcptran_pipe_recv_cb: Wrong QoS level!
2026-09-17 06:17:59 [2269275] WARN  /home/kadir/mqtt-fuzzing/builds/nanomq-asan/nng/src/sp/transport/mqtt/broker_tcp.c:895 tcptran_pipe_recv_cb: tcptran_pipe_recv_cb: recv_error rv: 130

2026-09-17 06:17:59 [2269278] WARN  /home/kadir/mqtt-fuzzing/builds/nanomq-asan/nng/src/sp/protocol/mqtt/mqtt_parser.c:1363 nano_msg_notify: test offline!
2026-09-17 06:17:59 [2269276] WARN  /home/kadir/mqtt-fuzzing/builds/nanomq-asan/nng/src/sp/protocol/mqtt/mqtt_parser.c:1359 nano_msg_notify: test online!
2026-09-17 06:17:59 [2269277] WARN  /home/kadir/mqtt-fuzzing/builds/nanomq-asan/nng/src/sp/transport/mqtt/broker_tcp.c:771 tcptran_pipe_recv_cb: Wrong QoS level!
2026-09-17 06:17:59 [2269277] WARN  /home/kadir/mqtt-fuzzing/builds/nanomq-asan/nng/src/sp/transport/mqtt/broker_tcp.c:895 tcptran_pipe_recv_cb: tcptran_pipe_recv_cb: recv_error rv: 130

2026-09-17 06:17:59 [2269275] WARN  /home/kadir/mqtt-fuzzing/builds/nanomq-asan/nng/src/sp/protocol/mqtt/mqtt_parser.c:1363 nano_msg_notify: test offline!
2026-09-17 06:17:59 [2269273] WARN  /home/kadir/mqtt-fuzzing/builds/nanomq-asan/nng/src/sp/protocol/mqtt/mqtt_parser.c:1359 nano_msg_notify: test online!
2026-09-17 06:17:59 [2269272] WARN  /home/kadir/mqtt-fuzzing/builds/nanomq-asan/nng/src/sp/transport/mqtt/broker_tcp.c:771 tcptran_pipe_recv_cb: Wrong QoS level!
2026-09-17 06:17:59 [2269272] WARN  /home/kadir/mqtt-fuzzing/builds/nanomq-asan/nng/src/sp/transport/mqtt/broker_tcp.c:895 tcptran_pipe_recv_cb: tcptran_pipe_recv_cb: recv_error rv: 130

2026-09-17 06:17:59 [2269276] WARN  /home/kadir/mqtt-fuzzing/builds/nanomq-asan/nng/src/sp/protocol/mqtt/mqtt_parser.c:1363 nano_msg_notify: test offline!
2026-09-17 06:17:59 [2269278] WARN  /home/kadir/mqtt-fuzzing/builds/nanomq-asan/nng/src/sp/protocol/mqtt/mqtt_parser.c:1359 nano_msg_notify: test online!
2026-09-17 06:17:59 [2269277] WARN  /home/kadir/mqtt-fuzzing/builds/nanomq-asan/nng/src/sp/transport/mqtt/broker_tcp.c:771 tcptran_pipe_recv_cb: Wrong QoS level!
2026-09-17 06:17:59 [2269277] WARN  /home/kadir/mqtt-fuzzing/builds/nanomq-asan/nng/src/sp/transport/mqtt/broker_tcp.c:895 tcptran_pipe_recv_cb: tcptran_pipe_recv_cb: recv_error rv: 130

2026-09-17 06:17:59 [2269276] WARN  /home/kadir/mqtt-fuzzing/builds/nanomq-asan/nng/src/sp/protocol/mqtt/mqtt_parser.c:1363 nano_msg_notify: test offline!
2026-09-17 06:17:59 [2269278] WARN  /home/kadir/mqtt-fuzzing/builds/nanomq-asan/nng/src/sp/protocol/mqtt/mqtt_parser.c:1359 nano_msg_notify: test online!
2026-09-17 06:17:59 [2269274] WARN  /home/kadir/mqtt-fuzzing/builds/nanomq-asan/nng/src/sp/transport/mqtt/broker_tcp.c:771 tcptran_pipe_recv_cb: Wrong QoS level!
2026-09-17 06:17:59 [2269274] WARN  /home/kadir/mqtt-fuzzing/builds/nanomq-asan/nng/src/sp/transport/mqtt/broker_tcp.c:895 tcptran_pipe_recv_cb: tcptran_pipe_recv_cb: recv_error rv: 130

2026-09-17 06:17:59 [2269276] WARN  /home/kadir/mqtt-fuzzing/builds/nanomq-asan/nng/src/sp/protocol/mqtt/mqtt_parser.c:1363 nano_msg_notify: test offline!
2026-09-17 06:17:59 [2269275] WARN  /home/kadir/mqtt-fuzzing/builds/nanomq-asan/nng/src/sp/protocol/mqtt/mqtt_parser.c:1359 nano_msg_notify: test online!
2026-09-17 06:17:59 [2269271] WARN  /home/kadir/mqtt-fuzzing/builds/nanomq-asan/nng/src/sp/transport/mqtt/broker_tcp.c:771 tcptran_pipe_recv_cb: Wrong QoS level!
2026-09-17 06:17:59 [2269271] WARN  /home/kadir/mqtt-fuzzing/builds/nanomq-asan/nng/src/sp/transport/mqtt/broker_tcp.c:895 tcptran_pipe_recv_cb: tcptran_pipe_recv_cb: recv_error rv: 130

2026-09-17 06:17:59 [2269276] WARN  /home/kadir/mqtt-fuzzing/builds/nanomq-asan/nng/src/sp/protocol/mqtt/mqtt_parser.c:1363 nano_msg_notify: test offline!
2026-09-17 06:17:59 [2269274] WARN  /home/kadir/mqtt-fuzzing/builds/nanomq-asan/nng/src/sp/protocol/mqtt/mqtt_parser.c:1359 nano_msg_notify: test online!
2026-09-17 06:17:59 [2269272] WARN  /home/kadir/mqtt-fuzzing/builds/nanomq-asan/nng/src/sp/transport/mqtt/broker_tcp.c:771 tcptran_pipe_recv_cb: Wrong QoS level!
2026-09-17 06:17:59 [2269272] WARN  /home/kadir/mqtt-fuzzing/builds/nanomq-asan/nng/src/sp/transport/mqtt/broker_tcp.c:895 tcptran_pipe_recv_cb: tcptran_pipe_recv_cb: recv_error rv: 130

2026-09-17 06:17:59 [2269277] WARN  /home/kadir/mqtt-fuzzing/builds/nanomq-asan/nng/src/sp/protocol/mqtt/mqtt_parser.c:1363 nano_msg_notify: test offline!
2026-09-17 06:17:59 [2269273] WARN  /home/kadir/mqtt-fuzzing/builds/nanomq-asan/nng/src/sp/protocol/mqtt/mqtt_parser.c:1359 nano_msg_notify: test online!
2026-09-17 06:17:59 [2269274] WARN  /home/kadir/mqtt-fuzzing/builds/nanomq-asan/nng/src/sp/transport/mqtt/broker_tcp.c:771 tcptran_pipe_recv_cb: Wrong QoS level!
2026-09-17 06:17:59 [2269274] WARN  /home/kadir/mqtt-fuzzing/builds/nanomq-asan/nng/src/sp/transport/mqtt/broker_tcp.c:895 tcptran_pipe_recv_cb: tcptran_pipe_recv_cb: recv_error rv: 130

2026-09-17 06:17:59 [2269274] WARN  /home/kadir/mqtt-fuzzing/builds/nanomq-asan/nng/src/sp/protocol/mqtt/mqtt_parser.c:1363 nano_msg_notify: test offline!
2026-09-17 06:17:59 [2269272] WARN  /home/kadir/mqtt-fuzzing/builds/nanomq-asan/nng/src/sp/protocol/mqtt/mqtt_parser.c:1359 nano_msg_notify: test online!
2026-09-17 06:17:59 [2269271] WARN  /home/kadir/mqtt-fuzzing/builds/nanomq-asan/nng/src/sp/transport/mqtt/broker_tcp.c:771 tcptran_pipe_recv_cb: Wrong QoS level!
2026-09-17 06:17:59 [2269271] WARN  /home/kadir/mqtt-fuzzing/builds/nanomq-asan/nng/src/sp/transport/mqtt/broker_tcp.c:895 tcptran_pipe_recv_cb: tcptran_pipe_recv_cb: recv_error rv: 130

2026-09-17 06:17:59 [2269278] WARN  /home/kadir/mqtt-fuzzing/builds/nanomq-asan/nng/src/sp/protocol/mqtt/mqtt_parser.c:1363 nano_msg_notify: test offline!
2026-09-17 06:17:59 [2269276] WARN  /home/kadir/mqtt-fuzzing/builds/nanomq-asan/nng/src/sp/protocol/mqtt/mqtt_parser.c:1359 nano_msg_notify: test online!
2026-09-17 06:17:59 [2269272] WARN  /home/kadir/mqtt-fuzzing/builds/nanomq-asan/nng/src/sp/transport/mqtt/broker_tcp.c:771 tcptran_pipe_recv_cb: Wrong QoS level!
2026-09-17 06:17:59 [2269272] WARN  /home/kadir/mqtt-fuzzing/builds/nanomq-asan/nng/src/sp/transport/mqtt/broker_tcp.c:895 tcptran_pipe_recv_cb: tcptran_pipe_recv_cb: recv_error rv: 130

2026-09-17 06:17:59 [2269275] WARN  /home/kadir/mqtt-fuzzing/builds/nanomq-asan/nng/src/sp/protocol/mqtt/mqtt_parser.c:1363 nano_msg_notify: test offline!
2026-09-17 06:17:59 [2269271] WARN  /home/kadir/mqtt-fuzzing/builds/nanomq-asan/nng/src/sp/protocol/mqtt/mqtt_parser.c:1359 nano_msg_notify: test online!
2026-09-17 06:17:59 [2269274] WARN  /home/kadir/mqtt-fuzzing/builds/nanomq-asan/nng/src/sp/transport/mqtt/broker_tcp.c:771 tcptran_pipe_recv_cb: Wrong QoS level!
2026-09-17 06:17:59 [2269274] WARN  /home/kadir/mqtt-fuzzing/builds/nanomq-asan/nng/src/sp/transport/mqtt/broker_tcp.c:895 tcptran_pipe_recv_cb: tcptran_pipe_recv_cb: recv_error rv: 130

2026-09-17 06:17:59 [2269275] WARN  /home/kadir/mqtt-fuzzing/builds/nanomq-asan/nng/src/sp/protocol/mqtt/mqtt_parser.c:1363 nano_msg_notify: test offline!
2026-09-17 06:17:59 [2269272] WARN  /home/kadir/mqtt-fuzzing/builds/nanomq-asan/nng/src/sp/protocol/mqtt/mqtt_parser.c:1359 nano_msg_notify: test online!
2026-09-17 06:17:59 [2269271] WARN  /home/kadir/mqtt-fuzzing/builds/nanomq-asan/nng/src/sp/transport/mqtt/broker_tcp.c:771 tcptran_pipe_recv_cb: Wrong QoS level!
2026-09-17 06:17:59 [2269271] WARN  /home/kadir/mqtt-fuzzing/builds/nanomq-asan/nng/src/sp/transport/mqtt/broker_tcp.c:895 tcptran_pipe_recv_cb: tcptran_pipe_recv_cb: recv_error rv: 130

2026-09-17 06:17:59 [2269273] WARN  /home/kadir/mqtt-fuzzing/builds/nanomq-asan/nng/src/sp/protocol/mqtt/mqtt_parser.c:1363 nano_msg_notify: test offline!
2026-09-17 06:17:59 [2269271] WARN  /home/kadir/mqtt-fuzzing/builds/nanomq-asan/nng/src/sp/protocol/mqtt/mqtt_parser.c:1359 nano_msg_notify: test online!
2026-09-17 06:17:59 [2269273] WARN  /home/kadir/mqtt-fuzzing/builds/nanomq-asan/nng/src/sp/transport/mqtt/broker_tcp.c:771 tcptran_pipe_recv_cb: Wrong QoS level!
2026-09-17 06:17:59 [2269273] WARN  /home/kadir/mqtt-fuzzing/builds/nanomq-asan/nng/src/sp/transport/mqtt/broker_tcp.c:895 tcptran_pipe_recv_cb: tcptran_pipe_recv_cb: recv_error rv: 130

2026-09-17 06:17:59 [2269275] WARN  /home/kadir/mqtt-fuzzing/builds/nanomq-asan/nng/src/sp/protocol/mqtt/mqtt_parser.c:1363 nano_msg_notify: test offline!
2026-09-17 06:17:59 [2269277] WARN  /home/kadir/mqtt-fuzzing/builds/nanomq-asan/nng/src/sp/protocol/mqtt/mqtt_parser.c:1359 nano_msg_notify: test online!
2026-09-17 06:17:59 [2269278] WARN  /home/kadir/mqtt-fuzzing/builds/nanomq-asan/nng/src/sp/transport/mqtt/broker_tcp.c:771 tcptran_pipe_recv_cb: Wrong QoS level!
2026-09-17 06:17:59 [2269278] WARN  /home/kadir/mqtt-fuzzing/builds/nanomq-asan/nng/src/sp/transport/mqtt/broker_tcp.c:895 tcptran_pipe_recv_cb: tcptran_pipe_recv_cb: recv_error rv: 130

2026-09-17 06:17:59 [2269277] WARN  /home/kadir/mqtt-fuzzing/builds/nanomq-asan/nng/src/sp/protocol/mqtt/mqtt_parser.c:1363 nano_msg_notify: test offline!
2026-09-17 06:17:59 [2269275] WARN  /home/kadir/mqtt-fuzzing/builds/nanomq-asan/nng/src/sp/protocol/mqtt/mqtt_parser.c:1359 nano_msg_notify: test online!
2026-09-17 06:17:59 [2269276] WARN  /home/kadir/mqtt-fuzzing/builds/nanomq-asan/nng/src/sp/transport/mqtt/broker_tcp.c:771 tcptran_pipe_recv_cb: Wrong QoS level!
2026-09-17 06:17:59 [2269276] WARN  /home/kadir/mqtt-fuzzing/builds/nanomq-asan/nng/src/sp/transport/mqtt/broker_tcp.c:895 tcptran_pipe_recv_cb: tcptran_pipe_recv_cb: recv_error rv: 130

2026-09-17 06:17:59 [2269274] WARN  /home/kadir/mqtt-fuzzing/builds/nanomq-asan/nng/src/sp/protocol/mqtt/mqtt_parser.c:1363 nano_msg_notify: test offline!
2026-09-17 06:17:59 [2269278] WARN  /home/kadir/mqtt-fuzzing/builds/nanomq-asan/nng/src/sp/protocol/mqtt/mqtt_parser.c:1359 nano_msg_notify: test online!
2026-09-17 06:17:59 [2269274] WARN  /home/kadir/mqtt-fuzzing/builds/nanomq-asan/nng/src/sp/transport/mqtt/broker_tcp.c:628 tcptran_pipe_recv_cb: nni aio recv error!! Connection shutdown

2026-09-17 06:17:59 [2269274] WARN  /home/kadir/mqtt-fuzzing/builds/nanomq-asan/nng/src/sp/transport/mqtt/broker_tcp.c:895 tcptran_pipe_recv_cb: tcptran_pipe_recv_cb: recv_error rv: 139

2026-09-17 06:17:59 [2269278] WARN  /home/kadir/mqtt-fuzzing/builds/nanomq-asan/nng/src/sp/protocol/mqtt/mqtt_parser.c:1363 nano_msg_notify: test offline!
2026-09-17 06:17:59 [2269276] WARN  /home/kadir/mqtt-fuzzing/builds/nanomq-asan/nng/src/sp/protocol/mqtt/mqtt_parser.c:1359 nano_msg_notify: test online!
2026-09-17 06:17:59 [2269276] WARN  /home/kadir/mqtt-fuzzing/builds/nanomq-asan/nng/src/sp/transport/mqtt/broker_tcp.c:628 tcptran_pipe_recv_cb: nni aio recv error!! Connection shutdown

2026-09-17 06:17:59 [2269276] WARN  /home/kadir/mqtt-fuzzing/builds/nanomq-asan/nng/src/sp/transport/mqtt/broker_tcp.c:895 tcptran_pipe_recv_cb: tcptran_pipe_recv_cb: recv_error rv: 139

2026-09-17 06:17:59 [2269274] WARN  /home/kadir/mqtt-fuzzing/builds/nanomq-asan/nng/src/sp/protocol/mqtt/mqtt_parser.c:1363 nano_msg_notify: test offline!
2026-09-17 06:17:59 [2269272] WARN  /home/kadir/mqtt-fuzzing/builds/nanomq-asan/nng/src/sp/protocol/mqtt/mqtt_parser.c:1359 nano_msg_notify: test online!
2026-09-17 06:17:59 [2269272] WARN  /home/kadir/mqtt-fuzzing/builds/nanomq-asan/nng/src/sp/transport/mqtt/broker_tcp.c:628 tcptran_pipe_recv_cb: nni aio recv error!! Connection shutdown

2026-09-17 06:17:59 [2269272] WARN  /home/kadir/mqtt-fuzzing/builds/nanomq-asan/nng/src/sp/transport/mqtt/broker_tcp.c:895 tcptran_pipe_recv_cb: tcptran_pipe_recv_cb: recv_error rv: 139

2026-09-17 06:17:59 [2269278] WARN  /home/kadir/mqtt-fuzzing/builds/nanomq-asan/nng/src/sp/protocol/mqtt/mqtt_parser.c:1363 nano_msg_notify: test offline!
2026-09-17 06:17:59 [2269273] WARN  /home/kadir/mqtt-fuzzing/builds/nanomq-asan/nng/src/sp/protocol/mqtt/mqtt_parser.c:1359 nano_msg_notify: test online!
2026-09-17 06:17:59 [2269276] WARN  /home/kadir/mqtt-fuzzing/builds/nanomq-asan/nng/src/sp/transport/mqtt/broker_tcp.c:628 tcptran_pipe_recv_cb: nni aio recv error!! Connection shutdown

2026-09-17 06:17:59 [2269276] WARN  /home/kadir/mqtt-fuzzing/builds/nanomq-asan/nng/src/sp/transport/mqtt/broker_tcp.c:895 tcptran_pipe_recv_cb: tcptran_pipe_recv_cb: recv_error rv: 139

2026-09-17 06:17:59 [2269271] WARN  /home/kadir/mqtt-fuzzing/builds/nanomq-asan/nng/src/sp/protocol/mqtt/mqtt_parser.c:1363 nano_msg_notify: test offline!
2026-09-17 06:17:59 [2269272] WARN  /home/kadir/mqtt-fuzzing/builds/nanomq-asan/nng/src/sp/protocol/mqtt/mqtt_parser.c:1359 nano_msg_notify: test online!
2026-09-17 06:17:59 [2269277] WARN  /home/kadir/mqtt-fuzzing/builds/nanomq-asan/nng/src/sp/transport/mqtt/broker_tcp.c:628 tcptran_pipe_recv_cb: nni aio recv error!! Connection shutdown

2026-09-17 06:17:59 [2269277] WARN  /home/kadir/mqtt-fuzzing/builds/nanomq-asan/nng/src/sp/transport/mqtt/broker_tcp.c:895 tcptran_pipe_recv_cb: tcptran_pipe_recv_cb: recv_error rv: 139

2026-09-17 06:17:59 [2269276] WARN  /home/kadir/mqtt-fuzzing/builds/nanomq-asan/nng/src/sp/protocol/mqtt/mqtt_parser.c:1363 nano_msg_notify: test offline!
2026-09-17 06:17:59 [2269273] WARN  /home/kadir/mqtt-fuzzing/builds/nanomq-asan/nng/src/sp/protocol/mqtt/mqtt_parser.c:1359 nano_msg_notify: test online!
2026-09-17 06:17:59 [2269276] WARN  /home/kadir/mqtt-fuzzing/builds/nanomq-asan/nng/src/sp/transport/mqtt/broker_tcp.c:628 tcptran_pipe_recv_cb: nni aio recv error!! Connection shutdown

2026-09-17 06:17:59 [2269276] WARN  /home/kadir/mqtt-fuzzing/builds/nanomq-asan/nng/src/sp/transport/mqtt/broker_tcp.c:895 tcptran_pipe_recv_cb: tcptran_pipe_recv_cb: recv_error rv: 139

2026-09-17 06:17:59 [2269276] WARN  /home/kadir/mqtt-fuzzing/builds/nanomq-asan/nng/src/sp/protocol/mqtt/mqtt_parser.c:1363 nano_msg_notify: test offline!
2026-09-17 06:17:59 [2269275] WARN  /home/kadir/mqtt-fuzzing/builds/nanomq-asan/nng/src/sp/protocol/mqtt/mqtt_parser.c:1359 nano_msg_notify: test online!
2026-09-17 06:17:59 [2269277] WARN  /home/kadir/mqtt-fuzzing/builds/nanomq-asan/nng/src/sp/transport/mqtt/broker_tcp.c:628 tcptran_pipe_recv_cb: nni aio recv error!! Connection shutdown

2026-09-17 06:17:59 [2269277] WARN  /home/kadir/mqtt-fuzzing/builds/nanomq-asan/nng/src/sp/transport/mqtt/broker_tcp.c:895 tcptran_pipe_recv_cb: tcptran_pipe_recv_cb: recv_error rv: 139

2026-09-17 06:17:59 [2269274] WARN  /home/kadir/mqtt-fuzzing/builds/nanomq-asan/nng/src/sp/protocol/mqtt/mqtt_parser.c:1363 nano_msg_notify: test offline!
2026-09-17 06:17:59 [2269278] WARN  /home/kadir/mqtt-fuzzing/builds/nanomq-asan/nng/src/sp/protocol/mqtt/mqtt_parser.c:1359 nano_msg_notify: test online!
2026-09-17 06:17:59 [2269274] WARN  /home/kadir/mqtt-fuzzing/builds/nanomq-asan/nng/src/sp/transport/mqtt/broker_tcp.c:628 tcptran_pipe_recv_cb: nni aio recv error!! Connection shutdown

2026-09-17 06:17:59 [2269274] WARN  /home/kadir/mqtt-fuzzing/builds/nanomq-asan/nng/src/sp/transport/mqtt/broker_tcp.c:895 tcptran_pipe_recv_cb: tcptran_pipe_recv_cb: recv_error rv: 139

2026-09-17 06:17:59 [2269276] WARN  /home/kadir/mqtt-fuzzing/builds/nanomq-asan/nng/src/sp/protocol/mqtt/mqtt_parser.c:1363 nano_msg_notify: test offline!
2026-09-17 06:17:59 [2269271] WARN  /home/kadir/mqtt-fuzzing/builds/nanomq-asan/nng/src/sp/protocol/mqtt/mqtt_parser.c:1359 nano_msg_notify: test online!
2026-09-17 06:17:59 [2269273] WARN  /home/kadir/mqtt-fuzzing/builds/nanomq-asan/nng/src/sp/transport/mqtt/broker_tcp.c:628 tcptran_pipe_recv_cb: nni aio recv error!! Connection shutdown

2026-09-17 06:17:59 [2269273] WARN  /home/kadir/mqtt-fuzzing/builds/nanomq-asan/nng/src/sp/transport/mqtt/broker_tcp.c:895 tcptran_pipe_recv_cb: tcptran_pipe_recv_cb: recv_error rv: 139

2026-09-17 06:17:59 [2269271] WARN  /home/kadir/mqtt-fuzzing/builds/nanomq-asan/nng/src/sp/protocol/mqtt/mqtt_parser.c:1363 nano_msg_notify: test offline!
2026-09-17 06:17:59 [2269278] WARN  /home/kadir/mqtt-fuzzing/builds/nanomq-asan/nng/src/sp/protocol/mqtt/mqtt_parser.c:1359 nano_msg_notify: test online!
2026-09-17 06:17:59 [2269276] WARN  /home/kadir/mqtt-fuzzing/builds/nanomq-asan/nng/src/sp/transport/mqtt/broker_tcp.c:628 tcptran_pipe_recv_cb: nni aio recv error!! Connection shutdown

2026-09-17 06:17:59 [2269276] WARN  /home/kadir/mqtt-fuzzing/builds/nanomq-asan/nng/src/sp/transport/mqtt/broker_tcp.c:895 tcptran_pipe_recv_cb: tcptran_pipe_recv_cb: recv_error rv: 139

2026-09-17 06:17:59 [2269272] WARN  /home/kadir/mqtt-fuzzing/builds/nanomq-asan/nng/src/sp/protocol/mqtt/mqtt_parser.c:1363 nano_msg_notify: test offline!
2026-09-17 06:17:59 [2269276] WARN  /home/kadir/mqtt-fuzzing/builds/nanomq-asan/nng/src/sp/protocol/mqtt/mqtt_parser.c:1359 nano_msg_notify: test online!
2026-09-17 06:17:59 [2269278] WARN  /home/kadir/mqtt-fuzzing/builds/nanomq-asan/nng/src/sp/transport/mqtt/broker_tcp.c:628 tcptran_pipe_recv_cb: nni aio recv error!! Connection shutdown

2026-09-17 06:17:59 [2269278] WARN  /home/kadir/mqtt-fuzzing/builds/nanomq-asan/nng/src/sp/transport/mqtt/broker_tcp.c:895 tcptran_pipe_recv_cb: tcptran_pipe_recv_cb: recv_error rv: 139

2026-09-17 06:17:59 [2269277] WARN  /home/kadir/mqtt-fuzzing/builds/nanomq-asan/nng/src/sp/protocol/mqtt/mqtt_parser.c:1363 nano_msg_notify: test offline!
2026-09-17 06:17:59 [2269275] WARN  /home/kadir/mqtt-fuzzing/builds/nanomq-asan/nng/src/sp/protocol/mqtt/mqtt_parser.c:1359 nano_msg_notify: test online!
2026-09-17 06:17:59 [2269276] WARN  /home/kadir/mqtt-fuzzing/builds/nanomq-asan/nng/src/sp/transport/mqtt/broker_tcp.c:628 tcptran_pipe_recv_cb: nni aio recv error!! Connection shutdown

2026-09-17 06:17:59 [2269276] WARN  /home/kadir/mqtt-fuzzing/builds/nanomq-asan/nng/src/sp/transport/mqtt/broker_tcp.c:895 tcptran_pipe_recv_cb: tcptran_pipe_recv_cb: recv_error rv: 139

2026-09-17 06:17:59 [2269278] WARN  /home/kadir/mqtt-fuzzing/builds/nanomq-asan/nng/src/sp/protocol/mqtt/mqtt_parser.c:1363 nano_msg_notify: test offline!
2026-09-17 06:17:59 [2269271] WARN  /home/kadir/mqtt-fuzzing/builds/nanomq-asan/nng/src/sp/protocol/mqtt/mqtt_parser.c:1359 nano_msg_notify: test online!
2026-09-17 06:17:59 [2269273] WARN  /home/kadir/mqtt-fuzzing/builds/nanomq-asan/nng/src/sp/transport/mqtt/broker_tcp.c:628 tcptran_pipe_recv_cb: nni aio recv error!! Connection shutdown

2026-09-17 06:17:59 [2269273] WARN  /home/kadir/mqtt-fuzzing/builds/nanomq-asan/nng/src/sp/transport/mqtt/broker_tcp.c:895 tcptran_pipe_recv_cb: tcptran_pipe_recv_cb: recv_error rv: 139

2026-09-17 06:17:59 [2269271] WARN  /home/kadir/mqtt-fuzzing/builds/nanomq-asan/nng/src/sp/protocol/mqtt/mqtt_parser.c:1363 nano_msg_notify: test offline!
2026-09-17 06:17:59 [2269278] WARN  /home/kadir/mqtt-fuzzing/builds/nanomq-asan/nng/src/sp/protocol/mqtt/mqtt_parser.c:1359 nano_msg_notify: test online!
2026-09-17 06:17:59 [2269276] WARN  /home/kadir/mqtt-fuzzing/builds/nanomq-asan/nng/src/sp/transport/mqtt/broker_tcp.c:628 tcptran_pipe_recv_cb: nni aio recv error!! Connection shutdown

2026-09-17 06:17:59 [2269276] WARN  /home/kadir/mqtt-fuzzing/builds/nanomq-asan/nng/src/sp/transport/mqtt/broker_tcp.c:895 tcptran_pipe_recv_cb: tcptran_pipe_recv_cb: recv_error rv: 139

2026-09-17 06:17:59 [2269274] WARN  /home/kadir/mqtt-fuzzing/builds/nanomq-asan/nng/src/sp/protocol/mqtt/mqtt_parser.c:1363 nano_msg_notify: test offline!
2026-09-17 06:17:59 [2269271] WARN  /home/kadir/mqtt-fuzzing/builds/nanomq-asan/nng/src/sp/protocol/mqtt/mqtt_parser.c:1359 nano_msg_notify: test online!
2026-09-17 06:17:59 [2269273] WARN  /home/kadir/mqtt-fuzzing/builds/nanomq-asan/nng/src/sp/transport/mqtt/broker_tcp.c:628 tcptran_pipe_recv_cb: nni aio recv error!! Connection shutdown

2026-09-17 06:17:59 [2269273] WARN  /home/kadir/mqtt-fuzzing/builds/nanomq-asan/nng/src/sp/transport/mqtt/broker_tcp.c:895 tcptran_pipe_recv_cb: tcptran_pipe_recv_cb: recv_error rv: 139

2026-09-17 06:17:59 [2269278] WARN  /home/kadir/mqtt-fuzzing/builds/nanomq-asan/nng/src/sp/protocol/mqtt/mqtt_parser.c:1363 nano_msg_notify: test offline!
2026-09-17 06:17:59 [2269276] WARN  /home/kadir/mqtt-fuzzing/builds/nanomq-asan/nng/src/sp/protocol/mqtt/mqtt_parser.c:1359 nano_msg_notify: test online!
2026-09-17 06:17:59 [2269275] WARN  /home/kadir/mqtt-fuzzing/builds/nanomq-asan/nng/src/sp/transport/mqtt/broker_tcp.c:735 tcptran_pipe_recv_cb: Got invalid CONNACK from client!
2026-09-17 06:17:59 [2269275] WARN  /home/kadir/mqtt-fuzzing/builds/nanomq-asan/nng/src/sp/transport/mqtt/broker_tcp.c:895 tcptran_pipe_recv_cb: tcptran_pipe_recv_cb: recv_error rv: 129

2026-09-17 06:17:59 [2269278] WARN  /home/kadir/mqtt-fuzzing/builds/nanomq-asan/nng/src/sp/protocol/mqtt/mqtt_parser.c:1363 nano_msg_notify: test offline!
2026-09-17 06:17:59 [2269273] WARN  /home/kadir/mqtt-fuzzing/builds/nanomq-asan/nng/src/sp/protocol/mqtt/mqtt_parser.c:1359 nano_msg_notify: test online!
2026-09-17 06:17:59 [2269271] WARN  /home/kadir/mqtt-fuzzing/builds/nanomq-asan/nng/src/sp/transport/mqtt/broker_tcp.c:735 tcptran_pipe_recv_cb: Got invalid CONNACK from client!
2026-09-17 06:17:59 [2269271] WARN  /home/kadir/mqtt-fuzzing/builds/nanomq-asan/nng/src/sp/transport/mqtt/broker_tcp.c:895 tcptran_pipe_recv_cb: tcptran_pipe_recv_cb: recv_error rv: 129

2026-09-17 06:17:59 [2269273] WARN  /home/kadir/mqtt-fuzzing/builds/nanomq-asan/nng/src/sp/protocol/mqtt/mqtt_parser.c:1363 nano_msg_notify: test offline!
2026-09-17 06:17:59 [2269271] WARN  /home/kadir/mqtt-fuzzing/builds/nanomq-asan/nng/src/sp/protocol/mqtt/mqtt_parser.c:1359 nano_msg_notify: test online!
2026-09-17 06:17:59 [2269275] WARN  /home/kadir/mqtt-fuzzing/builds/nanomq-asan/nng/src/sp/transport/mqtt/broker_tcp.c:735 tcptran_pipe_recv_cb: Got invalid CONNACK from client!
2026-09-17 06:17:59 [2269275] WARN  /home/kadir/mqtt-fuzzing/builds/nanomq-asan/nng/src/sp/transport/mqtt/broker_tcp.c:895 tcptran_pipe_recv_cb: tcptran_pipe_recv_cb: recv_error rv: 129

2026-09-17 06:17:59 [2269278] WARN  /home/kadir/mqtt-fuzzing/builds/nanomq-asan/nng/src/sp/protocol/mqtt/mqtt_parser.c:1363 nano_msg_notify: test offline!
2026-09-17 06:17:59 [2269274] WARN  /home/kadir/mqtt-fuzzing/builds/nanomq-asan/nng/src/sp/protocol/mqtt/mqtt_parser.c:1359 nano_msg_notify: test online!
2026-09-17 06:17:59 [2269277] WARN  /home/kadir/mqtt-fuzzing/builds/nanomq-asan/nng/src/sp/transport/mqtt/broker_tcp.c:735 tcptran_pipe_recv_cb: Got invalid CONNACK from client!
2026-09-17 06:17:59 [2269277] WARN  /home/kadir/mqtt-fuzzing/builds/nanomq-asan/nng/src/sp/transport/mqtt/broker_tcp.c:895 tcptran_pipe_recv_cb: tcptran_pipe_recv_cb: recv_error rv: 129

2026-09-17 06:17:59 [2269271] WARN  /home/kadir/mqtt-fuzzing/builds/nanomq-asan/nng/src/sp/protocol/mqtt/mqtt_parser.c:1363 nano_msg_notify: test offline!
2026-09-17 06:17:59 [2269276] WARN  /home/kadir/mqtt-fuzzing/builds/nanomq-asan/nng/src/sp/protocol/mqtt/mqtt_parser.c:1359 nano_msg_notify: test online!
2026-09-17 06:17:59 [2269278] WARN  /home/kadir/mqtt-fuzzing/builds/nanomq-asan/nng/src/sp/transport/mqtt/broker_tcp.c:735 tcptran_pipe_recv_cb: Got invalid CONNACK from client!
2026-09-17 06:17:59 [2269278] WARN  /home/kadir/mqtt-fuzzing/builds/nanomq-asan/nng/src/sp/transport/mqtt/broker_tcp.c:895 tcptran_pipe_recv_cb: tcptran_pipe_recv_cb: recv_error rv: 129

2026-09-17 06:17:59 [2269278] WARN  /home/kadir/mqtt-fuzzing/builds/nanomq-asan/nng/src/sp/protocol/mqtt/mqtt_parser.c:1363 nano_msg_notify: test offline!
2026-09-17 06:17:59 [2269272] WARN  /home/kadir/mqtt-fuzzing/builds/nanomq-asan/nng/src/sp/protocol/mqtt/mqtt_parser.c:1359 nano_msg_notify: test online!
2026-09-17 06:17:59 [2269275] WARN  /home/kadir/mqtt-fuzzing/builds/nanomq-asan/nng/src/sp/transport/mqtt/broker_tcp.c:735 tcptran_pipe_recv_cb: Got invalid CONNACK from client!
2026-09-17 06:17:59 [2269275] WARN  /home/kadir/mqtt-fuzzing/builds/nanomq-asan/nng/src/sp/transport/mqtt/broker_tcp.c:895 tcptran_pipe_recv_cb: tcptran_pipe_recv_cb: recv_error rv: 129

2026-09-17 06:17:59 [2269278] WARN  /home/kadir/mqtt-fuzzing/builds/nanomq-asan/nng/src/sp/protocol/mqtt/mqtt_parser.c:1363 nano_msg_notify: test offline!
2026-09-17 06:17:59 [2269274] WARN  /home/kadir/mqtt-fuzzing/builds/nanomq-asan/nng/src/sp/protocol/mqtt/mqtt_parser.c:1359 nano_msg_notify: test online!
2026-09-17 06:17:59 [2269271] WARN  /home/kadir/mqtt-fuzzing/builds/nanomq-asan/nng/src/sp/transport/mqtt/broker_tcp.c:735 tcptran_pipe_recv_cb: Got invalid CONNACK from client!
2026-09-17 06:17:59 [2269271] WARN  /home/kadir/mqtt-fuzzing/builds/nanomq-asan/nng/src/sp/transport/mqtt/broker_tcp.c:895 tcptran_pipe_recv_cb: tcptran_pipe_recv_cb: recv_error rv: 129

2026-09-17 06:17:59 [2269271] WARN  /home/kadir/mqtt-fuzzing/builds/nanomq-asan/nng/src/sp/protocol/mqtt/mqtt_parser.c:1363 nano_msg_notify: test offline!
2026-09-17 06:17:59 [2269271] WARN  /home/kadir/mqtt-fuzzing/builds/nanomq-asan/nng/src/sp/protocol/mqtt/mqtt_parser.c:1359 nano_msg_notify: test online!
2026-09-17 06:17:59 [2269278] WARN  /home/kadir/mqtt-fuzzing/builds/nanomq-asan/nng/src/sp/transport/mqtt/broker_tcp.c:735 tcptran_pipe_recv_cb: Got invalid CONNACK from client!
2026-09-17 06:17:59 [2269278] WARN  /home/kadir/mqtt-fuzzing/builds/nanomq-asan/nng/src/sp/transport/mqtt/broker_tcp.c:895 tcptran_pipe_recv_cb: tcptran_pipe_recv_cb: recv_error rv: 129

2026-09-17 06:17:59 [2269272] WARN  /home/kadir/mqtt-fuzzing/builds/nanomq-asan/nng/src/sp/protocol/mqtt/mqtt_parser.c:1363 nano_msg_notify: test offline!
2026-09-17 06:17:59 [2269275] WARN  /home/kadir/mqtt-fuzzing/builds/nanomq-asan/nng/src/sp/protocol/mqtt/mqtt_parser.c:1359 nano_msg_notify: test online!
2026-09-17 06:17:59 [2269271] WARN  /home/kadir/mqtt-fuzzing/builds/nanomq-asan/nng/src/sp/transport/mqtt/broker_tcp.c:735 tcptran_pipe_recv_cb: Got invalid CONNACK from client!
2026-09-17 06:17:59 [2269271] WARN  /home/kadir/mqtt-fuzzing/builds/nanomq-asan/nng/src/sp/transport/mqtt/broker_tcp.c:895 tcptran_pipe_recv_cb: tcptran_pipe_recv_cb: recv_error rv: 129

2026-09-17 06:17:59 [2269276] WARN  /home/kadir/mqtt-fuzzing/builds/nanomq-asan/nng/src/sp/protocol/mqtt/mqtt_parser.c:1363 nano_msg_notify: test offline!
2026-09-17 06:17:59 [2269277] WARN  /home/kadir/mqtt-fuzzing/builds/nanomq-asan/nng/src/sp/protocol/mqtt/mqtt_parser.c:1359 nano_msg_notify: test online!
2026-09-17 06:17:59 [2269275] WARN  /home/kadir/mqtt-fuzzing/builds/nanomq-asan/nng/src/sp/transport/mqtt/broker_tcp.c:735 tcptran_pipe_recv_cb: Got invalid CONNACK from client!
2026-09-17 06:17:59 [2269275] WARN  /home/kadir/mqtt-fuzzing/builds/nanomq-asan/nng/src/sp/transport/mqtt/broker_tcp.c:895 tcptran_pipe_recv_cb: tcptran_pipe_recv_cb: recv_error rv: 129

2026-09-17 06:17:59 [2269272] WARN  /home/kadir/mqtt-fuzzing/builds/nanomq-asan/nng/src/sp/protocol/mqtt/mqtt_parser.c:1363 nano_msg_notify: test offline!
2026-09-17 06:17:59 [2269274] WARN  /home/kadir/mqtt-fuzzing/builds/nanomq-asan/nng/src/sp/protocol/mqtt/mqtt_parser.c:1359 nano_msg_notify: test online!
2026-09-17 06:17:59 [2269277] WARN  /home/kadir/mqtt-fuzzing/builds/nanomq-asan/nng/src/sp/transport/mqtt/broker_tcp.c:735 tcptran_pipe_recv_cb: Got invalid CONNACK from client!
2026-09-17 06:17:59 [2269277] WARN  /home/kadir/mqtt-fuzzing/builds/nanomq-asan/nng/src/sp/transport/mqtt/broker_tcp.c:895 tcptran_pipe_recv_cb: tcptran_pipe_recv_cb: recv_error rv: 129

2026-09-17 06:17:59 [2269277] WARN  /home/kadir/mqtt-fuzzing/builds/nanomq-asan/nng/src/sp/protocol/mqtt/mqtt_parser.c:1363 nano_msg_notify: test offline!
2026-09-17 06:17:59 [2269273] WARN  /home/kadir/mqtt-fuzzing/builds/nanomq-asan/nng/src/sp/protocol/mqtt/mqtt_parser.c:1359 nano_msg_notify: test online!
2026-09-17 06:17:59 [2269275] WARN  /home/kadir/mqtt-fuzzing/builds/nanomq-asan/nng/src/sp/transport/mqtt/broker_tcp.c:735 tcptran_pipe_recv_cb: Got invalid CONNACK from client!
2026-09-17 06:17:59 [2269275] WARN  /home/kadir/mqtt-fuzzing/builds/nanomq-asan/nng/src/sp/transport/mqtt/broker_tcp.c:895 tcptran_pipe_recv_cb: tcptran_pipe_recv_cb: recv_error rv: 129

2026-09-17 06:17:59 [2269271] WARN  /home/kadir/mqtt-fuzzing/builds/nanomq-asan/nng/src/sp/protocol/mqtt/mqtt_parser.c:1363 nano_msg_notify: test offline!
2026-09-17 06:17:59 [2269277] WARN  /home/kadir/mqtt-fuzzing/builds/nanomq-asan/nng/src/sp/protocol/mqtt/mqtt_parser.c:1359 nano_msg_notify: test online!
2026-09-17 06:17:59 [2269272] WARN  /home/kadir/mqtt-fuzzing/builds/nanomq-asan/nng/src/sp/transport/mqtt/broker_tcp.c:735 tcptran_pipe_recv_cb: Got invalid CONNACK from client!
2026-09-17 06:17:59 [2269272] WARN  /home/kadir/mqtt-fuzzing/builds/nanomq-asan/nng/src/sp/transport/mqtt/broker_tcp.c:895 tcptran_pipe_recv_cb: tcptran_pipe_recv_cb: recv_error rv: 129

2026-09-17 06:17:59 [2269273] WARN  /home/kadir/mqtt-fuzzing/builds/nanomq-asan/nng/src/sp/protocol/mqtt/mqtt_parser.c:1363 nano_msg_notify: test offline!
2026-09-17 06:17:59 [2269275] WARN  /home/kadir/mqtt-fuzzing/builds/nanomq-asan/nng/src/sp/protocol/mqtt/mqtt_parser.c:1359 nano_msg_notify: test online!
2026-09-17 06:17:59 [2269272] WARN  /home/kadir/mqtt-fuzzing/builds/nanomq-asan/nng/src/sp/transport/mqtt/broker_tcp.c:735 tcptran_pipe_recv_cb: Got invalid CONNACK from client!
2026-09-17 06:17:59 [2269272] WARN  /home/kadir/mqtt-fuzzing/builds/nanomq-asan/nng/src/sp/transport/mqtt/broker_tcp.c:895 tcptran_pipe_recv_cb: tcptran_pipe_recv_cb: recv_error rv: 129

2026-09-17 06:17:59 [2269275] WARN  /home/kadir/mqtt-fuzzing/builds/nanomq-asan/nng/src/sp/protocol/mqtt/mqtt_parser.c:1363 nano_msg_notify: test offline!
2026-09-17 06:17:59 [2269277] WARN  /home/kadir/mqtt-fuzzing/builds/nanomq-asan/nng/src/sp/protocol/mqtt/mqtt_parser.c:1359 nano_msg_notify: test online!
2026-09-17 06:17:59 [2269271] WARN  /home/kadir/mqtt-fuzzing/builds/nanomq-asan/nng/src/sp/transport/mqtt/broker_tcp.c:735 tcptran_pipe_recv_cb: Got invalid CONNACK from client!
2026-09-17 06:17:59 [2269271] WARN  /home/kadir/mqtt-fuzzing/builds/nanomq-asan/nng/src/sp/transport/mqtt/broker_tcp.c:895 tcptran_pipe_recv_cb: tcptran_pipe_recv_cb: recv_error rv: 129

2026-09-17 06:17:59 [2269271] WARN  /home/kadir/mqtt-fuzzing/builds/nanomq-asan/nng/src/sp/protocol/mqtt/mqtt_parser.c:1363 nano_msg_notify: test offline!
2026-09-17 06:17:59 [2269272] WARN  /home/kadir/mqtt-fuzzing/builds/nanomq-asan/nng/src/sp/protocol/mqtt/mqtt_parser.c:1359 nano_msg_notify: test online!
2026-09-17 06:17:59 [2269274] WARN  /home/kadir/mqtt-fuzzing/builds/nanomq-asan/nng/src/sp/transport/mqtt/broker_tcp.c:735 tcptran_pipe_recv_cb: Got invalid CONNACK from client!
2026-09-17 06:17:59 [2269274] WARN  /home/kadir/mqtt-fuzzing/builds/nanomq-asan/nng/src/sp/transport/mqtt/broker_tcp.c:895 tcptran_pipe_recv_cb: tcptran_pipe_recv_cb: recv_error rv: 129

2026-09-17 06:17:59 [2269275] WARN  /home/kadir/mqtt-fuzzing/builds/nanomq-asan/nng/src/sp/protocol/mqtt/mqtt_parser.c:1363 nano_msg_notify: test offline!
2026-09-17 06:17:59 [2269277] WARN  /home/kadir/mqtt-fuzzing/builds/nanomq-asan/nng/src/sp/protocol/mqtt/mqtt_parser.c:1359 nano_msg_notify: test online!
2026-09-17 06:17:59 [2269271] WARN  /home/kadir/mqtt-fuzzing/builds/nanomq-asan/nng/src/sp/transport/mqtt/broker_tcp.c:735 tcptran_pipe_recv_cb: Got invalid CONNACK from client!
2026-09-17 06:17:59 [2269271] WARN  /home/kadir/mqtt-fuzzing/builds/nanomq-asan/nng/src/sp/transport/mqtt/broker_tcp.c:895 tcptran_pipe_recv_cb: tcptran_pipe_recv_cb: recv_error rv: 129

2026-09-17 06:17:59 [2269278] WARN  /home/kadir/mqtt-fuzzing/builds/nanomq-asan/nng/src/sp/protocol/mqtt/mqtt_parser.c:1363 nano_msg_notify: test offline!
2026-09-17 06:17:59 [2269274] WARN  /home/kadir/mqtt-fuzzing/builds/nanomq-asan/nng/src/sp/protocol/mqtt/mqtt_parser.c:1359 nano_msg_notify: test online!
2026-09-17 06:17:59 [2269272] WARN  /home/kadir/mqtt-fuzzing/builds/nanomq-asan/nng/src/sp/transport/mqtt/broker_tcp.c:735 tcptran_pipe_recv_cb: Got invalid CONNACK from client!
2026-09-17 06:17:59 [2269272] WARN  /home/kadir/mqtt-fuzzing/builds/nanomq-asan/nng/src/sp/transport/mqtt/broker_tcp.c:895 tcptran_pipe_recv_cb: tcptran_pipe_recv_cb: recv_error rv: 129

2026-09-17 06:17:59 [2269274] WARN  /home/kadir/mqtt-fuzzing/builds/nanomq-asan/nng/src/sp/protocol/mqtt/mqtt_parser.c:1363 nano_msg_notify: test offline!
2026-09-17 06:17:59 [2269276] WARN  /home/kadir/mqtt-fuzzing/builds/nanomq-asan/nng/src/sp/protocol/mqtt/mqtt_parser.c:1359 nano_msg_notify: test online!
2026-09-17 06:17:59 [2269272] WARN  /home/kadir/mqtt-fuzzing/builds/nanomq-asan/nng/src/sp/transport/mqtt/broker_tcp.c:735 tcptran_pipe_recv_cb: Got invalid CONNACK from client!
2026-09-17 06:17:59 [2269272] WARN  /home/kadir/mqtt-fuzzing/builds/nanomq-asan/nng/src/sp/transport/mqtt/broker_tcp.c:895 tcptran_pipe_recv_cb: tcptran_pipe_recv_cb: recv_error rv: 129

2026-09-17 06:17:59 [2269273] WARN  /home/kadir/mqtt-fuzzing/builds/nanomq-asan/nng/src/sp/protocol/mqtt/mqtt_parser.c:1363 nano_msg_notify: test offline!
2026-09-17 06:17:59 [2269277] WARN  /home/kadir/mqtt-fuzzing/builds/nanomq-asan/nng/src/sp/protocol/mqtt/mqtt_parser.c:1359 nano_msg_notify: test online!
2026-09-17 06:17:59 [2269271] WARN  /home/kadir/mqtt-fuzzing/builds/nanomq-asan/nng/src/sp/transport/mqtt/broker_tcp.c:735 tcptran_pipe_recv_cb: Got invalid CONNACK from client!
2026-09-17 06:17:59 [2269271] WARN  /home/kadir/mqtt-fuzzing/builds/nanomq-asan/nng/src/sp/transport/mqtt/broker_tcp.c:895 tcptran_pipe_recv_cb: tcptran_pipe_recv_cb: recv_error rv: 129

2026-09-17 06:17:59 [2269271] WARN  /home/kadir/mqtt-fuzzing/builds/nanomq-asan/nng/src/sp/protocol/mqtt/mqtt_parser.c:1363 nano_msg_notify: test offline!
2026-09-17 06:17:59 [2269278] WARN  /home/kadir/mqtt-fuzzing/builds/nanomq-asan/nng/src/sp/protocol/mqtt/mqtt_parser.c:1359 nano_msg_notify: test online!
2026-09-17 06:17:59 [2269273] WARN  /home/kadir/mqtt-fuzzing/builds/nanomq-asan/nng/src/sp/transport/mqtt/broker_tcp.c:735 tcptran_pipe_recv_cb: Got invalid CONNACK from client!
2026-09-17 06:17:59 [2269273] WARN  /home/kadir/mqtt-fuzzing/builds/nanomq-asan/nng/src/sp/transport/mqtt/broker_tcp.c:895 tcptran_pipe_recv_cb: tcptran_pipe_recv_cb: recv_error rv: 129

2026-09-17 06:17:59 [2269271] WARN  /home/kadir/mqtt-fuzzing/builds/nanomq-asan/nng/src/sp/protocol/mqtt/mqtt_parser.c:1363 nano_msg_notify: test offline!
2026-09-17 06:17:59 [2269278] WARN  /home/kadir/mqtt-fuzzing/builds/nanomq-asan/nng/src/sp/protocol/mqtt/mqtt_parser.c:1359 nano_msg_notify: test online!
2026-09-17 06:17:59 [2269277] WARN  /home/kadir/mqtt-fuzzing/builds/nanomq-asan/nng/src/sp/transport/mqtt/broker_tcp.c:735 tcptran_pipe_recv_cb: Got invalid CONNACK from client!
2026-09-17 06:17:59 [2269277] WARN  /home/kadir/mqtt-fuzzing/builds/nanomq-asan/nng/src/sp/transport/mqtt/broker_tcp.c:895 tcptran_pipe_recv_cb: tcptran_pipe_recv_cb: recv_error rv: 129

2026-09-17 06:17:59 [2269278] WARN  /home/kadir/mqtt-fuzzing/builds/nanomq-asan/nng/src/sp/protocol/mqtt/mqtt_parser.c:1363 nano_msg_notify: test offline!
2026-09-17 06:17:59 [2269276] WARN  /home/kadir/mqtt-fuzzing/builds/nanomq-asan/nng/src/sp/protocol/mqtt/mqtt_parser.c:1359 nano_msg_notify: test online!
2026-09-17 06:17:59 [2269273] WARN  /home/kadir/mqtt-fuzzing/builds/nanomq-asan/nng/src/sp/transport/mqtt/broker_tcp.c:735 tcptran_pipe_recv_cb: Got invalid CONNACK from client!
2026-09-17 06:17:59 [2269273] WARN  /home/kadir/mqtt-fuzzing/builds/nanomq-asan/nng/src/sp/transport/mqtt/broker_tcp.c:895 tcptran_pipe_recv_cb: tcptran_pipe_recv_cb: recv_error rv: 129

2026-09-17 06:17:59 [2269271] WARN  /home/kadir/mqtt-fuzzing/builds/nanomq-asan/nng/src/sp/protocol/mqtt/mqtt_parser.c:1363 nano_msg_notify: test offline!
2026-09-17 06:17:59 [2269277] WARN  /home/kadir/mqtt-fuzzing/builds/nanomq-asan/nng/src/sp/protocol/mqtt/mqtt_parser.c:1359 nano_msg_notify: test online!
2026-09-17 06:17:59 [2269275] WARN  /home/kadir/mqtt-fuzzing/builds/nanomq-asan/nng/src/sp/transport/mqtt/broker_tcp.c:735 tcptran_pipe_recv_cb: Got invalid CONNACK from client!
2026-09-17 06:17:59 [2269275] WARN  /home/kadir/mqtt-fuzzing/builds/nanomq-asan/nng/src/sp/transport/mqtt/broker_tcp.c:895 tcptran_pipe_recv_cb: tcptran_pipe_recv_cb: recv_error rv: 129

2026-09-17 06:17:59 [2269276] WARN  /home/kadir/mqtt-fuzzing/builds/nanomq-asan/nng/src/sp/protocol/mqtt/mqtt_parser.c:1363 nano_msg_notify: test offline!
2026-09-17 06:17:59 [2269272] WARN  /home/kadir/mqtt-fuzzing/builds/nanomq-asan/nng/src/sp/protocol/mqtt/mqtt_parser.c:1359 nano_msg_notify: test online!
2026-09-17 06:17:59 [2269271] WARN  /home/kadir/mqtt-fuzzing/builds/nanomq-asan/nng/src/sp/transport/mqtt/broker_tcp.c:735 tcptran_pipe_recv_cb: Got invalid CONNACK from client!
2026-09-17 06:17:59 [2269271] WARN  /home/kadir/mqtt-fuzzing/builds/nanomq-asan/nng/src/sp/transport/mqtt/broker_tcp.c:895 tcptran_pipe_recv_cb: tcptran_pipe_recv_cb: recv_error rv: 129

2026-09-17 06:17:59 [2269273] WARN  /home/kadir/mqtt-fuzzing/builds/nanomq-asan/nng/src/sp/protocol/mqtt/mqtt_parser.c:1363 nano_msg_notify: test offline!
2026-09-17 06:17:59 [2269274] WARN  /home/kadir/mqtt-fuzzing/builds/nanomq-asan/nng/src/sp/protocol/mqtt/mqtt_parser.c:1359 nano_msg_notify: test online!
2026-09-17 06:17:59 [2269278] WARN  /home/kadir/mqtt-fuzzing/builds/nanomq-asan/nng/src/sp/transport/mqtt/broker_tcp.c:735 tcptran_pipe_recv_cb: Got invalid CONNACK from client!
2026-09-17 06:17:59 [2269278] WARN  /home/kadir/mqtt-fuzzing/builds/nanomq-asan/nng/src/sp/transport/mqtt/broker_tcp.c:895 tcptran_pipe_recv_cb: tcptran_pipe_recv_cb: recv_error rv: 129

2026-09-17 06:17:59 [2269278] WARN  /home/kadir/mqtt-fuzzing/builds/nanomq-asan/nng/src/sp/protocol/mqtt/mqtt_parser.c:1363 nano_msg_notify: test offline!
2026-09-17 06:17:59 [2269276] WARN  /home/kadir/mqtt-fuzzing/builds/nanomq-asan/nng/src/sp/protocol/mqtt/mqtt_parser.c:1359 nano_msg_notify: test online!
2026-09-17 06:17:59 [2269274] WARN  /home/kadir/mqtt-fuzzing/builds/nanomq-asan/nng/src/sp/transport/mqtt/broker_tcp.c:735 tcptran_pipe_recv_cb: Got invalid CONNACK from client!
2026-09-17 06:17:59 [2269274] WARN  /home/kadir/mqtt-fuzzing/builds/nanomq-asan/nng/src/sp/transport/mqtt/broker_tcp.c:895 tcptran_pipe_recv_cb: tcptran_pipe_recv_cb: recv_error rv: 129

2026-09-17 06:17:59 [2269278] WARN  /home/kadir/mqtt-fuzzing/builds/nanomq-asan/nng/src/sp/protocol/mqtt/mqtt_parser.c:1363 nano_msg_notify: test offline!
2026-09-17 06:17:59 [2269271] WARN  /home/kadir/mqtt-fuzzing/builds/nanomq-asan/nng/src/sp/protocol/mqtt/mqtt_parser.c:1359 nano_msg_notify: test online!
2026-09-17 06:17:59 [2269276] WARN  /home/kadir/mqtt-fuzzing/builds/nanomq-asan/nng/src/sp/transport/mqtt/broker_tcp.c:735 tcptran_pipe_recv_cb: Got invalid CONNACK from client!
2026-09-17 06:17:59 [2269276] WARN  /home/kadir/mqtt-fuzzing/builds/nanomq-asan/nng/src/sp/transport/mqtt/broker_tcp.c:895 tcptran_pipe_recv_cb: tcptran_pipe_recv_cb: recv_error rv: 129

2026-09-17 06:17:59 [2269275] WARN  /home/kadir/mqtt-fuzzing/builds/nanomq-asan/nng/src/sp/protocol/mqtt/mqtt_parser.c:1363 nano_msg_notify: test offline!
2026-09-17 06:17:59 [2269277] WARN  /home/kadir/mqtt-fuzzing/builds/nanomq-asan/nng/src/sp/protocol/mqtt/mqtt_parser.c:1359 nano_msg_notify: test online!
2026-09-17 06:17:59 [2269274] WARN  /home/kadir/mqtt-fuzzing/builds/nanomq-asan/nng/src/sp/transport/mqtt/broker_tcp.c:735 tcptran_pipe_recv_cb: Got invalid CONNACK from client!
2026-09-17 06:17:59 [2269274] WARN  /home/kadir/mqtt-fuzzing/builds/nanomq-asan/nng/src/sp/transport/mqtt/broker_tcp.c:895 tcptran_pipe_recv_cb: tcptran_pipe_recv_cb: recv_error rv: 129

2026-09-17 06:17:59 [2269273] WARN  /home/kadir/mqtt-fuzzing/builds/nanomq-asan/nng/src/sp/protocol/mqtt/mqtt_parser.c:1363 nano_msg_notify: test offline!
2026-09-17 06:17:59 [2269274] WARN  /home/kadir/mqtt-fuzzing/builds/nanomq-asan/nng/src/sp/protocol/mqtt/mqtt_parser.c:1359 nano_msg_notify: test online!
2026-09-17 06:17:59 [2269277] WARN  /home/kadir/mqtt-fuzzing/builds/nanomq-asan/nng/src/sp/transport/mqtt/broker_tcp.c:735 tcptran_pipe_recv_cb: Got invalid CONNACK from client!
2026-09-17 06:17:59 [2269277] WARN  /home/kadir/mqtt-fuzzing/builds/nanomq-asan/nng/src/sp/transport/mqtt/broker_tcp.c:895 tcptran_pipe_recv_cb: tcptran_pipe_recv_cb: recv_error rv: 129

2026-09-17 06:17:59 [2269271] WARN  /home/kadir/mqtt-fuzzing/builds/nanomq-asan/nng/src/sp/protocol/mqtt/mqtt_parser.c:1363 nano_msg_notify: test offline!
2026-09-17 06:17:59 [2269278] WARN  /home/kadir/mqtt-fuzzing/builds/nanomq-asan/nng/src/sp/protocol/mqtt/mqtt_parser.c:1359 nano_msg_notify: test online!
2026-09-17 06:17:59 [2269277] WARN  /home/kadir/mqtt-fuzzing/builds/nanomq-asan/nng/src/sp/transport/mqtt/broker_tcp.c:735 tcptran_pipe_recv_cb: Got invalid CONNACK from client!
2026-09-17 06:17:59 [2269277] WARN  /home/kadir/mqtt-fuzzing/builds/nanomq-asan/nng/src/sp/transport/mqtt/broker_tcp.c:895 tcptran_pipe_recv_cb: tcptran_pipe_recv_cb: recv_error rv: 129

2026-09-17 06:17:59 [2269271] WARN  /home/kadir/mqtt-fuzzing/builds/nanomq-asan/nng/src/sp/protocol/mqtt/mqtt_parser.c:1363 nano_msg_notify: test offline!
2026-09-17 06:17:59 [2269276] WARN  /home/kadir/mqtt-fuzzing/builds/nanomq-asan/nng/src/sp/protocol/mqtt/mqtt_parser.c:1359 nano_msg_notify: test online!
2026-09-17 06:17:59 [2269278] WARN  /home/kadir/mqtt-fuzzing/builds/nanomq-asan/nng/src/sp/transport/mqtt/broker_tcp.c:735 tcptran_pipe_recv_cb: Got invalid CONNACK from client!
2026-09-17 06:17:59 [2269278] WARN  /home/kadir/mqtt-fuzzing/builds/nanomq-asan/nng/src/sp/transport/mqtt/broker_tcp.c:895 tcptran_pipe_recv_cb: tcptran_pipe_recv_cb: recv_error rv: 129

2026-09-17 06:17:59 [2269273] WARN  /home/kadir/mqtt-fuzzing/builds/nanomq-asan/nng/src/sp/protocol/mqtt/mqtt_parser.c:1363 nano_msg_notify: test offline!
2026-09-17 06:17:59 [2269272] WARN  /home/kadir/mqtt-fuzzing/builds/nanomq-asan/nng/src/sp/protocol/mqtt/mqtt_parser.c:1359 nano_msg_notify: test online!
2026-09-17 06:17:59 [2269276] WARN  /home/kadir/mqtt-fuzzing/builds/nanomq-asan/nng/src/sp/transport/mqtt/broker_tcp.c:735 tcptran_pipe_recv_cb: Got invalid CONNACK from client!
2026-09-17 06:17:59 [2269276] WARN  /home/kadir/mqtt-fuzzing/builds/nanomq-asan/nng/src/sp/transport/mqtt/broker_tcp.c:895 tcptran_pipe_recv_cb: tcptran_pipe_recv_cb: recv_error rv: 129

2026-09-17 06:17:59 [2269273] WARN  /home/kadir/mqtt-fuzzing/builds/nanomq-asan/nng/src/sp/protocol/mqtt/mqtt_parser.c:1363 nano_msg_notify: test offline!
2026-09-17 06:17:59 [2269272] WARN  /home/kadir/mqtt-fuzzing/builds/nanomq-asan/nng/src/sp/protocol/mqtt/mqtt_parser.c:1359 nano_msg_notify: test online!
2026-09-17 06:17:59 [2269271] WARN  /home/kadir/mqtt-fuzzing/builds/nanomq-asan/nng/src/sp/transport/mqtt/broker_tcp.c:735 tcptran_pipe_recv_cb: Got invalid CONNACK from client!
2026-09-17 06:17:59 [2269271] WARN  /home/kadir/mqtt-fuzzing/builds/nanomq-asan/nng/src/sp/transport/mqtt/broker_tcp.c:895 tcptran_pipe_recv_cb: tcptran_pipe_recv_cb: recv_error rv: 129

2026-09-17 06:17:59 [2269275] WARN  /home/kadir/mqtt-fuzzing/builds/nanomq-asan/nng/src/sp/protocol/mqtt/mqtt_parser.c:1363 nano_msg_notify: test offline!
2026-09-17 06:17:59 [2269277] WARN  /home/kadir/mqtt-fuzzing/builds/nanomq-asan/nng/src/sp/protocol/mqtt/mqtt_parser.c:1359 nano_msg_notify: test online!
2026-09-17 06:17:59 [2269275] WARN  /home/kadir/mqtt-fuzzing/builds/nanomq-asan/nng/src/sp/transport/mqtt/broker_tcp.c:735 tcptran_pipe_recv_cb: Got invalid CONNACK from client!
2026-09-17 06:17:59 [2269275] WARN  /home/kadir/mqtt-fuzzing/builds/nanomq-asan/nng/src/sp/transport/mqtt/broker_tcp.c:895 tcptran_pipe_recv_cb: tcptran_pipe_recv_cb: recv_error rv: 129

2026-09-17 06:17:59 [2269271] WARN  /home/kadir/mqtt-fuzzing/builds/nanomq-asan/nng/src/sp/protocol/mqtt/mqtt_parser.c:1363 nano_msg_notify: test offline!
2026-09-17 06:17:59 [2269278] WARN  /home/kadir/mqtt-fuzzing/builds/nanomq-asan/nng/src/sp/protocol/mqtt/mqtt_parser.c:1359 nano_msg_notify: test online!
2026-09-17 06:17:59 [2269273] WARN  /home/kadir/mqtt-fuzzing/builds/nanomq-asan/nng/src/sp/transport/mqtt/broker_tcp.c:735 tcptran_pipe_recv_cb: Got invalid CONNACK from client!
2026-09-17 06:17:59 [2269273] WARN  /home/kadir/mqtt-fuzzing/builds/nanomq-asan/nng/src/sp/transport/mqtt/broker_tcp.c:895 tcptran_pipe_recv_cb: tcptran_pipe_recv_cb: recv_error rv: 129

2026-09-17 06:17:59 [2269274] WARN  /home/kadir/mqtt-fuzzing/builds/nanomq-asan/nng/src/sp/protocol/mqtt/mqtt_parser.c:1363 nano_msg_notify: test offline!
2026-09-17 06:17:59 [2269273] WARN  /home/kadir/mqtt-fuzzing/builds/nanomq-asan/nng/src/sp/protocol/mqtt/mqtt_parser.c:1359 nano_msg_notify: test online!
2026-09-17 06:17:59 [2269278] WARN  /home/kadir/mqtt-fuzzing/builds/nanomq-asan/nng/src/sp/transport/mqtt/broker_tcp.c:735 tcptran_pipe_recv_cb: Got invalid CONNACK from client!
2026-09-17 06:17:59 [2269278] WARN  /home/kadir/mqtt-fuzzing/builds/nanomq-asan/nng/src/sp/transport/mqtt/broker_tcp.c:895 tcptran_pipe_recv_cb: tcptran_pipe_recv_cb: recv_error rv: 129

2026-09-17 06:17:59 [2269278] WARN  /home/kadir/mqtt-fuzzing/builds/nanomq-asan/nng/src/sp/protocol/mqtt/mqtt_parser.c:1363 nano_msg_notify: test offline!
2026-09-17 06:17:59 [2269275] WARN  /home/kadir/mqtt-fuzzing/builds/nanomq-asan/nng/src/sp/protocol/mqtt/mqtt_parser.c:1359 nano_msg_notify: test online!
2026-09-17 06:17:59 [2269272] WARN  /home/kadir/mqtt-fuzzing/builds/nanomq-asan/nng/src/sp/transport/mqtt/broker_tcp.c:735 tcptran_pipe_recv_cb: Got invalid CONNACK from client!
2026-09-17 06:17:59 [2269272] WARN  /home/kadir/mqtt-fuzzing/builds/nanomq-asan/nng/src/sp/transport/mqtt/broker_tcp.c:895 tcptran_pipe_recv_cb: tcptran_pipe_recv_cb: recv_error rv: 129

2026-09-17 06:17:59 [2269278] WARN  /home/kadir/mqtt-fuzzing/builds/nanomq-asan/nng/src/sp/protocol/mqtt/mqtt_parser.c:1363 nano_msg_notify: test offline!
2026-09-17 06:17:59 [2269272] WARN  /home/kadir/mqtt-fuzzing/builds/nanomq-asan/nng/src/sp/protocol/mqtt/mqtt_parser.c:1359 nano_msg_notify: test online!
2026-09-17 06:17:59 [2269275] WARN  /home/kadir/mqtt-fuzzing/builds/nanomq-asan/nng/src/sp/transport/mqtt/broker_tcp.c:735 tcptran_pipe_recv_cb: Got invalid CONNACK from client!
2026-09-17 06:17:59 [2269275] WARN  /home/kadir/mqtt-fuzzing/builds/nanomq-asan/nng/src/sp/transport/mqtt/broker_tcp.c:895 tcptran_pipe_recv_cb: tcptran_pipe_recv_cb: recv_error rv: 129

2026-09-17 06:17:59 [2269274] WARN  /home/kadir/mqtt-fuzzing/builds/nanomq-asan/nng/src/sp/protocol/mqtt/mqtt_parser.c:1363 nano_msg_notify: test offline!
2026-09-17 06:17:59 [2269275] WARN  /home/kadir/mqtt-fuzzing/builds/nanomq-asan/nng/src/sp/protocol/mqtt/mqtt_parser.c:1359 nano_msg_notify: test online!
2026-09-17 06:17:59 [2269276] WARN  /home/kadir/mqtt-fuzzing/builds/nanomq-asan/nng/src/sp/transport/mqtt/broker_tcp.c:735 tcptran_pipe_recv_cb: Got invalid CONNACK from client!
2026-09-17 06:17:59 [2269276] WARN  /home/kadir/mqtt-fuzzing/builds/nanomq-asan/nng/src/sp/transport/mqtt/broker_tcp.c:895 tcptran_pipe_recv_cb: tcptran_pipe_recv_cb: recv_error rv: 129

2026-09-17 06:17:59 [2269276] WARN  /home/kadir/mqtt-fuzzing/builds/nanomq-asan/nng/src/sp/protocol/mqtt/mqtt_parser.c:1363 nano_msg_notify: test offline!
2026-09-17 06:17:59 [2269273] WARN  /home/kadir/mqtt-fuzzing/builds/nanomq-asan/nng/src/sp/protocol/mqtt/mqtt_parser.c:1359 nano_msg_notify: test online!
2026-09-17 06:17:59 [2269275] WARN  /home/kadir/mqtt-fuzzing/builds/nanomq-asan/nng/src/sp/transport/mqtt/broker_tcp.c:735 tcptran_pipe_recv_cb: Got invalid CONNACK from client!
2026-09-17 06:17:59 [2269275] WARN  /home/kadir/mqtt-fuzzing/builds/nanomq-asan/nng/src/sp/transport/mqtt/broker_tcp.c:895 tcptran_pipe_recv_cb: tcptran_pipe_recv_cb: recv_error rv: 129

2026-09-17 06:17:59 [2269273] WARN  /home/kadir/mqtt-fuzzing/builds/nanomq-asan/nng/src/sp/protocol/mqtt/mqtt_parser.c:1363 nano_msg_notify: test offline!
2026-09-17 06:17:59 [2269271] WARN  /home/kadir/mqtt-fuzzing/builds/nanomq-asan/nng/src/sp/protocol/mqtt/mqtt_parser.c:1359 nano_msg_notify: test online!
2026-09-17 06:17:59 [2269276] WARN  /home/kadir/mqtt-fuzzing/builds/nanomq-asan/nng/src/sp/transport/mqtt/broker_tcp.c:735 tcptran_pipe_recv_cb: Got invalid CONNACK from client!
2026-09-17 06:17:59 [2269276] WARN  /home/kadir/mqtt-fuzzing/builds/nanomq-asan/nng/src/sp/transport/mqtt/broker_tcp.c:895 tcptran_pipe_recv_cb: tcptran_pipe_recv_cb: recv_error rv: 129

2026-09-17 06:17:59 [2269273] WARN  /home/kadir/mqtt-fuzzing/builds/nanomq-asan/nng/src/sp/protocol/mqtt/mqtt_parser.c:1363 nano_msg_notify: test offline!
2026-09-17 06:17:59 [2269271] WARN  /home/kadir/mqtt-fuzzing/builds/nanomq-asan/nng/src/sp/protocol/mqtt/mqtt_parser.c:1359 nano_msg_notify: test online!
2026-09-17 06:17:59 [2269277] WARN  /home/kadir/mqtt-fuzzing/builds/nanomq-asan/nng/src/sp/transport/mqtt/broker_tcp.c:735 tcptran_pipe_recv_cb: Got invalid CONNACK from client!
2026-09-17 06:17:59 [2269277] WARN  /home/kadir/mqtt-fuzzing/builds/nanomq-asan/nng/src/sp/transport/mqtt/broker_tcp.c:895 tcptran_pipe_recv_cb: tcptran_pipe_recv_cb: recv_error rv: 129

2026-09-17 06:17:59 [2269276] WARN  /home/kadir/mqtt-fuzzing/builds/nanomq-asan/nng/src/sp/protocol/mqtt/mqtt_parser.c:1363 nano_msg_notify: test offline!
2026-09-17 06:17:59 [2269275] WARN  /home/kadir/mqtt-fuzzing/builds/nanomq-asan/nng/src/sp/protocol/mqtt/mqtt_parser.c:1359 nano_msg_notify: test online!
2026-09-17 06:17:59 [2269275] WARN  /home/kadir/mqtt-fuzzing/builds/nanomq-asan/nng/src/sp/transport/mqtt/broker_tcp.c:735 tcptran_pipe_recv_cb: Got invalid CONNACK from client!
2026-09-17 06:17:59 [2269275] WARN  /home/kadir/mqtt-fuzzing/builds/nanomq-asan/nng/src/sp/transport/mqtt/broker_tcp.c:895 tcptran_pipe_recv_cb: tcptran_pipe_recv_cb: recv_error rv: 129

2026-09-17 06:17:59 [2269277] WARN  /home/kadir/mqtt-fuzzing/builds/nanomq-asan/nng/src/sp/protocol/mqtt/mqtt_parser.c:1363 nano_msg_notify: test offline!
2026-09-17 06:17:59 [2269278] WARN  /home/kadir/mqtt-fuzzing/builds/nanomq-asan/nng/src/sp/protocol/mqtt/mqtt_parser.c:1359 nano_msg_notify: test online!
2026-09-17 06:17:59 [2269277] WARN  /home/kadir/mqtt-fuzzing/builds/nanomq-asan/nng/src/sp/transport/mqtt/broker_tcp.c:735 tcptran_pipe_recv_cb: Got invalid CONNACK from client!
2026-09-17 06:17:59 [2269277] WARN  /home/kadir/mqtt-fuzzing/builds/nanomq-asan/nng/src/sp/transport/mqtt/broker_tcp.c:895 tcptran_pipe_recv_cb: tcptran_pipe_recv_cb: recv_error rv: 129

2026-09-17 06:17:59 [2269277] WARN  /home/kadir/mqtt-fuzzing/builds/nanomq-asan/nng/src/sp/protocol/mqtt/mqtt_parser.c:1363 nano_msg_notify: test offline!
2026-09-17 06:17:59 [2269277] WARN  /home/kadir/mqtt-fuzzing/builds/nanomq-asan/nng/src/sp/protocol/mqtt/mqtt_parser.c:1359 nano_msg_notify: test online!
2026-09-17 06:17:59 [2269273] WARN  /home/kadir/mqtt-fuzzing/builds/nanomq-asan/nng/src/sp/transport/mqtt/broker_tcp.c:735 tcptran_pipe_recv_cb: Got invalid CONNACK from client!
2026-09-17 06:17:59 [2269273] WARN  /home/kadir/mqtt-fuzzing/builds/nanomq-asan/nng/src/sp/transport/mqtt/broker_tcp.c:895 tcptran_pipe_recv_cb: tcptran_pipe_recv_cb: recv_error rv: 129

2026-09-17 06:17:59 [2269273] WARN  /home/kadir/mqtt-fuzzing/builds/nanomq-asan/nng/src/sp/protocol/mqtt/mqtt_parser.c:1363 nano_msg_notify: test offline!
2026-09-17 06:17:59 [2269277] WARN  /home/kadir/mqtt-fuzzing/builds/nanomq-asan/nng/src/sp/protocol/mqtt/mqtt_parser.c:1359 nano_msg_notify: test online!
2026-09-17 06:17:59 [2269277] WARN  /home/kadir/mqtt-fuzzing/builds/nanomq-asan/nng/src/sp/transport/mqtt/broker_tcp.c:735 tcptran_pipe_recv_cb: Got invalid CONNACK from client!
2026-09-17 06:17:59 [2269277] WARN  /home/kadir/mqtt-fuzzing/builds/nanomq-asan/nng/src/sp/transport/mqtt/broker_tcp.c:895 tcptran_pipe_recv_cb: tcptran_pipe_recv_cb: recv_error rv: 129

2026-09-17 06:17:59 [2269273] WARN  /home/kadir/mqtt-fuzzing/builds/nanomq-asan/nng/src/sp/protocol/mqtt/mqtt_parser.c:1363 nano_msg_notify: test offline!
2026-09-17 06:17:59 [2269272] WARN  /home/kadir/mqtt-fuzzing/builds/nanomq-asan/nng/src/sp/protocol/mqtt/mqtt_parser.c:1359 nano_msg_notify: test online!
2026-09-17 06:17:59 [2269274] WARN  /home/kadir/mqtt-fuzzing/builds/nanomq-asan/nng/src/sp/transport/mqtt/broker_tcp.c:735 tcptran_pipe_recv_cb: Got invalid CONNACK from client!
2026-09-17 06:17:59 [2269274] WARN  /home/kadir/mqtt-fuzzing/builds/nanomq-asan/nng/src/sp/transport/mqtt/broker_tcp.c:895 tcptran_pipe_recv_cb: tcptran_pipe_recv_cb: recv_error rv: 129

2026-09-17 06:17:59 [2269274] WARN  /home/kadir/mqtt-fuzzing/builds/nanomq-asan/nng/src/sp/protocol/mqtt/mqtt_parser.c:1363 nano_msg_notify: test offline!
2026-09-17 06:17:59 [2269273] WARN  /home/kadir/mqtt-fuzzing/builds/nanomq-asan/nng/src/sp/protocol/mqtt/mqtt_parser.c:1359 nano_msg_notify: test online!
2026-09-17 06:17:59 [2269278] WARN  /home/kadir/mqtt-fuzzing/builds/nanomq-asan/nng/src/sp/transport/mqtt/broker_tcp.c:735 tcptran_pipe_recv_cb: Got invalid CONNACK from client!
2026-09-17 06:17:59 [2269278] WARN  /home/kadir/mqtt-fuzzing/builds/nanomq-asan/nng/src/sp/transport/mqtt/broker_tcp.c:895 tcptran_pipe_recv_cb: tcptran_pipe_recv_cb: recv_error rv: 129

2026-09-17 06:17:59 [2269276] WARN  /home/kadir/mqtt-fuzzing/builds/nanomq-asan/nng/src/sp/protocol/mqtt/mqtt_parser.c:1363 nano_msg_notify: test offline!
2026-09-17 06:17:59 [2269272] WARN  /home/kadir/mqtt-fuzzing/builds/nanomq-asan/nng/src/sp/protocol/mqtt/mqtt_parser.c:1359 nano_msg_notify: test online!
2026-09-17 06:17:59 [2269277] WARN  /home/kadir/mqtt-fuzzing/builds/nanomq-asan/nng/src/sp/transport/mqtt/broker_tcp.c:628 tcptran_pipe_recv_cb: nni aio recv error!! Connection shutdown

2026-09-17 06:17:59 [2269277] WARN  /home/kadir/mqtt-fuzzing/builds/nanomq-asan/nng/src/sp/transport/mqtt/broker_tcp.c:895 tcptran_pipe_recv_cb: tcptran_pipe_recv_cb: recv_error rv: 139

2026-09-17 06:17:59 [2269272] WARN  /home/kadir/mqtt-fuzzing/builds/nanomq-asan/nng/src/sp/protocol/mqtt/mqtt_parser.c:1363 nano_msg_notify: test offline!
2026-09-17 06:17:59 [2269275] WARN  /home/kadir/mqtt-fuzzing/builds/nanomq-asan/nng/src/sp/protocol/mqtt/mqtt_parser.c:1359 nano_msg_notify: test online!
2026-09-17 06:17:59 [2269276] WARN  /home/kadir/mqtt-fuzzing/builds/nanomq-asan/nng/src/sp/transport/mqtt/broker_tcp.c:628 tcptran_pipe_recv_cb: nni aio recv error!! Connection shutdown

2026-09-17 06:17:59 [2269276] WARN  /home/kadir/mqtt-fuzzing/builds/nanomq-asan/nng/src/sp/transport/mqtt/broker_tcp.c:895 tcptran_pipe_recv_cb: tcptran_pipe_recv_cb: recv_error rv: 139

2026-09-17 06:17:59 [2269276] WARN  /home/kadir/mqtt-fuzzing/builds/nanomq-asan/nng/src/sp/protocol/mqtt/mqtt_parser.c:1363 nano_msg_notify: test offline!
2026-09-17 06:17:59 [2269276] WARN  /home/kadir/mqtt-fuzzing/builds/nanomq-asan/nng/src/sp/protocol/mqtt/mqtt_parser.c:1359 nano_msg_notify: test online!
2026-09-17 06:17:59 [2269275] WARN  /home/kadir/mqtt-fuzzing/builds/nanomq-asan/nng/src/sp/transport/mqtt/broker_tcp.c:628 tcptran_pipe_recv_cb: nni aio recv error!! Connection shutdown

2026-09-17 06:17:59 [2269275] WARN  /home/kadir/mqtt-fuzzing/builds/nanomq-asan/nng/src/sp/transport/mqtt/broker_tcp.c:895 tcptran_pipe_recv_cb: tcptran_pipe_recv_cb: recv_error rv: 139

2026-09-17 06:17:59 [2269271] WARN  /home/kadir/mqtt-fuzzing/builds/nanomq-asan/nng/src/sp/protocol/mqtt/mqtt_parser.c:1363 nano_msg_notify: test offline!
2026-09-17 06:17:59 [2269277] WARN  /home/kadir/mqtt-fuzzing/builds/nanomq-asan/nng/src/sp/protocol/mqtt/mqtt_parser.c:1359 nano_msg_notify: test online!
2026-09-17 06:17:59 [2269273] WARN  /home/kadir/mqtt-fuzzing/builds/nanomq-asan/nng/src/sp/transport/mqtt/broker_tcp.c:628 tcptran_pipe_recv_cb: nni aio recv error!! Connection shutdown

2026-09-17 06:17:59 [2269273] WARN  /home/kadir/mqtt-fuzzing/builds/nanomq-asan/nng/src/sp/transport/mqtt/broker_tcp.c:895 tcptran_pipe_recv_cb: tcptran_pipe_recv_cb: recv_error rv: 139

2026-09-17 06:17:59 [2269274] WARN  /home/kadir/mqtt-fuzzing/builds/nanomq-asan/nng/src/sp/protocol/mqtt/mqtt_parser.c:1363 nano_msg_notify: test offline!
2026-09-17 06:17:59 [2269273] WARN  /home/kadir/mqtt-fuzzing/builds/nanomq-asan/nng/src/sp/protocol/mqtt/mqtt_parser.c:1359 nano_msg_notify: test online!
2026-09-17 06:17:59 [2269271] WARN  /home/kadir/mqtt-fuzzing/builds/nanomq-asan/nng/src/sp/transport/mqtt/broker_tcp.c:628 tcptran_pipe_recv_cb: nni aio recv error!! Connection shutdown

2026-09-17 06:17:59 [2269271] WARN  /home/kadir/mqtt-fuzzing/builds/nanomq-asan/nng/src/sp/transport/mqtt/broker_tcp.c:895 tcptran_pipe_recv_cb: tcptran_pipe_recv_cb: recv_error rv: 139

2026-09-17 06:17:59 [2269276] WARN  /home/kadir/mqtt-fuzzing/builds/nanomq-asan/nng/src/sp/protocol/mqtt/mqtt_parser.c:1363 nano_msg_notify: test offline!
2026-09-17 06:17:59 [2269278] WARN  /home/kadir/mqtt-fuzzing/builds/nanomq-asan/nng/src/sp/protocol/mqtt/mqtt_parser.c:1359 nano_msg_notify: test online!
2026-09-17 06:17:59 [2269273] WARN  /home/kadir/mqtt-fuzzing/builds/nanomq-asan/nng/src/sp/transport/mqtt/broker_tcp.c:628 tcptran_pipe_recv_cb: nni aio recv error!! Connection shutdown

2026-09-17 06:17:59 [2269273] WARN  /home/kadir/mqtt-fuzzing/builds/nanomq-asan/nng/src/sp/transport/mqtt/broker_tcp.c:895 tcptran_pipe_recv_cb: tcptran_pipe_recv_cb: recv_error rv: 139

2026-09-17 06:17:59 [2269275] WARN  /home/kadir/mqtt-fuzzing/builds/nanomq-asan/nng/src/sp/protocol/mqtt/mqtt_parser.c:1363 nano_msg_notify: test offline!
2026-09-17 06:17:59 [2269274] WARN  /home/kadir/mqtt-fuzzing/builds/nanomq-asan/nng/src/sp/protocol/mqtt/mqtt_parser.c:1359 nano_msg_notify: test online!
2026-09-17 06:17:59 [2269271] WARN  /home/kadir/mqtt-fuzzing/builds/nanomq-asan/nng/src/sp/transport/mqtt/broker_tcp.c:628 tcptran_pipe_recv_cb: nni aio recv error!! Connection shutdown

2026-09-17 06:17:59 [2269271] WARN  /home/kadir/mqtt-fuzzing/builds/nanomq-asan/nng/src/sp/transport/mqtt/broker_tcp.c:895 tcptran_pipe_recv_cb: tcptran_pipe_recv_cb: recv_error rv: 139

2026-09-17 06:17:59 [2269271] WARN  /home/kadir/mqtt-fuzzing/builds/nanomq-asan/nng/src/sp/protocol/mqtt/mqtt_parser.c:1363 nano_msg_notify: test offline!
2026-09-17 06:17:59 [2269272] WARN  /home/kadir/mqtt-fuzzing/builds/nanomq-asan/nng/src/sp/protocol/mqtt/mqtt_parser.c:1359 nano_msg_notify: test online!
2026-09-17 06:17:59 [2269277] WARN  /home/kadir/mqtt-fuzzing/builds/nanomq-asan/nng/src/sp/transport/mqtt/broker_tcp.c:628 tcptran_pipe_recv_cb: nni aio recv error!! Connection shutdown

2026-09-17 06:17:59 [2269277] WARN  /home/kadir/mqtt-fuzzing/builds/nanomq-asan/nng/src/sp/transport/mqtt/broker_tcp.c:895 tcptran_pipe_recv_cb: tcptran_pipe_recv_cb: recv_error rv: 139

2026-09-17 06:17:59 [2269276] WARN  /home/kadir/mqtt-fuzzing/builds/nanomq-asan/nng/src/sp/protocol/mqtt/mqtt_parser.c:1363 nano_msg_notify: test offline!
2026-09-17 06:17:59 [2269278] WARN  /home/kadir/mqtt-fuzzing/builds/nanomq-asan/nng/src/sp/protocol/mqtt/mqtt_parser.c:1359 nano_msg_notify: test online!
2026-09-17 06:17:59 [2269273] WARN  /home/kadir/mqtt-fuzzing/builds/nanomq-asan/nng/src/sp/transport/mqtt/broker_tcp.c:628 tcptran_pipe_recv_cb: nni aio recv error!! Connection shutdown

2026-09-17 06:17:59 [2269273] WARN  /home/kadir/mqtt-fuzzing/builds/nanomq-asan/nng/src/sp/transport/mqtt/broker_tcp.c:895 tcptran_pipe_recv_cb: tcptran_pipe_recv_cb: recv_error rv: 139

2026-09-17 06:17:59 [2269276] WARN  /home/kadir/mqtt-fuzzing/builds/nanomq-asan/nng/src/sp/protocol/mqtt/mqtt_parser.c:1363 nano_msg_notify: test offline!
2026-09-17 06:17:59 [2269277] WARN  /home/kadir/mqtt-fuzzing/builds/nanomq-asan/nng/src/sp/protocol/mqtt/mqtt_parser.c:1359 nano_msg_notify: test online!
2026-09-17 06:17:59 [2269273] WARN  /home/kadir/mqtt-fuzzing/builds/nanomq-asan/nng/src/sp/transport/mqtt/broker_tcp.c:628 tcptran_pipe_recv_cb: nni aio recv error!! Connection shutdown

2026-09-17 06:17:59 [2269273] WARN  /home/kadir/mqtt-fuzzing/builds/nanomq-asan/nng/src/sp/transport/mqtt/broker_tcp.c:895 tcptran_pipe_recv_cb: tcptran_pipe_recv_cb: recv_error rv: 139

2026-09-17 06:17:59 [2269273] WARN  /home/kadir/mqtt-fuzzing/builds/nanomq-asan/nng/src/sp/protocol/mqtt/mqtt_parser.c:1363 nano_msg_notify: test offline!
2026-09-17 06:17:59 [2269277] WARN  /home/kadir/mqtt-fuzzing/builds/nanomq-asan/nng/src/sp/protocol/mqtt/mqtt_parser.c:1359 nano_msg_notify: test online!
2026-09-17 06:17:59 [2269271] WARN  /home/kadir/mqtt-fuzzing/builds/nanomq-asan/nng/src/sp/transport/mqtt/broker_tcp.c:628 tcptran_pipe_recv_cb: nni aio recv error!! Connection shutdown

2026-09-17 06:17:59 [2269271] WARN  /home/kadir/mqtt-fuzzing/builds/nanomq-asan/nng/src/sp/transport/mqtt/broker_tcp.c:895 tcptran_pipe_recv_cb: tcptran_pipe_recv_cb: recv_error rv: 139

2026-09-17 06:17:59 [2269275] WARN  /home/kadir/mqtt-fuzzing/builds/nanomq-asan/nng/src/sp/protocol/mqtt/mqtt_parser.c:1363 nano_msg_notify: test offline!
2026-09-17 06:17:59 [2269274] WARN  /home/kadir/mqtt-fuzzing/builds/nanomq-asan/nng/src/sp/protocol/mqtt/mqtt_parser.c:1359 nano_msg_notify: test online!
2026-09-17 06:17:59 [2269276] WARN  /home/kadir/mqtt-fuzzing/builds/nanomq-asan/nng/src/sp/transport/mqtt/broker_tcp.c:628 tcptran_pipe_recv_cb: nni aio recv error!! Connection shutdown

2026-09-17 06:17:59 [2269276] WARN  /home/kadir/mqtt-fuzzing/builds/nanomq-asan/nng/src/sp/transport/mqtt/broker_tcp.c:895 tcptran_pipe_recv_cb: tcptran_pipe_recv_cb: recv_error rv: 139

2026-09-17 06:17:59 [2269278] WARN  /home/kadir/mqtt-fuzzing/builds/nanomq-asan/nng/src/sp/protocol/mqtt/mqtt_parser.c:1363 nano_msg_notify: test offline!
2026-09-17 06:17:59 [2269271] WARN  /home/kadir/mqtt-fuzzing/builds/nanomq-asan/nng/src/sp/protocol/mqtt/mqtt_parser.c:1359 nano_msg_notify: test online!
2026-09-17 06:17:59 [2269277] WARN  /home/kadir/mqtt-fuzzing/builds/nanomq-asan/nng/src/sp/transport/mqtt/broker_tcp.c:628 tcptran_pipe_recv_cb: nni aio recv error!! Connection shutdown

2026-09-17 06:17:59 [2269277] WARN  /home/kadir/mqtt-fuzzing/builds/nanomq-asan/nng/src/sp/transport/mqtt/broker_tcp.c:895 tcptran_pipe_recv_cb: tcptran_pipe_recv_cb: recv_error rv: 139

2026-09-17 06:17:59 [2269272] WARN  /home/kadir/mqtt-fuzzing/builds/nanomq-asan/nng/src/sp/protocol/mqtt/mqtt_parser.c:1363 nano_msg_notify: test offline!
2026-09-17 06:17:59 [2269272] WARN  /home/kadir/mqtt-fuzzing/builds/nanomq-asan/nng/src/sp/protocol/mqtt/mqtt_parser.c:1359 nano_msg_notify: test online!
2026-09-17 06:17:59 [2269278] WARN  /home/kadir/mqtt-fuzzing/builds/nanomq-asan/nng/src/sp/transport/mqtt/broker_tcp.c:628 tcptran_pipe_recv_cb: nni aio recv error!! Connection shutdown

2026-09-17 06:17:59 [2269278] WARN  /home/kadir/mqtt-fuzzing/builds/nanomq-asan/nng/src/sp/transport/mqtt/broker_tcp.c:895 tcptran_pipe_recv_cb: tcptran_pipe_recv_cb: recv_error rv: 139

2026-09-17 06:17:59 [2269276] WARN  /home/kadir/mqtt-fuzzing/builds/nanomq-asan/nng/src/sp/protocol/mqtt/mqtt_parser.c:1363 nano_msg_notify: test offline!
2026-09-17 06:17:59 [2269272] WARN  /home/kadir/mqtt-fuzzing/builds/nanomq-asan/nng/src/sp/protocol/mqtt/mqtt_parser.c:1359 nano_msg_notify: test online!
2026-09-17 06:17:59 [2269275] WARN  /home/kadir/mqtt-fuzzing/builds/nanomq-asan/nng/src/sp/transport/mqtt/broker_tcp.c:628 tcptran_pipe_recv_cb: nni aio recv error!! Connection shutdown

2026-09-17 06:17:59 [2269275] WARN  /home/kadir/mqtt-fuzzing/builds/nanomq-asan/nng/src/sp/transport/mqtt/broker_tcp.c:895 tcptran_pipe_recv_cb: tcptran_pipe_recv_cb: recv_error rv: 139

2026-09-17 06:17:59 [2269275] WARN  /home/kadir/mqtt-fuzzing/builds/nanomq-asan/nng/src/sp/protocol/mqtt/mqtt_parser.c:1363 nano_msg_notify: test offline!
2026-09-17 06:17:59 [2269275] WARN  /home/kadir/mqtt-fuzzing/builds/nanomq-asan/nng/src/sp/protocol/mqtt/mqtt_parser.c:1359 nano_msg_notify: test online!
2026-09-17 06:17:59 [2269271] WARN  /home/kadir/mqtt-fuzzing/builds/nanomq-asan/nng/src/sp/transport/mqtt/broker_tcp.c:735 tcptran_pipe_recv_cb: Got invalid CONNACK from client!
2026-09-17 06:17:59 [2269271] WARN  /home/kadir/mqtt-fuzzing/builds/nanomq-asan/nng/src/sp/transport/mqtt/broker_tcp.c:895 tcptran_pipe_recv_cb: tcptran_pipe_recv_cb: recv_error rv: 129

2026-09-17 06:17:59 [2269278] WARN  /home/kadir/mqtt-fuzzing/builds/nanomq-asan/nng/src/sp/protocol/mqtt/mqtt_parser.c:1363 nano_msg_notify: test offline!
2026-09-17 06:17:59 [2269273] WARN  /home/kadir/mqtt-fuzzing/builds/nanomq-asan/nng/src/sp/protocol/mqtt/mqtt_parser.c:1359 nano_msg_notify: test online!
2026-09-17 06:17:59 [2269278] WARN  /home/kadir/mqtt-fuzzing/builds/nanomq-asan/nng/src/sp/transport/mqtt/broker_tcp.c:735 tcptran_pipe_recv_cb: Got invalid CONNACK from client!
2026-09-17 06:17:59 [2269278] WARN  /home/kadir/mqtt-fuzzing/builds/nanomq-asan/nng/src/sp/transport/mqtt/broker_tcp.c:895 tcptran_pipe_recv_cb: tcptran_pipe_recv_cb: recv_error rv: 129

2026-09-17 06:17:59 [2269278] WARN  /home/kadir/mqtt-fuzzing/builds/nanomq-asan/nng/src/sp/protocol/mqtt/mqtt_parser.c:1363 nano_msg_notify: test offline!
2026-09-17 06:17:59 [2269272] WARN  /home/kadir/mqtt-fuzzing/builds/nanomq-asan/nng/src/sp/protocol/mqtt/mqtt_parser.c:1359 nano_msg_notify: test online!
2026-09-17 06:17:59 [2269273] WARN  /home/kadir/mqtt-fuzzing/builds/nanomq-asan/nng/src/sp/transport/mqtt/broker_tcp.c:735 tcptran_pipe_recv_cb: Got invalid CONNACK from client!
2026-09-17 06:17:59 [2269273] WARN  /home/kadir/mqtt-fuzzing/builds/nanomq-asan/nng/src/sp/transport/mqtt/broker_tcp.c:895 tcptran_pipe_recv_cb: tcptran_pipe_recv_cb: recv_error rv: 129

2026-09-17 06:17:59 [2269276] WARN  /home/kadir/mqtt-fuzzing/builds/nanomq-asan/nng/src/sp/protocol/mqtt/mqtt_parser.c:1363 nano_msg_notify: test offline!
2026-09-17 06:17:59 [2269276] WARN  /home/kadir/mqtt-fuzzing/builds/nanomq-asan/nng/src/sp/protocol/mqtt/mqtt_parser.c:1359 nano_msg_notify: test online!
2026-09-17 06:17:59 [2269273] WARN  /home/kadir/mqtt-fuzzing/builds/nanomq-asan/nng/src/sp/transport/mqtt/broker_tcp.c:735 tcptran_pipe_recv_cb: Got invalid CONNACK from client!
2026-09-17 06:17:59 [2269273] WARN  /home/kadir/mqtt-fuzzing/builds/nanomq-asan/nng/src/sp/transport/mqtt/broker_tcp.c:895 tcptran_pipe_recv_cb: tcptran_pipe_recv_cb: recv_error rv: 129

2026-09-17 06:17:59 [2269276] WARN  /home/kadir/mqtt-fuzzing/builds/nanomq-asan/nng/src/sp/protocol/mqtt/mqtt_parser.c:1363 nano_msg_notify: test offline!
2026-09-17 06:17:59 [2269277] WARN  /home/kadir/mqtt-fuzzing/builds/nanomq-asan/nng/src/sp/protocol/mqtt/mqtt_parser.c:1359 nano_msg_notify: test online!
2026-09-17 06:17:59 [2269274] WARN  /home/kadir/mqtt-fuzzing/builds/nanomq-asan/nng/src/sp/transport/mqtt/broker_tcp.c:735 tcptran_pipe_recv_cb: Got invalid CONNACK from client!
2026-09-17 06:17:59 [2269274] WARN  /home/kadir/mqtt-fuzzing/builds/nanomq-asan/nng/src/sp/transport/mqtt/broker_tcp.c:895 tcptran_pipe_recv_cb: tcptran_pipe_recv_cb: recv_error rv: 129

2026-09-17 06:17:59 [2269272] WARN  /home/kadir/mqtt-fuzzing/builds/nanomq-asan/nng/src/sp/protocol/mqtt/mqtt_parser.c:1363 nano_msg_notify: test offline!
2026-09-17 06:17:59 [2269273] WARN  /home/kadir/mqtt-fuzzing/builds/nanomq-asan/nng/src/sp/protocol/mqtt/mqtt_parser.c:1359 nano_msg_notify: test online!
2026-09-17 06:17:59 [2269271] WARN  /home/kadir/mqtt-fuzzing/builds/nanomq-asan/nng/src/sp/transport/mqtt/broker_tcp.c:735 tcptran_pipe_recv_cb: Got invalid CONNACK from client!
2026-09-17 06:17:59 [2269271] WARN  /home/kadir/mqtt-fuzzing/builds/nanomq-asan/nng/src/sp/transport/mqtt/broker_tcp.c:895 tcptran_pipe_recv_cb: tcptran_pipe_recv_cb: recv_error rv: 129

2026-09-17 06:17:59 [2269278] WARN  /home/kadir/mqtt-fuzzing/builds/nanomq-asan/nng/src/sp/protocol/mqtt/mqtt_parser.c:1363 nano_msg_notify: test offline!
2026-09-17 06:17:59 [2269277] WARN  /home/kadir/mqtt-fuzzing/builds/nanomq-asan/nng/src/sp/protocol/mqtt/mqtt_parser.c:1359 nano_msg_notify: test online!
2026-09-17 06:17:59 [2269276] WARN  /home/kadir/mqtt-fuzzing/builds/nanomq-asan/nng/src/sp/transport/mqtt/broker_tcp.c:735 tcptran_pipe_recv_cb: Got invalid CONNACK from client!
2026-09-17 06:17:59 [2269276] WARN  /home/kadir/mqtt-fuzzing/builds/nanomq-asan/nng/src/sp/transport/mqtt/broker_tcp.c:895 tcptran_pipe_recv_cb: tcptran_pipe_recv_cb: recv_error rv: 129

2026-09-17 06:17:59 [2269274] WARN  /home/kadir/mqtt-fuzzing/builds/nanomq-asan/nng/src/sp/protocol/mqtt/mqtt_parser.c:1363 nano_msg_notify: test offline!
2026-09-17 06:17:59 [2269276] WARN  /home/kadir/mqtt-fuzzing/builds/nanomq-asan/nng/src/sp/protocol/mqtt/mqtt_parser.c:1359 nano_msg_notify: test online!
2026-09-17 06:17:59 [2269272] WARN  /home/kadir/mqtt-fuzzing/builds/nanomq-asan/nng/src/sp/transport/mqtt/broker_tcp.c:735 tcptran_pipe_recv_cb: Got invalid CONNACK from client!
2026-09-17 06:17:59 [2269272] WARN  /home/kadir/mqtt-fuzzing/builds/nanomq-asan/nng/src/sp/transport/mqtt/broker_tcp.c:895 tcptran_pipe_recv_cb: tcptran_pipe_recv_cb: recv_error rv: 129

2026-09-17 06:17:59 [2269274] WARN  /home/kadir/mqtt-fuzzing/builds/nanomq-asan/nng/src/sp/protocol/mqtt/mqtt_parser.c:1363 nano_msg_notify: test offline!
2026-09-17 06:17:59 [2269271] WARN  /home/kadir/mqtt-fuzzing/builds/nanomq-asan/nng/src/sp/protocol/mqtt/mqtt_parser.c:1359 nano_msg_notify: test online!
2026-09-17 06:17:59 [2269277] WARN  /home/kadir/mqtt-fuzzing/builds/nanomq-asan/nng/src/sp/transport/mqtt/broker_tcp.c:735 tcptran_pipe_recv_cb: Got invalid CONNACK from client!
2026-09-17 06:17:59 [2269277] WARN  /home/kadir/mqtt-fuzzing/builds/nanomq-asan/nng/src/sp/transport/mqtt/broker_tcp.c:895 tcptran_pipe_recv_cb: tcptran_pipe_recv_cb: recv_error rv: 129

2026-09-17 06:17:59 [2269277] WARN  /home/kadir/mqtt-fuzzing/builds/nanomq-asan/nng/src/sp/protocol/mqtt/mqtt_parser.c:1363 nano_msg_notify: test offline!
2026-09-17 06:17:59 [2269278] WARN  /home/kadir/mqtt-fuzzing/builds/nanomq-asan/nng/src/sp/protocol/mqtt/mqtt_parser.c:1359 nano_msg_notify: test online!
2026-09-17 06:17:59 [2269271] WARN  /home/kadir/mqtt-fuzzing/builds/nanomq-asan/nng/src/sp/transport/mqtt/broker_tcp.c:735 tcptran_pipe_recv_cb: Got invalid CONNACK from client!
2026-09-17 06:17:59 [2269271] WARN  /home/kadir/mqtt-fuzzing/builds/nanomq-asan/nng/src/sp/transport/mqtt/broker_tcp.c:895 tcptran_pipe_recv_cb: tcptran_pipe_recv_cb: recv_error rv: 129

2026-09-17 06:17:59 [2269276] WARN  /home/kadir/mqtt-fuzzing/builds/nanomq-asan/nng/src/sp/protocol/mqtt/mqtt_parser.c:1363 nano_msg_notify: test offline!
2026-09-17 06:17:59 [2269273] WARN  /home/kadir/mqtt-fuzzing/builds/nanomq-asan/nng/src/sp/protocol/mqtt/mqtt_parser.c:1359 nano_msg_notify: test online!
2026-09-17 06:17:59 [2269275] WARN  /home/kadir/mqtt-fuzzing/builds/nanomq-asan/nng/src/sp/transport/mqtt/broker_tcp.c:735 tcptran_pipe_recv_cb: Got invalid CONNACK from client!
2026-09-17 06:17:59 [2269275] WARN  /home/kadir/mqtt-fuzzing/builds/nanomq-asan/nng/src/sp/transport/mqtt/broker_tcp.c:895 tcptran_pipe_recv_cb: tcptran_pipe_recv_cb: recv_error rv: 129

2026-09-17 06:17:59 [2269277] WARN  /home/kadir/mqtt-fuzzing/builds/nanomq-asan/nng/src/sp/protocol/mqtt/mqtt_parser.c:1363 nano_msg_notify: test offline!
2026-09-17 06:17:59 [2269276] WARN  /home/kadir/mqtt-fuzzing/builds/nanomq-asan/nng/src/sp/protocol/mqtt/mqtt_parser.c:1359 nano_msg_notify: test online!
2026-09-17 06:17:59 [2269273] WARN  /home/kadir/mqtt-fuzzing/builds/nanomq-asan/nng/src/sp/transport/mqtt/broker_tcp.c:735 tcptran_pipe_recv_cb: Got invalid CONNACK from client!
2026-09-17 06:17:59 [2269273] WARN  /home/kadir/mqtt-fuzzing/builds/nanomq-asan/nng/src/sp/transport/mqtt/broker_tcp.c:895 tcptran_pipe_recv_cb: tcptran_pipe_recv_cb: recv_error rv: 129

2026-09-17 06:17:59 [2269271] WARN  /home/kadir/mqtt-fuzzing/builds/nanomq-asan/nng/src/sp/protocol/mqtt/mqtt_parser.c:1363 nano_msg_notify: test offline!
2026-09-17 06:17:59 [2269271] WARN  /home/kadir/mqtt-fuzzing/builds/nanomq-asan/nng/src/sp/protocol/mqtt/mqtt_parser.c:1359 nano_msg_notify: test online!
2026-09-17 06:17:59 [2269273] WARN  /home/kadir/mqtt-fuzzing/builds/nanomq-asan/nng/src/sp/transport/mqtt/broker_tcp.c:735 tcptran_pipe_recv_cb: Got invalid CONNACK from client!
2026-09-17 06:17:59 [2269273] WARN  /home/kadir/mqtt-fuzzing/builds/nanomq-asan/nng/src/sp/transport/mqtt/broker_tcp.c:895 tcptran_pipe_recv_cb: tcptran_pipe_recv_cb: recv_error rv: 129

2026-09-17 06:17:59 [2269274] WARN  /home/kadir/mqtt-fuzzing/builds/nanomq-asan/nng/src/sp/protocol/mqtt/mqtt_parser.c:1363 nano_msg_notify: test offline!
2026-09-17 06:17:59 [2269278] WARN  /home/kadir/mqtt-fuzzing/builds/nanomq-asan/nng/src/sp/protocol/mqtt/mqtt_parser.c:1359 nano_msg_notify: test online!
2026-09-17 06:17:59 [2269275] WARN  /home/kadir/mqtt-fuzzing/builds/nanomq-asan/nng/src/sp/transport/mqtt/broker_tcp.c:735 tcptran_pipe_recv_cb: Got invalid CONNACK from client!
2026-09-17 06:17:59 [2269275] WARN  /home/kadir/mqtt-fuzzing/builds/nanomq-asan/nng/src/sp/transport/mqtt/broker_tcp.c:895 tcptran_pipe_recv_cb: tcptran_pipe_recv_cb: recv_error rv: 129

2026-09-17 06:17:59 [2269274] WARN  /home/kadir/mqtt-fuzzing/builds/nanomq-asan/nng/src/sp/protocol/mqtt/mqtt_parser.c:1363 nano_msg_notify: test offline!
2026-09-17 06:17:59 [2269276] WARN  /home/kadir/mqtt-fuzzing/builds/nanomq-asan/nng/src/sp/protocol/mqtt/mqtt_parser.c:1359 nano_msg_notify: test online!
2026-09-17 06:17:59 [2269278] WARN  /home/kadir/mqtt-fuzzing/builds/nanomq-asan/nng/src/sp/transport/mqtt/broker_tcp.c:735 tcptran_pipe_recv_cb: Got invalid CONNACK from client!
2026-09-17 06:17:59 [2269278] WARN  /home/kadir/mqtt-fuzzing/builds/nanomq-asan/nng/src/sp/transport/mqtt/broker_tcp.c:895 tcptran_pipe_recv_cb: tcptran_pipe_recv_cb: recv_error rv: 129

2026-09-17 06:17:59 [2269274] WARN  /home/kadir/mqtt-fuzzing/builds/nanomq-asan/nng/src/sp/protocol/mqtt/mqtt_parser.c:1363 nano_msg_notify: test offline!
2026-09-17 06:17:59 [2269277] WARN  /home/kadir/mqtt-fuzzing/builds/nanomq-asan/nng/src/sp/protocol/mqtt/mqtt_parser.c:1359 nano_msg_notify: test online!
2026-09-17 06:17:59 [2269276] WARN  /home/kadir/mqtt-fuzzing/builds/nanomq-asan/nng/src/sp/transport/mqtt/broker_tcp.c:735 tcptran_pipe_recv_cb: Got invalid CONNACK from client!
2026-09-17 06:17:59 [2269276] WARN  /home/kadir/mqtt-fuzzing/builds/nanomq-asan/nng/src/sp/transport/mqtt/broker_tcp.c:895 tcptran_pipe_recv_cb: tcptran_pipe_recv_cb: recv_error rv: 129

2026-09-17 06:17:59 [2269273] WARN  /home/kadir/mqtt-fuzzing/builds/nanomq-asan/nng/src/sp/protocol/mqtt/mqtt_parser.c:1363 nano_msg_notify: test offline!
2026-09-17 06:17:59 [2269276] WARN  /home/kadir/mqtt-fuzzing/builds/nanomq-asan/nng/src/sp/protocol/mqtt/mqtt_parser.c:1359 nano_msg_notify: test online!
2026-09-17 06:17:59 [2269275] WARN  /home/kadir/mqtt-fuzzing/builds/nanomq-asan/nng/src/sp/transport/mqtt/broker_tcp.c:735 tcptran_pipe_recv_cb: Got invalid CONNACK from client!
2026-09-17 06:17:59 [2269275] WARN  /home/kadir/mqtt-fuzzing/builds/nanomq-asan/nng/src/sp/transport/mqtt/broker_tcp.c:895 tcptran_pipe_recv_cb: tcptran_pipe_recv_cb: recv_error rv: 129

2026-09-17 06:17:59 [2269271] WARN  /home/kadir/mqtt-fuzzing/builds/nanomq-asan/nng/src/sp/protocol/mqtt/mqtt_parser.c:1363 nano_msg_notify: test offline!
2026-09-17 06:17:59 [2269275] WARN  /home/kadir/mqtt-fuzzing/builds/nanomq-asan/nng/src/sp/protocol/mqtt/mqtt_parser.c:1359 nano_msg_notify: test online!
2026-09-17 06:17:59 [2269272] WARN  /home/kadir/mqtt-fuzzing/builds/nanomq-asan/nng/src/sp/transport/mqtt/broker_tcp.c:735 tcptran_pipe_recv_cb: Got invalid CONNACK from client!
2026-09-17 06:17:59 [2269272] WARN  /home/kadir/mqtt-fuzzing/builds/nanomq-asan/nng/src/sp/transport/mqtt/broker_tcp.c:895 tcptran_pipe_recv_cb: tcptran_pipe_recv_cb: recv_error rv: 129

2026-09-17 06:17:59 [2269272] WARN  /home/kadir/mqtt-fuzzing/builds/nanomq-asan/nng/src/sp/protocol/mqtt/mqtt_parser.c:1363 nano_msg_notify: test offline!
2026-09-17 06:17:59 [2269272] WARN  /home/kadir/mqtt-fuzzing/builds/nanomq-asan/nng/src/sp/protocol/mqtt/mqtt_parser.c:1359 nano_msg_notify: test online!
2026-09-17 06:17:59 [2269278] WARN  /home/kadir/mqtt-fuzzing/builds/nanomq-asan/nng/src/sp/transport/mqtt/broker_tcp.c:735 tcptran_pipe_recv_cb: Got invalid CONNACK from client!
2026-09-17 06:17:59 [2269278] WARN  /home/kadir/mqtt-fuzzing/builds/nanomq-asan/nng/src/sp/transport/mqtt/broker_tcp.c:895 tcptran_pipe_recv_cb: tcptran_pipe_recv_cb: recv_error rv: 129

2026-09-17 06:17:59 [2269278] WARN  /home/kadir/mqtt-fuzzing/builds/nanomq-asan/nng/src/sp/protocol/mqtt/mqtt_parser.c:1363 nano_msg_notify: test offline!
2026-09-17 06:17:59 [2269276] WARN  /home/kadir/mqtt-fuzzing/builds/nanomq-asan/nng/src/sp/protocol/mqtt/mqtt_parser.c:1359 nano_msg_notify: test online!
2026-09-17 06:17:59 [2269277] WARN  /home/kadir/mqtt-fuzzing/builds/nanomq-asan/nng/src/sp/transport/mqtt/broker_tcp.c:735 tcptran_pipe_recv_cb: Got invalid CONNACK from client!
2026-09-17 06:17:59 [2269277] WARN  /home/kadir/mqtt-fuzzing/builds/nanomq-asan/nng/src/sp/transport/mqtt/broker_tcp.c:895 tcptran_pipe_recv_cb: tcptran_pipe_recv_cb: recv_error rv: 129

2026-09-17 06:17:59 [2269276] WARN  /home/kadir/mqtt-fuzzing/builds/nanomq-asan/nng/src/sp/protocol/mqtt/mqtt_parser.c:1363 nano_msg_notify: test offline!
2026-09-17 06:17:59 [2269273] WARN  /home/kadir/mqtt-fuzzing/builds/nanomq-asan/nng/src/sp/transport/mqtt/broker_tcp.c:735 tcptran_pipe_recv_cb: Got invalid CONNACK from client!
2026-09-17 06:17:59 [2269273] WARN  /home/kadir/mqtt-fuzzing/builds/nanomq-asan/nng/src/sp/transport/mqtt/broker_tcp.c:895 tcptran_pipe_recv_cb: tcptran_pipe_recv_cb: recv_error rv: 129

2026-09-17 06:17:59 [2269275] WARN  /home/kadir/mqtt-fuzzing/builds/nanomq-asan/nng/src/sp/protocol/mqtt/mqtt_parser.c:1359 nano_msg_notify: test online!
2026-09-17 06:17:59 [2269277] WARN  /home/kadir/mqtt-fuzzing/builds/nanomq-asan/nng/src/sp/protocol/mqtt/mqtt_parser.c:1363 nano_msg_notify: test offline!
2026-09-17 06:17:59 [2269273] WARN  /home/kadir/mqtt-fuzzing/builds/nanomq-asan/nng/src/sp/protocol/mqtt/mqtt_parser.c:1359 nano_msg_notify: test online!
2026-09-17 06:17:59 [2269271] WARN  /home/kadir/mqtt-fuzzing/builds/nanomq-asan/nng/src/sp/transport/mqtt/broker_tcp.c:735 tcptran_pipe_recv_cb: Got invalid CONNACK from client!
2026-09-17 06:17:59 [2269271] WARN  /home/kadir/mqtt-fuzzing/builds/nanomq-asan/nng/src/sp/transport/mqtt/broker_tcp.c:895 tcptran_pipe_recv_cb: tcptran_pipe_recv_cb: recv_error rv: 129

2026-09-17 06:17:59 [2269277] WARN  /home/kadir/mqtt-fuzzing/builds/nanomq-asan/nng/src/sp/protocol/mqtt/mqtt_parser.c:1363 nano_msg_notify: test offline!
2026-09-17 06:17:59 [2269275] WARN  /home/kadir/mqtt-fuzzing/builds/nanomq-asan/nng/src/sp/protocol/mqtt/mqtt_parser.c:1359 nano_msg_notify: test online!
2026-09-17 06:17:59 [2269272] WARN  /home/kadir/mqtt-fuzzing/builds/nanomq-asan/nng/src/sp/transport/mqtt/broker_tcp.c:735 tcptran_pipe_recv_cb: Got invalid CONNACK from client!
2026-09-17 06:17:59 [2269272] WARN  /home/kadir/mqtt-fuzzing/builds/nanomq-asan/nng/src/sp/transport/mqtt/broker_tcp.c:895 tcptran_pipe_recv_cb: tcptran_pipe_recv_cb: recv_error rv: 129

2026-09-17 06:17:59 [2269271] WARN  /home/kadir/mqtt-fuzzing/builds/nanomq-asan/nng/src/sp/protocol/mqtt/mqtt_parser.c:1363 nano_msg_notify: test offline!
2026-09-17 06:17:59 [2269273] WARN  /home/kadir/mqtt-fuzzing/builds/nanomq-asan/nng/src/sp/protocol/mqtt/mqtt_parser.c:1359 nano_msg_notify: test online!
2026-09-17 06:17:59 [2269278] WARN  /home/kadir/mqtt-fuzzing/builds/nanomq-asan/nng/src/sp/transport/mqtt/broker_tcp.c:735 tcptran_pipe_recv_cb: Got invalid CONNACK from client!
2026-09-17 06:17:59 [2269278] WARN  /home/kadir/mqtt-fuzzing/builds/nanomq-asan/nng/src/sp/transport/mqtt/broker_tcp.c:895 tcptran_pipe_recv_cb: tcptran_pipe_recv_cb: recv_error rv: 129

2026-09-17 06:17:59 [2269276] WARN  /home/kadir/mqtt-fuzzing/builds/nanomq-asan/nng/src/sp/protocol/mqtt/mqtt_parser.c:1363 nano_msg_notify: test offline!
2026-09-17 06:17:59 [2269276] WARN  /home/kadir/mqtt-fuzzing/builds/nanomq-asan/nng/src/sp/protocol/mqtt/mqtt_parser.c:1359 nano_msg_notify: test online!
2026-09-17 06:17:59 [2269274] WARN  /home/kadir/mqtt-fuzzing/builds/nanomq-asan/nng/src/sp/transport/mqtt/broker_tcp.c:735 tcptran_pipe_recv_cb: Got invalid CONNACK from client!
2026-09-17 06:17:59 [2269274] WARN  /home/kadir/mqtt-fuzzing/builds/nanomq-asan/nng/src/sp/transport/mqtt/broker_tcp.c:895 tcptran_pipe_recv_cb: tcptran_pipe_recv_cb: recv_error rv: 129

2026-09-17 06:17:59 [2269272] WARN  /home/kadir/mqtt-fuzzing/builds/nanomq-asan/nng/src/sp/protocol/mqtt/mqtt_parser.c:1363 nano_msg_notify: test offline!
2026-09-17 06:17:59 [2269277] WARN  /home/kadir/mqtt-fuzzing/builds/nanomq-asan/nng/src/sp/protocol/mqtt/mqtt_parser.c:1359 nano_msg_notify: test online!
2026-09-17 06:17:59 [2269278] WARN  /home/kadir/mqtt-fuzzing/builds/nanomq-asan/nng/src/sp/transport/mqtt/broker_tcp.c:735 tcptran_pipe_recv_cb: Got invalid CONNACK from client!
2026-09-17 06:17:59 [2269278] WARN  /home/kadir/mqtt-fuzzing/builds/nanomq-asan/nng/src/sp/transport/mqtt/broker_tcp.c:895 tcptran_pipe_recv_cb: tcptran_pipe_recv_cb: recv_error rv: 129

2026-09-17 06:17:59 [2269272] WARN  /home/kadir/mqtt-fuzzing/builds/nanomq-asan/nng/src/sp/protocol/mqtt/mqtt_parser.c:1363 nano_msg_notify: test offline!
2026-09-17 06:17:59 [2269271] WARN  /home/kadir/mqtt-fuzzing/builds/nanomq-asan/nng/src/sp/protocol/mqtt/mqtt_parser.c:1359 nano_msg_notify: test online!
2026-09-17 06:17:59 [2269277] WARN  /home/kadir/mqtt-fuzzing/builds/nanomq-asan/nng/src/sp/transport/mqtt/broker_tcp.c:735 tcptran_pipe_recv_cb: Got invalid CONNACK from client!
2026-09-17 06:17:59 [2269277] WARN  /home/kadir/mqtt-fuzzing/builds/nanomq-asan/nng/src/sp/transport/mqtt/broker_tcp.c:895 tcptran_pipe_recv_cb: tcptran_pipe_recv_cb: recv_error rv: 129

2026-09-17 06:17:59 [2269275] WARN  /home/kadir/mqtt-fuzzing/builds/nanomq-asan/nng/src/sp/protocol/mqtt/mqtt_parser.c:1363 nano_msg_notify: test offline!
2026-09-17 06:17:59 [2269274] WARN  /home/kadir/mqtt-fuzzing/builds/nanomq-asan/nng/src/sp/protocol/mqtt/mqtt_parser.c:1359 nano_msg_notify: test online!
2026-09-17 06:17:59 [2269276] WARN  /home/kadir/mqtt-fuzzing/builds/nanomq-asan/nng/src/sp/transport/mqtt/broker_tcp.c:735 tcptran_pipe_recv_cb: Got invalid CONNACK from client!
2026-09-17 06:17:59 [2269276] WARN  /home/kadir/mqtt-fuzzing/builds/nanomq-asan/nng/src/sp/transport/mqtt/broker_tcp.c:895 tcptran_pipe_recv_cb: tcptran_pipe_recv_cb: recv_error rv: 129

2026-09-17 06:17:59 [2269271] WARN  /home/kadir/mqtt-fuzzing/builds/nanomq-asan/nng/src/sp/protocol/mqtt/mqtt_parser.c:1363 nano_msg_notify: test offline!
2026-09-17 06:17:59 [2269277] WARN  /home/kadir/mqtt-fuzzing/builds/nanomq-asan/nng/src/sp/protocol/mqtt/mqtt_parser.c:1359 nano_msg_notify: test online!
2026-09-17 06:17:59 [2269274] WARN  /home/kadir/mqtt-fuzzing/builds/nanomq-asan/nng/src/sp/transport/mqtt/broker_tcp.c:735 tcptran_pipe_recv_cb: Got invalid CONNACK from client!
2026-09-17 06:17:59 [2269274] WARN  /home/kadir/mqtt-fuzzing/builds/nanomq-asan/nng/src/sp/transport/mqtt/broker_tcp.c:895 tcptran_pipe_recv_cb: tcptran_pipe_recv_cb: recv_error rv: 129

2026-09-17 06:17:59 [2269276] WARN  /home/kadir/mqtt-fuzzing/builds/nanomq-asan/nng/src/sp/protocol/mqtt/mqtt_parser.c:1363 nano_msg_notify: test offline!
2026-09-17 06:17:59 [2269272] WARN  /home/kadir/mqtt-fuzzing/builds/nanomq-asan/nng/src/sp/protocol/mqtt/mqtt_parser.c:1359 nano_msg_notify: test online!
2026-09-17 06:17:59 [2269271] WARN  /home/kadir/mqtt-fuzzing/builds/nanomq-asan/nng/src/sp/transport/mqtt/broker_tcp.c:735 tcptran_pipe_recv_cb: Got invalid CONNACK from client!
2026-09-17 06:17:59 [2269271] WARN  /home/kadir/mqtt-fuzzing/builds/nanomq-asan/nng/src/sp/transport/mqtt/broker_tcp.c:895 tcptran_pipe_recv_cb: tcptran_pipe_recv_cb: recv_error rv: 129

2026-09-17 06:17:59 [2269278] WARN  /home/kadir/mqtt-fuzzing/builds/nanomq-asan/nng/src/sp/protocol/mqtt/mqtt_parser.c:1363 nano_msg_notify: test offline!
2026-09-17 06:17:59 [2269272] WARN  /home/kadir/mqtt-fuzzing/builds/nanomq-asan/nng/src/sp/protocol/mqtt/mqtt_parser.c:1359 nano_msg_notify: test online!
2026-09-17 06:17:59 [2269276] WARN  /home/kadir/mqtt-fuzzing/builds/nanomq-asan/nng/src/sp/transport/mqtt/broker_tcp.c:735 tcptran_pipe_recv_cb: Got invalid CONNACK from client!
2026-09-17 06:17:59 [2269276] WARN  /home/kadir/mqtt-fuzzing/builds/nanomq-asan/nng/src/sp/transport/mqtt/broker_tcp.c:895 tcptran_pipe_recv_cb: tcptran_pipe_recv_cb: recv_error rv: 129

2026-09-17 06:17:59 [2269277] WARN  /home/kadir/mqtt-fuzzing/builds/nanomq-asan/nng/src/sp/protocol/mqtt/mqtt_parser.c:1363 nano_msg_notify: test offline!
2026-09-17 06:17:59 [2269271] WARN  /home/kadir/mqtt-fuzzing/builds/nanomq-asan/nng/src/sp/protocol/mqtt/mqtt_parser.c:1359 nano_msg_notify: test online!
2026-09-17 06:17:59 [2269274] WARN  /home/kadir/mqtt-fuzzing/builds/nanomq-asan/nng/src/sp/transport/mqtt/broker_tcp.c:735 tcptran_pipe_recv_cb: Got invalid CONNACK from client!
2026-09-17 06:17:59 [2269274] WARN  /home/kadir/mqtt-fuzzing/builds/nanomq-asan/nng/src/sp/transport/mqtt/broker_tcp.c:895 tcptran_pipe_recv_cb: tcptran_pipe_recv_cb: recv_error rv: 129

2026-09-17 06:17:59 [2269273] WARN  /home/kadir/mqtt-fuzzing/builds/nanomq-asan/nng/src/sp/protocol/mqtt/mqtt_parser.c:1363 nano_msg_notify: test offline!
2026-09-17 06:17:59 [2269272] WARN  /home/kadir/mqtt-fuzzing/builds/nanomq-asan/nng/src/sp/protocol/mqtt/mqtt_parser.c:1359 nano_msg_notify: test online!
2026-09-17 06:17:59 [2269271] WARN  /home/kadir/mqtt-fuzzing/builds/nanomq-asan/nng/src/sp/transport/mqtt/broker_tcp.c:735 tcptran_pipe_recv_cb: Got invalid CONNACK from client!
2026-09-17 06:17:59 [2269271] WARN  /home/kadir/mqtt-fuzzing/builds/nanomq-asan/nng/src/sp/transport/mqtt/broker_tcp.c:895 tcptran_pipe_recv_cb: tcptran_pipe_recv_cb: recv_error rv: 129

2026-09-17 06:17:59 [2269271] WARN  /home/kadir/mqtt-fuzzing/builds/nanomq-asan/nng/src/sp/protocol/mqtt/mqtt_parser.c:1363 nano_msg_notify: test offline!
2026-09-17 06:17:59 [2269272] WARN  /home/kadir/mqtt-fuzzing/builds/nanomq-asan/nng/src/sp/protocol/mqtt/mqtt_parser.c:1359 nano_msg_notify: test online!
2026-09-17 06:17:59 [2269273] WARN  /home/kadir/mqtt-fuzzing/builds/nanomq-asan/nng/src/sp/transport/mqtt/broker_tcp.c:735 tcptran_pipe_recv_cb: Got invalid CONNACK from client!
2026-09-17 06:17:59 [2269273] WARN  /home/kadir/mqtt-fuzzing/builds/nanomq-asan/nng/src/sp/transport/mqtt/broker_tcp.c:895 tcptran_pipe_recv_cb: tcptran_pipe_recv_cb: recv_error rv: 129

2026-09-17 06:17:59 [2269276] WARN  /home/kadir/mqtt-fuzzing/builds/nanomq-asan/nng/src/sp/protocol/mqtt/mqtt_parser.c:1363 nano_msg_notify: test offline!
2026-09-17 06:18:00 [2269275] WARN  /home/kadir/mqtt-fuzzing/builds/nanomq-asan/nng/src/sp/protocol/mqtt/mqtt_parser.c:1359 nano_msg_notify: test online!
2026-09-17 06:18:00 [2269278] WARN  /home/kadir/mqtt-fuzzing/builds/nanomq-asan/nng/src/sp/transport/mqtt/broker_tcp.c:735 tcptran_pipe_recv_cb: Got invalid CONNACK from client!
2026-09-17 06:18:00 [2269278] WARN  /home/kadir/mqtt-fuzzing/builds/nanomq-asan/nng/src/sp/transport/mqtt/broker_tcp.c:895 tcptran_pipe_recv_cb: tcptran_pipe_recv_cb: recv_error rv: 129

2026-09-17 06:18:00 [2269274] WARN  /home/kadir/mqtt-fuzzing/builds/nanomq-asan/nng/src/sp/protocol/mqtt/mqtt_parser.c:1363 nano_msg_notify: test offline!
2026-09-17 06:18:00 [2269272] WARN  /home/kadir/mqtt-fuzzing/builds/nanomq-asan/nng/src/sp/protocol/mqtt/mqtt_parser.c:1359 nano_msg_notify: test online!
2026-09-17 06:18:00 [2269275] WARN  /home/kadir/mqtt-fuzzing/builds/nanomq-asan/nng/src/sp/transport/mqtt/broker_tcp.c:735 tcptran_pipe_recv_cb: Got invalid CONNACK from client!
2026-09-17 06:18:00 [2269275] WARN  /home/kadir/mqtt-fuzzing/builds/nanomq-asan/nng/src/sp/transport/mqtt/broker_tcp.c:895 tcptran_pipe_recv_cb: tcptran_pipe_recv_cb: recv_error rv: 129

2026-09-17 06:18:00 [2269276] WARN  /home/kadir/mqtt-fuzzing/builds/nanomq-asan/nng/src/sp/protocol/mqtt/mqtt_parser.c:1363 nano_msg_notify: test offline!
2026-09-17 06:18:00 [2269273] WARN  /home/kadir/mqtt-fuzzing/builds/nanomq-asan/nng/src/sp/protocol/mqtt/mqtt_parser.c:1359 nano_msg_notify: test online!
2026-09-17 06:18:00 [2269272] WARN  /home/kadir/mqtt-fuzzing/builds/nanomq-asan/nng/src/sp/transport/mqtt/broker_tcp.c:735 tcptran_pipe_recv_cb: Got invalid CONNACK from client!
2026-09-17 06:18:00 [2269272] WARN  /home/kadir/mqtt-fuzzing/builds/nanomq-asan/nng/src/sp/transport/mqtt/broker_tcp.c:895 tcptran_pipe_recv_cb: tcptran_pipe_recv_cb: recv_error rv: 129

2026-09-17 06:18:00 [2269271] WARN  /home/kadir/mqtt-fuzzing/builds/nanomq-asan/nng/src/sp/protocol/mqtt/mqtt_parser.c:1363 nano_msg_notify: test offline!
2026-09-17 06:18:00 [2269274] WARN  /home/kadir/mqtt-fuzzing/builds/nanomq-asan/nng/src/sp/protocol/mqtt/mqtt_parser.c:1359 nano_msg_notify: test online!
2026-09-17 06:18:00 [2269275] WARN  /home/kadir/mqtt-fuzzing/builds/nanomq-asan/nng/src/sp/transport/mqtt/broker_tcp.c:735 tcptran_pipe_recv_cb: Got invalid CONNACK from client!
2026-09-17 06:18:00 [2269275] WARN  /home/kadir/mqtt-fuzzing/builds/nanomq-asan/nng/src/sp/transport/mqtt/broker_tcp.c:895 tcptran_pipe_recv_cb: tcptran_pipe_recv_cb: recv_error rv: 129

2026-09-17 06:18:00 [2269271] WARN  /home/kadir/mqtt-fuzzing/builds/nanomq-asan/nng/src/sp/protocol/mqtt/mqtt_parser.c:1363 nano_msg_notify: test offline!
2026-09-17 06:18:00 [2269271] WARN  /home/kadir/mqtt-fuzzing/builds/nanomq-asan/nng/src/sp/protocol/mqtt/mqtt_parser.c:1359 nano_msg_notify: test online!
2026-09-17 06:18:00 [2269272] WARN  /home/kadir/mqtt-fuzzing/builds/nanomq-asan/nng/src/sp/transport/mqtt/broker_tcp.c:735 tcptran_pipe_recv_cb: Got invalid CONNACK from client!
2026-09-17 06:18:00 [2269272] WARN  /home/kadir/mqtt-fuzzing/builds/nanomq-asan/nng/src/sp/transport/mqtt/broker_tcp.c:895 tcptran_pipe_recv_cb: tcptran_pipe_recv_cb: recv_error rv: 129

2026-09-17 06:18:00 [2269272] WARN  /home/kadir/mqtt-fuzzing/builds/nanomq-asan/nng/src/sp/protocol/mqtt/mqtt_parser.c:1363 nano_msg_notify: test offline!
2026-09-17 06:18:00 [2269272] WARN  /home/kadir/mqtt-fuzzing/builds/nanomq-asan/nng/src/sp/protocol/mqtt/mqtt_parser.c:1359 nano_msg_notify: test online!
2026-09-17 06:18:00 [2269271] WARN  /home/kadir/mqtt-fuzzing/builds/nanomq-asan/nng/src/sp/transport/mqtt/broker_tcp.c:735 tcptran_pipe_recv_cb: Got invalid CONNACK from client!
2026-09-17 06:18:00 [2269271] WARN  /home/kadir/mqtt-fuzzing/builds/nanomq-asan/nng/src/sp/transport/mqtt/broker_tcp.c:895 tcptran_pipe_recv_cb: tcptran_pipe_recv_cb: recv_error rv: 129

2026-09-17 06:18:00 [2269272] WARN  /home/kadir/mqtt-fuzzing/builds/nanomq-asan/nng/src/sp/protocol/mqtt/mqtt_parser.c:1363 nano_msg_notify: test offline!
2026-09-17 06:18:00 [2269271] WARN  /home/kadir/mqtt-fuzzing/builds/nanomq-asan/nng/src/sp/protocol/mqtt/mqtt_parser.c:1359 nano_msg_notify: test online!
2026-09-17 06:18:00 [2269274] WARN  /home/kadir/mqtt-fuzzing/builds/nanomq-asan/nng/src/sp/transport/mqtt/broker_tcp.c:735 tcptran_pipe_recv_cb: Got invalid CONNACK from client!
2026-09-17 06:18:00 [2269274] WARN  /home/kadir/mqtt-fuzzing/builds/nanomq-asan/nng/src/sp/transport/mqtt/broker_tcp.c:895 tcptran_pipe_recv_cb: tcptran_pipe_recv_cb: recv_error rv: 129

2026-09-17 06:18:00 [2269272] WARN  /home/kadir/mqtt-fuzzing/builds/nanomq-asan/nng/src/sp/protocol/mqtt/mqtt_parser.c:1363 nano_msg_notify: test offline!
2026-09-17 06:18:00 [2269276] WARN  /home/kadir/mqtt-fuzzing/builds/nanomq-asan/nng/src/sp/protocol/mqtt/mqtt_parser.c:1359 nano_msg_notify: test online!
2026-09-17 06:18:00 [2269277] WARN  /home/kadir/mqtt-fuzzing/builds/nanomq-asan/nng/src/sp/transport/mqtt/broker_tcp.c:735 tcptran_pipe_recv_cb: Got invalid CONNACK from client!
2026-09-17 06:18:00 [2269277] WARN  /home/kadir/mqtt-fuzzing/builds/nanomq-asan/nng/src/sp/transport/mqtt/broker_tcp.c:895 tcptran_pipe_recv_cb: tcptran_pipe_recv_cb: recv_error rv: 129

2026-09-17 06:18:00 [2269277] WARN  /home/kadir/mqtt-fuzzing/builds/nanomq-asan/nng/src/sp/protocol/mqtt/mqtt_parser.c:1363 nano_msg_notify: test offline!
2026-09-17 06:18:00 [2269278] WARN  /home/kadir/mqtt-fuzzing/builds/nanomq-asan/nng/src/sp/protocol/mqtt/mqtt_parser.c:1359 nano_msg_notify: test online!
2026-09-17 06:18:00 [2269273] WARN  /home/kadir/mqtt-fuzzing/builds/nanomq-asan/nng/src/sp/transport/mqtt/broker_tcp.c:735 tcptran_pipe_recv_cb: Got invalid CONNACK from client!
2026-09-17 06:18:00 [2269273] WARN  /home/kadir/mqtt-fuzzing/builds/nanomq-asan/nng/src/sp/transport/mqtt/broker_tcp.c:895 tcptran_pipe_recv_cb: tcptran_pipe_recv_cb: recv_error rv: 129

2026-09-17 06:18:00 [2269273] WARN  /home/kadir/mqtt-fuzzing/builds/nanomq-asan/nng/src/sp/protocol/mqtt/mqtt_parser.c:1363 nano_msg_notify: test offline!
2026-09-17 06:18:00 [2269272] WARN  /home/kadir/mqtt-fuzzing/builds/nanomq-asan/nng/src/sp/protocol/mqtt/mqtt_parser.c:1359 nano_msg_notify: test online!
2026-09-17 06:18:00 [2269277] WARN  /home/kadir/mqtt-fuzzing/builds/nanomq-asan/nng/src/sp/transport/mqtt/broker_tcp.c:735 tcptran_pipe_recv_cb: Got invalid CONNACK from client!
2026-09-17 06:18:00 [2269277] WARN  /home/kadir/mqtt-fuzzing/builds/nanomq-asan/nng/src/sp/transport/mqtt/broker_tcp.c:895 tcptran_pipe_recv_cb: tcptran_pipe_recv_cb: recv_error rv: 129

2026-09-17 06:18:00 [2269276] WARN  /home/kadir/mqtt-fuzzing/builds/nanomq-asan/nng/src/sp/protocol/mqtt/mqtt_parser.c:1363 nano_msg_notify: test offline!
2026-09-17 06:18:00 [2269274] WARN  /home/kadir/mqtt-fuzzing/builds/nanomq-asan/nng/src/sp/protocol/mqtt/mqtt_parser.c:1359 nano_msg_notify: test online!
2026-09-17 06:18:00 [2269278] WARN  /home/kadir/mqtt-fuzzing/builds/nanomq-asan/nng/src/sp/transport/mqtt/broker_tcp.c:735 tcptran_pipe_recv_cb: Got invalid CONNACK from client!
2026-09-17 06:18:00 [2269278] WARN  /home/kadir/mqtt-fuzzing/builds/nanomq-asan/nng/src/sp/transport/mqtt/broker_tcp.c:895 tcptran_pipe_recv_cb: tcptran_pipe_recv_cb: recv_error rv: 129

2026-09-17 06:18:00 [2269272] WARN  /home/kadir/mqtt-fuzzing/builds/nanomq-asan/nng/src/sp/protocol/mqtt/mqtt_parser.c:1363 nano_msg_notify: test offline!
2026-09-17 06:18:00 [2269277] WARN  /home/kadir/mqtt-fuzzing/builds/nanomq-asan/nng/src/sp/protocol/mqtt/mqtt_parser.c:1359 nano_msg_notify: test online!
2026-09-17 06:18:00 [2269271] WARN  /home/kadir/mqtt-fuzzing/builds/nanomq-asan/nng/src/sp/transport/mqtt/broker_tcp.c:735 tcptran_pipe_recv_cb: Got invalid CONNACK from client!
2026-09-17 06:18:00 [2269271] WARN  /home/kadir/mqtt-fuzzing/builds/nanomq-asan/nng/src/sp/transport/mqtt/broker_tcp.c:895 tcptran_pipe_recv_cb: tcptran_pipe_recv_cb: recv_error rv: 129

2026-09-17 06:18:00 [2269275] WARN  /home/kadir/mqtt-fuzzing/builds/nanomq-asan/nng/src/sp/protocol/mqtt/mqtt_parser.c:1363 nano_msg_notify: test offline!
2026-09-17 06:18:00 [2269278] WARN  /home/kadir/mqtt-fuzzing/builds/nanomq-asan/nng/src/sp/protocol/mqtt/mqtt_parser.c:1359 nano_msg_notify: test online!
2026-09-17 06:18:00 [2269274] WARN  /home/kadir/mqtt-fuzzing/builds/nanomq-asan/nng/src/sp/transport/mqtt/broker_tcp.c:735 tcptran_pipe_recv_cb: Got invalid CONNACK from client!
2026-09-17 06:18:00 [2269274] WARN  /home/kadir/mqtt-fuzzing/builds/nanomq-asan/nng/src/sp/transport/mqtt/broker_tcp.c:895 tcptran_pipe_recv_cb: tcptran_pipe_recv_cb: recv_error rv: 129

2026-09-17 06:18:00 [2269275] WARN  /home/kadir/mqtt-fuzzing/builds/nanomq-asan/nng/src/sp/protocol/mqtt/mqtt_parser.c:1363 nano_msg_notify: test offline!
2026-09-17 06:18:00 [2269271] WARN  /home/kadir/mqtt-fuzzing/builds/nanomq-asan/nng/src/sp/protocol/mqtt/mqtt_parser.c:1359 nano_msg_notify: test online!
2026-09-17 06:18:00 [2269275] WARN  /home/kadir/mqtt-fuzzing/builds/nanomq-asan/nng/src/sp/transport/mqtt/broker_tcp.c:735 tcptran_pipe_recv_cb: Got invalid CONNACK from client!
2026-09-17 06:18:00 [2269275] WARN  /home/kadir/mqtt-fuzzing/builds/nanomq-asan/nng/src/sp/transport/mqtt/broker_tcp.c:895 tcptran_pipe_recv_cb: tcptran_pipe_recv_cb: recv_error rv: 129

2026-09-17 06:18:00 [2269276] WARN  /home/kadir/mqtt-fuzzing/builds/nanomq-asan/nng/src/sp/protocol/mqtt/mqtt_parser.c:1363 nano_msg_notify: test offline!
2026-09-17 06:18:00 [2269276] WARN  /home/kadir/mqtt-fuzzing/builds/nanomq-asan/nng/src/sp/protocol/mqtt/mqtt_parser.c:1359 nano_msg_notify: test online!
2026-09-17 06:18:00 [2269272] WARN  /home/kadir/mqtt-fuzzing/builds/nanomq-asan/nng/src/sp/transport/mqtt/broker_tcp.c:735 tcptran_pipe_recv_cb: Got invalid CONNACK from client!
2026-09-17 06:18:00 [2269272] WARN  /home/kadir/mqtt-fuzzing/builds/nanomq-asan/nng/src/sp/transport/mqtt/broker_tcp.c:895 tcptran_pipe_recv_cb: tcptran_pipe_recv_cb: recv_error rv: 129

2026-09-17 06:18:00 [2269278] WARN  /home/kadir/mqtt-fuzzing/builds/nanomq-asan/nng/src/sp/protocol/mqtt/mqtt_parser.c:1363 nano_msg_notify: test offline!
2026-09-17 06:18:00 [2269274] WARN  /home/kadir/mqtt-fuzzing/builds/nanomq-asan/nng/src/sp/protocol/mqtt/mqtt_parser.c:1359 nano_msg_notify: test online!
2026-09-17 06:18:00 [2269273] WARN  /home/kadir/mqtt-fuzzing/builds/nanomq-asan/nng/src/sp/transport/mqtt/broker_tcp.c:628 tcptran_pipe_recv_cb: nni aio recv error!! Connection shutdown

2026-09-17 06:18:00 [2269273] WARN  /home/kadir/mqtt-fuzzing/builds/nanomq-asan/nng/src/sp/transport/mqtt/broker_tcp.c:895 tcptran_pipe_recv_cb: tcptran_pipe_recv_cb: recv_error rv: 139

2026-09-17 06:18:00 [2269275] WARN  /home/kadir/mqtt-fuzzing/builds/nanomq-asan/nng/src/sp/protocol/mqtt/mqtt_parser.c:1363 nano_msg_notify: test offline!
2026-09-17 06:18:00 [2269271] WARN  /home/kadir/mqtt-fuzzing/builds/nanomq-asan/nng/src/sp/protocol/mqtt/mqtt_parser.c:1359 nano_msg_notify: test online!
2026-09-17 06:18:00 [2269277] WARN  /home/kadir/mqtt-fuzzing/builds/nanomq-asan/nng/src/sp/transport/mqtt/broker_tcp.c:628 tcptran_pipe_recv_cb: nni aio recv error!! Connection shutdown

2026-09-17 06:18:00 [2269277] WARN  /home/kadir/mqtt-fuzzing/builds/nanomq-asan/nng/src/sp/transport/mqtt/broker_tcp.c:895 tcptran_pipe_recv_cb: tcptran_pipe_recv_cb: recv_error rv: 139

2026-09-17 06:18:00 [2269277] WARN  /home/kadir/mqtt-fuzzing/builds/nanomq-asan/nng/src/sp/protocol/mqtt/mqtt_parser.c:1363 nano_msg_notify: test offline!
2026-09-17 06:18:00 [2269271] WARN  /home/kadir/mqtt-fuzzing/builds/nanomq-asan/nng/src/sp/protocol/mqtt/mqtt_parser.c:1359 nano_msg_notify: test online!
2026-09-17 06:18:00 [2269276] WARN  /home/kadir/mqtt-fuzzing/builds/nanomq-asan/nng/src/sp/transport/mqtt/broker_tcp.c:628 tcptran_pipe_recv_cb: nni aio recv error!! Connection shutdown

2026-09-17 06:18:00 [2269276] WARN  /home/kadir/mqtt-fuzzing/builds/nanomq-asan/nng/src/sp/transport/mqtt/broker_tcp.c:895 tcptran_pipe_recv_cb: tcptran_pipe_recv_cb: recv_error rv: 139

2026-09-17 06:18:00 [2269273] WARN  /home/kadir/mqtt-fuzzing/builds/nanomq-asan/nng/src/sp/protocol/mqtt/mqtt_parser.c:1363 nano_msg_notify: test offline!
2026-09-17 06:18:00 [2269272] WARN  /home/kadir/mqtt-fuzzing/builds/nanomq-asan/nng/src/sp/protocol/mqtt/mqtt_parser.c:1359 nano_msg_notify: test online!
2026-09-17 06:18:00 [2269271] WARN  /home/kadir/mqtt-fuzzing/builds/nanomq-asan/nng/src/sp/transport/mqtt/broker_tcp.c:628 tcptran_pipe_recv_cb: nni aio recv error!! Connection shutdown

2026-09-17 06:18:00 [2269271] WARN  /home/kadir/mqtt-fuzzing/builds/nanomq-asan/nng/src/sp/transport/mqtt/broker_tcp.c:895 tcptran_pipe_recv_cb: tcptran_pipe_recv_cb: recv_error rv: 139

2026-09-17 06:18:00 [2269278] WARN  /home/kadir/mqtt-fuzzing/builds/nanomq-asan/nng/src/sp/protocol/mqtt/mqtt_parser.c:1363 nano_msg_notify: test offline!
2026-09-17 06:18:00 [2269273] WARN  /home/kadir/mqtt-fuzzing/builds/nanomq-asan/nng/src/sp/protocol/mqtt/mqtt_parser.c:1359 nano_msg_notify: test online!
2026-09-17 06:18:00 [2269272] WARN  /home/kadir/mqtt-fuzzing/builds/nanomq-asan/nng/src/sp/transport/mqtt/broker_tcp.c:628 tcptran_pipe_recv_cb: nni aio recv error!! Connection shutdown

2026-09-17 06:18:00 [2269272] WARN  /home/kadir/mqtt-fuzzing/builds/nanomq-asan/nng/src/sp/transport/mqtt/broker_tcp.c:895 tcptran_pipe_recv_cb: tcptran_pipe_recv_cb: recv_error rv: 139

2026-09-17 06:18:00 [2269277] WARN  /home/kadir/mqtt-fuzzing/builds/nanomq-asan/nng/src/sp/protocol/mqtt/mqtt_parser.c:1363 nano_msg_notify: test offline!
2026-09-17 06:18:00 [2269278] WARN  /home/kadir/mqtt-fuzzing/builds/nanomq-asan/nng/src/sp/protocol/mqtt/mqtt_parser.c:1359 nano_msg_notify: test online!
2026-09-17 06:18:00 [2269271] WARN  /home/kadir/mqtt-fuzzing/builds/nanomq-asan/nng/src/sp/transport/mqtt/broker_tcp.c:628 tcptran_pipe_recv_cb: nni aio recv error!! Connection shutdown

2026-09-17 06:18:00 [2269271] WARN  /home/kadir/mqtt-fuzzing/builds/nanomq-asan/nng/src/sp/transport/mqtt/broker_tcp.c:895 tcptran_pipe_recv_cb: tcptran_pipe_recv_cb: recv_error rv: 139

2026-09-17 06:18:00 [2269272] WARN  /home/kadir/mqtt-fuzzing/builds/nanomq-asan/nng/src/sp/protocol/mqtt/mqtt_parser.c:1363 nano_msg_notify: test offline!
2026-09-17 06:18:00 [2269277] WARN  /home/kadir/mqtt-fuzzing/builds/nanomq-asan/nng/src/sp/protocol/mqtt/mqtt_parser.c:1359 nano_msg_notify: test online!
2026-09-17 06:18:00 [2269276] WARN  /home/kadir/mqtt-fuzzing/builds/nanomq-asan/nng/src/sp/transport/mqtt/broker_tcp.c:628 tcptran_pipe_recv_cb: nni aio recv error!! Connection shutdown

2026-09-17 06:18:00 [2269276] WARN  /home/kadir/mqtt-fuzzing/builds/nanomq-asan/nng/src/sp/transport/mqtt/broker_tcp.c:895 tcptran_pipe_recv_cb: tcptran_pipe_recv_cb: recv_error rv: 139

2026-09-17 06:18:00 [2269277] WARN  /home/kadir/mqtt-fuzzing/builds/nanomq-asan/nng/src/sp/protocol/mqtt/mqtt_parser.c:1363 nano_msg_notify: test offline!
2026-09-17 06:18:00 [2269276] WARN  /home/kadir/mqtt-fuzzing/builds/nanomq-asan/nng/src/sp/protocol/mqtt/mqtt_parser.c:1359 nano_msg_notify: test online!
2026-09-17 06:18:00 [2269273] WARN  /home/kadir/mqtt-fuzzing/builds/nanomq-asan/nng/src/sp/transport/mqtt/broker_tcp.c:628 tcptran_pipe_recv_cb: nni aio recv error!! Connection shutdown

2026-09-17 06:18:00 [2269273] WARN  /home/kadir/mqtt-fuzzing/builds/nanomq-asan/nng/src/sp/transport/mqtt/broker_tcp.c:895 tcptran_pipe_recv_cb: tcptran_pipe_recv_cb: recv_error rv: 139

2026-09-17 06:18:00 [2269276] WARN  /home/kadir/mqtt-fuzzing/builds/nanomq-asan/nng/src/sp/protocol/mqtt/mqtt_parser.c:1363 nano_msg_notify: test offline!
2026-09-17 06:18:00 [2269274] WARN  /home/kadir/mqtt-fuzzing/builds/nanomq-asan/nng/src/sp/protocol/mqtt/mqtt_parser.c:1359 nano_msg_notify: test online!
2026-09-17 06:18:00 [2269277] WARN  /home/kadir/mqtt-fuzzing/builds/nanomq-asan/nng/src/sp/transport/mqtt/broker_tcp.c:628 tcptran_pipe_recv_cb: nni aio recv error!! Connection shutdown

2026-09-17 06:18:00 [2269277] WARN  /home/kadir/mqtt-fuzzing/builds/nanomq-asan/nng/src/sp/transport/mqtt/broker_tcp.c:895 tcptran_pipe_recv_cb: tcptran_pipe_recv_cb: recv_error rv: 139

2026-09-17 06:18:00 [2269275] WARN  /home/kadir/mqtt-fuzzing/builds/nanomq-asan/nng/src/sp/protocol/mqtt/mqtt_parser.c:1363 nano_msg_notify: test offline!
2026-09-17 06:18:00 [2269276] WARN  /home/kadir/mqtt-fuzzing/builds/nanomq-asan/nng/src/sp/protocol/mqtt/mqtt_parser.c:1359 nano_msg_notify: test online!
2026-09-17 06:18:00 [2269273] WARN  /home/kadir/mqtt-fuzzing/builds/nanomq-asan/nng/src/sp/transport/mqtt/broker_tcp.c:628 tcptran_pipe_recv_cb: nni aio recv error!! Connection shutdown

2026-09-17 06:18:00 [2269273] WARN  /home/kadir/mqtt-fuzzing/builds/nanomq-asan/nng/src/sp/transport/mqtt/broker_tcp.c:895 tcptran_pipe_recv_cb: tcptran_pipe_recv_cb: recv_error rv: 139

2026-09-17 06:18:00 [2269275] WARN  /home/kadir/mqtt-fuzzing/builds/nanomq-asan/nng/src/sp/protocol/mqtt/mqtt_parser.c:1363 nano_msg_notify: test offline!
2026-09-17 06:18:00 [2269272] WARN  /home/kadir/mqtt-fuzzing/builds/nanomq-asan/nng/src/sp/protocol/mqtt/mqtt_parser.c:1359 nano_msg_notify: test online!
2026-09-17 06:18:00 [2269278] WARN  /home/kadir/mqtt-fuzzing/builds/nanomq-asan/nng/src/sp/transport/mqtt/broker_tcp.c:628 tcptran_pipe_recv_cb: nni aio recv error!! Connection shutdown

2026-09-17 06:18:00 [2269278] WARN  /home/kadir/mqtt-fuzzing/builds/nanomq-asan/nng/src/sp/transport/mqtt/broker_tcp.c:895 tcptran_pipe_recv_cb: tcptran_pipe_recv_cb: recv_error rv: 139

2026-09-17 06:18:00 [2269278] WARN  /home/kadir/mqtt-fuzzing/builds/nanomq-asan/nng/src/sp/protocol/mqtt/mqtt_parser.c:1363 nano_msg_notify: test offline!
2026-09-17 06:18:00 [2269275] WARN  /home/kadir/mqtt-fuzzing/builds/nanomq-asan/nng/src/sp/protocol/mqtt/mqtt_parser.c:1359 nano_msg_notify: test online!
2026-09-17 06:18:00 [2269271] WARN  /home/kadir/mqtt-fuzzing/builds/nanomq-asan/nng/src/sp/transport/mqtt/broker_tcp.c:628 tcptran_pipe_recv_cb: nni aio recv error!! Connection shutdown

2026-09-17 06:18:00 [2269271] WARN  /home/kadir/mqtt-fuzzing/builds/nanomq-asan/nng/src/sp/transport/mqtt/broker_tcp.c:895 tcptran_pipe_recv_cb: tcptran_pipe_recv_cb: recv_error rv: 139

2026-09-17 06:18:00 [2269275] WARN  /home/kadir/mqtt-fuzzing/builds/nanomq-asan/nng/src/sp/protocol/mqtt/mqtt_parser.c:1363 nano_msg_notify: test offline!
2026-09-17 06:18:00 [2269272] WARN  /home/kadir/mqtt-fuzzing/builds/nanomq-asan/nng/src/sp/protocol/mqtt/mqtt_parser.c:1359 nano_msg_notify: test online!
2026-09-17 06:18:00 [2269271] WARN  /home/kadir/mqtt-fuzzing/builds/nanomq-asan/nng/src/sp/transport/mqtt/broker_tcp.c:628 tcptran_pipe_recv_cb: nni aio recv error!! Connection shutdown

2026-09-17 06:18:00 [2269271] WARN  /home/kadir/mqtt-fuzzing/builds/nanomq-asan/nng/src/sp/transport/mqtt/broker_tcp.c:895 tcptran_pipe_recv_cb: tcptran_pipe_recv_cb: recv_error rv: 139

2026-09-17 06:18:00 [2269276] WARN  /home/kadir/mqtt-fuzzing/builds/nanomq-asan/nng/src/sp/protocol/mqtt/mqtt_parser.c:1363 nano_msg_notify: test offline!
2026-09-17 06:18:00 [2269274] WARN  /home/kadir/mqtt-fuzzing/builds/nanomq-asan/nng/src/sp/protocol/mqtt/mqtt_parser.c:1359 nano_msg_notify: test online!
2026-09-17 06:18:00 [2269272] WARN  /home/kadir/mqtt-fuzzing/builds/nanomq-asan/nng/src/sp/transport/mqtt/broker_tcp.c:628 tcptran_pipe_recv_cb: nni aio recv error!! Connection shutdown

2026-09-17 06:18:00 [2269272] WARN  /home/kadir/mqtt-fuzzing/builds/nanomq-asan/nng/src/sp/transport/mqtt/broker_tcp.c:895 tcptran_pipe_recv_cb: tcptran_pipe_recv_cb: recv_error rv: 139

2026-09-17 06:18:00 [2269274] WARN  /home/kadir/mqtt-fuzzing/builds/nanomq-asan/nng/src/sp/protocol/mqtt/mqtt_parser.c:1363 nano_msg_notify: test offline!
2026-09-17 06:18:00 [2269278] WARN  /home/kadir/mqtt-fuzzing/builds/nanomq-asan/nng/src/sp/protocol/mqtt/mqtt_parser.c:1359 nano_msg_notify: test online!
2026-09-17 06:18:00 [2269271] WARN  /home/kadir/mqtt-fuzzing/builds/nanomq-asan/nng/src/sp/transport/mqtt/broker_tcp.c:628 tcptran_pipe_recv_cb: nni aio recv error!! Connection shutdown

2026-09-17 06:18:00 [2269271] WARN  /home/kadir/mqtt-fuzzing/builds/nanomq-asan/nng/src/sp/transport/mqtt/broker_tcp.c:895 tcptran_pipe_recv_cb: tcptran_pipe_recv_cb: recv_error rv: 139

2026-09-17 06:18:00 [2269276] WARN  /home/kadir/mqtt-fuzzing/builds/nanomq-asan/nng/src/sp/protocol/mqtt/mqtt_parser.c:1363 nano_msg_notify: test offline!
2026-09-17 06:18:00 [2269273] WARN  /home/kadir/mqtt-fuzzing/builds/nanomq-asan/nng/src/sp/protocol/mqtt/mqtt_parser.c:1359 nano_msg_notify: test online!
2026-09-17 06:18:00 [2269278] WARN  /home/kadir/mqtt-fuzzing/builds/nanomq-asan/nng/src/sp/transport/mqtt/broker_tcp.c:735 tcptran_pipe_recv_cb: Got invalid CONNACK from client!
2026-09-17 06:18:00 [2269278] WARN  /home/kadir/mqtt-fuzzing/builds/nanomq-asan/nng/src/sp/transport/mqtt/broker_tcp.c:895 tcptran_pipe_recv_cb: tcptran_pipe_recv_cb: recv_error rv: 129

2026-09-17 06:18:00 [2269275] WARN  /home/kadir/mqtt-fuzzing/builds/nanomq-asan/nng/src/sp/protocol/mqtt/mqtt_parser.c:1363 nano_msg_notify: test offline!
2026-09-17 06:18:00 [2269272] WARN  /home/kadir/mqtt-fuzzing/builds/nanomq-asan/nng/src/sp/protocol/mqtt/mqtt_parser.c:1359 nano_msg_notify: test online!
2026-09-17 06:18:00 [2269277] WARN  /home/kadir/mqtt-fuzzing/builds/nanomq-asan/nng/src/sp/transport/mqtt/broker_tcp.c:735 tcptran_pipe_recv_cb: Got invalid CONNACK from client!
2026-09-17 06:18:00 [2269277] WARN  /home/kadir/mqtt-fuzzing/builds/nanomq-asan/nng/src/sp/transport/mqtt/broker_tcp.c:895 tcptran_pipe_recv_cb: tcptran_pipe_recv_cb: recv_error rv: 129

2026-09-17 06:18:00 [2269272] WARN  /home/kadir/mqtt-fuzzing/builds/nanomq-asan/nng/src/sp/protocol/mqtt/mqtt_parser.c:1363 nano_msg_notify: test offline!
2026-09-17 06:18:00 [2269275] WARN  /home/kadir/mqtt-fuzzing/builds/nanomq-asan/nng/src/sp/protocol/mqtt/mqtt_parser.c:1359 nano_msg_notify: test online!
2026-09-17 06:18:00 [2269273] WARN  /home/kadir/mqtt-fuzzing/builds/nanomq-asan/nng/src/sp/transport/mqtt/broker_tcp.c:735 tcptran_pipe_recv_cb: Got invalid CONNACK from client!
2026-09-17 06:18:00 [2269273] WARN  /home/kadir/mqtt-fuzzing/builds/nanomq-asan/nng/src/sp/transport/mqtt/broker_tcp.c:895 tcptran_pipe_recv_cb: tcptran_pipe_recv_cb: recv_error rv: 129

2026-09-17 06:18:00 [2269274] WARN  /home/kadir/mqtt-fuzzing/builds/nanomq-asan/nng/src/sp/protocol/mqtt/mqtt_parser.c:1363 nano_msg_notify: test offline!
2026-09-17 06:18:00 [2269278] WARN  /home/kadir/mqtt-fuzzing/builds/nanomq-asan/nng/src/sp/protocol/mqtt/mqtt_parser.c:1359 nano_msg_notify: test online!
2026-09-17 06:18:00 [2269272] WARN  /home/kadir/mqtt-fuzzing/builds/nanomq-asan/nng/src/sp/transport/mqtt/broker_tcp.c:735 tcptran_pipe_recv_cb: Got invalid CONNACK from client!
2026-09-17 06:18:00 [2269272] WARN  /home/kadir/mqtt-fuzzing/builds/nanomq-asan/nng/src/sp/transport/mqtt/broker_tcp.c:895 tcptran_pipe_recv_cb: tcptran_pipe_recv_cb: recv_error rv: 129

2026-09-17 06:18:00 [2269273] WARN  /home/kadir/mqtt-fuzzing/builds/nanomq-asan/nng/src/sp/protocol/mqtt/mqtt_parser.c:1363 nano_msg_notify: test offline!
2026-09-17 06:18:00 [2269273] WARN  /home/kadir/mqtt-fuzzing/builds/nanomq-asan/nng/src/sp/protocol/mqtt/mqtt_parser.c:1359 nano_msg_notify: test online!
2026-09-17 06:18:00 [2269271] WARN  /home/kadir/mqtt-fuzzing/builds/nanomq-asan/nng/src/sp/transport/mqtt/broker_tcp.c:735 tcptran_pipe_recv_cb: Got invalid CONNACK from client!
2026-09-17 06:18:00 [2269271] WARN  /home/kadir/mqtt-fuzzing/builds/nanomq-asan/nng/src/sp/transport/mqtt/broker_tcp.c:895 tcptran_pipe_recv_cb: tcptran_pipe_recv_cb: recv_error rv: 129

2026-09-17 06:18:00 [2269276] WARN  /home/kadir/mqtt-fuzzing/builds/nanomq-asan/nng/src/sp/protocol/mqtt/mqtt_parser.c:1363 nano_msg_notify: test offline!
2026-09-17 06:18:00 [2269274] WARN  /home/kadir/mqtt-fuzzing/builds/nanomq-asan/nng/src/sp/protocol/mqtt/mqtt_parser.c:1359 nano_msg_notify: test online!
2026-09-17 06:18:00 [2269275] WARN  /home/kadir/mqtt-fuzzing/builds/nanomq-asan/nng/src/sp/transport/mqtt/broker_tcp.c:735 tcptran_pipe_recv_cb: Got invalid CONNACK from client!
2026-09-17 06:18:00 [2269275] WARN  /home/kadir/mqtt-fuzzing/builds/nanomq-asan/nng/src/sp/transport/mqtt/broker_tcp.c:895 tcptran_pipe_recv_cb: tcptran_pipe_recv_cb: recv_error rv: 129

2026-09-17 06:18:00 [2269273] WARN  /home/kadir/mqtt-fuzzing/builds/nanomq-asan/nng/src/sp/protocol/mqtt/mqtt_parser.c:1363 nano_msg_notify: test offline!
2026-09-17 06:18:00 [2269274] WARN  /home/kadir/mqtt-fuzzing/builds/nanomq-asan/nng/src/sp/protocol/mqtt/mqtt_parser.c:1359 nano_msg_notify: test online!
2026-09-17 06:18:00 [2269272] WARN  /home/kadir/mqtt-fuzzing/builds/nanomq-asan/nng/src/sp/transport/mqtt/broker_tcp.c:735 tcptran_pipe_recv_cb: Got invalid CONNACK from client!
2026-09-17 06:18:00 [2269272] WARN  /home/kadir/mqtt-fuzzing/builds/nanomq-asan/nng/src/sp/transport/mqtt/broker_tcp.c:895 tcptran_pipe_recv_cb: tcptran_pipe_recv_cb: recv_error rv: 129

2026-09-17 06:18:00 [2269276] WARN  /home/kadir/mqtt-fuzzing/builds/nanomq-asan/nng/src/sp/protocol/mqtt/mqtt_parser.c:1363 nano_msg_notify: test offline!
2026-09-17 06:18:00 [2269272] WARN  /home/kadir/mqtt-fuzzing/builds/nanomq-asan/nng/src/sp/protocol/mqtt/mqtt_parser.c:1359 nano_msg_notify: test online!
2026-09-17 06:18:00 [2269271] WARN  /home/kadir/mqtt-fuzzing/builds/nanomq-asan/nng/src/sp/transport/mqtt/broker_tcp.c:735 tcptran_pipe_recv_cb: Got invalid CONNACK from client!
2026-09-17 06:18:00 [2269271] WARN  /home/kadir/mqtt-fuzzing/builds/nanomq-asan/nng/src/sp/transport/mqtt/broker_tcp.c:895 tcptran_pipe_recv_cb: tcptran_pipe_recv_cb: recv_error rv: 129

2026-09-17 06:18:00 [2269273] WARN  /home/kadir/mqtt-fuzzing/builds/nanomq-asan/nng/src/sp/protocol/mqtt/mqtt_parser.c:1363 nano_msg_notify: test offline!
2026-09-17 06:18:00 [2269271] WARN  /home/kadir/mqtt-fuzzing/builds/nanomq-asan/nng/src/sp/protocol/mqtt/mqtt_parser.c:1359 nano_msg_notify: test online!
2026-09-17 06:18:00 [2269274] WARN  /home/kadir/mqtt-fuzzing/builds/nanomq-asan/nng/src/sp/transport/mqtt/broker_tcp.c:735 tcptran_pipe_recv_cb: Got invalid CONNACK from client!
2026-09-17 06:18:00 [2269274] WARN  /home/kadir/mqtt-fuzzing/builds/nanomq-asan/nng/src/sp/transport/mqtt/broker_tcp.c:895 tcptran_pipe_recv_cb: tcptran_pipe_recv_cb: recv_error rv: 129

2026-09-17 06:18:00 [2269276] WARN  /home/kadir/mqtt-fuzzing/builds/nanomq-asan/nng/src/sp/protocol/mqtt/mqtt_parser.c:1363 nano_msg_notify: test offline!
2026-09-17 06:18:00 [2269274] WARN  /home/kadir/mqtt-fuzzing/builds/nanomq-asan/nng/src/sp/protocol/mqtt/mqtt_parser.c:1359 nano_msg_notify: test online!
2026-09-17 06:18:00 [2269272] WARN  /home/kadir/mqtt-fuzzing/builds/nanomq-asan/nng/src/sp/transport/mqtt/broker_tcp.c:735 tcptran_pipe_recv_cb: Got invalid CONNACK from client!
2026-09-17 06:18:00 [2269272] WARN  /home/kadir/mqtt-fuzzing/builds/nanomq-asan/nng/src/sp/transport/mqtt/broker_tcp.c:895 tcptran_pipe_recv_cb: tcptran_pipe_recv_cb: recv_error rv: 129

2026-09-17 06:18:00 [2269277] WARN  /home/kadir/mqtt-fuzzing/builds/nanomq-asan/nng/src/sp/protocol/mqtt/mqtt_parser.c:1363 nano_msg_notify: test offline!
2026-09-17 06:18:00 [2269274] WARN  /home/kadir/mqtt-fuzzing/builds/nanomq-asan/nng/src/sp/protocol/mqtt/mqtt_parser.c:1359 nano_msg_notify: test online!
2026-09-17 06:18:00 [2269272] WARN  /home/kadir/mqtt-fuzzing/builds/nanomq-asan/nng/src/sp/transport/mqtt/broker_tcp.c:735 tcptran_pipe_recv_cb: Got invalid CONNACK from client!
2026-09-17 06:18:00 [2269272] WARN  /home/kadir/mqtt-fuzzing/builds/nanomq-asan/nng/src/sp/transport/mqtt/broker_tcp.c:895 tcptran_pipe_recv_cb: tcptran_pipe_recv_cb: recv_error rv: 129

2026-09-17 06:18:00 [2269277] WARN  /home/kadir/mqtt-fuzzing/builds/nanomq-asan/nng/src/sp/protocol/mqtt/mqtt_parser.c:1363 nano_msg_notify: test offline!
2026-09-17 06:18:00 [2269273] WARN  /home/kadir/mqtt-fuzzing/builds/nanomq-asan/nng/src/sp/protocol/mqtt/mqtt_parser.c:1359 nano_msg_notify: test online!
2026-09-17 06:18:00 [2269278] WARN  /home/kadir/mqtt-fuzzing/builds/nanomq-asan/nng/src/sp/transport/mqtt/broker_tcp.c:735 tcptran_pipe_recv_cb: Got invalid CONNACK from client!
2026-09-17 06:18:00 [2269278] WARN  /home/kadir/mqtt-fuzzing/builds/nanomq-asan/nng/src/sp/transport/mqtt/broker_tcp.c:895 tcptran_pipe_recv_cb: tcptran_pipe_recv_cb: recv_error rv: 129

2026-09-17 06:18:00 [2269273] WARN  /home/kadir/mqtt-fuzzing/builds/nanomq-asan/nng/src/sp/protocol/mqtt/mqtt_parser.c:1363 nano_msg_notify: test offline!
2026-09-17 06:18:00 [2269277] WARN  /home/kadir/mqtt-fuzzing/builds/nanomq-asan/nng/src/sp/protocol/mqtt/mqtt_parser.c:1359 nano_msg_notify: test online!
2026-09-17 06:18:00 [2269272] WARN  /home/kadir/mqtt-fuzzing/builds/nanomq-asan/nng/src/sp/transport/mqtt/broker_tcp.c:735 tcptran_pipe_recv_cb: Got invalid CONNACK from client!
2026-09-17 06:18:00 [2269272] WARN  /home/kadir/mqtt-fuzzing/builds/nanomq-asan/nng/src/sp/transport/mqtt/broker_tcp.c:895 tcptran_pipe_recv_cb: tcptran_pipe_recv_cb: recv_error rv: 129

2026-09-17 06:18:00 [2269278] WARN  /home/kadir/mqtt-fuzzing/builds/nanomq-asan/nng/src/sp/protocol/mqtt/mqtt_parser.c:1363 nano_msg_notify: test offline!
2026-09-17 06:18:00 [2269278] WARN  /home/kadir/mqtt-fuzzing/builds/nanomq-asan/nng/src/sp/protocol/mqtt/mqtt_parser.c:1359 nano_msg_notify: test online!
2026-09-17 06:18:00 [2269277] WARN  /home/kadir/mqtt-fuzzing/builds/nanomq-asan/nng/src/sp/transport/mqtt/broker_tcp.c:735 tcptran_pipe_recv_cb: Got invalid CONNACK from client!
2026-09-17 06:18:00 [2269277] WARN  /home/kadir/mqtt-fuzzing/builds/nanomq-asan/nng/src/sp/transport/mqtt/broker_tcp.c:895 tcptran_pipe_recv_cb: tcptran_pipe_recv_cb: recv_error rv: 129

2026-09-17 06:18:00 [2269271] WARN  /home/kadir/mqtt-fuzzing/builds/nanomq-asan/nng/src/sp/protocol/mqtt/mqtt_parser.c:1363 nano_msg_notify: test offline!
2026-09-17 06:18:00 [2269277] WARN  /home/kadir/mqtt-fuzzing/builds/nanomq-asan/nng/src/sp/protocol/mqtt/mqtt_parser.c:1359 nano_msg_notify: test online!
2026-09-17 06:18:00 [2269276] WARN  /home/kadir/mqtt-fuzzing/builds/nanomq-asan/nng/src/sp/transport/mqtt/broker_tcp.c:735 tcptran_pipe_recv_cb: Got invalid CONNACK from client!
2026-09-17 06:18:00 [2269276] WARN  /home/kadir/mqtt-fuzzing/builds/nanomq-asan/nng/src/sp/transport/mqtt/broker_tcp.c:895 tcptran_pipe_recv_cb: tcptran_pipe_recv_cb: recv_error rv: 129

2026-09-17 06:18:00 [2269271] WARN  /home/kadir/mqtt-fuzzing/builds/nanomq-asan/nng/src/sp/protocol/mqtt/mqtt_parser.c:1363 nano_msg_notify: test offline!
2026-09-17 06:18:00 [2269275] WARN  /home/kadir/mqtt-fuzzing/builds/nanomq-asan/nng/src/sp/protocol/mqtt/mqtt_parser.c:1359 nano_msg_notify: test online!
2026-09-17 06:18:00 [2269277] WARN  /home/kadir/mqtt-fuzzing/builds/nanomq-asan/nng/src/sp/transport/mqtt/broker_tcp.c:735 tcptran_pipe_recv_cb: Got invalid CONNACK from client!
2026-09-17 06:18:00 [2269277] WARN  /home/kadir/mqtt-fuzzing/builds/nanomq-asan/nng/src/sp/transport/mqtt/broker_tcp.c:895 tcptran_pipe_recv_cb: tcptran_pipe_recv_cb: recv_error rv: 129

2026-09-17 06:18:00 [2269277] WARN  /home/kadir/mqtt-fuzzing/builds/nanomq-asan/nng/src/sp/protocol/mqtt/mqtt_parser.c:1363 nano_msg_notify: test offline!
2026-09-17 06:18:00 [2269274] WARN  /home/kadir/mqtt-fuzzing/builds/nanomq-asan/nng/src/sp/protocol/mqtt/mqtt_parser.c:1359 nano_msg_notify: test online!
2026-09-17 06:18:00 [2269275] WARN  /home/kadir/mqtt-fuzzing/builds/nanomq-asan/nng/src/sp/transport/mqtt/broker_tcp.c:735 tcptran_pipe_recv_cb: Got invalid CONNACK from client!
2026-09-17 06:18:00 [2269275] WARN  /home/kadir/mqtt-fuzzing/builds/nanomq-asan/nng/src/sp/transport/mqtt/broker_tcp.c:895 tcptran_pipe_recv_cb: tcptran_pipe_recv_cb: recv_error rv: 129

2026-09-17 06:18:00 [2269272] WARN  /home/kadir/mqtt-fuzzing/builds/nanomq-asan/nng/src/sp/protocol/mqtt/mqtt_parser.c:1363 nano_msg_notify: test offline!
2026-09-17 06:18:00 [2269274] WARN  /home/kadir/mqtt-fuzzing/builds/nanomq-asan/nng/src/sp/transport/mqtt/broker_tcp.c:735 tcptran_pipe_recv_cb: Got invalid CONNACK from client!
2026-09-17 06:18:00 [2269274] WARN  /home/kadir/mqtt-fuzzing/builds/nanomq-asan/nng/src/sp/transport/mqtt/broker_tcp.c:895 tcptran_pipe_recv_cb: tcptran_pipe_recv_cb: recv_error rv: 129

2026-09-17 06:18:00 [2269273] WARN  /home/kadir/mqtt-fuzzing/builds/nanomq-asan/nng/src/sp/protocol/mqtt/mqtt_parser.c:1359 nano_msg_notify: 2026-09-17 06:18:00 [2269277] WARN  /home/kadir/mqtt-fuzzing/builds/nanomq-asan/nng/src/sp/protocol/mqtt/mqtt_parser.c:1363 nano_msg_notify: test offline!
test online!
2026-09-17 06:18:00 [2269271] WARN  /home/kadir/mqtt-fuzzing/builds/nanomq-asan/nng/src/sp/protocol/mqtt/mqtt_parser.c:1359 nano_msg_notify: test online!
2026-09-17 06:18:00 [2269274] WARN  /home/kadir/mqtt-fuzzing/builds/nanomq-asan/nng/src/sp/transport/mqtt/broker_tcp.c:735 tcptran_pipe_recv_cb: Got invalid CONNACK from client!
2026-09-17 06:18:00 [2269274] WARN  /home/kadir/mqtt-fuzzing/builds/nanomq-asan/nng/src/sp/transport/mqtt/broker_tcp.c:895 tcptran_pipe_recv_cb: tcptran_pipe_recv_cb: recv_error rv: 129

2026-09-17 06:18:00 [2269275] WARN  /home/kadir/mqtt-fuzzing/builds/nanomq-asan/nng/src/sp/protocol/mqtt/mqtt_parser.c:1363 nano_msg_notify: test offline!
2026-09-17 06:18:00 [2269278] WARN  /home/kadir/mqtt-fuzzing/builds/nanomq-asan/nng/src/sp/protocol/mqtt/mqtt_parser.c:1359 nano_msg_notify: test online!
2026-09-17 06:18:00 [2269272] WARN  /home/kadir/mqtt-fuzzing/builds/nanomq-asan/nng/src/sp/transport/mqtt/broker_tcp.c:735 tcptran_pipe_recv_cb: Got invalid CONNACK from client!
2026-09-17 06:18:00 [2269272] WARN  /home/kadir/mqtt-fuzzing/builds/nanomq-asan/nng/src/sp/transport/mqtt/broker_tcp.c:895 tcptran_pipe_recv_cb: tcptran_pipe_recv_cb: recv_error rv: 129

2026-09-17 06:18:00 [2269275] WARN  /home/kadir/mqtt-fuzzing/builds/nanomq-asan/nng/src/sp/protocol/mqtt/mqtt_parser.c:1363 nano_msg_notify: test offline!
2026-09-17 06:18:00 [2269278] WARN  /home/kadir/mqtt-fuzzing/builds/nanomq-asan/nng/src/sp/protocol/mqtt/mqtt_parser.c:1359 nano_msg_notify: test online!
2026-09-17 06:18:00 [2269274] WARN  /home/kadir/mqtt-fuzzing/builds/nanomq-asan/nng/src/sp/transport/mqtt/broker_tcp.c:735 tcptran_pipe_recv_cb: Got invalid CONNACK from client!
2026-09-17 06:18:00 [2269274] WARN  /home/kadir/mqtt-fuzzing/builds/nanomq-asan/nng/src/sp/transport/mqtt/broker_tcp.c:895 tcptran_pipe_recv_cb: tcptran_pipe_recv_cb: recv_error rv: 129

2026-09-17 06:18:00 [2269272] WARN  /home/kadir/mqtt-fuzzing/builds/nanomq-asan/nng/src/sp/protocol/mqtt/mqtt_parser.c:1363 nano_msg_notify: test offline!
2026-09-17 06:18:00 [2269278] WARN  /home/kadir/mqtt-fuzzing/builds/nanomq-asan/nng/src/sp/protocol/mqtt/mqtt_parser.c:1359 nano_msg_notify: test online!
2026-09-17 06:18:00 [2269274] WARN  /home/kadir/mqtt-fuzzing/builds/nanomq-asan/nng/src/sp/transport/mqtt/broker_tcp.c:735 tcptran_pipe_recv_cb: Got invalid CONNACK from client!
2026-09-17 06:18:00 [2269274] WARN  /home/kadir/mqtt-fuzzing/builds/nanomq-asan/nng/src/sp/transport/mqtt/broker_tcp.c:895 tcptran_pipe_recv_cb: tcptran_pipe_recv_cb: recv_error rv: 129

2026-09-17 06:18:00 [2269273] WARN  /home/kadir/mqtt-fuzzing/builds/nanomq-asan/nng/src/sp/protocol/mqtt/mqtt_parser.c:1363 nano_msg_notify: test offline!
2026-09-17 06:18:00 [2269276] WARN  /home/kadir/mqtt-fuzzing/builds/nanomq-asan/nng/src/sp/protocol/mqtt/mqtt_parser.c:1359 nano_msg_notify: test online!
2026-09-17 06:18:00 [2269277] WARN  /home/kadir/mqtt-fuzzing/builds/nanomq-asan/nng/src/sp/transport/mqtt/broker_tcp.c:735 tcptran_pipe_recv_cb: Got invalid CONNACK from client!
2026-09-17 06:18:00 [2269277] WARN  /home/kadir/mqtt-fuzzing/builds/nanomq-asan/nng/src/sp/transport/mqtt/broker_tcp.c:895 tcptran_pipe_recv_cb: tcptran_pipe_recv_cb: recv_error rv: 129

2026-09-17 06:18:00 [2269277] WARN  /home/kadir/mqtt-fuzzing/builds/nanomq-asan/nng/src/sp/protocol/mqtt/mqtt_parser.c:1363 nano_msg_notify: test offline!
2026-09-17 06:18:00 [2269271] WARN  /home/kadir/mqtt-fuzzing/builds/nanomq-asan/nng/src/sp/protocol/mqtt/mqtt_parser.c:1359 nano_msg_notify: test online!
2026-09-17 06:18:00 [2269276] WARN  /home/kadir/mqtt-fuzzing/builds/nanomq-asan/nng/src/sp/transport/mqtt/broker_tcp.c:735 tcptran_pipe_recv_cb: Got invalid CONNACK from client!
2026-09-17 06:18:00 [2269276] WARN  /home/kadir/mqtt-fuzzing/builds/nanomq-asan/nng/src/sp/transport/mqtt/broker_tcp.c:895 tcptran_pipe_recv_cb: tcptran_pipe_recv_cb: recv_error rv: 129

2026-09-17 06:18:00 [2269277] WARN  /home/kadir/mqtt-fuzzing/builds/nanomq-asan/nng/src/sp/protocol/mqtt/mqtt_parser.c:1363 nano_msg_notify: test offline!
2026-09-17 06:18:00 [2269271] WARN  /home/kadir/mqtt-fuzzing/builds/nanomq-asan/nng/src/sp/protocol/mqtt/mqtt_parser.c:1359 nano_msg_notify: test online!
2026-09-17 06:18:00 [2269273] WARN  /home/kadir/mqtt-fuzzing/builds/nanomq-asan/nng/src/sp/transport/mqtt/broker_tcp.c:735 tcptran_pipe_recv_cb: Got invalid CONNACK from client!
2026-09-17 06:18:00 [2269273] WARN  /home/kadir/mqtt-fuzzing/builds/nanomq-asan/nng/src/sp/transport/mqtt/broker_tcp.c:895 tcptran_pipe_recv_cb: tcptran_pipe_recv_cb: recv_error rv: 129

2026-09-17 06:18:00 [2269277] WARN  /home/kadir/mqtt-fuzzing/builds/nanomq-asan/nng/src/sp/protocol/mqtt/mqtt_parser.c:1363 nano_msg_notify: test offline!
2026-09-17 06:18:00 [2269274] WARN  /home/kadir/mqtt-fuzzing/builds/nanomq-asan/nng/src/sp/protocol/mqtt/mqtt_parser.c:1359 nano_msg_notify: test online!
2026-09-17 06:18:00 [2269277] WARN  /home/kadir/mqtt-fuzzing/builds/nanomq-asan/nng/src/sp/transport/mqtt/broker_tcp.c:735 tcptran_pipe_recv_cb: Got invalid CONNACK from client!
2026-09-17 06:18:00 [2269277] WARN  /home/kadir/mqtt-fuzzing/builds/nanomq-asan/nng/src/sp/transport/mqtt/broker_tcp.c:895 tcptran_pipe_recv_cb: tcptran_pipe_recv_cb: recv_error rv: 129

2026-09-17 06:18:00 [2269272] WARN  /home/kadir/mqtt-fuzzing/builds/nanomq-asan/nng/src/sp/protocol/mqtt/mqtt_parser.c:1363 nano_msg_notify: test offline!
2026-09-17 06:18:00 [2269277] WARN  /home/kadir/mqtt-fuzzing/builds/nanomq-asan/nng/src/sp/protocol/mqtt/mqtt_parser.c:1359 nano_msg_notify: test online!
2026-09-17 06:18:00 [2269274] WARN  /home/kadir/mqtt-fuzzing/builds/nanomq-asan/nng/src/sp/transport/mqtt/broker_tcp.c:735 tcptran_pipe_recv_cb: Got invalid CONNACK from client!
2026-09-17 06:18:00 [2269274] WARN  /home/kadir/mqtt-fuzzing/builds/nanomq-asan/nng/src/sp/transport/mqtt/broker_tcp.c:895 tcptran_pipe_recv_cb: tcptran_pipe_recv_cb: recv_error rv: 129

2026-09-17 06:18:00 [2269273] WARN  /home/kadir/mqtt-fuzzing/builds/nanomq-asan/nng/src/sp/protocol/mqtt/mqtt_parser.c:1363 nano_msg_notify: test offline!
2026-09-17 06:18:00 [2269274] WARN  /home/kadir/mqtt-fuzzing/builds/nanomq-asan/nng/src/sp/protocol/mqtt/mqtt_parser.c:1359 nano_msg_notify: test online!
2026-09-17 06:18:00 [2269272] WARN  /home/kadir/mqtt-fuzzing/builds/nanomq-asan/nng/src/sp/transport/mqtt/broker_tcp.c:735 tcptran_pipe_recv_cb: Got invalid CONNACK from client!
2026-09-17 06:18:00 [2269272] WARN  /home/kadir/mqtt-fuzzing/builds/nanomq-asan/nng/src/sp/transport/mqtt/broker_tcp.c:895 tcptran_pipe_recv_cb: tcptran_pipe_recv_cb: recv_error rv: 129

2026-09-17 06:18:00 [2269271] WARN  /home/kadir/mqtt-fuzzing/builds/nanomq-asan/nng/src/sp/protocol/mqtt/mqtt_parser.c:1363 nano_msg_notify: test offline!
2026-09-17 06:18:00 [2269271] WARN  /home/kadir/mqtt-fuzzing/builds/nanomq-asan/nng/src/sp/protocol/mqtt/mqtt_parser.c:1359 nano_msg_notify: test online!
2026-09-17 06:18:00 [2269274] WARN  /home/kadir/mqtt-fuzzing/builds/nanomq-asan/nng/src/sp/transport/mqtt/broker_tcp.c:735 tcptran_pipe_recv_cb: Got invalid CONNACK from client!
2026-09-17 06:18:00 [2269274] WARN  /home/kadir/mqtt-fuzzing/builds/nanomq-asan/nng/src/sp/transport/mqtt/broker_tcp.c:895 tcptran_pipe_recv_cb: tcptran_pipe_recv_cb: recv_error rv: 129

2026-09-17 06:18:00 [2269275] WARN  /home/kadir/mqtt-fuzzing/builds/nanomq-asan/nng/src/sp/protocol/mqtt/mqtt_parser.c:1363 nano_msg_notify: test offline!
2026-09-17 06:18:00 [2269271] WARN  /home/kadir/mqtt-fuzzing/builds/nanomq-asan/nng/src/sp/protocol/mqtt/mqtt_parser.c:1359 nano_msg_notify: test online!
2026-09-17 06:18:00 [2269275] WARN  /home/kadir/mqtt-fuzzing/builds/nanomq-asan/nng/src/sp/transport/mqtt/broker_tcp.c:735 tcptran_pipe_recv_cb: Got invalid CONNACK from client!
2026-09-17 06:18:00 [2269275] WARN  /home/kadir/mqtt-fuzzing/builds/nanomq-asan/nng/src/sp/transport/mqtt/broker_tcp.c:895 tcptran_pipe_recv_cb: tcptran_pipe_recv_cb: recv_error rv: 129

2026-09-17 06:18:00 [2269278] WARN  /home/kadir/mqtt-fuzzing/builds/nanomq-asan/nng/src/sp/protocol/mqtt/mqtt_parser.c:1363 nano_msg_notify: test offline!
2026-09-17 06:18:00 [2269273] WARN  /home/kadir/mqtt-fuzzing/builds/nanomq-asan/nng/src/sp/protocol/mqtt/mqtt_parser.c:1359 nano_msg_notify: test online!
2026-09-17 06:18:00 [2269275] WARN  /home/kadir/mqtt-fuzzing/builds/nanomq-asan/nng/src/sp/transport/mqtt/broker_tcp.c:735 tcptran_pipe_recv_cb: Got invalid CONNACK from client!
2026-09-17 06:18:00 [2269275] WARN  /home/kadir/mqtt-fuzzing/builds/nanomq-asan/nng/src/sp/transport/mqtt/broker_tcp.c:895 tcptran_pipe_recv_cb: tcptran_pipe_recv_cb: recv_error rv: 129

2026-09-17 06:18:00 [2269273] WARN  /home/kadir/mqtt-fuzzing/builds/nanomq-asan/nng/src/sp/protocol/mqtt/mqtt_parser.c:1363 nano_msg_notify: test offline!
2026-09-17 06:18:00 [2269275] WARN  /home/kadir/mqtt-fuzzing/builds/nanomq-asan/nng/src/sp/protocol/mqtt/mqtt_parser.c:1359 nano_msg_notify: test online!
2026-09-17 06:18:00 [2269278] WARN  /home/kadir/mqtt-fuzzing/builds/nanomq-asan/nng/src/sp/transport/mqtt/broker_tcp.c:735 tcptran_pipe_recv_cb: Got invalid CONNACK from client!
2026-09-17 06:18:00 [2269278] WARN  /home/kadir/mqtt-fuzzing/builds/nanomq-asan/nng/src/sp/transport/mqtt/broker_tcp.c:895 tcptran_pipe_recv_cb: tcptran_pipe_recv_cb: recv_error rv: 129

2026-09-17 06:18:00 [2269271] WARN  /home/kadir/mqtt-fuzzing/builds/nanomq-asan/nng/src/sp/protocol/mqtt/mqtt_parser.c:1363 nano_msg_notify: test offline!
2026-09-17 06:18:00 [2269274] WARN  /home/kadir/mqtt-fuzzing/builds/nanomq-asan/nng/src/sp/protocol/mqtt/mqtt_parser.c:1359 nano_msg_notify: test online!
2026-09-17 06:18:00 [2269273] WARN  /home/kadir/mqtt-fuzzing/builds/nanomq-asan/nng/src/sp/transport/mqtt/broker_tcp.c:735 tcptran_pipe_recv_cb: Got invalid CONNACK from client!
2026-09-17 06:18:00 [2269273] WARN  /home/kadir/mqtt-fuzzing/builds/nanomq-asan/nng/src/sp/transport/mqtt/broker_tcp.c:895 tcptran_pipe_recv_cb: tcptran_pipe_recv_cb: recv_error rv: 129

2026-09-17 06:18:00 [2269278] WARN  /home/kadir/mqtt-fuzzing/builds/nanomq-asan/nng/src/sp/protocol/mqtt/mqtt_parser.c:1363 nano_msg_notify: test offline!
2026-09-17 06:18:00 [2269273] WARN  /home/kadir/mqtt-fuzzing/builds/nanomq-asan/nng/src/sp/protocol/mqtt/mqtt_parser.c:1359 nano_msg_notify: test online!
2026-09-17 06:18:00 [2269274] WARN  /home/kadir/mqtt-fuzzing/builds/nanomq-asan/nng/src/sp/transport/mqtt/broker_tcp.c:735 tcptran_pipe_recv_cb: Got invalid CONNACK from client!
2026-09-17 06:18:00 [2269274] WARN  /home/kadir/mqtt-fuzzing/builds/nanomq-asan/nng/src/sp/transport/mqtt/broker_tcp.c:895 tcptran_pipe_recv_cb: tcptran_pipe_recv_cb: recv_error rv: 129

2026-09-17 06:18:00 [2269274] WARN  /home/kadir/mqtt-fuzzing/builds/nanomq-asan/nng/src/sp/protocol/mqtt/mqtt_parser.c:1363 nano_msg_notify: test offline!
2026-09-17 06:18:00 [2269271] WARN  /home/kadir/mqtt-fuzzing/builds/nanomq-asan/nng/src/sp/protocol/mqtt/mqtt_parser.c:1359 nano_msg_notify: test online!
2026-09-17 06:18:00 [2269274] WARN  /home/kadir/mqtt-fuzzing/builds/nanomq-asan/nng/src/sp/transport/mqtt/broker_tcp.c:735 tcptran_pipe_recv_cb: Got invalid CONNACK from client!
2026-09-17 06:18:00 [2269274] WARN  /home/kadir/mqtt-fuzzing/builds/nanomq-asan/nng/src/sp/transport/mqtt/broker_tcp.c:895 tcptran_pipe_recv_cb: tcptran_pipe_recv_cb: recv_error rv: 129

2026-09-17 06:18:00 [2269276] WARN  /home/kadir/mqtt-fuzzing/builds/nanomq-asan/nng/src/sp/protocol/mqtt/mqtt_parser.c:1363 nano_msg_notify: test offline!
2026-09-17 06:18:00 [2269272] WARN  /home/kadir/mqtt-fuzzing/builds/nanomq-asan/nng/src/sp/protocol/mqtt/mqtt_parser.c:1359 nano_msg_notify: test online!
2026-09-17 06:18:00 [2269271] WARN  /home/kadir/mqtt-fuzzing/builds/nanomq-asan/nng/src/sp/transport/mqtt/broker_tcp.c:735 tcptran_pipe_recv_cb: Got invalid CONNACK from client!
2026-09-17 06:18:00 [2269271] WARN  /home/kadir/mqtt-fuzzing/builds/nanomq-asan/nng/src/sp/transport/mqtt/broker_tcp.c:895 tcptran_pipe_recv_cb: tcptran_pipe_recv_cb: recv_error rv: 129

2026-09-17 06:18:00 [2269276] WARN  /home/kadir/mqtt-fuzzing/builds/nanomq-asan/nng/src/sp/protocol/mqtt/mqtt_parser.c:1363 nano_msg_notify: test offline!
2026-09-17 06:18:00 [2269278] WARN  /home/kadir/mqtt-fuzzing/builds/nanomq-asan/nng/src/sp/protocol/mqtt/mqtt_parser.c:1359 nano_msg_notify: test online!
2026-09-17 06:18:00 [2269272] WARN  /home/kadir/mqtt-fuzzing/builds/nanomq-asan/nng/src/sp/transport/mqtt/broker_tcp.c:735 tcptran_pipe_recv_cb: Got invalid CONNACK from client!
2026-09-17 06:18:00 [2269272] WARN  /home/kadir/mqtt-fuzzing/builds/nanomq-asan/nng/src/sp/transport/mqtt/broker_tcp.c:895 tcptran_pipe_recv_cb: tcptran_pipe_recv_cb: recv_error rv: 129

2026-09-17 06:18:00 [2269276] WARN  /home/kadir/mqtt-fuzzing/builds/nanomq-asan/nng/src/sp/protocol/mqtt/mqtt_parser.c:1363 nano_msg_notify: test offline!
2026-09-17 06:18:00 [2269275] WARN  /home/kadir/mqtt-fuzzing/builds/nanomq-asan/nng/src/sp/protocol/mqtt/mqtt_parser.c:1359 nano_msg_notify: test online!
2026-09-17 06:18:00 [2269278] WARN  /home/kadir/mqtt-fuzzing/builds/nanomq-asan/nng/src/sp/transport/mqtt/broker_tcp.c:735 tcptran_pipe_recv_cb: Got invalid CONNACK from client!
2026-09-17 06:18:00 [2269278] WARN  /home/kadir/mqtt-fuzzing/builds/nanomq-asan/nng/src/sp/transport/mqtt/broker_tcp.c:895 tcptran_pipe_recv_cb: tcptran_pipe_recv_cb: recv_error rv: 129

2026-09-17 06:18:00 [2269276] WARN  /home/kadir/mqtt-fuzzing/builds/nanomq-asan/nng/src/sp/protocol/mqtt/mqtt_parser.c:1363 nano_msg_notify: test offline!
2026-09-17 06:18:00 [2269272] WARN  /home/kadir/mqtt-fuzzing/builds/nanomq-asan/nng/src/sp/protocol/mqtt/mqtt_parser.c:1359 nano_msg_notify: test online!
2026-09-17 06:18:00 [2269275] WARN  /home/kadir/mqtt-fuzzing/builds/nanomq-asan/nng/src/sp/transport/mqtt/broker_tcp.c:735 tcptran_pipe_recv_cb: Got invalid CONNACK from client!
2026-09-17 06:18:00 [2269275] WARN  /home/kadir/mqtt-fuzzing/builds/nanomq-asan/nng/src/sp/transport/mqtt/broker_tcp.c:895 tcptran_pipe_recv_cb: tcptran_pipe_recv_cb: recv_error rv: 129

2026-09-17 06:18:00 [2269278] WARN  /home/kadir/mqtt-fuzzing/builds/nanomq-asan/nng/src/sp/protocol/mqtt/mqtt_parser.c:1363 nano_msg_notify: test offline!
2026-09-17 06:18:00 [2269274] WARN  /home/kadir/mqtt-fuzzing/builds/nanomq-asan/nng/src/sp/protocol/mqtt/mqtt_parser.c:1359 nano_msg_notify: test online!
2026-09-17 06:18:00 [2269271] WARN  /home/kadir/mqtt-fuzzing/builds/nanomq-asan/nng/src/sp/transport/mqtt/broker_tcp.c:735 tcptran_pipe_recv_cb: Got invalid CONNACK from client!
2026-09-17 06:18:00 [2269271] WARN  /home/kadir/mqtt-fuzzing/builds/nanomq-asan/nng/src/sp/transport/mqtt/broker_tcp.c:895 tcptran_pipe_recv_cb: tcptran_pipe_recv_cb: recv_error rv: 129

2026-09-17 06:18:00 [2269278] WARN  /home/kadir/mqtt-fuzzing/builds/nanomq-asan/nng/src/sp/protocol/mqtt/mqtt_parser.c:1363 nano_msg_notify: test offline!
2026-09-17 06:18:00 [2269276] WARN  /home/kadir/mqtt-fuzzing/builds/nanomq-asan/nng/src/sp/protocol/mqtt/mqtt_parser.c:1359 nano_msg_notify: test online!
2026-09-17 06:18:00 [2269275] WARN  /home/kadir/mqtt-fuzzing/builds/nanomq-asan/nng/src/sp/transport/mqtt/broker_tcp.c:735 tcptran_pipe_recv_cb: Got invalid CONNACK from client!
2026-09-17 06:18:00 [2269275] WARN  /home/kadir/mqtt-fuzzing/builds/nanomq-asan/nng/src/sp/transport/mqtt/broker_tcp.c:895 tcptran_pipe_recv_cb: tcptran_pipe_recv_cb: recv_error rv: 129

2026-09-17 06:18:00 [2269271] WARN  /home/kadir/mqtt-fuzzing/builds/nanomq-asan/nng/src/sp/protocol/mqtt/mqtt_parser.c:1363 nano_msg_notify: test offline!
2026-09-17 06:18:00 [2269275] WARN  /home/kadir/mqtt-fuzzing/builds/nanomq-asan/nng/src/sp/protocol/mqtt/mqtt_parser.c:1359 nano_msg_notify: test online!
2026-09-17 06:18:00 [2269273] WARN  /home/kadir/mqtt-fuzzing/builds/nanomq-asan/nng/src/sp/transport/mqtt/broker_tcp.c:735 tcptran_pipe_recv_cb: Got invalid CONNACK from client!
2026-09-17 06:18:00 [2269273] WARN  /home/kadir/mqtt-fuzzing/builds/nanomq-asan/nng/src/sp/transport/mqtt/broker_tcp.c:895 tcptran_pipe_recv_cb: tcptran_pipe_recv_cb: recv_error rv: 129

2026-09-17 06:18:00 [2269272] WARN  /home/kadir/mqtt-fuzzing/builds/nanomq-asan/nng/src/sp/protocol/mqtt/mqtt_parser.c:1363 nano_msg_notify: test offline!
2026-09-17 06:18:00 [2269273] WARN  /home/kadir/mqtt-fuzzing/builds/nanomq-asan/nng/src/sp/protocol/mqtt/mqtt_parser.c:1359 nano_msg_notify: test online!
2026-09-17 06:18:00 [2269276] WARN  /home/kadir/mqtt-fuzzing/builds/nanomq-asan/nng/src/sp/transport/mqtt/broker_tcp.c:735 tcptran_pipe_recv_cb: Got invalid CONNACK from client!
2026-09-17 06:18:00 [2269276] WARN  /home/kadir/mqtt-fuzzing/builds/nanomq-asan/nng/src/sp/transport/mqtt/broker_tcp.c:895 tcptran_pipe_recv_cb: tcptran_pipe_recv_cb: recv_error rv: 129

2026-09-17 06:18:00 [2269275] WARN  /home/kadir/mqtt-fuzzing/builds/nanomq-asan/nng/src/sp/protocol/mqtt/mqtt_parser.c:1363 nano_msg_notify: test offline!
2026-09-17 06:18:00 [2269277] WARN  /home/kadir/mqtt-fuzzing/builds/nanomq-asan/nng/src/sp/protocol/mqtt/mqtt_parser.c:1359 nano_msg_notify: test online!
2026-09-17 06:18:00 [2269278] WARN  /home/kadir/mqtt-fuzzing/builds/nanomq-asan/nng/src/sp/transport/mqtt/broker_tcp.c:735 tcptran_pipe_recv_cb: Got invalid CONNACK from client!
2026-09-17 06:18:00 [2269278] WARN  /home/kadir/mqtt-fuzzing/builds/nanomq-asan/nng/src/sp/transport/mqtt/broker_tcp.c:895 tcptran_pipe_recv_cb: tcptran_pipe_recv_cb: recv_error rv: 129

2026-09-17 06:18:00 [2269274] WARN  /home/kadir/mqtt-fuzzing/builds/nanomq-asan/nng/src/sp/protocol/mqtt/mqtt_parser.c:1363 nano_msg_notify: test offline!
2026-09-17 06:18:00 [2269276] WARN  /home/kadir/mqtt-fuzzing/builds/nanomq-asan/nng/src/sp/protocol/mqtt/mqtt_parser.c:1359 nano_msg_notify: test online!
2026-09-17 06:18:00 [2269277] WARN  /home/kadir/mqtt-fuzzing/builds/nanomq-asan/nng/src/sp/transport/mqtt/broker_tcp.c:735 tcptran_pipe_recv_cb: Got invalid CONNACK from client!
2026-09-17 06:18:00 [2269277] WARN  /home/kadir/mqtt-fuzzing/builds/nanomq-asan/nng/src/sp/transport/mqtt/broker_tcp.c:895 tcptran_pipe_recv_cb: tcptran_pipe_recv_cb: recv_error rv: 129

2026-09-17 06:18:00 [2269274] WARN  /home/kadir/mqtt-fuzzing/builds/nanomq-asan/nng/src/sp/protocol/mqtt/mqtt_parser.c:1363 nano_msg_notify: test offline!
2026-09-17 06:18:00 [2269277] WARN  /home/kadir/mqtt-fuzzing/builds/nanomq-asan/nng/src/sp/protocol/mqtt/mqtt_parser.c:1359 nano_msg_notify: test online!
2026-09-17 06:18:00 [2269273] WARN  /home/kadir/mqtt-fuzzing/builds/nanomq-asan/nng/src/sp/transport/mqtt/broker_tcp.c:735 tcptran_pipe_recv_cb: Got invalid CONNACK from client!
2026-09-17 06:18:00 [2269273] WARN  /home/kadir/mqtt-fuzzing/builds/nanomq-asan/nng/src/sp/transport/mqtt/broker_tcp.c:895 tcptran_pipe_recv_cb: tcptran_pipe_recv_cb: recv_error rv: 129

2026-09-17 06:18:00 [2269272] WARN  /home/kadir/mqtt-fuzzing/builds/nanomq-asan/nng/src/sp/protocol/mqtt/mqtt_parser.c:1363 nano_msg_notify: test offline!
2026-09-17 06:18:00 [2269265] ERROR /home/kadir/mqtt-fuzzing/builds/nanomq-asan/nanomq/apps/broker.c:118 sig_handler: signal signumber: 15 received!

