timestamp,cpu_pct,rss_kb,threads,swap_kb,temp_c
2026-09-16T22:18:00.566Z,3.5,30112,19,0,50.5
2026-09-16T22:18:05.607Z,35.2,60488,19,0,51.5
2026-09-16T22:18:10.664Z,41.5,81540,19,0,52.6
2026-09-16T22:18:15.707Z,44.4,102572,19,0,52.6
2026-09-16T22:18:20.748Z,46.2,121796,19,0,52.6
2026-09-16T22:18:25.789Z,47.3,139208,19,0,52.6
2026-09-16T22:18:30.830Z,48.1,156184,19,0,53.7
2026-09-16T22:18:35.873Z,48.4,172428,19,0,52.6
2026-09-16T22:18:40.912Z,50.6,190560,19,0,52.6
2026-09-16T22:18:45.955Z,51.9,207284,19,0,53.2
2026-09-16T22:18:51.002Z,53.4,225312,19,0,53.7
2026-09-16T22:18:56.043Z,54.8,243756,19,0,53.7
2026-09-16T22:19:01.085Z,55.6,260636,19,0,53.7
2026-09-16T22:19:06.127Z,57.0,282040,19,0,53.7
2026-09-16T22:19:11.169Z,57.4,297936,19,0,53.2
2026-09-16T22:19:16.209Z,57.8,313892,19,0,53.2
2026-09-16T22:19:21.247Z,58.2,329644,19,0,53.7
2026-09-16T22:19:26.293Z,58.0,345168,19,0,53.2
2026-09-16T22:19:31.333Z,57.7,359800,19,0,53.2
2026-09-16T22:19:36.377Z,57.4,374428,19,0,53.7
2026-09-16T22:19:41.417Z,57.2,388936,19,0,53.2
2026-09-16T22:19:46.457Z,57.0,403916,19,0,53.2
2026-09-16T22:19:51.497Z,56.8,418448,19,0,53.7
2026-09-16T22:19:56.540Z,56.6,427824,19,0,52.6
2026-09-16T22:20:01.582Z,56.8,431968,19,0,54.2
2026-09-16T22:20:06.623Z,57.0,429728,19,0,53.7
2026-09-16T22:20:11.659Z,57.3,430660,19,0,54.2
2026-09-16T22:20:16.700Z,57.6,430700,19,0,54.2
2026-09-16T22:20:21.743Z,57.8,430780,19,0,53.7
2026-09-16T22:20:26.785Z,58.3,434812,19,0,54.8
2026-09-16T22:20:31.830Z,58.3,434968,19,0,54.8
2026-09-16T22:20:36.870Z,58.4,433672,19,0,54.2
2026-09-16T22:20:41.908Z,58.4,433816,19,0,53.7
2026-09-16T22:20:46.950Z,58.2,434228,19,0,54.8
2026-09-16T22:20:51.998Z,58.0,434272,19,0,53.7
2026-09-16T22:20:57.039Z,57.8,436316,19,0,53.7
2026-09-16T22:21:02.081Z,57.6,436984,19,0,53.7
2026-09-16T22:21:07.123Z,57.4,437056,19,0,53.7
2026-09-16T22:21:12.165Z,57.3,436092,19,0,53.7
2026-09-16T22:21:17.204Z,57.0,436220,19,0,53.7
2026-09-16T22:21:22.245Z,57.2,436352,19,0,54.2
2026-09-16T22:21:27.292Z,57.3,436372,19,0,54.8
2026-09-16T22:21:32.333Z,57.5,436624,19,0,54.8
2026-09-16T22:21:37.379Z,57.7,437076,19,0,54.2
2026-09-16T22:21:42.421Z,57.8,435980,19,0,53.7
2026-09-16T22:21:47.463Z,58.1,436500,19,0,54.8
2026-09-16T22:21:52.503Z,58.2,436236,19,0,54.8
2026-09-16T22:21:57.545Z,58.0,436400,19,0,53.7
2026-09-16T22:22:02.588Z,58.0,436540,19,0,54.8
2026-09-16T22:22:07.632Z,57.9,437064,19,0,53.7
2026-09-16T22:22:12.672Z,57.8,437068,19,0,54.2
2026-09-16T22:22:17.716Z,57.6,439604,19,0,53.7
2026-09-16T22:22:22.755Z,57.5,439608,19,0,53.7
2026-09-16T22:22:27.798Z,57.4,439192,19,0,53.7
2026-09-16T22:22:32.837Z,57.2,439228,19,0,53.7
2026-09-16T22:22:37.878Z,57.1,439252,19,0,54.2
2026-09-16T22:22:42.917Z,57.2,440916,19,0,54.8
2026-09-16T22:22:48.002Z,57.2,440976,19,0,54.8
2026-09-16T22:22:53.045Z,57.4,441072,19,0,54.8
2026-09-16T22:22:58.085Z,57.5,442036,19,0,55.3
2026-09-16T22:23:03.125Z,57.6,439180,19,0,54.8
2026-09-16T22:23:08.165Z,57.8,439660,19,0,54.8
2026-09-16T22:23:13.208Z,57.9,438004,19,0,54.2
2026-09-16T22:23:18.246Z,58.0,438052,19,0,54.8
2026-09-16T22:23:23.284Z,58.0,439576,19,0,54.8
2026-09-16T22:23:28.328Z,57.9,439748,19,0,54.8
2026-09-16T22:23:33.369Z,57.8,441076,19,0,54.8
2026-09-16T22:23:38.410Z,57.6,441076,19,0,54.8
2026-09-16T22:23:43.454Z,57.5,441128,19,0,54.8
2026-09-16T22:23:48.497Z,57.4,441580,19,0,54.2
2026-09-16T22:23:53.538Z,57.3,441584,19,0,54.2
2026-09-16T22:23:58.578Z,57.3,444468,19,0,54.8
2026-09-16T22:24:03.618Z,57.4,444624,19,0,54.8
2026-09-16T22:24:08.656Z,57.4,441916,19,0,55.3
2026-09-16T22:24:13.694Z,57.6,442220,19,0,55.8
2026-09-16T22:24:18.731Z,57.6,439624,19,0,55.8
2026-09-16T22:24:23.770Z,57.7,439780,19,0,55.3
2026-09-16T22:24:28.811Z,57.8,438832,19,0,55.3
2026-09-16T22:24:33.854Z,57.9,438876,19,0,54.8
2026-09-16T22:24:38.894Z,57.9,441280,19,0,54.8
2026-09-16T22:24:43.938Z,57.9,441452,19,0,54.8
2026-09-16T22:24:48.976Z,57.8,440680,19,0,54.8
2026-09-16T22:24:54.017Z,57.7,440680,19,0,54.2
2026-09-16T22:24:59.067Z,57.6,441076,19,0,54.8
2026-09-16T22:25:04.106Z,57.6,442180,19,0,54.8
2026-09-16T22:25:09.148Z,57.5,442184,19,0,54.2
2026-09-16T22:25:14.190Z,57.4,444572,19,0,54.2
2026-09-16T22:25:19.234Z,57.4,444800,19,0,54.2
2026-09-16T22:25:24.273Z,57.5,443580,19,0,54.8
2026-09-16T22:25:29.308Z,57.4,443592,19,0,53.7
2026-09-16T22:25:34.348Z,57.5,441748,19,0,55.8
2026-09-16T22:25:39.392Z,57.5,441912,19,0,54.8
2026-09-16T22:25:44.430Z,57.6,442276,19,0,55.8
2026-09-16T22:25:49.470Z,57.7,442112,19,0,55.3
2026-09-16T22:25:54.511Z,57.7,439772,19,0,55.3
2026-09-16T22:25:59.553Z,57.8,439776,19,0,54.8
2026-09-16T22:26:04.614Z,57.8,441372,19,0,54.8
2026-09-16T22:26:09.654Z,57.7,441540,19,0,54.8
2026-09-16T22:26:14.694Z,57.6,441708,19,0,54.8
2026-09-16T22:26:19.731Z,57.5,443620,19,0,54.8
2026-09-16T22:26:24.773Z,57.5,443640,19,0,53.7
2026-09-16T22:26:29.812Z,57.4,444128,19,0,54.2
2026-09-16T22:26:34.852Z,57.4,444284,19,0,54.2
2026-09-16T22:26:39.893Z,57.3,444480,19,0,54.8
2026-09-16T22:26:44.940Z,57.4,444304,19,0,55.3
2026-09-16T22:26:49.982Z,57.4,444312,19,0,55.3
2026-09-16T22:26:55.021Z,57.5,443792,19,0,55.8
2026-09-16T22:27:00.067Z,57.5,443944,19,0,55.3
2026-09-16T22:27:05.108Z,57.7,441408,19,0,55.8
2026-09-16T22:27:10.150Z,57.7,441640,19,0,55.8
2026-09-16T22:27:15.190Z,57.7,440144,19,0,54.8
2026-09-16T22:27:20.231Z,57.8,440312,19,0,55.3
2026-09-16T22:27:25.272Z,57.8,442392,19,0,54.8
2026-09-16T22:27:30.315Z,57.7,442396,19,0,54.8
2026-09-16T22:27:35.357Z,57.6,444080,19,0,54.2
2026-09-16T22:27:40.398Z,57.6,444080,19,0,54.8
2026-09-16T22:27:45.442Z,57.5,444392,19,0,54.2
2026-09-16T22:27:50.484Z,57.5,444468,19,0,54.8
2026-09-16T22:27:55.528Z,57.4,444492,19,0,54.2
2026-09-16T22:28:00.566Z,57.4,445636,19,0,54.8
2026-09-16T22:28:05.608Z,57.4,445664,19,0,54.8
2026-09-16T22:28:10.647Z,57.5,441780,19,0,54.8
2026-09-16T22:28:15.687Z,57.6,441980,19,0,55.8
2026-09-16T22:28:20.729Z,57.6,440688,19,0,55.3
2026-09-16T22:28:25.772Z,57.7,440764,19,0,55.8
2026-09-16T22:28:30.814Z,57.8,440644,19,0,54.8
2026-09-16T22:28:35.853Z,57.7,440700,19,0,54.8
2026-09-16T22:28:40.896Z,57.7,441352,19,0,55.8
2026-09-16T22:28:45.936Z,57.7,441556,19,0,55.3
2026-09-16T22:28:50.977Z,57.7,442012,19,0,55.3
2026-09-16T22:28:56.017Z,57.6,442248,19,0,54.2
2026-09-16T22:29:01.057Z,57.5,442280,19,0,55.3
2026-09-16T22:29:06.097Z,57.5,443940,19,0,54.8
2026-09-16T22:29:11.144Z,57.5,443944,19,0,54.8
2026-09-16T22:29:16.187Z,57.4,444952,19,0,55.3
2026-09-16T22:29:21.228Z,57.4,445156,19,0,54.8
2026-09-16T22:29:26.268Z,57.4,445232,19,0,54.8
2026-09-16T22:29:31.307Z,57.5,444728,19,0,55.8
2026-09-16T22:29:36.352Z,57.5,444956,19,0,55.3
2026-09-16T22:29:41.393Z,57.6,441412,19,0,54.8
2026-09-16T22:29:46.451Z,57.7,441292,19,0,56.4
2026-09-16T22:29:51.492Z,57.7,441588,19,0,55.8
2026-09-16T22:29:56.538Z,57.7,441676,19,0,55.8
2026-09-16T22:30:01.582Z,57.8,441688,19,0,55.3
2026-09-16T22:30:06.622Z,57.7,441844,19,0,55.8
2026-09-16T22:30:11.662Z,57.7,440580,19,0,55.3
2026-09-16T22:30:16.702Z,57.6,440624,19,0,54.8
2026-09-16T22:30:21.742Z,57.6,443540,19,0,54.8
2026-09-16T22:30:26.785Z,57.5,443540,19,0,54.8
2026-09-16T22:30:31.827Z,57.5,444472,19,0,54.8
2026-09-16T22:30:36.870Z,57.4,444492,19,0,54.8
2026-09-16T22:30:41.910Z,57.5,444784,19,0,55.8
2026-09-16T22:30:46.950Z,57.5,444316,19,0,55.3
2026-09-16T22:30:51.992Z,57.5,444420,19,0,55.3
2026-09-16T22:30:57.031Z,57.6,443308,19,0,55.8
2026-09-16T22:31:02.070Z,57.6,443332,19,0,55.3
2026-09-16T22:31:07.114Z,57.7,442832,19,0,55.8
2026-09-16T22:31:12.152Z,57.7,441528,19,0,55.8
2026-09-16T22:31:17.191Z,57.8,441652,19,0,55.8
2026-09-16T22:31:22.233Z,57.7,441684,19,0,54.8
2026-09-16T22:31:27.270Z,57.7,443300,19,0,55.8
2026-09-16T22:31:32.315Z,57.6,443332,19,0,54.8
2026-09-16T22:31:37.358Z,57.6,444184,19,0,54.8
2026-09-16T22:31:42.402Z,57.6,444184,19,0,54.8
2026-09-16T22:31:47.440Z,57.5,444184,19,0,54.8
2026-09-16T22:31:52.484Z,57.5,445016,19,0,54.8
2026-09-16T22:31:57.525Z,57.4,445044,19,0,54.8
2026-09-16T22:32:02.563Z,57.5,445200,19,0,54.8
2026-09-16T22:32:07.608Z,57.5,445276,19,0,55.3
2026-09-16T22:32:12.647Z,57.5,443720,19,0,55.8
2026-09-16T22:32:17.687Z,57.6,443924,19,0,55.8
2026-09-16T22:32:22.731Z,57.6,442740,19,0,55.8
2026-09-16T22:32:27.771Z,57.7,443032,19,0,55.8
2026-09-16T22:32:32.810Z,57.7,441604,19,0,55.8
2026-09-16T22:32:37.847Z,57.7,441676,19,0,55.8
2026-09-16T22:32:42.886Z,57.8,442752,19,0,55.8
2026-09-16T22:32:47.926Z,57.7,442944,19,0,55.8
2026-09-16T22:32:52.964Z,57.7,443128,19,0,55.3
2026-09-16T22:32:58.009Z,57.6,444276,19,0,54.8
2026-09-16T22:33:03.056Z,57.6,444280,19,0,54.8
2026-09-16T22:33:08.102Z,57.6,444756,19,0,55.8
2026-09-16T22:33:13.147Z,57.5,444760,19,0,54.8
2026-09-16T22:33:18.187Z,57.5,445096,19,0,54.8
2026-09-16T22:33:23.231Z,57.5,445732,19,0,55.8
2026-09-16T22:33:28.279Z,57.5,445796,19,0,54.8
2026-09-16T22:33:33.318Z,57.6,444444,19,0,55.8
2026-09-16T22:33:38.364Z,57.6,444584,19,0,55.8
2026-09-16T22:33:43.408Z,57.6,444396,19,0,55.3
2026-09-16T22:33:48.448Z,57.7,444632,19,0,55.8
2026-09-16T22:33:53.488Z,57.7,441476,19,0,55.8
2026-09-16T22:33:58.533Z,57.7,441608,19,0,55.8
2026-09-16T22:34:03.574Z,57.7,443848,19,0,55.8
2026-09-16T22:34:08.614Z,57.7,444016,19,0,54.8
2026-09-16T22:34:13.654Z,57.7,443732,19,0,55.3
2026-09-16T22:34:18.696Z,57.7,443748,19,0,54.8
2026-09-16T22:34:23.737Z,57.6,444768,19,0,55.3
2026-09-16T22:34:28.778Z,57.6,444836,19,0,54.8
2026-09-16T22:34:33.817Z,57.6,444956,19,0,54.8
2026-09-16T22:34:38.861Z,57.5,447272,19,0,54.8
2026-09-16T22:34:43.909Z,57.5,447444,19,0,55.3
2026-09-16T22:34:48.949Z,57.5,445392,19,0,55.8
2026-09-16T22:34:53.989Z,57.6,445568,19,0,55.8
2026-09-16T22:34:59.029Z,57.6,444552,19,0,56.4
2026-09-16T22:35:04.070Z,57.7,444596,19,0,55.8
2026-09-16T22:35:09.111Z,57.7,443664,19,0,55.8
2026-09-16T22:35:14.149Z,57.8,443724,19,0,55.8
2026-09-16T22:35:19.192Z,57.8,442920,19,0,55.8
2026-09-16T22:35:24.235Z,57.8,442924,19,0,56.4
2026-09-16T22:35:29.275Z,57.8,442528,19,0,55.8
2026-09-16T22:35:34.315Z,57.7,442588,19,0,55.3
2026-09-16T22:35:39.357Z,57.7,444620,19,0,54.8
2026-09-16T22:35:44.399Z,57.7,445516,19,0,54.8
2026-09-16T22:35:49.440Z,57.6,445520,19,0,55.3
2026-09-16T22:35:54.482Z,57.6,445992,19,0,55.3
2026-09-16T22:35:59.524Z,57.6,446188,19,0,55.3
2026-09-16T22:36:04.565Z,57.6,444404,19,0,55.3
2026-09-16T22:36:09.605Z,57.6,444440,19,0,55.8
2026-09-16T22:36:14.644Z,57.7,444484,19,0,55.8
2026-09-16T22:36:19.686Z,57.7,444540,19,0,54.8
2026-09-16T22:36:24.727Z,57.7,443448,19,0,54.8
2026-09-16T22:36:29.769Z,57.8,443800,19,0,56.4
2026-09-16T22:36:34.809Z,57.8,441952,19,0,55.3
2026-09-16T22:36:39.851Z,57.8,442000,19,0,55.8
2026-09-16T22:36:44.888Z,57.8,443296,19,0,55.8
2026-09-16T22:36:49.930Z,57.8,443508,19,0,55.8
2026-09-16T22:36:54.975Z,57.7,443796,19,0,55.3
2026-09-16T22:37:00.017Z,57.7,445224,19,0,55.8
2026-09-16T22:37:05.057Z,57.7,445228,19,0,54.8
2026-09-16T22:37:10.096Z,57.6,445136,19,0,55.8
2026-09-16T22:37:15.136Z,57.6,445168,19,0,54.8
2026-09-16T22:37:20.179Z,57.6,445588,19,0,55.3
2026-09-16T22:37:25.221Z,57.6,446196,19,0,55.3
2026-09-16T22:37:30.259Z,57.6,446224,19,0,55.8
2026-09-16T22:37:35.299Z,57.6,445932,19,0,56.4
2026-09-16T22:37:40.339Z,57.7,446108,19,0,55.8
2026-09-16T22:37:45.381Z,57.7,443052,19,0,55.8
2026-09-16T22:37:50.424Z,57.8,443340,19,0,56.4
2026-09-16T22:37:55.465Z,57.8,443116,19,0,55.8
2026-09-16T22:38:00.502Z,57.7,443116,19,0,55.3
2026-09-16T22:38:05.541Z,57.8,444636,19,0,55.8
2026-09-16T22:38:10.583Z,57.7,444804,19,0,55.8
2026-09-16T22:38:15.635Z,57.7,444300,19,0,55.8
2026-09-16T22:38:20.675Z,57.7,444308,19,0,54.8
2026-09-16T22:38:25.719Z,57.6,445244,19,0,55.3
2026-09-16T22:38:30.759Z,57.6,446000,19,0,54.8
2026-09-16T22:38:35.803Z,57.6,446112,19,0,54.8
2026-09-16T22:38:40.843Z,57.6,447036,19,0,55.8
2026-09-16T22:38:45.885Z,57.6,447092,19,0,55.8
2026-09-16T22:38:50.923Z,57.6,445636,19,0,55.8
2026-09-16T22:38:55.964Z,57.6,445920,19,0,55.8
2026-09-16T22:39:01.005Z,57.7,443868,19,0,55.8
2026-09-16T22:39:06.045Z,57.7,443868,19,0,55.8
2026-09-16T22:39:11.086Z,57.7,443692,19,0,56.9
2026-09-16T22:39:16.127Z,57.8,443820,19,0,55.8
2026-09-16T22:39:21.167Z,57.8,443576,19,0,56.9
2026-09-16T22:39:26.210Z,57.8,443584,19,0,55.8
2026-09-16T22:39:31.252Z,57.8,443988,19,0,55.8
2026-09-16T22:39:36.301Z,57.7,444016,19,0,55.8
2026-09-16T22:39:41.345Z,57.7,445060,19,0,55.3
2026-09-16T22:39:46.387Z,57.7,447364,19,0,55.8
2026-09-16T22:39:51.429Z,57.7,447376,19,0,55.8
2026-09-16T22:39:56.470Z,57.6,446092,19,0,54.8
2026-09-16T22:40:01.512Z,57.6,446260,19,0,55.8
2026-09-16T22:40:06.556Z,57.6,445756,19,0,56.4
2026-09-16T22:40:11.604Z,57.6,445868,19,0,55.3
2026-09-16T22:40:16.644Z,57.7,445260,19,0,55.8
2026-09-16T22:40:21.685Z,57.7,445260,19,0,56.4
2026-09-16T22:40:26.726Z,57.7,443324,19,0,55.8
2026-09-16T22:40:31.766Z,57.8,443640,19,0,55.8
2026-09-16T22:40:36.814Z,57.8,442856,19,0,55.8
2026-09-16T22:40:41.857Z,57.8,442936,19,0,55.8
2026-09-16T22:40:46.899Z,57.8,443328,19,0,55.8
2026-09-16T22:40:51.940Z,57.8,444124,19,0,55.3
2026-09-16T22:40:56.984Z,57.8,444160,19,0,55.3
2026-09-16T22:41:02.023Z,57.8,445836,19,0,54.8
2026-09-16T22:41:07.066Z,57.7,445836,19,0,55.3
2026-09-16T22:41:12.105Z,57.7,445960,19,0,55.8
2026-09-16T22:41:17.147Z,57.7,446180,19,0,55.3
2026-09-16T22:41:22.188Z,57.7,446404,19,0,54.8
2026-09-16T22:41:27.233Z,57.7,446764,19,0,55.8
2026-09-16T22:41:32.272Z,57.7,446772,19,0,55.3
2026-09-16T22:41:37.314Z,57.7,446452,19,0,55.8
2026-09-16T22:41:42.357Z,57.8,446604,19,0,55.8
2026-09-16T22:41:47.399Z,57.8,443972,19,0,55.8
2026-09-16T22:41:52.442Z,57.8,444212,19,0,55.8
2026-09-16T22:41:57.486Z,57.8,443568,19,0,55.8
2026-09-16T22:42:02.525Z,57.9,443600,19,0,56.4
2026-09-16T22:42:07.567Z,57.9,444804,19,0,56.4
2026-09-16T22:42:12.613Z,57.8,444808,19,0,55.8
2026-09-16T22:42:17.653Z,57.8,444812,19,0,55.8
2026-09-16T22:42:22.690Z,57.8,444812,19,0,55.8
2026-09-16T22:42:27.727Z,57.8,445860,19,0,55.8
2026-09-16T22:42:32.768Z,57.7,445900,19,0,55.8
2026-09-16T22:42:37.809Z,57.7,445900,19,0,55.3
2026-09-16T22:42:42.851Z,57.7,448476,19,0,54.8
2026-09-16T22:42:47.889Z,57.7,448504,19,0,55.8
2026-09-16T22:42:52.931Z,57.7,446404,19,0,55.3
2026-09-16T22:42:57.972Z,57.8,446644,19,0,55.8
2026-09-16T22:43:03.016Z,57.8,445144,19,0,55.8
2026-09-16T22:43:08.054Z,57.8,445292,19,0,56.4
2026-09-16T22:43:13.094Z,57.9,443664,19,0,55.8
2026-09-16T22:43:18.142Z,57.9,443740,19,0,56.4
2026-09-16T22:43:23.182Z,57.9,444608,19,0,55.8
2026-09-16T22:43:28.222Z,57.9,444776,19,0,55.8
2026-09-16T22:43:33.262Z,57.9,444460,19,0,55.8
2026-09-16T22:43:38.303Z,57.8,444460,19,0,55.8
2026-09-16T22:43:43.350Z,57.8,445012,19,0,55.8
2026-09-16T22:43:48.394Z,57.8,447136,19,0,55.8
2026-09-16T22:43:53.434Z,57.8,447136,19,0,54.8
2026-09-16T22:43:58.476Z,57.7,446356,19,0,55.3
2026-09-16T22:44:03.515Z,57.7,446528,19,0,55.8
2026-09-16T22:44:08.555Z,57.8,445440,19,0,56.4
2026-09-16T22:44:13.605Z,57.8,445520,19,0,56.4
2026-09-16T22:44:18.650Z,57.8,444516,19,0,56.4
2026-09-16T22:44:23.689Z,57.8,444560,19,0,55.8
2026-09-16T22:44:28.729Z,57.9,444472,19,0,56.9
2026-09-16T22:44:33.769Z,57.9,444696,19,0,55.8
2026-09-16T22:44:38.810Z,57.9,444136,19,0,56.4
2026-09-16T22:44:43.848Z,57.9,444232,19,0,55.8
2026-09-16T22:44:48.889Z,57.9,444176,19,0,55.8
2026-09-16T22:44:53.932Z,57.9,444180,19,0,55.8
2026-09-16T22:44:58.972Z,57.8,444844,19,0,55.8
2026-09-16T22:45:04.017Z,57.8,445928,19,0,55.8
2026-09-16T22:45:09.058Z,57.8,445928,19,0,55.8
2026-09-16T22:45:14.101Z,57.8,445928,19,0,54.8
2026-09-16T22:45:19.139Z,57.8,445968,19,0,54.8
2026-09-16T22:45:24.180Z,57.8,446964,19,0,56.4
2026-09-16T22:45:29.219Z,57.8,447056,19,0,55.8
2026-09-16T22:45:34.258Z,57.8,446228,19,0,56.4
2026-09-16T22:45:39.299Z,57.8,446484,19,0,55.8
2026-09-16T22:45:44.343Z,57.8,448260,19,0,55.8
2026-09-16T22:45:49.380Z,57.9,446800,19,0,56.4
2026-09-16T22:45:54.419Z,57.9,447040,19,0,56.4
2026-09-16T22:45:59.460Z,57.9,445912,19,0,56.4
2026-09-16T22:46:04.499Z,57.9,445932,19,0,56.4
2026-09-16T22:46:09.539Z,57.9,446820,19,0,55.8
2026-09-16T22:46:14.579Z,57.9,446824,19,0,55.8
2026-09-16T22:46:19.619Z,57.9,448732,19,0,55.8
2026-09-16T22:46:24.659Z,57.8,448736,19,0,55.8
2026-09-16T22:46:29.698Z,57.8,448536,19,0,55.8
2026-09-16T22:46:34.738Z,57.8,448552,19,0,55.3
2026-09-16T22:46:39.774Z,57.8,448672,19,0,55.8
2026-09-16T22:46:44.812Z,57.8,449160,19,0,55.8
2026-09-16T22:46:49.852Z,57.8,449184,19,0,55.8
2026-09-16T22:46:54.892Z,57.8,448324,19,0,56.4
2026-09-16T22:46:59.933Z,57.8,448400,19,0,55.8
2026-09-16T22:47:04.975Z,57.9,447384,19,0,55.8
2026-09-16T22:47:10.017Z,57.9,447628,19,0,56.4
2026-09-16T22:47:15.059Z,57.9,445328,19,0,56.9
2026-09-16T22:47:20.098Z,57.9,445388,19,0,55.8
2026-09-16T22:47:25.139Z,57.9,446892,19,0,56.4
2026-09-16T22:47:30.180Z,57.9,447112,19,0,55.8
2026-09-16T22:47:35.222Z,57.9,447304,19,0,55.8
2026-09-16T22:47:40.261Z,57.9,447312,19,0,55.8
2026-09-16T22:47:45.301Z,57.8,448944,19,0,55.8
2026-09-16T22:47:50.342Z,57.8,448956,19,0,55.3
2026-09-16T22:47:55.383Z,57.8,448956,19,0,55.8
2026-09-16T22:48:00.427Z,57.8,449696,19,0,55.3
2026-09-16T22:48:05.472Z,57.8,449776,19,0,55.8
2026-09-16T22:48:10.514Z,57.8,447852,19,0,55.8
2026-09-16T22:48:15.551Z,57.8,448112,19,0,56.4
2026-09-16T22:48:20.593Z,57.8,446804,19,0,55.8
2026-09-16T22:48:25.635Z,57.8,446808,19,0,55.8
2026-09-16T22:48:30.676Z,57.9,446480,19,0,56.4
2026-09-16T22:48:35.714Z,57.9,446560,19,0,56.4
2026-09-16T22:48:40.754Z,57.9,446300,19,0,56.4
2026-09-16T22:48:45.791Z,57.9,446304,19,0,56.4
2026-09-16T22:48:50.832Z,57.9,446652,19,0,55.8
2026-09-16T22:48:55.874Z,57.9,446668,19,0,54.8
2026-09-16T22:49:00.918Z,57.8,447924,19,0,55.8
2026-09-16T22:49:05.961Z,57.8,448716,19,0,55.8
2026-09-16T22:49:11.002Z,57.8,448720,19,0,55.8
2026-09-16T22:49:16.042Z,57.8,448960,19,0,55.8
2026-09-16T22:49:21.083Z,57.8,449132,19,0,55.8
2026-09-16T22:49:26.125Z,57.8,448724,19,0,55.8
2026-09-16T22:49:31.165Z,57.8,448840,19,0,55.8
2026-09-16T22:49:36.202Z,57.8,446280,19,0,56.4
2026-09-16T22:49:41.244Z,57.8,446332,19,0,56.4
2026-09-16T22:49:46.283Z,57.9,447404,19,0,55.8
2026-09-16T22:49:51.325Z,57.9,447764,19,0,55.8
2026-09-16T22:49:56.367Z,57.9,445324,19,0,56.4
2026-09-16T22:50:01.409Z,57.9,445404,19,0,55.8
2026-09-16T22:50:06.448Z,57.9,446832,19,0,55.8
2026-09-16T22:50:11.495Z,57.9,447024,19,0,55.8
2026-09-16T22:50:16.536Z,57.9,450340,19,0,56.4
2026-09-16T22:50:21.573Z,57.9,451092,19,0,55.8
2026-09-16T22:50:26.616Z,57.8,451504,19,0,56.4
2026-09-16T22:50:31.658Z,57.8,450212,19,0,55.8
2026-09-16T22:50:36.696Z,57.8,450276,19,0,55.8
2026-09-16T22:50:41.740Z,57.8,452296,19,0,55.8
2026-09-16T22:50:46.781Z,57.8,452444,19,0,55.8
2026-09-16T22:50:51.822Z,57.8,452524,19,0,55.8
2026-09-16T22:50:56.860Z,57.8,451208,19,0,55.8
2026-09-16T22:51:01.903Z,57.9,451288,19,0,56.4
2026-09-16T22:51:06.943Z,57.9,449396,19,0,56.9
2026-09-16T22:51:11.982Z,57.9,448864,19,0,56.9
2026-09-16T22:51:17.026Z,57.9,448916,19,0,56.4
2026-09-16T22:51:22.066Z,57.9,449516,19,0,56.4
2026-09-16T22:51:27.109Z,57.9,450028,19,0,55.8
2026-09-16T22:51:32.150Z,57.9,450032,19,0,55.8
2026-09-16T22:51:37.192Z,57.9,450120,19,0,55.8
2026-09-16T22:51:42.236Z,57.9,450124,19,0,55.8
2026-09-16T22:51:47.274Z,57.8,451076,19,0,55.8
2026-09-16T22:51:52.316Z,57.8,451112,19,0,55.8
2026-09-16T22:51:57.358Z,57.8,451132,19,0,55.8
2026-09-16T22:52:02.396Z,57.8,452360,19,0,56.4
2026-09-16T22:52:07.437Z,57.8,452436,19,0,56.4
2026-09-16T22:52:12.479Z,57.8,451108,19,0,56.4
2026-09-16T22:52:17.526Z,57.8,451280,19,0,56.9
2026-09-16T22:52:22.564Z,57.9,450116,19,0,56.4
2026-09-16T22:52:27.609Z,57.9,450172,19,0,56.9
2026-09-16T22:52:32.649Z,57.9,448276,19,0,56.9
2026-09-16T22:52:37.691Z,57.9,448336,19,0,56.4
2026-09-16T22:52:42.729Z,57.9,450052,19,0,56.4
2026-09-16T22:52:47.772Z,57.9,450224,19,0,55.8
2026-09-16T22:52:52.810Z,57.9,449792,19,0,55.8
2026-09-16T22:52:57.850Z,57.9,449804,19,0,55.8
2026-09-16T22:53:02.890Z,57.8,449804,19,0,55.8
2026-09-16T22:53:07.932Z,57.8,451808,19,0,55.8
2026-09-16T22:53:12.974Z,57.8,451812,19,0,55.8
2026-09-16T22:53:18.018Z,57.8,451512,19,0,55.8
2026-09-16T22:53:23.056Z,57.8,451676,19,0,55.8
2026-09-16T22:53:28.096Z,57.8,450016,19,0,55.8
2026-09-16T22:53:33.133Z,57.8,450272,19,0,55.8
2026-09-16T22:53:38.171Z,57.8,449084,19,0,56.4
2026-09-16T22:53:43.216Z,57.8,449088,19,0,55.8
2026-09-16T22:53:48.256Z,57.9,448600,19,0,56.9
2026-09-16T22:53:53.298Z,57.9,448868,19,0,56.4
2026-09-16T22:53:58.337Z,57.9,448228,19,0,56.4
2026-09-16T22:54:03.381Z,57.9,448264,19,0,56.4
2026-09-16T22:54:08.424Z,57.9,448452,19,0,56.4
2026-09-16T22:54:13.466Z,57.9,449136,19,0,55.8
2026-09-16T22:54:18.514Z,57.9,449188,19,0,55.8
2026-09-16T22:54:23.554Z,57.9,451164,19,0,55.3
2026-09-16T22:54:28.599Z,57.8,451164,19,0,55.8
2026-09-16T22:54:33.642Z,57.8,451168,19,0,55.3
2026-09-16T22:54:38.681Z,57.8,450864,19,0,56.4
2026-09-16T22:54:43.722Z,57.8,451028,19,0,56.4
2026-09-16T22:54:48.762Z,57.8,451556,19,0,56.4
2026-09-16T22:54:53.803Z,57.8,451660,19,0,56.4
2026-09-16T22:54:58.843Z,57.9,449576,19,0,56.4
2026-09-16T22:55:03.885Z,57.9,450052,19,0,55.8
2026-09-16T22:55:08.922Z,57.9,448608,19,0,56.9
2026-09-16T22:55:13.962Z,57.9,448684,19,0,56.9
2026-09-16T22:55:19.007Z,57.9,447784,19,0,56.9
2026-09-16T22:55:24.070Z,57.9,447824,19,0,56.4
2026-09-16T22:55:29.112Z,57.9,447980,19,0,55.8
2026-09-16T22:55:34.151Z,57.9,447980,19,0,55.8
2026-09-16T22:55:39.192Z,57.9,451388,19,0,55.8
2026-09-16T22:55:44.234Z,57.9,451300,19,0,55.8
2026-09-16T22:55:49.277Z,57.8,451308,19,0,55.8
2026-09-16T22:55:54.319Z,57.8,451080,19,0,56.4
2026-09-16T22:55:59.361Z,57.8,451080,19,0,55.8
2026-09-16T22:56:04.400Z,57.8,452072,19,0,55.8
2026-09-16T22:56:09.439Z,57.8,452116,19,0,55.8
2026-09-16T22:56:14.476Z,57.8,450284,19,0,55.8
2026-09-16T22:56:19.518Z,57.9,450500,19,0,56.9
2026-09-16T22:56:24.560Z,57.9,449432,19,0,56.9
2026-09-16T22:56:29.601Z,57.9,449708,19,0,56.4
2026-09-16T22:56:34.640Z,57.9,448480,19,0,56.9
2026-09-16T22:56:39.681Z,57.9,448492,19,0,56.9
2026-09-16T22:56:44.719Z,57.9,449424,19,0,56.9
2026-09-16T22:56:49.767Z,57.9,449644,19,0,56.4
2026-09-16T22:56:54.808Z,57.9,450084,19,0,55.8
2026-09-16T22:56:59.848Z,57.9,450092,19,0,56.4
2026-09-16T22:57:04.888Z,57.8,450164,19,0,55.8
2026-09-16T22:57:09.932Z,57.8,450440,19,0,55.8
2026-09-16T22:57:14.972Z,57.8,450448,19,0,55.8
2026-09-16T22:57:20.015Z,57.8,452468,19,0,55.8
2026-09-16T22:57:25.055Z,57.8,452476,19,0,55.8
2026-09-16T22:57:30.095Z,57.8,451404,19,0,55.8
2026-09-16T22:57:35.136Z,57.8,451664,19,0,55.8
2026-09-16T22:57:40.175Z,57.9,449036,19,0,56.4
2026-09-16T22:57:45.224Z,57.9,449148,19,0,56.4
2026-09-16T22:57:50.267Z,57.9,448036,19,0,56.9
2026-09-16T22:57:55.309Z,57.9,448036,19,0,56.4
2026-09-16T22:58:00.347Z,57.9,449392,19,0,56.4
2026-09-16T22:58:05.387Z,57.9,449664,19,0,55.8
2026-09-16T22:58:10.428Z,57.9,449852,19,0,55.8
2026-09-16T22:58:15.473Z,57.9,448940,19,0,56.4
2026-09-16T22:58:20.513Z,57.9,448944,19,0,54.8
2026-09-16T22:58:25.554Z,57.8,450740,19,0,55.8
2026-09-16T22:58:30.596Z,57.8,450744,19,0,55.8
2026-09-16T22:58:35.642Z,57.8,451108,19,0,55.8
2026-09-16T22:58:40.683Z,57.8,452200,19,0,55.8
2026-09-16T22:58:45.729Z,57.8,452308,19,0,55.8
2026-09-16T22:58:50.777Z,57.8,449064,19,0,55.8
2026-09-16T22:58:55.814Z,57.8,449252,19,0,56.4
2026-09-16T22:59:00.855Z,57.9,449104,19,0,55.8
2026-09-16T22:59:05.896Z,57.9,449128,19,0,55.8
2026-09-16T22:59:10.936Z,57.9,448932,19,0,56.4
2026-09-16T22:59:15.975Z,57.9,448976,19,0,56.4
2026-09-16T22:59:21.015Z,57.9,448384,19,0,56.9
2026-09-16T22:59:26.052Z,57.9,448436,19,0,56.4
2026-09-16T22:59:31.092Z,57.9,448728,19,0,56.4
2026-09-16T22:59:36.132Z,57.9,448728,19,0,55.8
2026-09-16T22:59:41.172Z,57.9,450404,19,0,55.8
2026-09-16T22:59:46.214Z,57.9,450372,19,0,55.8
2026-09-16T22:59:51.253Z,57.8,450372,19,0,55.3
2026-09-16T22:59:56.295Z,57.8,450844,19,0,55.8
2026-09-16T23:00:01.336Z,57.8,451016,19,0,55.8
2026-09-16T23:00:06.375Z,57.8,449824,19,0,55.8
2026-09-16T23:00:11.421Z,57.8,449904,19,0,56.4
2026-09-16T23:00:16.462Z,57.9,450220,19,0,56.9
2026-09-16T23:00:21.502Z,57.9,450288,19,0,55.8
2026-09-16T23:00:26.543Z,57.9,448084,19,0,56.9
2026-09-16T23:00:31.587Z,57.9,448284,19,0,56.4
2026-09-16T23:00:36.628Z,57.9,447448,19,0,56.4
2026-09-16T23:00:41.672Z,57.9,447472,19,0,56.4
2026-09-16T23:00:46.711Z,57.9,448728,19,0,56.4
2026-09-16T23:00:51.753Z,57.9,448728,19,0,55.8
2026-09-16T23:00:56.798Z,57.9,450360,19,0,55.3
2026-09-16T23:01:01.838Z,57.9,450904,19,0,55.8
2026-09-16T23:01:06.880Z,57.9,450908,19,0,55.8
2026-09-16T23:01:11.920Z,57.9,450148,19,0,55.8
2026-09-16T23:01:16.959Z,57.8,450148,19,0,55.8
2026-09-16T23:01:21.999Z,57.8,450652,19,0,55.8
2026-09-16T23:01:27.038Z,57.8,450652,19,0,55.8
2026-09-16T23:01:32.078Z,57.8,450324,19,0,55.8
2026-09-16T23:01:37.117Z,57.9,450688,19,0,56.4
2026-09-16T23:01:42.162Z,57.9,448952,19,0,56.4
2026-09-16T23:01:47.199Z,57.9,449056,19,0,56.9
2026-09-16T23:01:52.238Z,57.9,448784,19,0,56.9
2026-09-16T23:01:57.276Z,57.9,448852,19,0,56.9
2026-09-16T23:02:02.315Z,57.9,449632,19,0,56.9
2026-09-16T23:02:07.359Z,57.9,449800,19,0,56.4
2026-09-16T23:02:12.405Z,57.9,448844,19,0,55.8
2026-09-16T23:02:17.447Z,57.9,448844,19,0,55.8
2026-09-16T23:02:22.490Z,57.9,449308,19,0,55.8
2026-09-16T23:02:27.532Z,57.9,450896,19,0,55.8
2026-09-16T23:02:32.575Z,57.9,450896,19,0,55.8
2026-09-16T23:02:37.616Z,57.8,452484,19,0,55.8
2026-09-16T23:02:42.662Z,57.8,452656,19,0,56.4
2026-09-16T23:02:47.711Z,57.8,450656,19,0,55.8
2026-09-16T23:02:52.747Z,57.9,450700,19,0,56.9
2026-09-16T23:02:57.787Z,57.9,448908,19,0,56.9
2026-09-16T23:03:02.826Z,57.9,449116,19,0,56.4
2026-09-16T23:03:07.863Z,57.9,449184,19,0,56.4
2026-09-16T23:03:12.905Z,57.9,449232,19,0,56.4
2026-09-16T23:03:17.944Z,57.9,449072,19,0,56.4
2026-09-16T23:03:22.981Z,57.9,449108,19,0,56.4
2026-09-16T23:03:28.020Z,57.9,447968,19,0,55.8
2026-09-16T23:03:33.062Z,57.9,447996,19,0,55.8
2026-09-16T23:03:38.104Z,57.9,449024,19,0,55.8
2026-09-16T23:03:43.148Z,57.9,451196,19,0,55.8
2026-09-16T23:03:48.189Z,57.9,451200,19,0,55.8
2026-09-16T23:03:53.227Z,57.9,450620,19,0,55.3
2026-09-16T23:03:58.270Z,57.8,450660,19,0,55.8
2026-09-16T23:04:03.311Z,57.9,450888,19,0,56.4
2026-09-16T23:04:08.351Z,57.9,449660,19,0,55.8
2026-09-16T23:04:13.414Z,57.9,449672,19,0,56.9
2026-09-16T23:04:18.454Z,57.9,449844,19,0,56.4
2026-09-16T23:04:23.497Z,57.9,449916,19,0,56.4
2026-09-16T23:04:28.538Z,57.9,448984,19,0,56.4
2026-09-16T23:04:33.582Z,57.9,447348,19,0,56.4
2026-09-16T23:04:38.623Z,57.9,447828,19,0,56.4
2026-09-16T23:04:43.666Z,57.9,448276,19,0,55.8
2026-09-16T23:04:48.706Z,57.9,448896,19,0,55.8
2026-09-16T23:04:53.749Z,57.9,448916,19,0,55.8
2026-09-16T23:04:58.790Z,57.9,450620,19,0,55.8
2026-09-16T23:05:03.832Z,57.9,450620,19,0,55.8
2026-09-16T23:05:08.872Z,57.9,450416,19,0,55.8
2026-09-16T23:05:13.913Z,57.9,450444,19,0,55.8
2026-09-16T23:05:18.957Z,57.9,450632,19,0,55.8
2026-09-16T23:05:23.996Z,57.9,451148,19,0,55.8
2026-09-16T23:05:29.038Z,57.9,451156,19,0,56.4
2026-09-16T23:05:34.082Z,57.9,451220,19,0,56.9
2026-09-16T23:05:39.122Z,57.9,451308,19,0,55.8
2026-09-16T23:05:44.165Z,57.9,449408,19,0,56.4
2026-09-16T23:05:49.208Z,57.9,451008,19,0,56.4
2026-09-16T23:05:54.250Z,57.9,449360,19,0,56.4
2026-09-16T23:05:59.296Z,57.9,449436,19,0,56.9
2026-09-16T23:06:04.332Z,57.9,450392,19,0,56.4
2026-09-16T23:06:09.370Z,57.9,450392,19,0,56.4
2026-09-16T23:06:14.410Z,57.9,451808,19,0,55.8
2026-09-16T23:06:19.452Z,57.9,451812,19,0,55.8
2026-09-16T23:06:24.494Z,57.9,451812,19,0,55.8
2026-09-16T23:06:29.536Z,57.9,451656,19,0,55.8
2026-09-16T23:06:34.576Z,57.9,451688,19,0,55.8
2026-09-16T23:06:39.616Z,57.9,452904,19,0,55.8
2026-09-16T23:06:44.659Z,57.9,452912,19,0,55.8
2026-09-16T23:06:49.697Z,57.9,451964,19,0,55.8
2026-09-16T23:06:54.740Z,57.9,452244,19,0,56.4
2026-09-16T23:06:59.781Z,57.9,451652,19,0,56.9
2026-09-16T23:07:04.823Z,57.9,451800,19,0,56.9
2026-09-16T23:07:09.865Z,57.9,451292,19,0,56.9
2026-09-16T23:07:14.913Z,57.9,451292,19,0,56.4
2026-09-16T23:07:19.954Z,58.0,451108,19,0,56.9
2026-09-16T23:07:24.994Z,57.9,451324,19,0,55.8
2026-09-16T23:07:30.035Z,57.9,451080,19,0,55.8
2026-09-16T23:07:35.077Z,57.9,451112,19,0,55.8
2026-09-16T23:07:40.135Z,57.9,451124,19,0,55.8
2026-09-16T23:07:45.177Z,57.9,453380,19,0,55.8
2026-09-16T23:07:50.222Z,57.9,453384,19,0,55.8
2026-09-16T23:07:55.266Z,57.9,453252,19,0,55.8
2026-09-16T23:08:00.307Z,57.9,453424,19,0,55.8
2026-09-16T23:08:05.349Z,57.9,453484,19,0,56.4
2026-09-16T23:08:10.390Z,57.9,452380,19,0,55.8
2026-09-16T23:08:15.426Z,57.9,452536,19,0,56.4
2026-09-16T23:08:20.467Z,57.9,451060,19,0,55.8
2026-09-16T23:08:25.507Z,57.9,451148,19,0,55.8
2026-09-16T23:08:30.545Z,57.9,451212,19,0,56.4
2026-09-16T23:08:35.585Z,57.9,451228,19,0,56.4
2026-09-16T23:08:40.624Z,57.9,451172,19,0,56.4
2026-09-16T23:08:45.662Z,57.9,451408,19,0,56.4
2026-09-16T23:08:50.702Z,57.9,450112,19,0,55.8
2026-09-16T23:08:55.745Z,57.9,450112,19,0,55.8
2026-09-16T23:09:00.784Z,57.9,452784,19,0,55.8
2026-09-16T23:09:05.826Z,57.9,452784,19,0,54.8
2026-09-16T23:09:10.866Z,57.9,452784,19,0,54.8
2026-09-16T23:09:15.908Z,57.9,453104,19,0,55.8
2026-09-16T23:09:20.951Z,57.8,453268,19,0,55.8
2026-09-16T23:09:25.990Z,57.9,452744,19,0,55.8
2026-09-16T23:09:31.035Z,57.9,452764,19,0,56.4
2026-09-16T23:09:36.075Z,57.9,450640,19,0,56.4
2026-09-16T23:09:41.112Z,57.9,450728,19,0,56.4
2026-09-16T23:09:46.152Z,57.9,450448,19,0,56.9
2026-09-16T23:09:51.192Z,57.9,450712,19,0,55.8
2026-09-16T23:09:56.236Z,57.9,449468,19,0,56.9
2026-09-16T23:10:01.280Z,57.9,449488,19,0,55.8
2026-09-16T23:10:06.324Z,57.9,451164,19,0,55.8
2026-09-16T23:10:11.364Z,57.9,451176,19,0,55.8
2026-09-16T23:10:16.407Z,57.9,452376,19,0,55.8
2026-09-16T23:10:21.448Z,57.9,452464,19,0,55.8
2026-09-16T23:10:26.488Z,57.9,452464,19,0,55.8
2026-09-16T23:10:31.529Z,57.9,452456,19,0,55.8
2026-09-16T23:10:36.572Z,57.9,452484,19,0,55.8
2026-09-16T23:10:41.612Z,57.9,453560,19,0,55.8
2026-09-16T23:10:46.652Z,57.9,453652,19,0,55.8
2026-09-16T23:10:51.695Z,57.9,452668,19,0,55.8
2026-09-16T23:10:56.735Z,57.9,452824,19,0,56.4
2026-09-16T23:11:01.775Z,57.9,450332,19,0,56.4
2026-09-16T23:11:06.812Z,57.9,450444,19,0,56.9
2026-09-16T23:11:11.849Z,57.9,449544,19,0,56.4
2026-09-16T23:11:16.895Z,57.9,449676,19,0,56.4
2026-09-16T23:11:21.937Z,57.9,450808,19,0,56.9
2026-09-16T23:11:26.977Z,57.9,450976,19,0,56.4
2026-09-16T23:11:32.015Z,57.9,451012,19,0,56.4
2026-09-16T23:11:37.057Z,57.9,451260,19,0,55.8
2026-09-16T23:11:42.099Z,57.9,451260,19,0,55.8
2026-09-16T23:11:47.140Z,57.9,451992,19,0,55.3
2026-09-16T23:11:52.181Z,57.9,451996,19,0,55.8
2026-09-16T23:11:57.221Z,57.9,453492,19,0,55.3
2026-09-16T23:12:02.265Z,57.9,453772,19,0,55.8
2026-09-16T23:12:07.307Z,57.9,453852,19,0,55.8
2026-09-16T23:12:12.351Z,57.9,451952,19,0,56.4
2026-09-16T23:12:17.396Z,57.9,452112,19,0,56.4
2026-09-16T23:12:22.437Z,57.9,451052,19,0,55.8
2026-09-16T23:12:27.474Z,57.9,451136,19,0,56.9
2026-09-16T23:12:32.518Z,57.9,449988,19,0,56.4
2026-09-16T23:12:37.562Z,57.9,450028,19,0,56.4
2026-09-16T23:12:42.602Z,58.0,449988,19,0,55.8
2026-09-16T23:12:47.646Z,57.9,450152,19,0,55.8
2026-09-16T23:12:52.685Z,57.9,450124,19,0,55.8
2026-09-16T23:12:57.724Z,57.9,450156,19,0,56.4
2026-09-16T23:13:02.763Z,57.9,451756,19,0,56.4
2026-09-16T23:13:07.801Z,57.9,451760,19,0,55.8
2026-09-16T23:13:12.842Z,57.9,451760,19,0,55.8
2026-09-16T23:13:17.884Z,57.9,452592,19,0,55.8
2026-09-16T23:13:22.923Z,57.9,452880,19,0,56.4
2026-09-16T23:13:27.963Z,57.9,451808,19,0,56.4
2026-09-16T23:13:33.001Z,57.9,451836,19,0,56.4
2026-09-16T23:13:38.041Z,57.9,450936,19,0,56.4
2026-09-16T23:13:43.083Z,57.9,451004,19,0,56.4
2026-09-16T23:13:48.122Z,57.9,450220,19,0,56.9
2026-09-16T23:13:53.161Z,57.9,450276,19,0,56.4
2026-09-16T23:13:58.203Z,57.9,449600,19,0,55.8
2026-09-16T23:14:03.242Z,57.9,449644,19,0,55.8
2026-09-16T23:14:08.282Z,57.9,449576,19,0,56.4
2026-09-16T23:14:13.324Z,57.9,449580,19,0,55.8
2026-09-16T23:14:18.365Z,57.9,452420,19,0,55.8
2026-09-16T23:14:23.404Z,57.9,452696,19,0,55.8
2026-09-16T23:14:28.450Z,57.9,452696,19,0,55.8
2026-09-16T23:14:33.493Z,57.9,452140,19,0,55.8
2026-09-16T23:14:38.537Z,57.9,452224,19,0,55.3
2026-09-16T23:14:43.581Z,57.9,451696,19,0,55.8
2026-09-16T23:14:48.621Z,57.9,451696,19,0,56.4
2026-09-16T23:14:53.663Z,57.9,451688,19,0,56.4
2026-09-16T23:14:58.705Z,57.9,451812,19,0,56.4
2026-09-16T23:15:03.750Z,57.9,449688,19,0,56.4
2026-09-16T23:15:08.790Z,57.9,449960,19,0,56.9
2026-09-16T23:15:13.829Z,57.9,448892,19,0,56.4
2026-09-16T23:15:18.871Z,57.9,448964,19,0,56.4
2026-09-16T23:15:23.909Z,57.9,450316,19,0,56.9
2026-09-16T23:15:28.951Z,57.9,450484,19,0,55.8
2026-09-16T23:15:33.992Z,57.9,451460,19,0,55.8
2026-09-16T23:15:39.041Z,57.9,451528,19,0,55.8
2026-09-16T23:15:44.079Z,57.9,451528,19,0,55.8
2026-09-16T23:15:49.128Z,57.9,450852,19,0,55.8
2026-09-16T23:15:54.168Z,57.9,450880,19,0,55.8
2026-09-16T23:15:59.209Z,57.9,452680,19,0,55.8
2026-09-16T23:16:04.250Z,57.9,452844,19,0,55.8
2026-09-16T23:16:09.297Z,57.9,451836,19,0,55.8
2026-09-16T23:16:14.339Z,57.9,452104,19,0,55.8
2026-09-16T23:16:19.378Z,57.9,449768,19,0,56.9
2026-09-16T23:16:24.419Z,57.9,449908,19,0,55.8
2026-09-16T23:16:29.460Z,57.9,449716,19,0,56.4
2026-09-16T23:16:34.502Z,57.9,449820,19,0,56.4
2026-09-16T23:16:39.540Z,57.9,448840,19,0,56.4
2026-09-16T23:16:44.581Z,57.9,448844,19,0,56.4
2026-09-16T23:16:49.621Z,57.9,448812,19,0,56.4
2026-09-16T23:16:54.661Z,57.9,448892,19,0,55.8
2026-09-16T23:16:59.701Z,57.9,450500,19,0,55.8
2026-09-16T23:17:04.741Z,57.9,452224,19,0,55.8
2026-09-16T23:17:09.782Z,57.9,452224,19,0,55.8
2026-09-16T23:17:14.822Z,57.9,452384,19,0,55.8
2026-09-16T23:17:19.865Z,57.9,452548,19,0,55.8
2026-09-16T23:17:24.907Z,57.9,450368,19,0,55.8
2026-09-16T23:17:29.949Z,57.9,450460,19,0,55.8
2026-09-16T23:17:34.988Z,57.9,449420,19,0,55.8
2026-09-16T23:17:40.031Z,57.9,449532,19,0,55.8
2026-09-16T23:17:45.073Z,57.9,449716,19,0,56.4
2026-09-16T23:17:50.115Z,57.9,449992,19,0,56.4
2026-09-16T23:17:55.156Z,57.9,447724,19,0,56.9
2026-09-16T23:18:00.195Z,58.0,447832,19,0,56.4
2026-09-16T23:18:05.240Z,58.0,448972,19,0,56.4
2026-09-16T23:18:10.283Z,57.9,449020,19,0,55.8
2026-09-16T23:18:15.326Z,57.9,449292,19,0,55.8
2026-09-16T23:18:20.366Z,57.9,451088,19,0,55.3
2026-09-16T23:18:25.406Z,57.9,451088,19,0,55.8
2026-09-16T23:18:30.451Z,57.9,450748,19,0,55.8
2026-09-16T23:18:35.491Z,57.9,450752,19,0,55.8
2026-09-16T23:18:40.535Z,57.9,450968,19,0,55.8
2026-09-16T23:18:45.573Z,57.9,451808,19,0,55.8
2026-09-16T23:18:50.614Z,57.9,451808,19,0,55.8
2026-09-16T23:18:55.653Z,57.9,451500,19,0,56.9
2026-09-16T23:19:00.692Z,57.9,451636,19,0,55.8
2026-09-16T23:19:05.734Z,57.9,449848,19,0,56.4
2026-09-16T23:19:10.774Z,57.9,450068,19,0,55.8
2026-09-16T23:19:15.815Z,58.0,448864,19,0,55.8
2026-09-16T23:19:20.853Z,58.0,448916,19,0,56.4
2026-09-16T23:19:25.894Z,58.0,449976,19,0,55.8
2026-09-16T23:19:30.939Z,57.9,449976,19,0,55.8
2026-09-16T23:19:35.981Z,57.9,449916,19,0,55.8
2026-09-16T23:19:41.019Z,57.9,449916,19,0,55.8
2026-09-16T23:19:46.061Z,57.9,450496,19,0,55.8
2026-09-16T23:19:51.105Z,57.9,451740,19,0,55.8
2026-09-16T23:19:56.146Z,57.9,451840,19,0,55.8
2026-09-16T23:20:01.191Z,57.9,452280,19,0,55.8
2026-09-16T23:20:06.229Z,57.9,452336,19,0,55.8
2026-09-16T23:20:11.284Z,57.9,450256,19,0,55.8
2026-09-16T23:20:16.327Z,57.9,450528,19,0,56.9
2026-09-16T23:20:21.366Z,57.9,449956,19,0,55.8
2026-09-16T23:20:26.406Z,58.0,450036,19,0,56.9
2026-09-16T23:20:31.448Z,58.0,448596,19,0,56.9
2026-09-16T23:20:36.486Z,58.0,448596,19,0,56.9
2026-09-16T23:20:41.527Z,58.0,449980,19,0,56.9
2026-09-16T23:20:46.569Z,58.0,450284,19,0,56.4
2026-09-16T23:20:51.610Z,58.0,449620,19,0,56.4
2026-09-16T23:20:56.649Z,57.9,449620,19,0,55.8
2026-09-16T23:21:01.691Z,57.9,451016,19,0,55.8
2026-09-16T23:21:06.732Z,57.9,451324,19,0,55.8
2026-09-16T23:21:11.774Z,57.9,451324,19,0,55.8
2026-09-16T23:21:16.818Z,57.9,452456,19,0,56.4
2026-09-16T23:21:21.859Z,57.9,452616,19,0,55.8
2026-09-16T23:21:26.902Z,57.9,450908,19,0,55.8
2026-09-16T23:21:31.941Z,57.9,451020,19,0,56.9
2026-09-16T23:21:36.996Z,57.9,449860,19,0,56.4
2026-09-16T23:21:42.035Z,57.9,449908,19,0,56.4
2026-09-16T23:21:47.070Z,58.0,448252,19,0,56.4
2026-09-16T23:21:52.108Z,58.0,448544,19,0,56.4
2026-09-16T23:21:57.142Z,58.0,448480,19,0,55.8
2026-09-16T23:22:02.182Z,58.0,448484,19,0,55.8
2026-09-16T23:22:07.222Z,58.0,448748,19,0,56.4
2026-09-16T23:22:12.379Z,57.9,448816,19,0,55.8
2026-09-16T23:22:17.418Z,57.9,449484,19,0,55.8
2026-09-16T23:22:22.469Z,57.9,451992,19,0,55.8
2026-09-16T23:22:27.510Z,57.9,451992,19,0,55.8
2026-09-16T23:22:32.551Z,57.9,451732,19,0,55.8
2026-09-16T23:22:37.590Z,57.9,451732,19,0,55.3
2026-09-16T23:22:42.631Z,57.9,449516,19,0,56.4
2026-09-16T23:22:47.671Z,57.9,449656,19,0,55.8
2026-09-16T23:22:52.711Z,57.9,449504,19,0,56.4
2026-09-16T23:22:57.751Z,57.9,449728,19,0,56.9
2026-09-16T23:23:02.790Z,57.9,449756,19,0,55.8
2026-09-16T23:23:07.831Z,57.9,448740,19,0,56.9
2026-09-16T23:23:12.870Z,57.9,447960,19,0,56.4
2026-09-16T23:23:17.914Z,58.0,448148,19,0,55.8
2026-09-16T23:23:22.960Z,58.0,448216,19,0,56.4
2026-09-16T23:23:28.000Z,58.0,449532,19,0,56.4
2026-09-16T23:23:33.041Z,57.9,449560,19,0,55.8
2026-09-16T23:23:38.082Z,57.9,451080,19,0,55.8
2026-09-16T23:23:43.121Z,57.9,451088,19,0,55.8
2026-09-16T23:23:48.165Z,57.9,451112,19,0,55.8
2026-09-16T23:23:53.204Z,57.9,450372,19,0,55.3
2026-09-16T23:23:58.244Z,57.9,450412,19,0,55.3
2026-09-16T23:24:03.285Z,57.9,451376,19,0,55.8
2026-09-16T23:24:08.325Z,57.9,451376,19,0,55.8
2026-09-16T23:24:13.365Z,57.9,451308,19,0,56.9
2026-09-16T23:24:18.405Z,57.9,451580,19,0,56.4
2026-09-16T23:24:23.445Z,57.9,449240,19,0,56.4
2026-09-16T23:24:28.486Z,58.0,449512,19,0,56.9
2026-09-16T23:24:33.522Z,58.0,447880,19,0,56.9
2026-09-16T23:24:38.562Z,58.0,447948,19,0,56.9
2026-09-16T23:24:43.601Z,58.0,449280,19,0,56.9
2026-09-16T23:24:48.642Z,58.0,449444,19,0,55.8
2026-09-16T23:24:53.681Z,57.9,449504,19,0,55.8
2026-09-16T23:24:58.722Z,57.9,451548,19,0,55.8
2026-09-16T23:25:03.764Z,57.9,451572,19,0,55.8
2026-09-16T23:25:08.804Z,57.9,452324,19,0,55.8
2026-09-16T23:25:13.845Z,57.9,452352,19,0,55.8
2026-09-16T23:25:18.885Z,57.9,454280,19,0,55.8
2026-09-16T23:25:23.925Z,57.9,454284,19,0,55.8
2026-09-16T23:25:28.962Z,57.9,452276,19,0,56.4
2026-09-16T23:25:34.002Z,57.9,452528,19,0,56.9
2026-09-16T23:25:39.042Z,57.9,450440,19,0,56.9
2026-09-16T23:25:44.085Z,57.9,450592,19,0,56.9
2026-09-16T23:25:49.129Z,58.0,450692,19,0,56.4
2026-09-16T23:25:54.172Z,57.9,450728,19,0,56.4
2026-09-16T23:25:59.211Z,58.0,450968,19,0,56.4
2026-09-16T23:26:04.249Z,58.0,450988,19,0,56.4
2026-09-16T23:26:09.291Z,57.9,451556,19,0,55.8
2026-09-16T23:26:14.331Z,57.9,451404,19,0,55.8
2026-09-16T23:26:19.373Z,57.9,451464,19,0,55.8
2026-09-16T23:26:24.416Z,57.9,453656,19,0,55.8
2026-09-16T23:26:29.461Z,57.9,453656,19,0,55.8
2026-09-16T23:26:34.502Z,57.9,452892,19,0,55.8
2026-09-16T23:26:39.542Z,57.9,453056,19,0,55.8
2026-09-16T23:26:44.584Z,57.9,453056,19,0,55.8
2026-09-16T23:26:49.624Z,57.9,453072,19,0,56.9
2026-09-16T23:26:54.667Z,57.9,453248,19,0,56.4
2026-09-16T23:26:59.709Z,57.9,451476,19,0,56.4
2026-09-16T23:27:04.752Z,57.9,451548,19,0,56.4
2026-09-16T23:27:09.793Z,57.9,451048,19,0,56.4
2026-09-16T23:27:14.834Z,58.0,451052,19,0,56.4
2026-09-16T23:27:19.876Z,58.0,450076,19,0,56.4
2026-09-16T23:27:24.919Z,58.0,450124,19,0,56.4
2026-09-16T23:27:29.960Z,58.0,450204,19,0,55.8
2026-09-16T23:27:35.006Z,57.9,450288,19,0,56.4
2026-09-16T23:27:40.043Z,57.9,452304,19,0,55.8
2026-09-16T23:27:45.085Z,57.9,452308,19,0,55.8
2026-09-16T23:27:50.129Z,57.9,452372,19,0,55.8
2026-09-16T23:27:55.171Z,57.9,453060,19,0,55.8
2026-09-16T23:28:00.213Z,57.9,453224,19,0,55.8
2026-09-16T23:28:05.255Z,57.9,453056,19,0,56.4
2026-09-16T23:28:10.302Z,57.9,453060,19,0,55.8
2026-09-16T23:28:15.343Z,57.9,452188,19,0,56.9
2026-09-16T23:28:20.384Z,57.9,452264,19,0,56.4
2026-09-16T23:28:25.426Z,57.9,451252,19,0,56.9
2026-09-16T23:28:30.466Z,58.0,451596,19,0,56.9
2026-09-16T23:28:35.506Z,58.0,450488,19,0,56.9
2026-09-16T23:28:40.545Z,58.0,450528,19,0,56.4
2026-09-16T23:28:45.585Z,58.0,451300,19,0,56.9
2026-09-16T23:28:50.627Z,58.0,451300,19,0,56.4
2026-09-16T23:28:55.667Z,57.9,452280,19,0,55.8
2026-09-16T23:29:00.707Z,57.9,452328,19,0,55.8
2026-09-16T23:29:05.748Z,57.9,452332,19,0,55.8
2026-09-16T23:29:10.788Z,57.9,452384,19,0,55.8
2026-09-16T23:29:15.830Z,57.9,452412,19,0,55.8
2026-09-16T23:29:20.869Z,57.9,453732,19,0,55.8
2026-09-16T23:29:25.910Z,57.9,453732,19,0,55.8
2026-09-16T23:29:30.944Z,57.9,452536,19,0,55.8
2026-09-16T23:29:35.982Z,57.9,452748,19,0,56.4
2026-09-16T23:29:41.021Z,57.9,450208,19,0,56.4
2026-09-16T23:29:46.067Z,57.9,450280,19,0,55.8
2026-09-16T23:29:51.108Z,57.9,449836,19,0,55.8
2026-09-16T23:29:56.147Z,57.9,449904,19,0,55.8
2026-09-16T23:30:01.187Z,57.9,450404,19,0,55.3
2026-09-16T23:30:06.227Z,57.9,451336,19,0,55.8
2026-09-16T23:30:11.267Z,57.9,451512,19,0,55.8
2026-09-16T23:30:16.309Z,57.9,451240,19,0,55.8
2026-09-16T23:30:21.350Z,57.9,451240,19,0,55.8
2026-09-16T23:30:26.389Z,57.9,452304,19,0,55.8
2026-09-16T23:30:31.429Z,57.9,452304,19,0,55.8
2026-09-16T23:30:36.474Z,57.9,452420,19,0,55.8
2026-09-16T23:30:41.514Z,57.9,453900,19,0,55.8
2026-09-16T23:30:46.554Z,57.9,453900,19,0,55.8
2026-09-16T23:30:51.598Z,57.9,453112,19,0,55.8
2026-09-16T23:30:56.642Z,57.9,453344,19,0,56.9
2026-09-16T23:31:01.681Z,57.9,451192,19,0,56.4
2026-09-16T23:31:06.720Z,57.9,451268,19,0,56.4
2026-09-16T23:31:11.759Z,57.9,450968,19,0,56.9
2026-09-16T23:31:16.804Z,57.9,450988,19,0,56.4
2026-09-16T23:31:21.845Z,57.9,449832,19,0,56.4
2026-09-16T23:31:26.883Z,57.9,450008,19,0,56.4
2026-09-16T23:31:31.926Z,57.9,450280,19,0,55.8
2026-09-16T23:31:36.968Z,57.9,450308,19,0,55.8
2026-09-16T23:31:42.011Z,57.9,453424,19,0,55.8
2026-09-16T23:31:47.053Z,57.9,453536,19,0,56.4
2026-09-16T23:31:52.095Z,57.9,453536,19,0,55.8
2026-09-16T23:31:57.134Z,57.9,453064,19,0,55.8
2026-09-16T23:32:02.174Z,57.9,453228,19,0,55.8
2026-09-16T23:32:07.215Z,57.9,452848,19,0,55.8
2026-09-16T23:32:12.262Z,57.9,452912,19,0,55.8
2026-09-16T23:32:17.305Z,57.9,451720,19,0,56.4
2026-09-16T23:32:22.352Z,57.9,451796,19,0,56.4
2026-09-16T23:32:27.390Z,57.9,451512,19,0,56.9
2026-09-16T23:32:32.434Z,57.9,451788,19,0,56.4
2026-09-16T23:32:37.485Z,57.9,450740,19,0,56.9
2026-09-16T23:32:42.524Z,58.0,450840,19,0,55.8
2026-09-16T23:32:47.565Z,58.0,451332,19,0,56.4
2026-09-16T23:32:52.606Z,57.9,451332,19,0,56.4
2026-09-16T23:32:57.648Z,57.9,452400,19,0,55.8
2026-09-16T23:33:02.689Z,57.9,452336,19,0,55.8
2026-09-16T23:33:07.730Z,57.9,452336,19,0,55.8
2026-09-16T23:33:12.770Z,57.9,452724,19,0,55.8
2026-09-16T23:33:17.811Z,57.9,452724,19,0,55.8
2026-09-16T23:33:22.855Z,57.9,453568,19,0,55.8
2026-09-16T23:33:27.898Z,57.9,453620,19,0,55.8
2026-09-16T23:33:32.941Z,57.9,451908,19,0,56.4
2026-09-16T23:33:37.980Z,57.9,452296,19,0,56.4
2026-09-16T23:33:43.024Z,57.9,450636,19,0,56.9
2026-09-16T23:33:48.065Z,57.9,450640,19,0,56.9
2026-09-16T23:33:53.103Z,57.9,450220,19,0,56.9
2026-09-16T23:33:58.144Z,57.9,450360,19,0,56.9
2026-09-16T23:34:03.185Z,58.0,451440,19,0,56.9
2026-09-16T23:34:08.228Z,57.9,451604,19,0,56.4
2026-09-16T23:34:13.269Z,57.9,450924,19,0,55.8
2026-09-16T23:34:18.309Z,57.9,450928,19,0,56.4
2026-09-16T23:34:23.353Z,57.9,450936,19,0,56.4
2026-09-16T23:34:28.392Z,57.9,453072,19,0,56.4
2026-09-16T23:34:33.432Z,57.9,453072,19,0,55.8
2026-09-16T23:34:38.475Z,57.9,453400,19,0,55.8
2026-09-16T23:34:43.514Z,57.9,453780,19,0,56.4
2026-09-16T23:34:48.556Z,57.9,452304,19,0,56.4
2026-09-16T23:34:53.596Z,57.9,452456,19,0,56.9
2026-09-16T23:34:58.635Z,57.9,450840,19,0,56.9
2026-09-16T23:35:03.675Z,57.9,450956,19,0,56.4
2026-09-16T23:35:08.715Z,57.9,450444,19,0,57.5
2026-09-16T23:35:13.755Z,57.9,450620,19,0,56.9
2026-09-16T23:35:18.797Z,58.0,449596,19,0,56.4
2026-09-16T23:35:23.838Z,58.0,449768,19,0,56.9
2026-09-16T23:35:28.879Z,58.0,450356,19,0,56.4
2026-09-16T23:35:33.919Z,57.9,450372,19,0,55.8
2026-09-16T23:35:38.962Z,57.9,450908,19,0,55.8
2026-09-16T23:35:44.004Z,57.9,454956,19,0,55.8
2026-09-16T23:35:49.047Z,57.9,454956,19,0,55.8
2026-09-16T23:35:54.094Z,57.9,454196,19,0,55.8
2026-09-16T23:35:59.136Z,57.9,454224,19,0,55.8
2026-09-16T23:36:04.185Z,57.9,454700,19,0,56.4
2026-09-16T23:36:09.225Z,57.9,454632,19,0,56.4
2026-09-16T23:36:14.263Z,57.9,454664,19,0,55.8
2026-09-16T23:36:19.306Z,57.9,453816,19,0,55.8
2026-09-16T23:36:24.345Z,57.9,454036,19,0,56.4
2026-09-16T23:36:29.388Z,57.9,452588,19,0,56.9
2026-09-16T23:36:34.431Z,57.9,452620,19,0,55.8
2026-09-16T23:36:39.471Z,57.9,451772,19,0,55.8
2026-09-16T23:36:44.512Z,57.9,451772,19,0,56.4
2026-09-16T23:36:49.554Z,57.9,452696,19,0,55.8
2026-09-16T23:36:54.594Z,57.9,452724,19,0,55.8
2026-09-16T23:36:59.640Z,57.9,454328,19,0,55.8
2026-09-16T23:37:04.681Z,57.9,454328,19,0,55.3
2026-09-16T23:37:09.722Z,57.9,454336,19,0,55.8
2026-09-16T23:37:14.767Z,57.9,454224,19,0,55.8
2026-09-16T23:37:19.811Z,57.9,454248,19,0,55.8
2026-09-16T23:37:24.849Z,57.9,455048,19,0,55.8
2026-09-16T23:37:29.891Z,57.9,455080,19,0,55.8
2026-09-16T23:37:34.925Z,57.9,454208,19,0,55.8
2026-09-16T23:37:39.968Z,57.9,454384,19,0,55.8
2026-09-16T23:37:45.010Z,57.9,452452,19,0,55.8
2026-09-16T23:37:50.051Z,57.9,452728,19,0,56.4
2026-09-16T23:37:55.090Z,57.9,451516,19,0,56.4
2026-09-16T23:38:00.130Z,57.9,451516,19,0,56.4
2026-09-16T23:38:05.165Z,57.9,453388,19,0,55.8
2026-09-16T23:38:10.206Z,57.9,453704,19,0,55.8
2026-09-16T23:38:15.247Z,57.9,453804,19,0,55.8
2026-09-16T23:38:20.285Z,57.9,453836,19,0,55.8
2026-09-16T23:38:25.325Z,57.9,453840,19,0,55.8
2026-09-16T23:38:30.369Z,57.9,454072,19,0,55.8
2026-09-16T23:38:35.413Z,57.9,454076,19,0,55.8
2026-09-16T23:38:40.454Z,57.9,455300,19,0,56.4
2026-09-16T23:38:45.497Z,57.9,455468,19,0,56.4
2026-09-16T23:38:50.534Z,57.9,453604,19,0,56.4
2026-09-16T23:38:55.575Z,57.9,453804,19,0,56.4
2026-09-16T23:39:00.618Z,57.9,452612,19,0,56.9
2026-09-16T23:39:05.656Z,57.9,452616,19,0,56.4
2026-09-16T23:39:10.693Z,57.9,452288,19,0,56.9
2026-09-16T23:39:15.739Z,57.9,452604,19,0,56.4
2026-09-16T23:39:20.783Z,57.9,452688,19,0,55.8
2026-09-16T23:39:25.822Z,57.9,452304,19,0,55.8
2026-09-16T23:39:30.862Z,57.9,452472,19,0,56.4
2026-09-16T23:39:35.901Z,57.9,452684,19,0,56.4
2026-09-16T23:39:40.943Z,57.9,452736,19,0,55.8
2026-09-16T23:39:45.982Z,57.9,453652,19,0,55.8
2026-09-16T23:39:51.021Z,57.9,455640,19,0,55.8
2026-09-16T23:39:56.064Z,57.9,455644,19,0,55.8
2026-09-16T23:40:01.105Z,57.9,455328,19,0,55.8
2026-09-16T23:40:06.145Z,57.9,455488,19,0,55.8
2026-09-16T23:40:11.185Z,57.9,453880,19,0,56.4
2026-09-16T23:40:16.226Z,57.9,454000,19,0,55.8
2026-09-16T23:40:21.268Z,57.9,452260,19,0,56.9
2026-09-16T23:40:26.313Z,57.9,452344,19,0,56.4
2026-09-16T23:40:31.353Z,57.9,452944,19,0,56.9
2026-09-16T23:40:36.390Z,57.9,453156,19,0,56.9
2026-09-16T23:40:41.430Z,57.9,452216,19,0,56.9
2026-09-16T23:40:46.472Z,57.9,452332,19,0,56.4
2026-09-16T23:40:51.512Z,57.9,451780,19,0,56.4
2026-09-16T23:40:56.552Z,57.9,451788,19,0,55.8
2026-09-16T23:41:01.592Z,57.9,453000,19,0,55.8
2026-09-16T23:41:06.631Z,57.9,454316,19,0,56.4
2026-09-16T23:41:11.670Z,57.9,454316,19,0,56.4
2026-09-16T23:41:16.711Z,57.9,453868,19,0,55.8
2026-09-16T23:41:21.750Z,57.9,453952,19,0,55.8
2026-09-16T23:41:26.793Z,57.9,454972,19,0,55.8
2026-09-16T23:41:31.838Z,57.9,455004,19,0,56.4
2026-09-16T23:41:36.876Z,57.9,455120,19,0,56.4
2026-09-16T23:41:41.918Z,57.9,453776,19,0,56.9
2026-09-16T23:41:46.956Z,57.9,453888,19,0,55.8
2026-09-16T23:41:51.995Z,57.9,452372,19,0,56.9
2026-09-16T23:41:57.035Z,57.9,451200,19,0,56.4
2026-09-16T23:42:02.075Z,57.9,451200,19,0,56.4
2026-09-16T23:42:07.115Z,57.9,451548,19,0,56.4
2026-09-16T23:42:12.157Z,57.9,453348,19,0,56.9
2026-09-16T23:42:17.204Z,57.9,453376,19,0,55.8
2026-09-16T23:42:22.246Z,57.9,454924,19,0,55.8
2026-09-16T23:42:27.286Z,57.9,454924,19,0,55.8
2026-09-16T23:42:32.328Z,57.9,453700,19,0,55.8
2026-09-16T23:42:37.367Z,57.9,453756,19,0,55.8
2026-09-16T23:42:42.407Z,57.9,453804,19,0,55.8
2026-09-16T23:42:47.444Z,57.9,454748,19,0,56.4
2026-09-16T23:42:52.482Z,57.9,454780,19,0,56.4
2026-09-16T23:42:57.525Z,57.9,454544,19,0,56.4
2026-09-16T23:43:02.566Z,57.9,454724,19,0,56.4
2026-09-16T23:43:07.608Z,57.9,453160,19,0,56.4
2026-09-16T23:43:12.647Z,57.9,453392,19,0,56.4
2026-09-16T23:43:17.692Z,57.9,451808,19,0,56.4
2026-09-16T23:43:22.731Z,57.9,451872,19,0,56.4
2026-09-16T23:43:27.770Z,57.9,453276,19,0,56.4
2026-09-16T23:43:32.810Z,57.9,453452,19,0,55.8
2026-09-16T23:43:37.850Z,57.9,453020,19,0,55.8
2026-09-16T23:43:42.895Z,57.9,453024,19,0,55.8
2026-09-16T23:43:47.937Z,57.9,453904,19,0,55.8
2026-09-16T23:43:52.979Z,57.9,453976,19,0,55.8
2026-09-16T23:43:58.022Z,57.9,453976,19,0,55.8
2026-09-16T23:44:03.062Z,57.9,456256,19,0,55.8
2026-09-16T23:44:08.102Z,57.9,456344,19,0,55.8
2026-09-16T23:44:13.142Z,57.9,453928,19,0,55.8
2026-09-16T23:44:18.177Z,57.9,454292,19,0,56.4
2026-09-16T23:44:23.220Z,57.9,452208,19,0,56.4
2026-09-16T23:44:28.260Z,57.9,452236,19,0,56.4
2026-09-16T23:44:33.301Z,57.9,452884,19,0,56.9
2026-09-16T23:44:38.342Z,57.9,453020,19,0,56.9
2026-09-16T23:44:43.379Z,57.9,452848,19,0,56.4
2026-09-16T23:44:48.416Z,57.9,453020,19,0,56.4
2026-09-16T23:44:53.457Z,57.9,452608,19,0,55.8
2026-09-16T23:44:58.499Z,57.9,452612,19,0,55.8
2026-09-16T23:45:03.540Z,57.9,453568,19,0,55.8
2026-09-16T23:45:08.580Z,57.9,454896,19,0,55.8
2026-09-16T23:45:13.621Z,57.9,454896,19,0,55.8
2026-09-16T23:45:18.662Z,57.9,455296,19,0,55.8
2026-09-16T23:45:23.701Z,57.9,455456,19,0,55.8
2026-09-16T23:45:28.741Z,57.9,453884,19,0,55.8
2026-09-16T23:45:33.781Z,57.9,454080,19,0,56.4
2026-09-16T23:45:38.824Z,57.9,452752,19,0,56.9
2026-09-16T23:45:43.864Z,57.9,452836,19,0,56.4
2026-09-16T23:45:48.901Z,57.9,453124,19,0,56.9
2026-09-16T23:45:53.941Z,57.9,453300,19,0,56.9
2026-09-16T23:45:58.979Z,57.9,451764,19,0,56.4
2026-09-16T23:46:04.019Z,57.9,451956,19,0,55.8
2026-09-16T23:46:09.062Z,57.9,452424,19,0,56.4
2026-09-16T23:46:14.106Z,57.9,452424,19,0,56.4
2026-09-16T23:46:19.145Z,57.9,453308,19,0,56.4
2026-09-16T23:46:24.187Z,57.9,454032,19,0,55.8
2026-09-16T23:46:29.229Z,57.9,454032,19,0,55.8
2026-09-16T23:46:34.271Z,57.9,454412,19,0,55.8
2026-09-16T23:46:39.311Z,57.9,454472,19,0,55.8
2026-09-16T23:46:44.357Z,57.9,454340,19,0,55.8
2026-09-16T23:46:49.396Z,57.9,454340,19,0,55.8
2026-09-16T23:46:54.439Z,57.9,454352,19,0,55.8
2026-09-16T23:46:59.478Z,57.9,454168,19,0,56.4
2026-09-16T23:47:04.516Z,57.9,454276,19,0,56.4
2026-09-16T23:47:09.557Z,57.9,453004,19,0,56.4
2026-09-16T23:47:14.600Z,57.9,453232,19,0,56.9
2026-09-16T23:47:19.641Z,57.9,452476,19,0,56.4
2026-09-16T23:47:24.682Z,57.9,452532,19,0,56.9
2026-09-16T23:47:29.723Z,57.9,452992,19,0,56.9
2026-09-16T23:47:34.767Z,57.9,452992,19,0,55.8
2026-09-16T23:47:39.808Z,57.9,453716,19,0,55.8
2026-09-16T23:47:44.848Z,57.9,453716,19,0,55.8
2026-09-16T23:47:49.889Z,57.9,453896,19,0,55.8
2026-09-16T23:47:54.930Z,57.9,454364,19,0,55.8
2026-09-16T23:47:59.973Z,57.9,454424,19,0,55.3
2026-09-16T23:48:05.014Z,57.9,455284,19,0,54.8
2026-09-16T23:48:10.054Z,57.9,455328,19,0,56.4
2026-09-16T23:48:15.098Z,57.9,454556,19,0,56.4
2026-09-16T23:48:20.141Z,57.9,454776,19,0,56.9
2026-09-16T23:48:25.184Z,57.9,453072,19,0,55.8
2026-09-16T23:48:30.228Z,57.9,453208,19,0,56.9
2026-09-16T23:48:35.269Z,57.9,451548,19,0,55.8
2026-09-16T23:48:40.316Z,57.9,451668,19,0,56.4
2026-09-16T23:48:45.355Z,57.9,452892,19,0,55.8
2026-09-16T23:48:50.391Z,57.9,453448,19,0,56.9
2026-09-16T23:48:55.437Z,57.9,453452,19,0,55.8
2026-09-16T23:49:00.480Z,57.9,453120,19,0,55.8
2026-09-16T23:49:05.517Z,57.9,453120,19,0,55.3
2026-09-16T23:49:10.560Z,57.9,454412,19,0,55.8
2026-09-16T23:49:15.601Z,57.9,454412,19,0,55.8
2026-09-16T23:49:20.639Z,57.9,454416,19,0,55.8
2026-09-16T23:49:25.682Z,57.9,455368,19,0,55.8
2026-09-16T23:49:30.721Z,57.9,455492,19,0,55.8
2026-09-16T23:49:35.767Z,57.9,453952,19,0,55.8
2026-09-16T23:49:40.810Z,57.9,454072,19,0,56.9
2026-09-16T23:49:45.850Z,57.9,453032,19,0,56.4
2026-09-16T23:49:50.892Z,57.9,453080,19,0,56.4
2026-09-16T23:49:55.934Z,57.9,452244,19,0,56.4
2026-09-16T23:50:00.974Z,57.9,452276,19,0,56.4
2026-09-16T23:50:06.016Z,57.9,451988,19,0,56.4
2026-09-16T23:50:11.055Z,57.9,452180,19,0,56.9
2026-09-16T23:50:16.094Z,57.9,451484,19,0,55.8
2026-09-16T23:50:21.136Z,57.9,451496,19,0,55.8
2026-09-16T23:50:26.176Z,57.9,454888,19,0,56.4
2026-09-16T23:50:31.219Z,57.9,454888,19,0,55.8
2026-09-16T23:50:36.262Z,57.9,454888,19,0,55.8
2026-09-16T23:50:41.302Z,57.9,454108,19,0,55.8
2026-09-16T23:50:46.340Z,57.9,454292,19,0,55.8
2026-09-16T23:50:51.382Z,57.9,453500,19,0,56.4
2026-09-16T23:50:56.428Z,57.9,453504,19,0,56.4
2026-09-16T23:51:01.473Z,57.9,453328,19,0,56.9
2026-09-16T23:51:06.514Z,57.9,453428,19,0,55.8
2026-09-16T23:51:11.554Z,57.9,452068,19,0,56.9
2026-09-16T23:51:16.595Z,57.9,452256,19,0,56.4
2026-09-16T23:51:21.636Z,57.9,450744,19,0,55.8
2026-09-16T23:51:26.676Z,57.9,450820,19,0,55.8
2026-09-16T23:51:31.722Z,57.9,452664,19,0,56.4
2026-09-16T23:51:36.763Z,57.9,452664,19,0,56.4
2026-09-16T23:51:41.801Z,57.9,453732,19,0,55.8
2026-09-16T23:51:46.841Z,57.9,453768,19,0,56.4
2026-09-16T23:51:51.884Z,57.9,453768,19,0,55.8
2026-09-16T23:51:56.924Z,57.9,453992,19,0,55.3
2026-09-16T23:52:01.965Z,57.9,453996,19,0,55.8
2026-09-16T23:52:07.006Z,57.9,454652,19,0,55.8
2026-09-16T23:52:12.049Z,57.9,454652,19,0,56.4
2026-09-16T23:52:17.089Z,57.9,454164,19,0,56.4
2026-09-16T23:52:22.128Z,57.9,454468,19,0,56.4
2026-09-16T23:52:27.168Z,57.9,452940,19,0,56.4
2026-09-16T23:52:32.208Z,57.9,453068,19,0,56.9
2026-09-16T23:52:37.254Z,57.9,451568,19,0,56.9
2026-09-16T23:52:42.290Z,57.9,451628,19,0,55.8
2026-09-16T23:52:47.329Z,57.9,452364,19,0,56.4
2026-09-16T23:52:52.371Z,57.9,452536,19,0,56.4
2026-09-16T23:52:57.411Z,57.9,452536,19,0,55.8
2026-09-16T23:53:02.454Z,57.9,453192,19,0,55.8
2026-09-16T23:53:07.495Z,57.9,453196,19,0,55.8
2026-09-16T23:53:12.539Z,57.9,453448,19,0,55.8
2026-09-16T23:53:17.581Z,57.9,453448,19,0,55.8
2026-09-16T23:53:22.623Z,57.9,454240,19,0,55.3
2026-09-16T23:53:27.661Z,57.9,454512,19,0,55.8
2026-09-16T23:53:32.702Z,57.9,454580,19,0,55.8
2026-09-16T23:53:37.749Z,57.9,453244,19,0,56.4
2026-09-16T23:53:42.785Z,57.9,451800,19,0,56.9
2026-09-16T23:53:47.827Z,57.9,451924,19,0,55.8
2026-09-16T23:53:52.867Z,57.9,451380,19,0,57.5
2026-09-16T23:53:57.915Z,57.9,451588,19,0,56.9
2026-09-16T23:54:02.952Z,57.9,451368,19,0,56.4
2026-09-16T23:54:07.992Z,57.9,451460,19,0,56.9
2026-09-16T23:54:13.034Z,57.9,451824,19,0,55.8
2026-09-16T23:54:18.076Z,57.9,451940,19,0,55.8
2026-09-16T23:54:23.116Z,57.9,451944,19,0,55.3
2026-09-16T23:54:28.158Z,57.9,454664,19,0,55.8
2026-09-16T23:54:33.198Z,57.9,454664,19,0,55.8
2026-09-16T23:54:38.238Z,57.9,454680,19,0,55.3
2026-09-16T23:54:43.280Z,57.9,454056,19,0,55.8
2026-09-16T23:54:48.323Z,57.9,454252,19,0,56.4
2026-09-16T23:54:53.362Z,57.9,453732,19,0,55.8
2026-09-16T23:54:58.404Z,57.9,453784,19,0,56.4
2026-09-16T23:55:03.448Z,57.9,452500,19,0,56.9
2026-09-16T23:55:08.486Z,57.9,452580,19,0,56.9
2026-09-16T23:55:13.526Z,57.9,452528,19,0,56.9
2026-09-16T23:55:18.570Z,57.9,452616,19,0,55.8
2026-09-16T23:55:23.614Z,57.9,451680,19,0,55.8
2026-09-16T23:55:28.656Z,57.9,451748,19,0,56.4
2026-09-16T23:55:33.699Z,57.9,452196,19,0,55.8
2026-09-16T23:55:38.741Z,57.9,452232,19,0,56.4
2026-09-16T23:55:43.783Z,57.9,454500,19,0,55.8
2026-09-16T23:55:48.824Z,57.9,454256,19,0,55.8
2026-09-16T23:55:53.869Z,57.9,454256,19,0,55.8
2026-09-16T23:55:58.914Z,57.9,453484,19,0,55.8
2026-09-16T23:56:03.953Z,57.9,453484,19,0,55.8
2026-09-16T23:56:08.994Z,57.9,454024,19,0,55.8
2026-09-16T23:56:14.036Z,57.9,454068,19,0,55.8
2026-09-16T23:56:19.120Z,57.9,453256,19,0,56.4
2026-09-16T23:56:24.160Z,57.9,453520,19,0,55.8
2026-09-16T23:56:29.213Z,57.9,451876,19,0,56.9
2026-09-16T23:56:34.251Z,57.9,452140,19,0,56.4
2026-09-16T23:56:39.291Z,57.9,450788,19,0,56.4
2026-09-16T23:56:44.333Z,57.9,450864,19,0,56.4
2026-09-16T23:56:49.372Z,57.9,452212,19,0,56.4
2026-09-16T23:56:54.411Z,57.9,452392,19,0,55.8
2026-09-16T23:56:59.452Z,57.9,452452,19,0,55.3
2026-09-16T23:57:04.493Z,57.9,452940,19,0,56.4
2026-09-16T23:57:09.532Z,57.9,452940,19,0,54.8
2026-09-16T23:57:14.573Z,57.9,453800,19,0,55.8
2026-09-16T23:57:19.617Z,57.9,453800,19,0,55.8
2026-09-16T23:57:24.659Z,57.9,453868,19,0,55.8
2026-09-16T23:57:29.699Z,57.9,454504,19,0,55.8
2026-09-16T23:57:34.739Z,57.9,454556,19,0,55.3
2026-09-16T23:57:39.792Z,57.9,454148,19,0,56.4
2026-09-16T23:57:44.834Z,57.9,454244,19,0,56.4
2026-09-16T23:57:49.876Z,57.9,452684,19,0,56.4
2026-09-16T23:57:54.914Z,57.9,452980,19,0,56.9
2026-09-16T23:57:59.958Z,57.9,451788,19,0,56.4
2026-09-16T23:58:05.001Z,57.9,451788,19,0,56.4
2026-09-16T23:58:10.041Z,57.9,452668,19,0,56.4
2026-09-16T23:58:15.082Z,57.9,452840,19,0,55.8
2026-09-16T23:58:20.123Z,57.9,453072,19,0,55.8
2026-09-16T23:58:25.164Z,57.9,453072,19,0,56.4
2026-09-16T23:58:30.208Z,57.9,453728,19,0,55.8
2026-09-16T23:58:35.249Z,57.9,453948,19,0,55.8
2026-09-16T23:58:40.289Z,57.9,453980,19,0,55.8
2026-09-16T23:58:45.330Z,57.9,454840,19,0,55.8
2026-09-16T23:58:50.367Z,57.9,454884,19,0,56.4
2026-09-16T23:58:55.408Z,57.9,452604,19,0,55.8
2026-09-16T23:59:00.447Z,57.9,452788,19,0,55.8
2026-09-16T23:59:05.486Z,57.9,452128,19,0,55.8
2026-09-16T23:59:10.525Z,57.9,452244,19,0,55.8
2026-09-16T23:59:15.569Z,57.9,451948,19,0,55.8
2026-09-16T23:59:20.612Z,57.9,452020,19,0,55.8
2026-09-16T23:59:25.654Z,57.9,452024,19,0,55.8
2026-09-16T23:59:30.702Z,57.9,451836,19,0,55.8
2026-09-16T23:59:35.744Z,57.9,451996,19,0,56.4
2026-09-16T23:59:40.788Z,57.9,452124,19,0,55.8
2026-09-16T23:59:45.829Z,57.9,452176,19,0,55.8
2026-09-16T23:59:50.871Z,57.9,454476,19,0,55.3
2026-09-16T23:59:55.913Z,57.9,454476,19,0,55.8
2026-09-17T00:00:00.953Z,57.9,453820,19,0,55.8
2026-09-17T00:00:05.996Z,57.9,453848,19,0,55.8
2026-09-17T00:00:11.034Z,57.9,454036,19,0,55.8
2026-09-17T00:00:16.074Z,57.9,454012,19,0,55.8
2026-09-17T00:00:21.112Z,57.9,454068,19,0,56.9
2026-09-17T00:00:26.157Z,57.9,453188,19,0,55.8
2026-09-17T00:00:31.196Z,57.9,453260,19,0,55.8
2026-09-17T00:00:36.236Z,57.9,452076,19,0,56.4
2026-09-17T00:00:41.282Z,57.9,451052,19,0,56.4
2026-09-17T00:00:46.320Z,57.9,451088,19,0,55.8
2026-09-17T00:00:51.357Z,57.9,451124,19,0,56.4
2026-09-17T00:00:56.400Z,57.9,452216,19,0,55.8
2026-09-17T00:01:01.442Z,57.9,452216,19,0,55.8
2026-09-17T00:01:06.483Z,57.9,453168,19,0,55.8
2026-09-17T00:01:11.524Z,57.9,453168,19,0,55.8
2026-09-17T00:01:16.565Z,57.9,453968,19,0,55.3
2026-09-17T00:01:21.605Z,57.9,453952,19,0,55.8
2026-09-17T00:01:26.646Z,57.9,453952,19,0,55.3
2026-09-17T00:01:31.683Z,57.9,454284,19,0,55.8
2026-09-17T00:01:36.723Z,57.9,454336,19,0,55.8
2026-09-17T00:01:41.765Z,57.9,454100,19,0,55.8
2026-09-17T00:01:46.805Z,57.9,454204,19,0,56.4
2026-09-17T00:01:51.847Z,57.9,451976,19,0,56.4
2026-09-17T00:01:56.887Z,57.9,452232,19,0,56.4
2026-09-17T00:02:01.926Z,57.9,452084,19,0,55.8
2026-09-17T00:02:06.968Z,57.9,452112,19,0,56.4
2026-09-17T00:02:12.009Z,57.9,452280,19,0,56.4
2026-09-17T00:02:17.052Z,57.9,452448,19,0,56.4
2026-09-17T00:02:22.095Z,57.9,453032,19,0,55.8
2026-09-17T00:02:27.131Z,57.9,453032,19,0,55.8
2026-09-17T00:02:32.174Z,57.9,454524,19,0,55.8
2026-09-17T00:02:37.214Z,57.9,454752,19,0,55.8
2026-09-17T00:02:42.258Z,57.9,454776,19,0,55.8
2026-09-17T00:02:47.298Z,57.9,454380,19,0,55.8
2026-09-17T00:02:52.342Z,57.9,454420,19,0,55.8
2026-09-17T00:02:57.382Z,57.9,453484,19,0,55.8
2026-09-17T00:03:02.422Z,57.9,453668,19,0,56.9
2026-09-17T00:03:07.462Z,57.9,452584,19,0,56.4
2026-09-17T00:03:12.501Z,57.9,452652,19,0,56.9
2026-09-17T00:03:17.545Z,57.9,451740,19,0,55.8
2026-09-17T00:03:22.586Z,57.9,451820,19,0,56.4
2026-09-17T00:03:27.629Z,57.9,451796,19,0,56.9
2026-09-17T00:03:32.669Z,57.9,451968,19,0,56.9
2026-09-17T00:03:37.714Z,57.9,452160,19,0,56.4
2026-09-17T00:03:42.757Z,57.9,452192,19,0,55.8
2026-09-17T00:03:47.797Z,57.9,453560,19,0,55.8
2026-09-17T00:03:52.839Z,57.9,454496,19,0,55.8
2026-09-17T00:03:57.878Z,57.9,454496,19,0,55.8
2026-09-17T00:04:02.919Z,57.9,453748,19,0,55.8
2026-09-17T00:04:07.957Z,57.9,453944,19,0,55.8
2026-09-17T00:04:13.000Z,57.9,453396,19,0,55.8
2026-09-17T00:04:18.043Z,57.9,453400,19,0,56.4
2026-09-17T00:04:23.083Z,57.9,452280,19,0,56.4
2026-09-17T00:04:28.125Z,57.9,452348,19,0,55.8
2026-09-17T00:04:33.167Z,57.9,451396,19,0,56.9
2026-09-17T00:04:38.202Z,57.9,451680,19,0,55.8
2026-09-17T00:04:43.240Z,57.9,451028,19,0,55.8
2026-09-17T00:04:48.281Z,57.9,451032,19,0,56.4
2026-09-17T00:04:53.319Z,57.9,451428,19,0,56.4
2026-09-17T00:04:58.359Z,57.9,451492,19,0,56.4
2026-09-17T00:05:03.399Z,57.9,451776,19,0,55.8
2026-09-17T00:05:08.438Z,57.9,453560,19,0,56.4
2026-09-17T00:05:13.479Z,57.9,453560,19,0,55.8
2026-09-17T00:05:18.520Z,57.9,453764,19,0,55.8
2026-09-17T00:05:23.560Z,57.9,453764,19,0,55.8
2026-09-17T00:05:28.598Z,57.9,453756,19,0,55.8
2026-09-17T00:05:33.637Z,57.9,453760,19,0,55.8
2026-09-17T00:05:38.673Z,57.9,453900,19,0,55.8
2026-09-17T00:05:43.712Z,57.9,452920,19,0,56.4
2026-09-17T00:05:48.751Z,57.9,453024,19,0,55.8
2026-09-17T00:05:53.791Z,57.9,451892,19,0,56.4
2026-09-17T00:05:58.830Z,57.9,450912,19,0,56.4
2026-09-17T00:06:03.872Z,57.9,450948,19,0,55.8
2026-09-17T00:06:08.912Z,57.9,451672,19,0,56.4
2026-09-17T00:06:13.956Z,57.9,452428,19,0,56.4
2026-09-17T00:06:18.998Z,57.9,452432,19,0,55.8
2026-09-17T00:06:24.043Z,57.9,452948,19,0,55.8
2026-09-17T00:06:29.084Z,57.9,452948,19,0,55.8
2026-09-17T00:06:34.129Z,57.9,453832,19,0,55.8
2026-09-17T00:06:39.170Z,57.9,453868,19,0,55.8
2026-09-17T00:06:44.213Z,57.9,453896,19,0,55.8
2026-09-17T00:06:49.250Z,57.9,455032,19,0,55.8
2026-09-17T00:06:54.295Z,57.9,455052,19,0,55.3
2026-09-17T00:06:59.336Z,57.9,454068,19,0,56.4
2026-09-17T00:07:04.376Z,57.9,454300,19,0,56.4
2026-09-17T00:07:09.415Z,57.9,452116,19,0,55.8
2026-09-17T00:07:14.453Z,57.9,452252,19,0,56.4
2026-09-17T00:07:19.497Z,57.9,451032,19,0,56.4
2026-09-17T00:07:24.535Z,57.9,451036,19,0,55.8
2026-09-17T00:07:29.574Z,57.9,452144,19,0,55.8
2026-09-17T00:07:34.615Z,57.9,452312,19,0,56.4
2026-09-17T00:07:39.657Z,57.9,452568,19,0,55.8
2026-09-17T00:07:44.698Z,57.9,452568,19,0,55.8
2026-09-17T00:07:49.741Z,57.9,453160,19,0,55.8
2026-09-17T00:07:54.781Z,57.9,453340,19,0,54.8
2026-09-17T00:07:59.823Z,57.9,453340,19,0,54.8
2026-09-17T00:08:04.862Z,57.9,454708,19,0,55.3
2026-09-17T00:08:09.907Z,57.9,454912,19,0,55.8
2026-09-17T00:08:14.948Z,57.9,453532,19,0,55.8
2026-09-17T00:08:19.986Z,57.9,453692,19,0,56.4
2026-09-17T00:08:25.024Z,57.9,451660,19,0,56.9
2026-09-17T00:08:30.063Z,57.9,451744,19,0,55.8
2026-09-17T00:08:35.103Z,57.9,451444,19,0,56.9
2026-09-17T00:08:40.146Z,57.9,451544,19,0,55.8
2026-09-17T00:08:45.182Z,57.9,451744,19,0,55.8
2026-09-17T00:08:50.224Z,57.9,451744,19,0,56.4
2026-09-17T00:08:55.264Z,57.9,452176,19,0,55.8
2026-09-17T00:09:00.306Z,57.9,452280,19,0,55.3
2026-09-17T00:09:05.346Z,57.9,452332,19,0,56.4
2026-09-17T00:09:10.388Z,57.9,453508,19,0,55.8
2026-09-17T00:09:15.431Z,57.9,453512,19,0,55.8
2026-09-17T00:09:20.475Z,57.9,453848,19,0,55.3
2026-09-17T00:09:25.514Z,57.9,453848,19,0,55.3
2026-09-17T00:09:30.555Z,57.9,453552,19,0,55.8
2026-09-17T00:09:35.593Z,57.9,453664,19,0,55.8
2026-09-17T00:09:40.633Z,57.9,453804,19,0,55.8
2026-09-17T00:09:45.675Z,57.9,452464,19,0,55.8
2026-09-17T00:09:50.716Z,57.9,452484,19,0,55.8
2026-09-17T00:09:55.756Z,57.9,452476,19,0,56.4
2026-09-17T00:10:00.794Z,57.9,451296,19,0,55.8
2026-09-17T00:10:05.837Z,57.9,451376,19,0,56.4
2026-09-17T00:10:10.878Z,57.9,451828,19,0,56.4
2026-09-17T00:10:15.919Z,57.9,451856,19,0,56.4
2026-09-17T00:10:20.960Z,57.9,452072,19,0,55.8
2026-09-17T00:10:26.003Z,57.9,452868,19,0,55.8
2026-09-17T00:10:31.045Z,57.9,452868,19,0,55.8
2026-09-17T00:10:36.088Z,57.9,453736,19,0,55.8
2026-09-17T00:10:41.129Z,57.9,453840,19,0,54.8
2026-09-17T00:10:46.171Z,57.9,454024,19,0,55.8
2026-09-17T00:10:51.209Z,57.9,454360,19,0,55.8
2026-09-17T00:10:56.252Z,57.9,454392,19,0,55.8
2026-09-17T00:11:01.289Z,57.9,453748,19,0,56.4
2026-09-17T00:11:06.329Z,57.9,453808,19,0,56.4
2026-09-17T00:11:11.370Z,57.9,452260,19,0,55.8
2026-09-17T00:11:16.409Z,57.9,452552,19,0,56.4
2026-09-17T00:11:21.448Z,57.9,451344,19,0,56.4
2026-09-17T00:11:26.493Z,57.9,451352,19,0,56.4
2026-09-17T00:11:31.531Z,57.9,451992,19,0,56.4
2026-09-17T00:11:36.575Z,57.9,451992,19,0,55.8
2026-09-17T00:11:41.617Z,57.9,453292,19,0,55.8
2026-09-17T00:11:46.656Z,57.9,453292,19,0,55.8
2026-09-17T00:11:51.696Z,57.9,454220,19,0,55.8
2026-09-17T00:11:56.735Z,57.9,454252,19,0,55.8
2026-09-17T00:12:01.777Z,57.9,454252,19,0,55.3
2026-09-17T00:12:06.817Z,57.9,454244,19,0,55.8
2026-09-17T00:12:11.858Z,57.9,454300,19,0,56.4
2026-09-17T00:12:16.896Z,57.9,452912,19,0,55.8
2026-09-17T00:12:21.932Z,57.9,453152,19,0,56.4
2026-09-17T00:12:26.974Z,57.9,452100,19,0,56.4
2026-09-17T00:12:32.026Z,57.9,452100,19,0,56.4
2026-09-17T00:12:37.068Z,57.9,451348,19,0,56.4
2026-09-17T00:12:42.115Z,57.9,451428,19,0,55.8
2026-09-17T00:12:47.155Z,57.9,452332,19,0,56.4
2026-09-17T00:12:52.198Z,57.9,452532,19,0,56.4
2026-09-17T00:12:57.241Z,57.9,452856,19,0,56.4
2026-09-17T00:13:02.294Z,57.9,452856,19,0,55.8
2026-09-17T00:13:07.336Z,57.9,454876,19,0,56.4
2026-09-17T00:13:12.379Z,57.9,455004,19,0,55.8
2026-09-17T00:13:17.422Z,57.9,455004,19,0,55.3
2026-09-17T00:13:22.461Z,57.9,454696,19,0,55.8
2026-09-17T00:13:27.502Z,57.9,454844,19,0,55.8
2026-09-17T00:13:32.545Z,57.9,454508,19,0,55.8
2026-09-17T00:13:37.585Z,57.9,454620,19,0,56.4
2026-09-17T00:13:42.625Z,57.9,453964,19,0,56.4
2026-09-17T00:13:47.666Z,57.9,454036,19,0,55.8
2026-09-17T00:13:52.707Z,57.9,453236,19,0,56.4
2026-09-17T00:13:57.755Z,57.9,453520,19,0,56.4
2026-09-17T00:14:02.796Z,57.9,451936,19,0,55.8
2026-09-17T00:14:07.841Z,57.9,452020,19,0,55.8
2026-09-17T00:14:12.878Z,57.9,452332,19,0,56.9
2026-09-17T00:14:17.918Z,57.9,452336,19,0,55.8
2026-09-17T00:14:22.967Z,57.9,453416,19,0,55.8
2026-09-17T00:14:28.007Z,57.9,453612,19,0,55.8
2026-09-17T00:14:33.049Z,57.9,453612,19,0,55.8
2026-09-17T00:14:38.091Z,57.9,454668,19,0,55.8
2026-09-17T00:14:43.131Z,57.9,454672,19,0,54.8
2026-09-17T00:14:48.176Z,57.9,454836,19,0,55.3
2026-09-17T00:14:53.221Z,57.9,454924,19,0,55.8
2026-09-17T00:14:58.258Z,57.9,453940,19,0,55.8
2026-09-17T00:15:03.303Z,57.9,454200,19,0,56.9
2026-09-17T00:15:08.342Z,57.9,452552,19,0,55.8
2026-09-17T00:15:13.387Z,57.9,452696,19,0,56.4
2026-09-17T00:15:18.433Z,57.9,451720,19,0,56.4
2026-09-17T00:15:23.480Z,57.9,451724,19,0,55.8
2026-09-17T00:15:28.525Z,57.9,453544,19,0,55.8
2026-09-17T00:15:33.564Z,57.9,453752,19,0,56.4
2026-09-17T00:15:38.603Z,57.9,453752,19,0,55.8
2026-09-17T00:15:43.650Z,57.9,452460,19,0,55.3
2026-09-17T00:15:48.691Z,57.9,452484,19,0,55.8
2026-09-17T00:15:53.736Z,57.9,453776,19,0,55.8
2026-09-17T00:15:58.776Z,57.9,453808,19,0,54.8
2026-09-17T00:16:03.820Z,57.9,454364,19,0,55.3
2026-09-17T00:16:08.863Z,57.9,454872,19,0,55.8
2026-09-17T00:16:13.905Z,57.9,454880,19,0,55.8
2026-09-17T00:16:18.945Z,57.9,454432,19,0,55.8
2026-09-17T00:16:23.987Z,57.9,454560,19,0,56.4
2026-09-17T00:16:29.029Z,57.9,452988,19,0,56.4
2026-09-17T00:16:34.070Z,57.9,453120,19,0,55.8
2026-09-17T00:16:39.115Z,57.9,452372,19,0,55.8
2026-09-17T00:16:44.156Z,57.9,452460,19,0,55.8
2026-09-17T00:16:49.200Z,57.9,451832,19,0,55.8
2026-09-17T00:16:54.240Z,57.9,451984,19,0,55.8
2026-09-17T00:16:59.281Z,57.9,451680,19,0,56.4
2026-09-17T00:17:04.321Z,57.9,451680,19,0,55.8
2026-09-17T00:17:09.368Z,57.9,453280,19,0,55.3
2026-09-17T00:17:14.409Z,57.9,453348,19,0,54.8
2026-09-17T00:17:19.450Z,57.9,453348,19,0,55.3
2026-09-17T00:17:24.494Z,57.9,454568,19,0,55.3
2026-09-17T00:17:29.535Z,57.9,454716,19,0,55.3
2026-09-17T00:17:34.579Z,57.9,453812,19,0,55.8
2026-09-17T00:17:39.623Z,57.9,453920,19,0,55.8
2026-09-17T00:17:44.663Z,57.9,453092,19,0,56.9
2026-09-17T00:17:49.709Z,57.9,453180,19,0,55.8
2026-09-17T00:17:54.747Z,57.9,452072,19,0,55.8
2026-09-17T00:17:59.791Z,57.9,452332,19,0,56.4
2026-09-17T00:18:04.832Z,57.9,451320,19,0,55.8
2026-09-17T00:18:09.874Z,57.9,451468,19,0,56.4
2026-09-17T00:18:14.915Z,57.9,452120,19,0,56.4
2026-09-17T00:18:19.958Z,57.9,452128,19,0,55.8
2026-09-17T00:18:25.002Z,57.9,453992,19,0,55.3
2026-09-17T00:18:30.040Z,57.9,454220,19,0,55.3
2026-09-17T00:18:35.091Z,57.9,454240,19,0,55.3
2026-09-17T00:18:40.130Z,57.9,453600,19,0,55.3
2026-09-17T00:18:45.170Z,57.9,453652,19,0,55.8
2026-09-17T00:18:50.209Z,57.9,453836,19,0,55.8
2026-09-17T00:18:55.254Z,57.9,453836,19,0,55.8
2026-09-17T00:19:00.306Z,57.9,454180,19,0,55.8
2026-09-17T00:19:05.348Z,57.9,454524,19,0,56.4
2026-09-17T00:19:10.391Z,57.9,452348,19,0,55.8
2026-09-17T00:19:15.432Z,57.9,452372,19,0,56.4
2026-09-17T00:19:20.468Z,57.9,452216,19,0,55.8
2026-09-17T00:19:25.516Z,57.9,452340,19,0,55.8
2026-09-17T00:19:30.554Z,57.9,452404,19,0,55.8
2026-09-17T00:19:35.592Z,57.9,452892,19,0,55.8
2026-09-17T00:19:40.639Z,57.9,452892,19,0,55.3
2026-09-17T00:19:45.679Z,57.9,453416,19,0,55.3
2026-09-17T00:19:50.721Z,57.9,453416,19,0,55.8
2026-09-17T00:19:55.761Z,57.9,454272,19,0,55.8
2026-09-17T00:20:00.803Z,57.9,454276,19,0,55.3
2026-09-17T00:20:05.844Z,57.9,454320,19,0,54.8
2026-09-17T00:20:10.887Z,57.9,455192,19,0,55.8
2026-09-17T00:20:15.928Z,57.9,455212,19,0,55.3
2026-09-17T00:20:20.968Z,57.9,453860,19,0,55.8
2026-09-17T00:20:26.011Z,57.9,454100,19,0,56.4
2026-09-17T00:20:31.053Z,57.9,452672,19,0,55.8
2026-09-17T00:20:36.097Z,57.9,452748,19,0,56.9
2026-09-17T00:20:41.138Z,57.9,452404,19,0,56.9
2026-09-17T00:20:46.176Z,57.9,452452,19,0,56.9
2026-09-17T00:20:51.216Z,57.9,452208,19,0,55.8
2026-09-17T00:20:56.256Z,57.9,452416,19,0,56.4
2026-09-17T00:21:01.298Z,57.9,452732,19,0,55.8
2026-09-17T00:21:06.337Z,57.9,452740,19,0,55.3
2026-09-17T00:21:11.375Z,57.9,454412,19,0,56.4
2026-09-17T00:21:16.417Z,57.9,454412,19,0,55.8
2026-09-17T00:21:21.457Z,57.9,453768,19,0,55.8
2026-09-17T00:21:26.502Z,57.9,453796,19,0,55.3
2026-09-17T00:21:31.550Z,57.9,453944,19,0,55.8
2026-09-17T00:21:36.594Z,57.9,454320,19,0,55.3
2026-09-17T00:21:41.637Z,57.9,454336,19,0,55.8
2026-09-17T00:21:46.680Z,57.9,452896,19,0,56.9
2026-09-17T00:21:51.721Z,57.9,452956,19,0,56.4
2026-09-17T00:21:56.766Z,57.9,451996,19,0,56.9
2026-09-17T00:22:01.809Z,57.9,452192,19,0,56.4
2026-09-17T00:22:06.848Z,57.9,451884,19,0,56.4
2026-09-17T00:22:11.892Z,57.9,451960,19,0,56.4
2026-09-17T00:22:16.947Z,57.9,452284,19,0,56.4
2026-09-17T00:22:21.989Z,57.9,452284,19,0,55.8
2026-09-17T00:22:27.029Z,57.9,455216,19,0,55.3
2026-09-17T00:22:32.069Z,57.9,455220,19,0,55.8
2026-09-17T00:22:37.111Z,57.9,454436,19,0,55.8
2026-09-17T00:22:42.153Z,57.9,454444,19,0,55.8
2026-09-17T00:22:47.191Z,57.9,454472,19,0,55.8
2026-09-17T00:22:52.233Z,57.9,454976,19,0,56.4
2026-09-17T00:22:57.275Z,57.9,455012,19,0,55.8
2026-09-17T00:23:02.315Z,57.9,454936,19,0,55.8
2026-09-17T00:23:07.355Z,57.9,455136,19,0,55.8
2026-09-17T00:23:12.397Z,57.9,453580,19,0,55.8
2026-09-17T00:23:17.435Z,57.9,453780,19,0,56.4
2026-09-17T00:23:22.475Z,57.9,451748,19,0,56.4
2026-09-17T00:23:27.514Z,57.9,451768,19,0,56.4
2026-09-17T00:23:32.555Z,57.9,453100,19,0,56.4
2026-09-17T00:23:37.597Z,57.9,453340,19,0,55.8
2026-09-17T00:23:42.636Z,57.9,453836,19,0,56.4
2026-09-17T00:23:47.689Z,57.9,453836,19,0,55.8
2026-09-17T00:23:52.728Z,57.9,453864,19,0,55.8
2026-09-17T00:23:57.771Z,57.9,454620,19,0,55.8
2026-09-17T00:24:02.814Z,57.9,454620,19,0,55.8
2026-09-17T00:24:07.854Z,57.9,455532,19,0,55.8
2026-09-17T00:24:12.892Z,57.9,455532,19,0,55.8
2026-09-17T00:24:17.943Z,57.9,454104,19,0,55.8
2026-09-17T00:24:22.981Z,57.9,454364,19,0,56.9
2026-09-17T00:24:28.021Z,57.9,452804,19,0,55.8
2026-09-17T00:24:33.064Z,57.9,452988,19,0,56.4
2026-09-17T00:24:38.109Z,57.9,452132,19,0,56.4
2026-09-17T00:24:43.149Z,57.9,452212,19,0,56.9
2026-09-17T00:24:48.191Z,57.9,452444,19,0,55.8
2026-09-17T00:24:53.234Z,57.9,452604,19,0,55.8
2026-09-17T00:24:58.281Z,57.9,451928,19,0,56.4
2026-09-17T00:25:03.319Z,57.9,451956,19,0,56.4
2026-09-17T00:25:08.363Z,57.9,453188,19,0,55.8
2026-09-17T00:25:13.405Z,57.9,454212,19,0,55.8
2026-09-17T00:25:18.445Z,57.9,454212,19,0,55.8
2026-09-17T00:25:23.484Z,57.9,454816,19,0,55.8
2026-09-17T00:25:28.526Z,57.9,454976,19,0,55.8
2026-09-17T00:25:33.566Z,57.9,454948,19,0,55.8
2026-09-17T00:25:38.606Z,57.9,454948,19,0,55.8
2026-09-17T00:25:43.645Z,57.9,453616,19,0,56.9
2026-09-17T00:25:48.687Z,57.9,453868,19,0,55.8
2026-09-17T00:25:53.754Z,57.9,452796,19,0,55.8
2026-09-17T00:25:58.796Z,57.9,453044,19,0,55.8
2026-09-17T00:26:03.837Z,57.9,451976,19,0,55.8
2026-09-17T00:26:08.879Z,57.9,452176,19,0,56.4
2026-09-17T00:26:13.917Z,57.9,452472,19,0,56.4
2026-09-17T00:26:18.957Z,57.9,452488,19,0,56.4
2026-09-17T00:26:24.001Z,57.9,452568,19,0,55.8
2026-09-17T00:26:29.041Z,57.9,454600,19,0,55.3
2026-09-17T00:26:34.079Z,57.9,454600,19,0,55.8
2026-09-17T00:26:39.118Z,57.9,454780,19,0,55.8
2026-09-17T00:26:44.163Z,57.9,454800,19,0,55.8
2026-09-17T00:26:49.208Z,57.9,454996,19,0,55.8
2026-09-17T00:26:54.249Z,57.9,453616,19,0,55.8
2026-09-17T00:26:59.290Z,57.9,453616,19,0,55.3
2026-09-17T00:27:04.331Z,57.9,453736,19,0,55.8
2026-09-17T00:27:09.373Z,57.9,453856,19,0,55.8
2026-09-17T00:27:14.415Z,57.9,452328,19,0,56.4
2026-09-17T00:27:19.461Z,57.9,452516,19,0,55.8
2026-09-17T00:27:24.502Z,57.9,451976,19,0,55.8
2026-09-17T00:27:29.543Z,57.9,452008,19,0,55.8
2026-09-17T00:27:34.585Z,57.9,453064,19,0,55.8
2026-09-17T00:27:39.624Z,57.9,453100,19,0,55.8
2026-09-17T00:27:44.667Z,57.9,453520,19,0,55.8
2026-09-17T00:27:49.707Z,57.9,453520,19,0,55.8
2026-09-17T00:27:54.746Z,57.9,453796,19,0,55.3
2026-09-17T00:27:59.789Z,57.9,453824,19,0,55.3
2026-09-17T00:28:04.830Z,57.9,453824,19,0,55.3
2026-09-17T00:28:09.867Z,57.9,454896,19,0,55.8
2026-09-17T00:28:14.907Z,57.9,454896,19,0,55.8
2026-09-17T00:28:19.949Z,57.9,454472,19,0,56.4
2026-09-17T00:28:24.986Z,57.9,454672,19,0,56.4
2026-09-17T00:28:30.023Z,57.9,452736,19,0,56.4
2026-09-17T00:28:35.067Z,57.9,452880,19,0,56.9
2026-09-17T00:28:40.108Z,57.9,451476,19,0,55.8
2026-09-17T00:28:45.146Z,57.9,451476,19,0,56.4
2026-09-17T00:28:50.184Z,57.9,453260,19,0,55.8
2026-09-17T00:28:55.239Z,57.9,453428,19,0,55.8
2026-09-17T00:29:00.281Z,57.9,453100,19,0,55.8
2026-09-17T00:29:05.333Z,57.9,453104,19,0,55.8
2026-09-17T00:29:10.374Z,57.9,454048,19,0,56.4
2026-09-17T00:29:15.414Z,57.9,454704,19,0,55.8
2026-09-17T00:29:20.458Z,57.9,454704,19,0,55.3
2026-09-17T00:29:25.502Z,57.9,455100,19,0,55.3
2026-09-17T00:29:30.540Z,57.9,455296,19,0,55.8
2026-09-17T00:29:35.581Z,57.9,453532,19,0,55.8
2026-09-17T00:29:40.622Z,57.9,453728,19,0,55.8
2026-09-17T00:29:45.662Z,57.9,453044,19,0,55.8
2026-09-17T00:29:50.885Z,57.9,453044,19,0,55.8
2026-09-17T00:29:55.926Z,57.9,452684,19,0,56.9
2026-09-17T00:30:00.965Z,57.9,452768,19,0,55.8
2026-09-17T00:30:06.008Z,57.9,452188,19,0,55.8
2026-09-17T00:30:11.044Z,57.9,452188,19,0,55.3
2026-09-17T00:30:16.087Z,57.9,451128,19,0,55.8
2026-09-17T00:30:21.129Z,57.9,451148,19,0,55.3
2026-09-17T00:30:26.169Z,57.9,451696,19,0,55.3
2026-09-17T00:30:31.213Z,57.9,454408,19,0,55.8
2026-09-17T00:30:36.254Z,57.9,454408,19,0,55.3
2026-09-17T00:30:41.294Z,57.9,455036,19,0,54.8
2026-09-17T00:30:46.333Z,57.9,455112,19,0,54.8
2026-09-17T00:30:51.374Z,57.9,455272,19,0,54.8
2026-09-17T00:30:56.413Z,57.9,453948,19,0,55.3
2026-09-17T00:31:01.456Z,57.9,453956,19,0,55.8
2026-09-17T00:31:06.500Z,57.9,453668,19,0,55.8
2026-09-17T00:31:11.543Z,57.9,453752,19,0,55.8
2026-09-17T00:31:16.578Z,57.9,452108,19,0,56.4
2026-09-17T00:31:21.622Z,57.9,452376,19,0,56.4
2026-09-17T00:31:26.666Z,57.9,451144,19,0,56.4
2026-09-17T00:31:31.705Z,57.9,451296,19,0,55.8
2026-09-17T00:31:36.744Z,57.9,452340,19,0,56.4
2026-09-17T00:31:41.786Z,57.9,452352,19,0,55.8
2026-09-17T00:31:46.827Z,57.9,453516,19,0,56.4
2026-09-17T00:31:51.865Z,57.9,453960,19,0,55.8
2026-09-17T00:31:56.904Z,57.9,453964,19,0,55.3
2026-09-17T00:32:01.945Z,57.9,453816,19,0,55.8
2026-09-17T00:32:06.988Z,57.9,453876,19,0,55.8
2026-09-17T00:32:12.033Z,57.9,453796,19,0,55.8
2026-09-17T00:32:17.073Z,57.9,453796,19,0,55.3
2026-09-17T00:32:22.116Z,57.9,453832,19,0,55.8
2026-09-17T00:32:27.155Z,57.9,454096,19,0,56.4
2026-09-17T00:32:32.199Z,57.9,454184,19,0,55.8
2026-09-17T00:32:37.237Z,57.9,452592,19,0,56.9
2026-09-17T00:32:42.275Z,57.9,450792,19,0,56.4
2026-09-17T00:32:47.317Z,57.9,450904,19,0,56.4
2026-09-17T00:32:52.363Z,57.9,451344,19,0,56.4
2026-09-17T00:32:57.402Z,57.9,452372,19,0,56.9
2026-09-17T00:33:02.443Z,57.9,452376,19,0,56.4
2026-09-17T00:33:07.488Z,57.9,453436,19,0,55.3
2026-09-17T00:33:12.531Z,57.9,453444,19,0,55.8
2026-09-17T00:33:17.572Z,57.9,453784,19,0,55.3
2026-09-17T00:33:22.614Z,57.9,453840,19,0,54.8
2026-09-17T00:33:27.661Z,57.9,453900,19,0,55.8
2026-09-17T00:33:32.700Z,57.9,455228,19,0,55.8
2026-09-17T00:33:37.740Z,57.9,455232,19,0,55.8
2026-09-17T00:33:42.779Z,57.9,453536,19,0,56.4
2026-09-17T00:33:47.822Z,57.9,453672,19,0,56.4
2026-09-17T00:33:52.863Z,57.9,452516,19,0,55.8
2026-09-17T00:33:57.902Z,57.9,452620,19,0,56.9
2026-09-17T00:34:02.942Z,57.9,451908,19,0,56.9
2026-09-17T00:34:07.984Z,57.9,451980,19,0,56.4
2026-09-17T00:34:13.026Z,57.9,452280,19,0,56.4
2026-09-17T00:34:18.068Z,57.9,452456,19,0,55.8
2026-09-17T00:34:23.113Z,57.9,452104,19,0,55.8
2026-09-17T00:34:28.155Z,57.9,452104,19,0,55.8
2026-09-17T00:34:33.199Z,57.9,454372,19,0,55.8
2026-09-17T00:34:38.243Z,57.9,454504,19,0,55.8
2026-09-17T00:34:43.285Z,57.9,454532,19,0,55.8
2026-09-17T00:34:48.324Z,57.9,455540,19,0,55.8
2026-09-17T00:34:53.367Z,57.9,455708,19,0,55.8
2026-09-17T00:34:58.408Z,57.9,453840,19,0,55.8
2026-09-17T00:35:03.446Z,57.9,453956,19,0,56.4
2026-09-17T00:35:08.489Z,57.9,452920,19,0,56.4
2026-09-17T00:35:13.529Z,57.9,452988,19,0,55.8
2026-09-17T00:35:18.574Z,57.9,452092,19,0,56.4
2026-09-17T00:35:23.613Z,57.9,452100,19,0,56.4
2026-09-17T00:35:28.653Z,57.9,451056,19,0,55.8
2026-09-17T00:35:33.694Z,57.9,451168,19,0,55.8
2026-09-17T00:35:38.733Z,57.9,451616,19,0,56.9
2026-09-17T00:35:43.775Z,57.9,451676,19,0,55.8
2026-09-17T00:35:48.825Z,57.9,453836,19,0,55.8
2026-09-17T00:35:53.865Z,57.9,454228,19,0,55.8
2026-09-17T00:35:58.906Z,57.9,454228,19,0,55.8
2026-09-17T00:36:03.948Z,57.9,454060,19,0,55.8
2026-09-17T00:36:08.989Z,57.9,454168,19,0,55.3
2026-09-17T00:36:14.028Z,57.9,454140,19,0,55.8
2026-09-17T00:36:19.073Z,57.9,454180,19,0,55.8
2026-09-17T00:36:24.117Z,57.9,453396,19,0,56.9
2026-09-17T00:36:29.159Z,57.9,453524,19,0,56.4
2026-09-17T00:36:34.202Z,57.9,452368,19,0,55.8
2026-09-17T00:36:39.245Z,57.9,452636,19,0,55.8
2026-09-17T00:36:44.288Z,57.9,450784,19,0,56.4
2026-09-17T00:36:49.329Z,57.9,450908,19,0,55.8
2026-09-17T00:36:54.369Z,57.9,452364,19,0,56.4
2026-09-17T00:36:59.412Z,57.9,452368,19,0,55.8
2026-09-17T00:37:04.457Z,57.9,453208,19,0,55.8
2026-09-17T00:37:09.497Z,57.9,453472,19,0,55.8
2026-09-17T00:37:14.540Z,57.9,453476,19,0,55.8
2026-09-17T00:37:19.578Z,57.9,453044,19,0,55.3
2026-09-17T00:37:24.625Z,57.9,453044,19,0,55.8
2026-09-17T00:37:29.667Z,57.9,455020,19,0,55.3
2026-09-17T00:37:34.706Z,57.9,455020,19,0,56.4
2026-09-17T00:37:39.753Z,57.9,453660,19,0,56.4
2026-09-17T00:37:44.794Z,57.9,454008,19,0,56.4
2026-09-17T00:37:49.835Z,57.9,452012,19,0,56.4
2026-09-17T00:37:54.878Z,57.9,452144,19,0,56.9
2026-09-17T00:37:59.918Z,57.9,451552,19,0,56.9
2026-09-17T00:38:04.958Z,57.9,451552,19,0,56.4
2026-09-17T00:38:09.997Z,57.9,452976,19,0,55.8
2026-09-17T00:38:15.034Z,57.9,453592,19,0,56.4
2026-09-17T00:38:20.076Z,57.9,453600,19,0,55.8
2026-09-17T00:38:25.118Z,57.9,452744,19,0,55.8
2026-09-17T00:38:30.156Z,57.9,452748,19,0,55.8
2026-09-17T00:38:35.198Z,57.9,454440,19,0,55.8
2026-09-17T00:38:40.242Z,57.9,454488,19,0,55.8
2026-09-17T00:38:45.285Z,57.9,455252,19,0,54.8
2026-09-17T00:38:50.326Z,57.9,455640,19,0,55.8
2026-09-17T00:38:55.367Z,57.9,455732,19,0,55.8
2026-09-17T00:39:00.403Z,57.9,453972,19,0,56.4
2026-09-17T00:39:05.443Z,57.9,452460,19,0,56.4
2026-09-17T00:39:10.488Z,57.9,452520,19,0,55.8
2026-09-17T00:39:15.526Z,57.9,452400,19,0,56.9
2026-09-17T00:39:20.573Z,57.9,454300,19,0,56.9
2026-09-17T00:39:25.614Z,57.9,453468,19,0,55.8
2026-09-17T00:39:30.653Z,57.9,453512,19,0,56.4
2026-09-17T00:39:35.694Z,57.9,453732,19,0,55.8
2026-09-17T00:39:40.736Z,57.9,453572,19,0,56.4
2026-09-17T00:39:45.776Z,57.9,454008,19,0,55.3
2026-09-17T00:39:50.814Z,57.9,455720,19,0,55.8
2026-09-17T00:39:55.863Z,57.9,455720,19,0,55.8
2026-09-17T00:40:00.906Z,57.9,455980,19,0,55.8
2026-09-17T00:40:05.944Z,57.9,455980,19,0,55.8
2026-09-17T00:40:10.986Z,57.9,456152,19,0,55.8
2026-09-17T00:40:16.027Z,57.9,455768,19,0,55.8
2026-09-17T00:40:21.066Z,57.9,457092,19,0,56.4
2026-09-17T00:40:26.103Z,57.9,456124,19,0,56.4
2026-09-17T00:40:31.149Z,57.9,457056,19,0,56.4
2026-09-17T00:40:36.189Z,57.9,455704,19,0,56.9
2026-09-17T00:40:41.229Z,57.9,455776,19,0,56.9
2026-09-17T00:40:46.268Z,57.9,454604,19,0,55.8
2026-09-17T00:40:51.310Z,57.9,454640,19,0,55.8
2026-09-17T00:40:56.350Z,57.9,455972,19,0,55.8
2026-09-17T00:41:01.389Z,57.9,455972,19,0,55.8
2026-09-17T00:41:06.439Z,57.9,456524,19,0,55.8
2026-09-17T00:41:11.479Z,57.9,456528,19,0,55.8
2026-09-17T00:41:16.518Z,57.9,456532,19,0,55.8
2026-09-17T00:41:21.560Z,57.9,457408,19,0,55.3
2026-09-17T00:41:26.602Z,57.9,457460,19,0,55.8
2026-09-17T00:41:31.641Z,57.9,457824,19,0,56.4
2026-09-17T00:41:36.689Z,57.9,457900,19,0,55.8
2026-09-17T00:41:41.727Z,57.9,457160,19,0,56.4
2026-09-17T00:41:46.767Z,57.9,457464,19,0,56.9
2026-09-17T00:41:51.809Z,57.9,456280,19,0,55.8
2026-09-17T00:41:56.848Z,57.9,456476,19,0,56.4
2026-09-17T00:42:01.887Z,57.9,455456,19,0,56.9
2026-09-17T00:42:06.933Z,57.9,455640,19,0,56.4
2026-09-17T00:42:11.974Z,57.9,455996,19,0,56.4
2026-09-17T00:42:17.014Z,57.9,456168,19,0,55.8
2026-09-17T00:42:22.054Z,57.9,456044,19,0,56.4
2026-09-17T00:42:27.096Z,57.9,456044,19,0,56.4
2026-09-17T00:42:32.134Z,57.9,456048,19,0,55.8
2026-09-17T00:42:37.424Z,57.9,457316,19,0,55.8
2026-09-17T00:42:42.465Z,57.9,457348,19,0,55.8
2026-09-17T00:42:47.516Z,57.9,458548,19,0,55.8
2026-09-17T00:42:52.562Z,57.9,458736,19,0,56.4
2026-09-17T00:42:57.602Z,57.9,456476,19,0,56.4
2026-09-17T00:43:02.641Z,57.9,456572,19,0,56.4
2026-09-17T00:43:07.684Z,57.9,454824,19,0,56.4
2026-09-17T00:43:12.725Z,57.9,454964,19,0,56.4
2026-09-17T00:43:17.764Z,57.9,455124,19,0,56.9
2026-09-17T00:43:22.806Z,57.9,455204,19,0,56.4
2026-09-17T00:43:27.845Z,57.9,455092,19,0,55.8
2026-09-17T00:43:32.882Z,57.9,455128,19,0,56.4
2026-09-17T00:43:37.924Z,57.9,455488,19,0,56.4
2026-09-17T00:43:42.965Z,57.9,455520,19,0,55.8
2026-09-17T00:43:48.005Z,57.9,456592,19,0,56.4
2026-09-17T00:43:53.045Z,57.9,457664,19,0,55.8
2026-09-17T00:43:58.086Z,57.9,457684,19,0,56.4
2026-09-17T00:44:03.130Z,57.9,457072,19,0,55.8
2026-09-17T00:44:08.173Z,57.9,457328,19,0,55.8
2026-09-17T00:44:13.213Z,57.9,457220,19,0,55.8
2026-09-17T00:44:18.262Z,57.9,457224,19,0,55.8
2026-09-17T00:44:23.304Z,57.9,456276,19,0,56.9
2026-09-17T00:44:28.345Z,57.9,456420,19,0,55.8
2026-09-17T00:44:33.382Z,57.9,455460,19,0,56.9
2026-09-17T00:44:38.426Z,57.9,455780,19,0,56.9
2026-09-17T00:44:43.467Z,57.9,453552,19,0,56.9
2026-09-17T00:44:48.506Z,57.9,453552,19,0,56.4
2026-09-17T00:44:53.545Z,57.9,454488,19,0,56.9
2026-09-17T00:44:58.586Z,57.9,454584,19,0,56.4
2026-09-17T00:45:03.627Z,57.9,455068,19,0,56.4
2026-09-17T00:45:08.666Z,57.9,457224,19,0,56.4
2026-09-17T00:45:13.713Z,57.9,457224,19,0,55.8
2026-09-17T00:45:18.750Z,57.9,457396,19,0,55.8
2026-09-17T00:45:23.791Z,57.9,457432,19,0,55.8
2026-09-17T00:45:28.833Z,57.9,457604,19,0,55.8
2026-09-17T00:45:33.871Z,57.9,457096,19,0,55.8
2026-09-17T00:45:38.909Z,57.9,457124,19,0,55.8
2026-09-17T00:45:43.948Z,57.9,456776,19,0,56.4
2026-09-17T00:45:48.990Z,57.9,456844,19,0,56.4
2026-09-17T00:45:54.031Z,57.9,455304,19,0,56.9
2026-09-17T00:45:59.078Z,57.9,455592,19,0,56.4
2026-09-17T00:46:04.117Z,57.9,455440,19,0,56.9
2026-09-17T00:46:09.153Z,57.9,455500,19,0,55.8
2026-09-17T00:46:14.195Z,57.9,456080,19,0,56.4
2026-09-17T00:46:19.235Z,57.9,456084,19,0,56.4
2026-09-17T00:46:24.276Z,57.9,456780,19,0,55.8
2026-09-17T00:46:29.316Z,57.9,457392,19,0,55.8
2026-09-17T00:46:34.357Z,57.9,457428,19,0,55.3
2026-09-17T00:46:39.400Z,57.9,456260,19,0,55.3
2026-09-17T00:46:44.440Z,57.9,456340,19,0,55.8
2026-09-17T00:46:49.483Z,57.9,456324,19,0,55.8
2026-09-17T00:46:54.697Z,57.9,456324,19,0,55.8
2026-09-17T00:46:59.741Z,57.9,456500,19,0,55.8
2026-09-17T00:47:04.780Z,57.9,457268,19,0,56.4
2026-09-17T00:47:09.820Z,57.9,457300,19,0,56.4
2026-09-17T00:47:14.861Z,57.9,455012,19,0,56.9
2026-09-17T00:47:19.900Z,57.9,453744,19,0,56.9
2026-09-17T00:47:24.940Z,57.9,453928,19,0,56.4
2026-09-17T00:47:29.979Z,57.9,455416,19,0,56.4
2026-09-17T00:47:35.018Z,57.9,456020,19,0,56.9
2026-09-17T00:47:40.064Z,57.9,456020,19,0,55.8
2026-09-17T00:47:45.105Z,57.9,455900,19,0,55.8
2026-09-17T00:47:50.148Z,57.9,455908,19,0,55.8
2026-09-17T00:47:55.188Z,57.9,456524,19,0,55.8
2026-09-17T00:48:00.229Z,57.9,456524,19,0,55.8
2026-09-17T00:48:05.267Z,57.9,456804,19,0,55.3
2026-09-17T00:48:10.306Z,57.9,457712,19,0,55.8
2026-09-17T00:48:15.352Z,57.9,457776,19,0,55.8
2026-09-17T00:48:20.391Z,57.9,456696,19,0,55.8
2026-09-17T00:48:25.435Z,57.9,456912,19,0,55.8
2026-09-17T00:48:30.479Z,57.9,455520,19,0,55.8
2026-09-17T00:48:35.523Z,57.9,455556,19,0,56.9
2026-09-17T00:48:40.566Z,57.9,455324,19,0,56.4
2026-09-17T00:48:45.614Z,57.9,455360,19,0,55.8
2026-09-17T00:48:50.656Z,57.9,455632,19,0,55.8
2026-09-17T00:48:55.698Z,57.9,455804,19,0,55.8
2026-09-17T00:49:00.739Z,57.9,455124,19,0,55.8
2026-09-17T00:49:05.781Z,57.9,455124,19,0,55.8
2026-09-17T00:49:10.825Z,57.9,456580,19,0,55.8
2026-09-17T00:49:15.871Z,57.9,456580,19,0,55.8
2026-09-17T00:49:20.912Z,57.9,456588,19,0,54.8
2026-09-17T00:49:25.954Z,57.9,457440,19,0,55.8
2026-09-17T00:49:30.996Z,57.9,457600,19,0,55.8
2026-09-17T00:49:36.038Z,57.9,456788,19,0,55.8
2026-09-17T00:49:41.081Z,57.9,456868,19,0,56.4
2026-09-17T00:49:46.124Z,57.9,455328,19,0,55.8
2026-09-17T00:49:51.165Z,57.9,455436,19,0,55.8
2026-09-17T00:49:56.203Z,57.9,454608,19,0,56.9
2026-09-17T00:50:01.246Z,57.9,454676,19,0,55.8
2026-09-17T00:50:06.281Z,57.9,453524,19,0,55.8
2026-09-17T00:50:11.325Z,57.9,453528,19,0,55.8
2026-09-17T00:50:16.366Z,57.9,455076,19,0,55.8
2026-09-17T00:50:21.414Z,57.9,455192,19,0,55.8
2026-09-17T00:50:26.457Z,57.9,455564,19,0,55.8
2026-09-17T00:50:31.498Z,57.9,456260,19,0,55.3
2026-09-17T00:50:36.538Z,57.9,456260,19,0,55.8
2026-09-17T00:50:41.583Z,57.9,456400,19,0,55.8
2026-09-17T00:50:46.625Z,57.9,456400,19,0,55.3
2026-09-17T00:50:51.667Z,57.9,456304,19,0,55.8
2026-09-17T00:50:56.709Z,57.9,456328,19,0,55.8
2026-09-17T00:51:01.746Z,57.9,456576,19,0,56.4
2026-09-17T00:51:06.788Z,57.9,456760,19,0,55.8
2026-09-17T00:51:11.829Z,57.9,456880,19,0,56.4
2026-09-17T00:51:16.867Z,57.9,455088,19,0,56.4
2026-09-17T00:51:21.905Z,57.9,453032,19,0,56.4
2026-09-17T00:51:26.947Z,57.9,453100,19,0,56.4
2026-09-17T00:51:31.988Z,57.9,453720,19,0,55.8
2026-09-17T00:51:37.028Z,57.9,454228,19,0,55.8
2026-09-17T00:51:42.067Z,57.9,454800,19,0,55.8
2026-09-17T00:51:47.112Z,57.9,455228,19,0,55.8
2026-09-17T00:51:52.153Z,57.9,455228,19,0,55.3
2026-09-17T00:51:57.196Z,57.9,456696,19,0,55.3
2026-09-17T00:52:02.238Z,57.9,456724,19,0,55.8
2026-09-17T00:52:07.282Z,57.9,456956,19,0,55.3
2026-09-17T00:52:12.324Z,57.9,457176,19,0,55.8
2026-09-17T00:52:17.364Z,57.9,457276,19,0,55.8
2026-09-17T00:52:22.402Z,57.9,455732,19,0,56.4
2026-09-17T00:52:27.442Z,57.9,454168,19,0,55.8
2026-09-17T00:52:32.484Z,57.9,454172,19,0,55.8
2026-09-17T00:52:37.529Z,57.9,454136,19,0,56.4
2026-09-17T00:52:42.569Z,57.9,454244,19,0,56.4
2026-09-17T00:52:47.611Z,57.9,454280,19,0,56.4
2026-09-17T00:52:52.678Z,57.9,454512,19,0,55.8
2026-09-17T00:52:57.717Z,57.9,454688,19,0,55.8
2026-09-17T00:53:02.767Z,57.9,454308,19,0,55.8
2026-09-17T00:53:07.811Z,57.9,454364,19,0,55.3
2026-09-17T00:53:12.853Z,57.9,456576,19,0,55.8
2026-09-17T00:53:17.894Z,57.9,456580,19,0,55.3
2026-09-17T00:53:22.934Z,57.9,456064,19,0,55.3
2026-09-17T00:53:27.975Z,57.9,456068,19,0,54.8
2026-09-17T00:53:33.020Z,57.9,456280,19,0,55.8
2026-09-17T00:53:38.059Z,57.9,456428,19,0,55.8
2026-09-17T00:53:43.098Z,57.9,456560,19,0,55.8
2026-09-17T00:53:48.137Z,57.9,455152,19,0,55.8
2026-09-17T00:53:53.176Z,57.9,455224,19,0,55.8
2026-09-17T00:53:58.215Z,57.9,455112,19,0,56.4
2026-09-17T00:54:03.250Z,57.9,455140,19,0,56.4
2026-09-17T00:54:08.290Z,57.9,453944,19,0,56.4
2026-09-17T00:54:13.329Z,57.9,453944,19,0,56.4
2026-09-17T00:54:18.377Z,57.9,454520,19,0,56.4
2026-09-17T00:54:23.418Z,57.9,454628,19,0,55.8
2026-09-17T00:54:28.464Z,57.9,455952,19,0,55.8
2026-09-17T00:54:33.506Z,57.9,456032,19,0,54.8
2026-09-17T00:54:38.550Z,57.9,456032,19,0,55.3
2026-09-17T00:54:43.590Z,57.9,456392,19,0,55.8
2026-09-17T00:54:48.630Z,57.9,456392,19,0,55.3
2026-09-17T00:54:53.670Z,57.9,456432,19,0,55.8
2026-09-17T00:54:58.714Z,57.9,456476,19,0,55.8
2026-09-17T00:55:03.753Z,57.9,455468,19,0,56.4
2026-09-17T00:55:08.799Z,57.9,455580,19,0,55.8
2026-09-17T00:55:13.843Z,57.9,454548,19,0,55.8
2026-09-17T00:55:18.884Z,57.9,455004,19,0,56.4
2026-09-17T00:55:23.921Z,57.9,454140,19,0,56.4
2026-09-17T00:55:28.964Z,57.9,454144,19,0,55.8
2026-09-17T00:55:34.007Z,57.9,455044,19,0,56.4
2026-09-17T00:55:39.047Z,57.9,455808,19,0,55.8
2026-09-17T00:55:44.088Z,57.9,455864,19,0,55.3
2026-09-17T00:55:49.128Z,57.9,455812,19,0,55.3
2026-09-17T00:55:54.168Z,57.9,455812,19,0,54.8
2026-09-17T00:55:59.214Z,57.9,456588,19,0,55.8
2026-09-17T00:56:04.255Z,57.9,456588,19,0,55.3
2026-09-17T00:56:09.294Z,57.9,456756,19,0,55.8
2026-09-17T00:56:14.346Z,57.9,457276,19,0,55.8
2026-09-17T00:56:19.384Z,57.9,457396,19,0,55.8
2026-09-17T00:56:24.426Z,57.9,456188,19,0,55.8
2026-09-17T00:56:29.474Z,57.9,456232,19,0,55.8
2026-09-17T00:56:34.517Z,57.9,455404,19,0,55.8
2026-09-17T00:56:39.557Z,57.9,455608,19,0,56.9
2026-09-17T00:56:44.596Z,57.9,454340,19,0,56.4
2026-09-17T00:56:49.640Z,57.9,454428,19,0,55.8
2026-09-17T00:56:54.691Z,57.9,455288,19,0,55.8
2026-09-17T00:56:59.734Z,57.9,455292,19,0,56.4
2026-09-17T00:57:04.776Z,57.9,455336,19,0,55.8
2026-09-17T00:57:09.816Z,57.9,455336,19,0,55.8
2026-09-17T00:57:14.856Z,57.9,456804,19,0,55.8
2026-09-17T00:57:19.898Z,57.9,456804,19,0,55.8
2026-09-17T00:57:24.940Z,57.9,456812,19,0,55.8
2026-09-17T00:57:29.985Z,57.9,456920,19,0,55.8
2026-09-17T00:57:35.024Z,57.9,457032,19,0,56.4
2026-09-17T00:57:40.065Z,57.9,455856,19,0,55.8
2026-09-17T00:57:45.102Z,57.9,456104,19,0,56.9
2026-09-17T00:57:50.143Z,57.9,455168,19,0,56.4
2026-09-17T00:57:55.188Z,57.9,455168,19,0,56.9
2026-09-17T00:58:00.233Z,57.9,454476,19,0,55.8
2026-09-17T00:58:05.274Z,57.9,454504,19,0,55.8
2026-09-17T00:58:10.318Z,57.9,454384,19,0,56.4
2026-09-17T00:58:15.357Z,57.9,454548,19,0,55.8
2026-09-17T00:58:20.398Z,57.9,454548,19,0,55.8
2026-09-17T00:58:25.439Z,57.9,454548,19,0,55.8
2026-09-17T00:58:30.481Z,57.9,455928,19,0,55.8
2026-09-17T00:58:35.521Z,57.9,456640,19,0,55.8
2026-09-17T00:58:40.561Z,57.9,456640,19,0,55.3
2026-09-17T00:58:45.603Z,57.9,456480,19,0,54.8
2026-09-17T00:58:50.643Z,57.8,456684,19,0,55.8
2026-09-17T00:58:55.684Z,57.9,456040,19,0,54.8
2026-09-17T00:59:00.728Z,57.9,456060,19,0,55.8
2026-09-17T00:59:05.779Z,57.9,454768,19,0,56.9
2026-09-17T00:59:10.823Z,57.9,454992,19,0,55.8
2026-09-17T00:59:15.866Z,57.9,454364,19,0,56.4
2026-09-17T00:59:20.907Z,57.9,454668,19,0,56.4
2026-09-17T00:59:25.947Z,57.9,453416,19,0,56.4
2026-09-17T00:59:30.984Z,57.9,453416,19,0,56.4
2026-09-17T00:59:36.029Z,57.9,454692,19,0,56.4
2026-09-17T00:59:41.068Z,57.9,454756,19,0,56.4
2026-09-17T00:59:46.111Z,57.9,455360,19,0,55.8
2026-09-17T00:59:51.151Z,57.9,456148,19,0,55.8
2026-09-17T00:59:56.192Z,57.9,456152,19,0,55.8
2026-09-17T01:00:01.234Z,57.9,455024,19,0,55.3
2026-09-17T01:00:06.274Z,57.9,455092,19,0,55.3
2026-09-17T01:00:11.315Z,57.8,456288,19,0,55.8
2026-09-17T01:00:16.360Z,57.9,456292,19,0,56.4
2026-09-17T01:00:21.398Z,57.9,455640,19,0,55.3
2026-09-17T01:00:26.437Z,57.9,455848,19,0,56.9
2026-09-17T01:00:31.478Z,57.9,454980,19,0,55.8
2026-09-17T01:00:36.518Z,57.9,455132,19,0,56.4
2026-09-17T01:00:41.559Z,57.9,453348,19,0,55.8
2026-09-17T01:00:46.600Z,57.9,453492,19,0,55.8
2026-09-17T01:00:51.637Z,57.9,455136,19,0,55.8
2026-09-17T01:00:56.677Z,57.9,455356,19,0,55.8
2026-09-17T01:01:01.718Z,57.9,455356,19,0,55.8
2026-09-17T01:01:06.760Z,57.9,454644,19,0,55.3
2026-09-17T01:01:11.799Z,57.9,454644,19,0,55.8
2026-09-17T01:01:16.842Z,57.9,455820,19,0,55.8
2026-09-17T01:01:21.884Z,57.9,455820,19,0,55.3
2026-09-17T01:01:26.924Z,57.8,456072,19,0,55.3
2026-09-17T01:01:31.966Z,57.8,457304,19,0,55.3
2026-09-17T01:01:37.004Z,57.8,457320,19,0,56.4
2026-09-17T01:01:42.045Z,57.8,455496,19,0,55.8
2026-09-17T01:01:47.084Z,57.9,455720,19,0,56.4
2026-09-17T01:01:52.126Z,57.9,454180,19,0,56.4
2026-09-17T01:01:57.168Z,57.9,454212,19,0,55.8
2026-09-17T01:02:02.204Z,57.9,453820,19,0,56.4
2026-09-17T01:02:07.245Z,57.9,453856,19,0,56.4
2026-09-17T01:02:12.285Z,57.9,453668,19,0,55.8
2026-09-17T01:02:17.328Z,57.9,453920,19,0,56.4
2026-09-17T01:02:22.370Z,57.9,454112,19,0,55.8
2026-09-17T01:02:27.410Z,57.9,454136,19,0,55.8
2026-09-17T01:02:32.453Z,57.9,455852,19,0,55.8
2026-09-17T01:02:37.501Z,57.8,455976,19,0,55.3
2026-09-17T01:02:42.540Z,57.8,455976,19,0,54.8
2026-09-17T01:02:47.581Z,57.8,455772,19,0,54.8
2026-09-17T01:02:52.624Z,57.8,455996,19,0,55.3
2026-09-17T01:02:57.664Z,57.8,455324,19,0,55.3
2026-09-17T01:03:02.702Z,57.8,455324,19,0,55.8
2026-09-17T01:03:07.741Z,57.9,454836,19,0,56.9
2026-09-17T01:03:12.785Z,57.9,454908,19,0,55.8
2026-09-17T01:03:17.828Z,57.9,454572,19,0,56.4
2026-09-17T01:03:22.869Z,57.9,454896,19,0,55.8
2026-09-17T01:03:27.909Z,57.9,452784,19,0,55.8
2026-09-17T01:03:32.950Z,57.9,452860,19,0,56.4
2026-09-17T01:03:37.989Z,57.9,453792,19,0,56.4
2026-09-17T01:03:43.030Z,57.9,453796,19,0,55.8
2026-09-17T01:03:48.071Z,57.9,455580,19,0,55.8
2026-09-17T01:03:53.111Z,57.9,456336,19,0,55.8
2026-09-17T01:03:58.160Z,57.9,456336,19,0,55.3
2026-09-17T01:04:03.201Z,57.9,455084,19,0,55.8
2026-09-17T01:04:08.243Z,57.8,455112,19,0,55.8
2026-09-17T01:04:13.283Z,57.8,456232,19,0,55.8
2026-09-17T01:04:18.327Z,57.8,456296,19,0,55.8
2026-09-17T01:04:23.392Z,57.8,456372,19,0,55.8
2026-09-17T01:04:28.432Z,57.9,455276,19,0,56.9
2026-09-17T01:04:33.480Z,57.9,455328,19,0,55.8
2026-09-17T01:04:38.521Z,57.9,454760,19,0,56.4
2026-09-17T01:04:43.565Z,57.9,452664,19,0,56.4
2026-09-17T01:04:48.605Z,57.9,452672,19,0,55.8
2026-09-17T01:04:53.645Z,57.9,452672,19,0,55.8
2026-09-17T01:04:58.688Z,57.9,454224,19,0,55.8
2026-09-17T01:05:03.729Z,57.9,454228,19,0,55.8
2026-09-17T01:05:08.769Z,57.9,455844,19,0,55.8
2026-09-17T01:05:13.810Z,57.9,455848,19,0,56.4
2026-09-17T01:05:18.853Z,57.8,455848,19,0,55.8
2026-09-17T01:05:23.894Z,57.8,455708,19,0,55.3
2026-09-17T01:05:28.934Z,57.8,455736,19,0,54.8
2026-09-17T01:05:33.974Z,57.8,456264,19,0,55.3
2026-09-17T01:05:39.015Z,57.8,456264,19,0,55.8
2026-09-17T01:05:44.057Z,57.8,455752,19,0,56.4
2026-09-17T01:05:49.096Z,57.9,455988,19,0,56.4
2026-09-17T01:05:54.140Z,57.9,454416,19,0,55.8
2026-09-17T01:05:59.188Z,57.9,454484,19,0,56.4
2026-09-17T01:06:04.229Z,57.9,453592,19,0,56.4
2026-09-17T01:06:09.270Z,57.9,453804,19,0,56.9
2026-09-17T01:06:14.313Z,57.9,454428,19,0,55.8
2026-09-17T01:06:19.354Z,57.9,454600,19,0,55.8
2026-09-17T01:06:24.394Z,57.9,454260,19,0,55.8
2026-09-17T01:06:29.434Z,57.9,454272,19,0,55.3
2026-09-17T01:06:34.473Z,57.8,454324,19,0,55.3
2026-09-17T01:06:39.514Z,57.8,456024,19,0,55.8
2026-09-17T01:06:44.556Z,57.8,456024,19,0,55.8
2026-09-17T01:06:49.597Z,57.8,456252,19,0,55.3
2026-09-17T01:06:54.641Z,57.8,456420,19,0,55.8
2026-09-17T01:06:59.686Z,57.8,456588,19,0,55.8
2026-09-17T01:07:04.730Z,57.8,455236,19,0,56.4
2026-09-17T01:07:09.770Z,57.8,453800,19,0,56.9
2026-09-17T01:07:14.810Z,57.8,453876,19,0,55.8
2026-09-17T01:07:19.864Z,57.9,453432,19,0,56.4
2026-09-17T01:07:24.906Z,57.8,453784,19,0,55.8
2026-09-17T01:07:29.946Z,57.8,453864,19,0,55.8
2026-09-17T01:07:34.986Z,57.9,453516,19,0,56.4
2026-09-17T01:07:40.026Z,57.9,453668,19,0,55.8
2026-09-17T01:07:45.067Z,57.8,452900,19,0,55.8
2026-09-17T01:07:50.109Z,57.8,452900,19,0,55.8
2026-09-17T01:07:55.150Z,57.8,455936,19,0,55.8
2026-09-17T01:08:00.192Z,57.8,455936,19,0,55.8
2026-09-17T01:08:05.234Z,57.8,455940,19,0,55.8
2026-09-17T01:08:10.275Z,57.8,455356,19,0,55.8
2026-09-17T01:08:15.314Z,57.8,455608,19,0,55.8
2026-09-17T01:08:20.355Z,57.8,455040,19,0,55.8
2026-09-17T01:08:25.396Z,57.8,455040,19,0,55.8
2026-09-17T01:08:30.436Z,57.8,454408,19,0,56.4
2026-09-17T01:08:35.477Z,57.8,454468,19,0,55.8
2026-09-17T01:08:40.519Z,57.8,453764,19,0,56.4
2026-09-17T01:08:45.558Z,57.8,454024,19,0,56.4
2026-09-17T01:08:50.596Z,57.9,452500,19,0,55.8
2026-09-17T01:08:55.635Z,57.9,452628,19,0,56.4
2026-09-17T01:09:00.675Z,57.9,453388,19,0,55.8
2026-09-17T01:09:05.712Z,57.8,453388,19,0,55.8
2026-09-17T01:09:10.751Z,57.8,454688,19,0,56.4
2026-09-17T01:09:15.793Z,57.8,456080,19,0,56.4
2026-09-17T01:09:20.836Z,57.8,456080,19,0,55.3
2026-09-17T01:09:25.876Z,57.8,455368,19,0,55.3
2026-09-17T01:09:30.917Z,57.8,455396,19,0,55.8
2026-09-17T01:09:35.952Z,57.8,455668,19,0,55.8
2026-09-17T01:09:40.994Z,57.8,455668,19,0,55.8
2026-09-17T01:09:46.040Z,57.8,455676,19,0,55.8
2026-09-17T01:09:51.077Z,57.8,454984,19,0,56.4
2026-09-17T01:09:56.119Z,57.8,455104,19,0,56.4
2026-09-17T01:10:01.156Z,57.8,453764,19,0,56.9
2026-09-17T01:10:06.195Z,57.9,453964,19,0,56.4
2026-09-17T01:10:11.235Z,57.9,452464,19,0,56.4
2026-09-17T01:10:16.274Z,57.8,452512,19,0,55.8
2026-09-17T01:10:21.313Z,57.8,453372,19,0,56.4
2026-09-17T01:10:26.354Z,57.8,455420,19,0,55.8
2026-09-17T01:10:31.394Z,57.8,457024,19,0,55.8
2026-09-17T01:10:36.434Z,57.8,457024,19,0,55.8
2026-09-17T01:10:41.478Z,57.8,457028,19,0,55.8
2026-09-17T01:10:46.519Z,57.8,456896,19,0,55.3
2026-09-17T01:10:51.559Z,57.8,456896,19,0,55.3
2026-09-17T01:10:56.608Z,57.8,458264,19,0,55.8
2026-09-17T01:11:01.648Z,57.8,458288,19,0,55.8
2026-09-17T01:11:06.693Z,57.8,457152,19,0,55.8
2026-09-17T01:11:11.731Z,57.8,457352,19,0,56.4
2026-09-17T01:11:16.775Z,57.8,455792,19,0,55.8
2026-09-17T01:11:21.821Z,57.8,455880,19,0,56.4
2026-09-17T01:11:26.860Z,57.8,454540,19,0,55.8
2026-09-17T01:11:31.902Z,57.8,454644,19,0,55.8
2026-09-17T01:11:36.938Z,57.8,455652,19,0,56.4
2026-09-17T01:11:41.978Z,57.8,455816,19,0,56.4
2026-09-17T01:11:47.026Z,57.8,455828,19,0,55.8
2026-09-17T01:11:52.067Z,57.8,456120,19,0,55.8
2026-09-17T01:11:57.107Z,57.8,456144,19,0,55.8
2026-09-17T01:12:02.151Z,57.8,457180,19,0,55.8
2026-09-17T01:12:07.195Z,57.8,457180,19,0,55.8
2026-09-17T01:12:12.234Z,57.8,457752,19,0,55.8
2026-09-17T01:12:17.275Z,57.8,458380,19,0,55.8
2026-09-17T01:12:22.315Z,57.8,456436,19,0,56.4
2026-09-17T01:12:27.351Z,57.8,456512,19,0,55.3
2026-09-17T01:12:32.394Z,57.8,456660,19,0,56.4
2026-09-17T01:12:37.439Z,57.8,455416,19,0,56.4
2026-09-17T01:12:42.478Z,57.8,454880,19,0,55.8
2026-09-17T01:12:47.523Z,57.8,455032,19,0,56.9
2026-09-17T01:12:52.563Z,57.8,455252,19,0,56.4
2026-09-17T01:12:57.613Z,57.8,455364,19,0,55.8
2026-09-17T01:13:02.654Z,57.8,455508,19,0,55.8
2026-09-17T01:13:07.701Z,57.8,456032,19,0,55.8
2026-09-17T01:13:12.742Z,57.8,456108,19,0,55.3
2026-09-17T01:13:17.785Z,57.8,456824,19,0,55.8
2026-09-17T01:13:22.828Z,57.8,456840,19,0,55.8
2026-09-17T01:13:27.869Z,57.8,456840,19,0,54.8
2026-09-17T01:13:32.912Z,57.8,456972,19,0,55.8
2026-09-17T01:13:37.953Z,57.8,457132,19,0,55.3
2026-09-17T01:13:42.997Z,57.8,456788,19,0,55.8
2026-09-17T01:13:48.038Z,57.8,456864,19,0,55.8
2026-09-17T01:13:53.082Z,57.8,456520,19,0,56.9
2026-09-17T01:13:58.123Z,57.8,456624,19,0,55.8
2026-09-17T01:14:03.164Z,57.8,455928,19,0,55.8
2026-09-17T01:14:08.209Z,57.8,456124,19,0,56.4
2026-09-17T01:14:13.249Z,57.8,454840,19,0,56.4
2026-09-17T01:14:18.290Z,57.8,454964,19,0,56.4
2026-09-17T01:14:23.331Z,57.8,454748,19,0,56.4
2026-09-17T01:14:28.374Z,57.8,454748,19,0,55.8
2026-09-17T01:14:33.414Z,57.8,456712,19,0,55.8
2026-09-17T01:14:38.457Z,57.8,456716,19,0,55.8
2026-09-17T01:14:43.496Z,57.8,456736,19,0,55.8
2026-09-17T01:14:48.538Z,57.8,457068,19,0,55.3
2026-09-17T01:14:53.579Z,57.8,457116,19,0,54.8
2026-09-17T01:14:58.618Z,57.8,457676,19,0,55.3
2026-09-17T01:15:03.660Z,57.8,457708,19,0,55.8
2026-09-17T01:15:08.704Z,57.8,457212,19,0,55.8
2026-09-17T01:15:13.746Z,57.8,457560,19,0,56.4
2026-09-17T01:15:18.790Z,57.8,456056,19,0,55.8
2026-09-17T01:15:23.834Z,57.8,456056,19,0,56.4
2026-09-17T01:15:28.880Z,57.8,455008,19,0,56.9
2026-09-17T01:15:33.925Z,57.8,455044,19,0,56.4
2026-09-17T01:15:38.966Z,57.8,456220,19,0,55.8
2026-09-17T01:15:44.005Z,57.8,456528,19,0,56.4
2026-09-17T01:15:49.046Z,57.8,455748,19,0,56.4
2026-09-17T01:15:54.087Z,57.8,455748,19,0,55.8
2026-09-17T01:15:59.130Z,57.8,455756,19,0,55.8
2026-09-17T01:16:04.170Z,57.8,457172,19,0,55.8
2026-09-17T01:16:09.211Z,57.8,457172,19,0,55.8
2026-09-17T01:16:14.253Z,57.8,457996,19,0,55.8
2026-09-17T01:16:19.294Z,57.8,458196,19,0,55.8
2026-09-17T01:16:24.333Z,57.8,456672,19,0,55.8
2026-09-17T01:16:29.369Z,57.8,456672,19,0,55.8
2026-09-17T01:16:34.409Z,57.8,454900,19,0,56.9
2026-09-17T01:16:39.449Z,57.8,455096,19,0,56.4
2026-09-17T01:16:44.500Z,57.8,455020,19,0,56.9
2026-09-17T01:16:49.540Z,57.8,455232,19,0,56.4
2026-09-17T01:16:54.580Z,57.8,455260,19,0,55.3
2026-09-17T01:16:59.619Z,57.8,454572,19,0,55.8
2026-09-17T01:17:04.660Z,57.8,454756,19,0,55.8
2026-09-17T01:17:09.699Z,57.8,455508,19,0,55.3
2026-09-17T01:17:14.742Z,57.8,455568,19,0,55.8
2026-09-17T01:17:19.779Z,57.8,457332,19,0,55.8
2026-09-17T01:17:24.826Z,57.8,457536,19,0,55.8
2026-09-17T01:17:29.865Z,57.8,457536,19,0,55.3
2026-09-17T01:17:34.906Z,57.8,456840,19,0,55.3
2026-09-17T01:17:39.945Z,57.8,457008,19,0,55.8
2026-09-17T01:17:44.983Z,57.8,456996,19,0,55.8
2026-09-17T01:17:50.025Z,57.8,457100,19,0,55.8
2026-09-17T01:17:55.063Z,57.8,456304,19,0,56.9
2026-09-17T01:18:00.105Z,57.8,456456,19,0,55.8
2026-09-17T01:18:05.143Z,57.8,454972,19,0,56.9
2026-09-17T01:18:10.183Z,57.8,455288,19,0,55.8
2026-09-17T01:18:15.224Z,57.8,453928,19,0,55.8
2026-09-17T01:18:20.262Z,57.8,454000,19,0,56.4
2026-09-17T01:18:25.305Z,57.8,453624,19,0,55.8
2026-09-17T01:18:30.344Z,57.8,453644,19,0,55.8
2026-09-17T01:18:35.386Z,57.8,453888,19,0,55.3
2026-09-17T01:18:40.426Z,57.8,456692,19,0,55.8
2026-09-17T01:18:45.468Z,57.8,456692,19,0,55.8
2026-09-17T01:18:50.510Z,57.8,456712,19,0,55.3
2026-09-17T01:18:55.552Z,57.8,456992,19,0,55.8
2026-09-17T01:19:00.593Z,57.8,457152,19,0,55.8
2026-09-17T01:19:05.637Z,57.8,456472,19,0,55.8
2026-09-17T01:19:10.680Z,57.8,456508,19,0,56.4
2026-09-17T01:19:15.717Z,57.8,455272,19,0,56.4
2026-09-17T01:19:20.762Z,57.8,455336,19,0,56.4
2026-09-17T01:19:25.799Z,57.8,454788,19,0,55.8
2026-09-17T01:19:30.833Z,57.8,455032,19,0,56.4
2026-09-17T01:19:35.873Z,57.8,453848,19,0,55.8
2026-09-17T01:19:40.914Z,57.8,453852,19,0,56.4
2026-09-17T01:19:45.955Z,57.8,455476,19,0,55.8
2026-09-17T01:19:51.000Z,57.8,455476,19,0,55.8
2026-09-17T01:19:56.041Z,57.8,457068,19,0,55.8
2026-09-17T01:20:01.081Z,57.8,456892,19,0,55.3
2026-09-17T01:20:06.120Z,57.8,456932,19,0,55.8
2026-09-17T01:20:11.164Z,57.8,455364,19,0,54.8
2026-09-17T01:20:16.208Z,57.8,455456,19,0,55.8
2026-09-17T01:20:21.248Z,57.8,457256,19,0,55.3
2026-09-17T01:20:26.295Z,57.8,457256,19,0,55.8
2026-09-17T01:20:31.336Z,57.8,457248,19,0,55.8
2026-09-17T01:20:36.373Z,57.8,457468,19,0,56.4
2026-09-17T01:20:41.411Z,57.8,455588,19,0,55.8
2026-09-17T01:20:46.448Z,57.8,455756,19,0,56.4
2026-09-17T01:20:51.485Z,57.8,454368,19,0,55.8
2026-09-17T01:20:56.535Z,57.8,454384,19,0,56.4
2026-09-17T01:21:01.574Z,57.8,455056,19,0,56.4
2026-09-17T01:21:06.617Z,57.8,455228,19,0,56.4
2026-09-17T01:21:11.657Z,57.8,455488,19,0,56.4
2026-09-17T01:21:16.698Z,57.8,455616,19,0,55.8
2026-09-17T01:21:21.741Z,57.8,455664,19,0,55.8
2026-09-17T01:21:26.784Z,57.8,456368,19,0,55.8
2026-09-17T01:21:31.828Z,57.8,456372,19,0,55.8
2026-09-17T01:21:36.874Z,57.8,457456,19,0,54.8
2026-09-17T01:21:41.940Z,57.8,457652,19,0,55.8
2026-09-17T01:21:46.981Z,57.8,455904,19,0,55.8
2026-09-17T01:21:52.022Z,57.8,456020,19,0,55.8
2026-09-17T01:21:57.063Z,57.8,455464,19,0,56.4
2026-09-17T01:22:02.105Z,57.8,455608,19,0,56.4
2026-09-17T01:22:07.149Z,57.8,454896,19,0,56.4
2026-09-17T01:22:12.191Z,57.8,455200,19,0,56.4
2026-09-17T01:22:17.230Z,57.8,455228,19,0,56.4
2026-09-17T01:22:22.268Z,57.8,455324,19,0,56.4
2026-09-17T01:22:27.313Z,57.8,455232,19,0,56.4
2026-09-17T01:22:32.355Z,57.8,455248,19,0,55.8
2026-09-17T01:22:37.394Z,57.8,455596,19,0,55.8
2026-09-17T01:22:42.434Z,57.8,456960,19,0,55.8
2026-09-17T01:22:47.473Z,57.8,456960,19,0,55.8
2026-09-17T01:22:52.516Z,57.8,456676,19,0,55.8
2026-09-17T01:22:57.557Z,57.8,456744,19,0,55.3
2026-09-17T01:23:02.595Z,57.8,456732,19,0,55.8
2026-09-17T01:23:07.636Z,57.8,456732,19,0,55.8
2026-09-17T01:23:12.679Z,57.8,456820,19,0,55.8
2026-09-17T01:23:17.721Z,57.8,456020,19,0,56.4
2026-09-17T01:23:22.761Z,57.8,456108,19,0,55.8
2026-09-17T01:23:27.800Z,57.8,455108,19,0,55.8
2026-09-17T01:23:32.842Z,57.8,454104,19,0,56.4
2026-09-17T01:23:37.881Z,57.8,454140,19,0,56.4
2026-09-17T01:23:42.923Z,57.8,454456,19,0,55.8
2026-09-17T01:23:47.967Z,57.8,454872,19,0,55.8
2026-09-17T01:23:53.007Z,57.8,454904,19,0,55.8
2026-09-17T01:23:58.048Z,57.8,456264,19,0,55.8
2026-09-17T01:24:03.088Z,57.8,456264,19,0,55.8
2026-09-17T01:24:08.132Z,57.8,456552,19,0,55.8
2026-09-17T01:24:13.174Z,57.8,456552,19,0,55.3
2026-09-17T01:24:18.215Z,57.8,456556,19,0,54.8
2026-09-17T01:24:23.257Z,57.8,457448,19,0,55.8
2026-09-17T01:24:28.299Z,57.8,457504,19,0,54.8
2026-09-17T01:24:33.341Z,57.8,456444,19,0,55.8
2026-09-17T01:24:38.381Z,57.8,456664,19,0,56.4
2026-09-17T01:24:43.422Z,57.8,455416,19,0,55.8
2026-09-17T01:24:48.459Z,57.8,455428,19,0,56.4
2026-09-17T01:24:53.502Z,57.8,454112,19,0,55.8
2026-09-17T01:24:58.545Z,57.8,454180,19,0,55.8
2026-09-17T01:25:03.585Z,57.8,455672,19,0,56.4
2026-09-17T01:25:08.629Z,57.8,455840,19,0,55.8
2026-09-17T01:25:13.672Z,57.8,455872,19,0,55.8
2026-09-17T01:25:18.720Z,57.8,455876,19,0,55.8
2026-09-17T01:25:23.760Z,57.8,455876,19,0,54.8
2026-09-17T01:25:28.802Z,57.8,456656,19,0,55.8
2026-09-17T01:25:33.847Z,57.8,456660,19,0,55.8
2026-09-17T01:25:38.906Z,57.8,457408,19,0,55.8
2026-09-17T01:25:43.950Z,57.8,457620,19,0,56.4
2026-09-17T01:25:48.994Z,57.8,456280,19,0,55.8
2026-09-17T01:25:54.033Z,57.8,456408,19,0,56.4
2026-09-17T01:25:59.075Z,57.8,454996,19,0,56.4
2026-09-17T01:26:04.119Z,57.8,455120,19,0,56.4
2026-09-17T01:26:09.163Z,57.8,454904,19,0,56.4
2026-09-17T01:26:14.200Z,57.8,454996,19,0,55.8
2026-09-17T01:26:19.245Z,57.8,454300,19,0,56.9
2026-09-17T01:26:24.304Z,57.8,454300,19,0,55.8
2026-09-17T01:26:29.345Z,57.8,453680,19,0,55.8
2026-09-17T01:26:34.385Z,57.8,453728,19,0,55.8
2026-09-17T01:26:39.426Z,57.8,454960,19,0,55.8
2026-09-17T01:26:44.468Z,57.8,457392,19,0,55.8
2026-09-17T01:26:49.511Z,57.8,457392,19,0,55.8
2026-09-17T01:26:54.553Z,57.8,456632,19,0,55.3
2026-09-17T01:26:59.594Z,57.8,456636,19,0,55.3
2026-09-17T01:27:04.631Z,57.8,456292,19,0,55.8
2026-09-17T01:27:09.676Z,57.8,456384,19,0,55.8
2026-09-17T01:27:14.713Z,57.8,456436,19,0,55.8
2026-09-17T01:27:19.753Z,57.8,455440,19,0,56.4
2026-09-17T01:27:24.790Z,57.8,455516,19,0,56.4
2026-09-17T01:27:29.830Z,57.8,454772,19,0,56.9
2026-09-17T01:27:34.869Z,57.8,454156,19,0,56.4
2026-09-17T01:27:39.907Z,57.8,454192,19,0,56.4
2026-09-17T01:27:44.946Z,57.8,454592,19,0,56.4
2026-09-17T01:27:49.986Z,57.8,454704,19,0,55.8
2026-09-17T01:27:55.030Z,57.8,454704,19,0,56.4
2026-09-17T01:28:00.072Z,57.8,456376,19,0,55.3
2026-09-17T01:28:05.112Z,57.8,456376,19,0,56.4
2026-09-17T01:28:10.153Z,57.8,456184,19,0,54.8
2026-09-17T01:28:15.195Z,57.8,456192,19,0,55.3
2026-09-17T01:28:20.234Z,57.8,456352,19,0,55.8
2026-09-17T01:28:25.276Z,57.8,456408,19,0,55.8
2026-09-17T01:28:30.318Z,57.8,456444,19,0,55.8
2026-09-17T01:28:35.366Z,57.8,456340,19,0,56.9
2026-09-17T01:28:40.404Z,57.8,456492,19,0,56.4
2026-09-17T01:28:45.448Z,57.8,454004,19,0,55.8
2026-09-17T01:28:50.493Z,57.8,454224,19,0,56.4
2026-09-17T01:28:55.533Z,57.8,453656,19,0,55.8
2026-09-17T01:29:00.573Z,57.8,453672,19,0,56.4
2026-09-17T01:29:05.614Z,57.8,455148,19,0,56.4
2026-09-17T01:29:10.654Z,57.8,455148,19,0,55.8
2026-09-17T01:29:15.697Z,57.8,454880,19,0,55.8
2026-09-17T01:29:20.738Z,57.8,454880,19,0,55.8
2026-09-17T01:29:25.782Z,57.8,456196,19,0,55.8
2026-09-17T01:29:30.825Z,57.8,456236,19,0,55.3
2026-09-17T01:29:35.865Z,57.8,456236,19,0,55.8
2026-09-17T01:29:40.904Z,57.8,458108,19,0,54.8
2026-09-17T01:29:45.949Z,57.8,458176,19,0,55.8
2026-09-17T01:29:50.994Z,57.8,455816,19,0,56.4
2026-09-17T01:29:56.033Z,57.8,455992,19,0,56.4
2026-09-17T01:30:01.278Z,57.8,454976,19,0,56.4
2026-09-17T01:30:06.318Z,57.8,455024,19,0,56.4
2026-09-17T01:30:11.362Z,57.8,454692,19,0,56.4
2026-09-17T01:30:16.403Z,57.8,454748,19,0,55.8
2026-09-17T01:30:21.444Z,57.8,454576,19,0,55.8
2026-09-17T01:30:26.484Z,57.8,454704,19,0,56.4
2026-09-17T01:30:31.524Z,57.8,455396,19,0,55.8
2026-09-17T01:30:36.575Z,57.8,455404,19,0,55.3
2026-09-17T01:30:41.612Z,57.8,456080,19,0,55.8
2026-09-17T01:30:46.656Z,57.8,456592,19,0,55.8
2026-09-17T01:30:51.697Z,57.8,456592,19,0,54.8
2026-09-17T01:30:56.742Z,57.8,456684,19,0,55.3
2026-09-17T01:31:01.786Z,57.8,456868,19,0,55.8
2026-09-17T01:31:06.829Z,57.8,455996,19,0,55.8
2026-09-17T01:31:11.869Z,57.8,456144,19,0,55.8
2026-09-17T01:31:16.907Z,57.8,455940,19,0,56.4
2026-09-17T01:31:21.950Z,57.8,456056,19,0,56.4
2026-09-17T01:31:26.998Z,57.8,454748,19,0,56.4
2026-09-17T01:31:32.035Z,57.8,455064,19,0,56.9
2026-09-17T01:31:37.076Z,57.8,454804,19,0,55.8
2026-09-17T01:31:42.118Z,57.8,454844,19,0,55.8
2026-09-17T01:31:47.154Z,57.8,454116,19,0,56.4
2026-09-17T01:31:52.196Z,57.8,454128,19,0,55.8
2026-09-17T01:31:57.246Z,57.8,455616,19,0,55.8
2026-09-17T01:32:02.288Z,57.8,456732,19,0,55.8
2026-09-17T01:32:07.330Z,57.8,456732,19,0,55.8
2026-09-17T01:32:12.371Z,57.8,456516,19,0,54.8
2026-09-17T01:32:17.411Z,57.8,456556,19,0,55.8
2026-09-17T01:32:22.455Z,57.8,456636,19,0,55.8
2026-09-17T01:32:27.499Z,57.8,456680,19,0,55.8
2026-09-17T01:32:32.535Z,57.8,456760,19,0,55.8
2026-09-17T01:32:37.574Z,57.8,455604,19,0,56.9
2026-09-17T01:32:42.613Z,57.8,455628,19,0,56.4
2026-09-17T01:32:47.653Z,57.8,455504,19,0,56.9
2026-09-17T01:32:52.690Z,57.8,455708,19,0,55.8
2026-09-17T01:32:57.731Z,57.8,454600,19,0,55.8
2026-09-17T01:33:02.776Z,57.8,454708,19,0,55.8
2026-09-17T01:33:07.817Z,57.8,455956,19,0,55.8
2026-09-17T01:33:12.857Z,57.8,455956,19,0,55.3
2026-09-17T01:33:17.896Z,57.8,455624,19,0,54.8
2026-09-17T01:33:22.938Z,57.8,455624,19,0,55.3
2026-09-17T01:33:27.977Z,57.8,456460,19,0,54.8
2026-09-17T01:33:33.020Z,57.8,456592,19,0,55.3
2026-09-17T01:33:38.058Z,57.8,456612,19,0,55.3
2026-09-17T01:33:43.102Z,57.8,457600,19,0,55.8
2026-09-17T01:33:48.143Z,57.8,457632,19,0,55.8
2026-09-17T01:33:53.186Z,57.8,456704,19,0,56.4
2026-09-17T01:33:58.224Z,57.8,456836,19,0,56.4
2026-09-17T01:34:03.267Z,57.8,455480,19,0,55.8
2026-09-17T01:34:08.312Z,57.8,455624,19,0,56.9
2026-09-17T01:34:13.353Z,57.8,454484,19,0,55.8
2026-09-17T01:34:18.392Z,57.8,454536,19,0,56.4
2026-09-17T01:34:23.432Z,57.8,454580,19,0,55.8
2026-09-17T01:34:28.477Z,57.8,454748,19,0,56.4
2026-09-17T01:34:33.519Z,57.8,455096,19,0,55.8
2026-09-17T01:34:38.558Z,57.8,455124,19,0,55.8
2026-09-17T01:34:43.603Z,57.8,457112,19,0,55.8
2026-09-17T01:34:48.645Z,57.8,457296,19,0,55.8
2026-09-17T01:34:53.687Z,57.8,457296,19,0,54.8
2026-09-17T01:34:58.727Z,57.8,456536,19,0,54.8
2026-09-17T01:35:03.766Z,57.8,456684,19,0,55.8
2026-09-17T01:35:08.807Z,57.8,455472,19,0,55.8
2026-09-17T01:35:13.853Z,57.8,455512,19,0,55.8
2026-09-17T01:35:18.893Z,57.8,455076,19,0,55.8
2026-09-17T01:35:23.937Z,57.8,455152,19,0,55.8
2026-09-17T01:35:28.974Z,57.8,454552,19,0,56.4
2026-09-17T01:35:34.015Z,57.8,454828,19,0,56.9
2026-09-17T01:35:39.058Z,57.8,454224,19,0,56.4
2026-09-17T01:35:44.097Z,57.8,454260,19,0,55.8
2026-09-17T01:35:49.135Z,57.8,454380,19,0,56.9
2026-09-17T01:35:54.176Z,57.8,454436,19,0,55.8
2026-09-17T01:35:59.222Z,57.8,455908,19,0,55.8
2026-09-17T01:36:04.262Z,57.8,456536,19,0,55.8
2026-09-17T01:36:09.311Z,57.8,456536,19,0,55.8
2026-09-17T01:36:14.350Z,57.8,457000,19,0,55.8
2026-09-17T01:36:19.390Z,57.8,457000,19,0,54.8
2026-09-17T01:36:24.430Z,57.8,456772,19,0,55.8
2026-09-17T01:36:29.473Z,57.8,456772,19,0,55.8
2026-09-17T01:36:34.517Z,57.8,456816,19,0,56.4
2026-09-17T01:36:39.559Z,57.8,455964,19,0,55.8
2026-09-17T01:36:44.595Z,57.8,454288,19,0,55.8
2026-09-17T01:36:49.632Z,57.8,454604,19,0,56.9
2026-09-17T01:36:54.677Z,57.8,453576,19,0,55.8
2026-09-17T01:36:59.718Z,57.8,453648,19,0,55.8
2026-09-17T01:37:04.761Z,57.8,453688,19,0,55.8
2026-09-17T01:37:09.801Z,57.8,455672,19,0,55.8
2026-09-17T01:37:14.847Z,57.8,455736,19,0,55.8
2026-09-17T01:37:19.889Z,57.8,456156,19,0,55.8
2026-09-17T01:37:24.932Z,57.8,456160,19,0,55.8
2026-09-17T01:37:29.972Z,57.8,456160,19,0,55.8
2026-09-17T01:37:35.014Z,57.8,456032,19,0,54.8
2026-09-17T01:37:40.055Z,57.8,456032,19,0,54.8
2026-09-17T01:37:45.095Z,57.8,456988,19,0,55.8
2026-09-17T01:37:50.143Z,57.8,457040,19,0,55.8
2026-09-17T01:37:55.180Z,57.8,456740,19,0,55.8
2026-09-17T01:38:00.218Z,57.8,457004,19,0,56.4
2026-09-17T01:38:05.259Z,57.8,454312,19,0,55.8
2026-09-17T01:38:10.297Z,57.8,454336,19,0,56.4
2026-09-17T01:38:15.336Z,57.8,454032,19,0,55.8
2026-09-17T01:38:20.379Z,57.8,454116,19,0,55.8
2026-09-17T01:38:25.417Z,57.8,455448,19,0,55.8
2026-09-17T01:38:30.466Z,57.8,455608,19,0,56.4
2026-09-17T01:38:35.509Z,57.8,455836,19,0,55.3
2026-09-17T01:38:40.553Z,57.8,455868,19,0,55.8
2026-09-17T01:38:45.591Z,57.8,455968,19,0,54.8
2026-09-17T01:38:50.634Z,57.8,456456,19,0,55.8
2026-09-17T01:38:55.679Z,57.8,456456,19,0,54.8
2026-09-17T01:39:00.721Z,57.8,457260,19,0,55.3
2026-09-17T01:39:05.772Z,57.8,457424,19,0,55.3
2026-09-17T01:39:10.811Z,57.8,455964,19,0,55.8
2026-09-17T01:39:15.849Z,57.8,456252,19,0,56.4
2026-09-17T01:39:20.901Z,57.8,454768,19,0,55.8
2026-09-17T01:39:25.943Z,57.8,454804,19,0,55.8
2026-09-17T01:39:30.980Z,57.8,454460,19,0,56.4
2026-09-17T01:39:36.027Z,57.8,454668,19,0,55.8
2026-09-17T01:39:41.064Z,57.8,454920,19,0,55.8
2026-09-17T01:39:46.107Z,57.8,454956,19,0,55.8
2026-09-17T01:39:51.148Z,57.8,454300,19,0,56.4
2026-09-17T01:39:56.190Z,57.8,454328,19,0,55.8
2026-09-17T01:40:01.230Z,57.8,454468,19,0,55.8
2026-09-17T01:40:06.269Z,57.8,456644,19,0,55.8
2026-09-17T01:40:11.308Z,57.8,456644,19,0,56.4
2026-09-17T01:40:16.353Z,57.8,456732,19,0,55.8
2026-09-17T01:40:21.394Z,57.8,456736,19,0,55.8
2026-09-17T01:40:26.441Z,57.8,455920,19,0,55.8
2026-09-17T01:40:31.481Z,57.8,456084,19,0,55.3
2026-09-17T01:40:36.521Z,57.8,456212,19,0,56.4
2026-09-17T01:40:41.562Z,57.8,454492,19,0,55.8
2026-09-17T01:40:46.605Z,57.8,454512,19,0,55.8
2026-09-17T01:40:51.645Z,57.8,454512,19,0,55.8
2026-09-17T01:40:56.689Z,57.8,454528,19,0,56.4
2026-09-17T01:41:01.729Z,57.8,454208,19,0,55.8
2026-09-17T01:41:06.774Z,57.8,454232,19,0,55.8
2026-09-17T01:41:11.817Z,57.8,454152,19,0,55.8
2026-09-17T01:41:16.858Z,57.8,454156,19,0,55.8
2026-09-17T01:41:21.899Z,57.8,456752,19,0,55.3
2026-09-17T01:41:26.938Z,57.8,456792,19,0,55.3
2026-09-17T01:41:31.979Z,57.8,456792,19,0,55.8
2026-09-17T01:41:37.020Z,57.8,456476,19,0,55.8
2026-09-17T01:41:42.061Z,57.8,456668,19,0,55.8
2026-09-17T01:41:47.101Z,57.8,456568,19,0,55.3
2026-09-17T01:41:52.143Z,57.8,456576,19,0,55.8
2026-09-17T01:41:57.183Z,57.8,455176,19,0,55.8
2026-09-17T01:42:02.227Z,57.8,455220,19,0,56.4
2026-09-17T01:42:07.267Z,57.8,454396,19,0,55.8
2026-09-17T01:42:12.305Z,57.8,454708,19,0,56.9
2026-09-17T01:42:17.351Z,57.8,454164,19,0,56.4
2026-09-17T01:42:22.392Z,57.8,454244,19,0,55.8
2026-09-17T01:42:27.433Z,57.8,455652,19,0,56.4
2026-09-17T01:42:32.480Z,57.8,455652,19,0,55.8
2026-09-17T01:42:37.519Z,57.8,455956,19,0,54.8
2026-09-17T01:42:42.559Z,57.8,456000,19,0,55.3
2026-09-17T01:42:47.600Z,57.8,456028,19,0,55.8
2026-09-17T01:42:52.639Z,57.8,455508,19,0,55.3
2026-09-17T01:42:57.679Z,57.8,455608,19,0,55.8
2026-09-17T01:43:02.723Z,57.8,457760,19,0,55.8
2026-09-17T01:43:07.761Z,57.8,457760,19,0,56.4
2026-09-17T01:43:12.801Z,57.8,457036,19,0,55.8
2026-09-17T01:43:17.839Z,57.8,457268,19,0,56.4
2026-09-17T01:43:22.878Z,57.8,454316,19,0,56.4
2026-09-17T01:43:27.919Z,57.8,454456,19,0,56.9
2026-09-17T01:43:32.960Z,57.8,453904,19,0,56.4
2026-09-17T01:43:38.001Z,57.8,453908,19,0,56.9
2026-09-17T01:43:43.044Z,57.8,454280,19,0,55.8
2026-09-17T01:43:48.085Z,57.8,454488,19,0,55.8
2026-09-17T01:43:53.127Z,57.8,454744,19,0,55.8
2026-09-17T01:43:58.169Z,57.8,454744,19,0,55.3
2026-09-17T01:44:03.208Z,57.8,456528,19,0,55.8
2026-09-17T01:44:08.257Z,57.8,457320,19,0,55.3
2026-09-17T01:44:13.298Z,57.8,457320,19,0,55.8
2026-09-17T01:44:18.347Z,57.8,457344,19,0,55.3
2026-09-17T01:44:23.383Z,57.8,457548,19,0,55.8
2026-09-17T01:44:28.423Z,57.8,455564,19,0,55.8
2026-09-17T01:44:33.463Z,57.8,455664,19,0,56.4
2026-09-17T01:44:38.507Z,57.8,455652,19,0,56.9
2026-09-17T01:44:43.549Z,57.8,455732,19,0,55.8
2026-09-17T01:44:48.588Z,57.8,454752,19,0,56.9
2026-09-17T01:44:53.628Z,57.8,454948,19,0,56.4
2026-09-17T01:44:58.662Z,57.8,453808,19,0,55.8
2026-09-17T01:45:03.705Z,57.8,453904,19,0,55.8
2026-09-17T01:45:08.748Z,57.8,454104,19,0,54.8
2026-09-17T01:45:13.793Z,57.8,454404,19,0,55.3
2026-09-17T01:45:18.834Z,57.8,454432,19,0,55.8
2026-09-17T01:45:23.876Z,57.8,455992,19,0,55.8
2026-09-17T01:45:28.916Z,57.8,455992,19,0,55.8
2026-09-17T01:45:33.958Z,57.8,456188,19,0,56.4
2026-09-17T01:45:39.001Z,57.8,456188,19,0,54.8
2026-09-17T01:45:44.045Z,57.8,456352,19,0,55.8
2026-09-17T01:45:49.085Z,57.8,456280,19,0,55.8
2026-09-17T01:45:54.128Z,57.8,456320,19,0,55.8
2026-09-17T01:45:59.167Z,57.8,455260,19,0,55.8
2026-09-17T01:46:04.207Z,57.8,455420,19,0,56.4
2026-09-17T01:46:09.249Z,57.8,454464,19,0,56.4
2026-09-17T01:46:14.289Z,57.8,454712,19,0,56.4
2026-09-17T01:46:19.336Z,57.8,454048,19,0,55.8
2026-09-17T01:46:24.378Z,57.8,454120,19,0,55.8
2026-09-17T01:46:29.420Z,57.8,454924,19,0,55.8
2026-09-17T01:46:34.461Z,57.8,454928,19,0,55.3
2026-09-17T01:46:39.510Z,57.8,455720,19,0,55.8
2026-09-17T01:46:44.549Z,57.8,455580,19,0,55.8
2026-09-17T01:46:49.589Z,57.8,455580,19,0,56.4
2026-09-17T01:46:54.629Z,57.8,456808,19,0,55.8
2026-09-17T01:46:59.670Z,57.8,456848,19,0,55.8
2026-09-17T01:47:04.710Z,57.8,456520,19,0,55.8
2026-09-17T01:47:09.755Z,57.8,456520,19,0,55.8
2026-09-17T01:47:14.798Z,57.8,456624,19,0,56.4
2026-09-17T01:47:19.837Z,57.8,456408,19,0,56.4
2026-09-17T01:47:24.877Z,57.8,455156,19,0,56.4
2026-09-17T01:47:29.921Z,57.8,455308,19,0,56.4
2026-09-17T01:47:34.967Z,57.8,453856,19,0,56.4
2026-09-17T01:47:40.012Z,57.8,453928,19,0,56.9
2026-09-17T01:47:45.059Z,57.8,455240,19,0,56.4
2026-09-17T01:47:50.100Z,57.8,455408,19,0,56.4
2026-09-17T01:47:55.140Z,57.8,455476,19,0,55.8
2026-09-17T01:48:00.183Z,57.8,455736,19,0,55.8
2026-09-17T01:48:05.225Z,57.8,455740,19,0,56.4
2026-09-17T01:48:10.266Z,57.8,455788,19,0,55.8
2026-09-17T01:48:15.306Z,57.8,455792,19,0,55.8
2026-09-17T01:48:20.346Z,57.8,456344,19,0,55.8
2026-09-17T01:48:25.385Z,57.8,456512,19,0,55.8
2026-09-17T01:48:30.422Z,57.8,455944,19,0,55.8
2026-09-17T01:48:35.460Z,57.8,455988,19,0,56.4
2026-09-17T01:48:40.498Z,57.8,454472,19,0,56.9
2026-09-17T01:48:45.538Z,57.8,454632,19,0,55.8
2026-09-17T01:48:50.578Z,57.8,453664,19,0,56.9
2026-09-17T01:48:55.616Z,57.8,453884,19,0,56.4
2026-09-17T01:49:00.656Z,57.8,454060,19,0,56.4
2026-09-17T01:49:05.698Z,57.8,454108,19,0,56.9
2026-09-17T01:49:10.741Z,57.8,454200,19,0,56.4
2026-09-17T01:49:15.784Z,57.8,454236,19,0,55.8
2026-09-17T01:49:20.825Z,57.8,455208,19,0,55.8
2026-09-17T01:49:25.869Z,57.8,456928,19,0,55.8
2026-09-17T01:49:30.909Z,57.8,456932,19,0,55.8
2026-09-17T01:49:35.953Z,57.8,455332,19,0,56.4
2026-09-17T01:49:40.993Z,57.8,455360,19,0,55.3
2026-09-17T01:49:46.033Z,57.8,455936,19,0,55.8
2026-09-17T01:49:51.070Z,57.8,456028,19,0,56.4
2026-09-17T01:49:56.111Z,57.8,456056,19,0,56.9
2026-09-17T01:50:01.153Z,57.8,455940,19,0,56.4
2026-09-17T01:50:06.193Z,57.8,456064,19,0,55.8
2026-09-17T01:50:11.226Z,57.8,454416,19,0,56.9
2026-09-17T01:50:16.274Z,57.8,452940,19,0,56.9
2026-09-17T01:50:21.315Z,57.8,452976,19,0,55.8
2026-09-17T01:50:26.355Z,57.8,453956,19,0,56.4
2026-09-17T01:50:31.401Z,57.8,454628,19,0,56.4
2026-09-17T01:50:36.442Z,57.8,454828,19,0,56.4
2026-09-17T01:50:41.481Z,57.8,455116,19,0,55.8
2026-09-17T01:50:46.519Z,57.8,455116,19,0,55.8
2026-09-17T01:50:51.563Z,57.8,456288,19,0,55.8
2026-09-17T01:50:56.609Z,57.8,456316,19,0,55.8
2026-09-17T01:51:01.669Z,57.8,456612,19,0,55.8
2026-09-17T01:51:06.705Z,57.8,457644,19,0,55.8
2026-09-17T01:51:11.747Z,57.8,457704,19,0,55.8
2026-09-17T01:51:16.786Z,57.8,455644,19,0,56.4
2026-09-17T01:51:21.824Z,57.8,455776,19,0,56.9
2026-09-17T01:51:26.863Z,57.8,454128,19,0,55.8
2026-09-17T01:51:31.902Z,57.8,453780,19,0,56.9
2026-09-17T01:51:36.942Z,57.8,453816,19,0,55.8
2026-09-17T01:51:41.985Z,57.8,453908,19,0,56.4
2026-09-17T01:51:47.020Z,57.8,454152,19,0,55.8
2026-09-17T01:51:52.063Z,57.8,454336,19,0,55.8
2026-09-17T01:51:57.103Z,57.8,454604,19,0,56.4
2026-09-17T01:52:02.147Z,57.8,454608,19,0,56.4
2026-09-17T01:52:07.188Z,57.8,455880,19,0,56.4
2026-09-17T01:52:12.234Z,57.8,456024,19,0,55.8
2026-09-17T01:52:17.277Z,57.8,456128,19,0,55.3
2026-09-17T01:52:22.327Z,57.8,457060,19,0,55.8
2026-09-17T01:52:27.370Z,57.8,457228,19,0,56.4
2026-09-17T01:52:32.411Z,57.8,455956,19,0,56.4
2026-09-17T01:52:37.489Z,57.8,456116,19,0,56.4
2026-09-17T01:52:42.532Z,57.8,455024,19,0,55.8
2026-09-17T01:52:47.574Z,57.8,455048,19,0,55.8
2026-09-17T01:52:52.614Z,57.8,454380,19,0,56.4
2026-09-17T01:52:57.654Z,57.8,454428,19,0,56.4
2026-09-17T01:53:02.691Z,57.8,453528,19,0,56.4
2026-09-17T01:53:07.730Z,57.8,453528,19,0,55.8
2026-09-17T01:53:12.771Z,57.8,454392,19,0,55.8
2026-09-17T01:53:17.811Z,57.8,454420,19,0,55.8
2026-09-17T01:53:22.854Z,57.8,455268,19,0,55.8
2026-09-17T01:53:27.895Z,57.8,455636,19,0,55.8
2026-09-17T01:53:32.935Z,57.8,455636,19,0,55.8
2026-09-17T01:53:37.975Z,57.8,456804,19,0,55.8
2026-09-17T01:53:43.031Z,57.8,456808,19,0,55.8
2026-09-17T01:53:48.071Z,57.8,456400,19,0,56.4
2026-09-17T01:53:53.110Z,57.8,456400,19,0,55.8
2026-09-17T01:53:58.154Z,57.8,454616,19,0,56.4
2026-09-17T01:54:03.194Z,57.8,454800,19,0,56.4
2026-09-17T01:54:08.236Z,57.8,454844,19,0,56.4
2026-09-17T01:54:13.277Z,57.8,454984,19,0,56.4
2026-09-17T01:54:18.317Z,57.8,454276,19,0,56.4
2026-09-17T01:54:23.363Z,57.8,454280,19,0,55.8
2026-09-17T01:54:28.409Z,57.8,454280,19,0,55.3
2026-09-17T01:54:33.449Z,57.8,454640,19,0,55.8
2026-09-17T01:54:38.489Z,57.8,454644,19,0,55.8
2026-09-17T01:54:43.529Z,57.8,456328,19,0,55.8
2026-09-17T01:54:48.569Z,57.8,456332,19,0,55.8
2026-09-17T01:54:53.610Z,57.8,455676,19,0,55.8
2026-09-17T01:54:58.652Z,57.8,455680,19,0,55.3
2026-09-17T01:55:03.691Z,57.8,455688,19,0,55.3
2026-09-17T01:55:08.734Z,57.8,456264,19,0,55.8
2026-09-17T01:55:13.778Z,57.8,456456,19,0,55.8
2026-09-17T01:55:18.820Z,57.8,455156,19,0,56.4
2026-09-17T01:55:23.867Z,57.8,455292,19,0,56.4
2026-09-17T01:55:28.909Z,57.8,454608,19,0,55.8
2026-09-17T01:55:33.949Z,57.8,454856,19,0,56.4
2026-09-17T01:55:38.993Z,57.8,453512,19,0,55.8
2026-09-17T01:55:44.031Z,57.8,453848,19,0,55.8
2026-09-17T01:55:49.072Z,57.8,454764,19,0,55.8
2026-09-17T01:55:54.112Z,57.8,454924,19,0,55.8
2026-09-17T01:55:59.159Z,57.8,454876,19,0,55.8
2026-09-17T01:56:04.198Z,57.8,454876,19,0,55.8
2026-09-17T01:56:09.242Z,57.8,456708,19,0,54.8
2026-09-17T01:56:14.287Z,57.8,456808,19,0,54.8
2026-09-17T01:56:19.328Z,57.8,456900,19,0,55.8
2026-09-17T01:56:24.370Z,57.8,456732,19,0,55.3
2026-09-17T01:56:29.412Z,57.8,456736,19,0,55.8
2026-09-17T01:56:34.451Z,57.8,455476,19,0,55.8
2026-09-17T01:56:39.495Z,57.8,455648,19,0,56.4
2026-09-17T01:56:44.533Z,57.8,454248,19,0,55.8
2026-09-17T01:56:49.586Z,57.8,454340,19,0,55.8
2026-09-17T01:56:54.625Z,57.8,454280,19,0,55.3
2026-09-17T01:56:59.666Z,57.8,454336,19,0,55.8
2026-09-17T01:57:04.705Z,57.8,454048,19,0,55.8
2026-09-17T01:57:09.747Z,57.8,454052,19,0,55.8
2026-09-17T01:57:14.790Z,57.8,455236,19,0,55.8
2026-09-17T01:57:19.831Z,57.8,455268,19,0,55.8
2026-09-17T01:57:24.873Z,57.8,455328,19,0,55.3
2026-09-17T01:57:29.914Z,57.8,456608,19,0,55.8
2026-09-17T01:57:34.954Z,57.8,456608,19,0,55.3
2026-09-17T01:57:39.994Z,57.8,456212,19,0,55.8
2026-09-17T01:57:45.032Z,57.8,456212,19,0,54.8
2026-09-17T01:57:50.073Z,57.8,456772,19,0,55.8
2026-09-17T01:57:55.112Z,57.8,456812,19,0,56.4
2026-09-17T01:58:00.155Z,57.8,455320,19,0,56.4
2026-09-17T01:58:05.198Z,57.8,455528,19,0,56.4
2026-09-17T01:58:10.233Z,57.8,454432,19,0,56.4
2026-09-17T01:58:15.274Z,57.8,454804,19,0,56.4
2026-09-17T01:58:20.315Z,57.8,453804,19,0,56.4
2026-09-17T01:58:25.357Z,57.8,453804,19,0,56.4
2026-09-17T01:58:30.396Z,57.8,455188,19,0,56.4
2026-09-17T01:58:35.437Z,57.8,455360,19,0,55.8
2026-09-17T01:58:40.478Z,57.8,455408,19,0,55.8
2026-09-17T01:58:45.519Z,57.8,455892,19,0,55.8
2026-09-17T01:58:50.563Z,57.8,455892,19,0,55.8
2026-09-17T01:58:55.611Z,57.8,456756,19,0,55.8
2026-09-17T01:59:00.652Z,57.8,456784,19,0,55.8
2026-09-17T01:59:05.698Z,57.8,457148,19,0,55.3
2026-09-17T01:59:10.738Z,57.8,457040,19,0,55.3
2026-09-17T01:59:15.781Z,57.8,457136,19,0,55.8
2026-09-17T01:59:20.825Z,57.8,456316,19,0,55.8
2026-09-17T01:59:25.866Z,57.8,456404,19,0,55.8
2026-09-17T01:59:30.911Z,57.8,454752,19,0,55.8
2026-09-17T01:59:35.949Z,57.8,454936,19,0,56.4
2026-09-17T01:59:40.991Z,57.8,454796,19,0,56.4
2026-09-17T01:59:46.030Z,57.8,454820,19,0,55.8
2026-09-17T01:59:51.070Z,57.8,454908,19,0,56.4
2026-09-17T01:59:56.114Z,57.8,454912,19,0,55.3
2026-09-17T02:00:01.154Z,57.8,455584,19,0,55.8
2026-09-17T02:00:06.193Z,57.8,455584,19,0,55.8
2026-09-17T02:00:11.235Z,57.8,456692,19,0,55.8
2026-09-17T02:00:16.274Z,57.8,456692,19,0,55.8
2026-09-17T02:00:21.317Z,57.8,456736,19,0,55.3
2026-09-17T02:00:26.360Z,57.8,457268,19,0,55.3
2026-09-17T02:00:31.400Z,57.8,457288,19,0,55.8
2026-09-17T02:00:36.440Z,57.8,455928,19,0,55.8
2026-09-17T02:00:41.478Z,57.8,456104,19,0,56.4
2026-09-17T02:00:46.517Z,57.8,454720,19,0,55.8
2026-09-17T02:00:51.554Z,57.8,454796,19,0,56.9
2026-09-17T02:00:56.595Z,57.8,454440,19,0,56.9
2026-09-17T02:01:01.640Z,57.8,454484,19,0,56.9
2026-09-17T02:01:06.680Z,57.8,453744,19,0,55.8
2026-09-17T02:01:11.719Z,57.8,453908,19,0,55.8
2026-09-17T02:01:16.763Z,57.8,454416,19,0,55.8
2026-09-17T02:01:21.804Z,57.8,454416,19,0,55.3
2026-09-17T02:01:26.843Z,57.8,456200,19,0,56.4
2026-09-17T02:01:31.883Z,57.8,456200,19,0,55.8
2026-09-17T02:01:36.924Z,57.8,456220,19,0,55.8
2026-09-17T02:01:41.970Z,57.8,456184,19,0,55.3
2026-09-17T02:01:47.011Z,57.8,456400,19,0,55.8
2026-09-17T02:01:52.052Z,57.8,456404,19,0,55.8
2026-09-17T02:01:57.089Z,57.8,456480,19,0,55.8
2026-09-17T02:02:02.133Z,57.8,455072,19,0,56.4
2026-09-17T02:02:07.173Z,57.8,455172,19,0,55.8
2026-09-17T02:02:12.211Z,57.8,454352,19,0,56.4
2026-09-17T02:02:17.254Z,57.8,454560,19,0,56.4
2026-09-17T02:02:22.298Z,57.8,452404,19,0,55.8
2026-09-17T02:02:27.338Z,57.8,452428,19,0,56.4
2026-09-17T02:02:32.379Z,57.8,454176,19,0,55.8
2026-09-17T02:02:37.419Z,57.8,454204,19,0,55.8
2026-09-17T02:02:42.464Z,57.8,456080,19,0,55.3
2026-09-17T02:02:47.507Z,57.8,456084,19,0,55.3
2026-09-17T02:02:52.545Z,57.8,456084,19,0,55.3
2026-09-17T02:02:57.586Z,57.8,455864,19,0,55.8
2026-09-17T02:03:02.628Z,57.8,455864,19,0,55.8
2026-09-17T02:03:07.670Z,57.8,456812,19,0,55.8
2026-09-17T02:03:12.711Z,57.8,456816,19,0,55.8
2026-09-17T02:03:17.785Z,57.8,455568,19,0,56.4
2026-09-17T02:03:22.823Z,57.8,455724,19,0,55.8
2026-09-17T02:03:27.865Z,57.8,454672,19,0,56.4
2026-09-17T02:03:32.908Z,57.8,455052,19,0,56.9
2026-09-17T02:03:37.947Z,57.8,453652,19,0,56.4
2026-09-17T02:03:42.988Z,57.8,453696,19,0,56.4
2026-09-17T02:03:48.034Z,57.8,454452,19,0,56.4
2026-09-17T02:03:53.074Z,57.8,454612,19,0,56.4
2026-09-17T02:03:58.118Z,57.8,455676,19,0,55.8
2026-09-17T02:04:03.162Z,57.8,455456,19,0,55.8
2026-09-17T02:04:08.204Z,57.8,455456,19,0,55.8
2026-09-17T02:04:13.244Z,57.8,455728,19,0,55.8
2026-09-17T02:04:18.286Z,57.8,455760,19,0,55.8
2026-09-17T02:04:23.325Z,57.8,456584,19,0,55.8
2026-09-17T02:04:28.365Z,57.8,456748,19,0,55.8
2026-09-17T02:04:33.417Z,57.8,456912,19,0,55.8
2026-09-17T02:04:38.459Z,57.8,456232,19,0,56.4
2026-09-17T02:04:43.498Z,57.8,455144,19,0,56.9
2026-09-17T02:04:48.535Z,57.8,455188,19,0,55.8
2026-09-17T02:04:53.579Z,57.8,453552,19,0,56.4
2026-09-17T02:04:58.619Z,57.8,453588,19,0,55.8
2026-09-17T02:05:03.661Z,57.8,454628,19,0,55.8
2026-09-17T02:05:08.699Z,57.8,455308,19,0,55.8
2026-09-17T02:05:13.741Z,57.8,455480,19,0,55.8
2026-09-17T02:05:18.784Z,57.8,455024,19,0,55.8
2026-09-17T02:05:23.825Z,57.8,455028,19,0,55.8
2026-09-17T02:05:28.869Z,57.8,456480,19,0,55.8
2026-09-17T02:05:33.910Z,57.8,456480,19,0,55.8
2026-09-17T02:05:38.955Z,57.8,456520,19,0,55.8
2026-09-17T02:05:43.995Z,57.8,457240,19,0,55.3
2026-09-17T02:05:49.036Z,57.8,457280,19,0,56.4
2026-09-17T02:05:54.073Z,57.8,456380,19,0,55.8
2026-09-17T02:05:59.109Z,57.8,456568,19,0,56.9
2026-09-17T02:06:04.151Z,57.8,454752,19,0,55.8
2026-09-17T02:06:09.188Z,57.8,454844,19,0,56.4
2026-09-17T02:06:14.227Z,57.8,454452,19,0,56.9
2026-09-17T02:06:19.266Z,57.8,454484,19,0,56.4
2026-09-17T02:06:24.308Z,57.8,454408,19,0,55.8
2026-09-17T02:06:29.357Z,57.8,454576,19,0,56.4
2026-09-17T02:06:34.400Z,57.8,454724,19,0,55.8
2026-09-17T02:06:39.440Z,57.8,454800,19,0,55.3
2026-09-17T02:06:44.483Z,57.8,456700,19,0,56.4
2026-09-17T02:06:49.525Z,57.8,457344,19,0,55.8
2026-09-17T02:06:54.566Z,57.8,457344,19,0,55.8
2026-09-17T02:06:59.607Z,57.8,457056,19,0,55.8
2026-09-17T02:07:04.643Z,57.8,457240,19,0,55.8
2026-09-17T02:07:09.681Z,57.8,455956,19,0,55.8
2026-09-17T02:07:14.724Z,57.8,456120,19,0,56.4
2026-09-17T02:07:19.768Z,57.8,454904,19,0,56.4
2026-09-17T02:07:24.812Z,57.8,455008,19,0,56.4
2026-09-17T02:07:29.850Z,57.8,454344,19,0,56.4
2026-09-17T02:07:34.888Z,57.8,454552,19,0,56.9
2026-09-17T02:07:39.929Z,57.8,454276,19,0,56.4
2026-09-17T02:07:44.971Z,57.8,454316,19,0,56.4
2026-09-17T02:07:50.013Z,57.8,454560,19,0,56.4
2026-09-17T02:07:55.056Z,57.8,454588,19,0,56.4
2026-09-17T02:08:00.096Z,57.8,454648,19,0,55.8
2026-09-17T02:08:05.136Z,57.8,455960,19,0,55.8
2026-09-17T02:08:10.175Z,57.8,455980,19,0,55.8
2026-09-17T02:08:15.215Z,57.8,456096,19,0,55.8
2026-09-17T02:08:20.259Z,57.8,456124,19,0,55.8
2026-09-17T02:08:25.298Z,57.8,455788,19,0,56.4
2026-09-17T02:08:30.336Z,57.8,455832,19,0,55.8
2026-09-17T02:08:35.376Z,57.8,455872,19,0,56.4
2026-09-17T02:08:40.418Z,57.8,455528,19,0,55.8
2026-09-17T02:08:45.459Z,57.8,455660,19,0,55.8
2026-09-17T02:08:50.501Z,57.8,454460,19,0,56.9
2026-09-17T02:08:55.541Z,57.8,453240,19,0,55.8
2026-09-17T02:09:00.584Z,57.8,453340,19,0,56.4
2026-09-17T02:09:05.624Z,57.8,453488,19,0,55.8
2026-09-17T02:09:10.666Z,57.8,454612,19,0,56.4
2026-09-17T02:09:15.706Z,57.8,454612,19,0,55.8
2026-09-17T02:09:20.753Z,57.8,456428,19,0,55.8
2026-09-17T02:09:25.795Z,57.8,456428,19,0,55.8
2026-09-17T02:09:30.837Z,57.8,455768,19,0,55.8
2026-09-17T02:09:35.881Z,57.8,455768,19,0,55.8
2026-09-17T02:09:40.921Z,57.8,455768,19,0,55.8
2026-09-17T02:09:45.963Z,57.8,456884,19,0,56.4
2026-09-17T02:09:51.004Z,57.8,456920,19,0,55.8
2026-09-17T02:09:56.045Z,57.8,456248,19,0,56.4
2026-09-17T02:10:01.089Z,57.8,456380,19,0,55.8
2026-09-17T02:10:06.132Z,57.8,455268,19,0,55.8
2026-09-17T02:10:11.171Z,57.8,455376,19,0,55.8
2026-09-17T02:10:16.208Z,57.8,453756,19,0,56.4
2026-09-17T02:10:21.247Z,57.8,453808,19,0,56.9
2026-09-17T02:10:26.284Z,57.8,454720,19,0,56.9
2026-09-17T02:10:31.325Z,57.8,454900,19,0,55.8
2026-09-17T02:10:36.362Z,57.8,455316,19,0,56.4
2026-09-17T02:10:41.403Z,57.8,457532,19,0,55.8
2026-09-17T02:10:46.445Z,57.8,457536,19,0,55.8
2026-09-17T02:10:51.487Z,57.8,458164,19,0,55.8
2026-09-17T02:10:56.527Z,57.8,458176,19,0,55.8
2026-09-17T02:11:01.569Z,57.8,459832,19,0,55.8
2026-09-17T02:11:06.611Z,57.8,460336,19,0,55.8
2026-09-17T02:11:11.651Z,57.8,460412,19,0,56.4
2026-09-17T02:11:16.694Z,57.8,458248,19,0,56.4
2026-09-17T02:11:21.739Z,57.8,456160,19,0,56.4
2026-09-17T02:11:26.779Z,57.8,456376,19,0,56.4
2026-09-17T02:11:31.823Z,57.8,456524,19,0,56.4
2026-09-17T02:11:36.864Z,57.8,456528,19,0,56.4
2026-09-17T02:11:41.905Z,57.8,456548,19,0,56.9
2026-09-17T02:11:46.946Z,57.8,456564,19,0,56.4
2026-09-17T02:11:51.987Z,57.8,456764,19,0,56.4
2026-09-17T02:11:57.028Z,57.8,456668,19,0,55.8
2026-09-17T02:12:02.069Z,57.8,456732,19,0,55.8
2026-09-17T02:12:07.109Z,57.8,458996,19,0,55.8
2026-09-17T02:12:12.151Z,57.8,458996,19,0,55.8
2026-09-17T02:12:17.191Z,57.8,458316,19,0,55.8
2026-09-17T02:12:22.233Z,57.8,458460,19,0,55.8
2026-09-17T02:12:27.273Z,57.8,457488,19,0,55.8
2026-09-17T02:12:32.313Z,57.8,457536,19,0,55.8
2026-09-17T02:12:37.351Z,57.8,456648,19,0,55.8
2026-09-17T02:12:42.391Z,57.8,456652,19,0,55.8
2026-09-17T02:12:47.434Z,57.8,456696,19,0,55.8
2026-09-17T02:12:52.476Z,57.8,456884,19,0,56.9
2026-09-17T02:12:57.516Z,57.8,455220,19,0,55.8
2026-09-17T02:13:02.554Z,57.8,455248,19,0,56.4
2026-09-17T02:13:07.594Z,57.8,455288,19,0,55.8
2026-09-17T02:13:12.633Z,57.8,455652,19,0,55.8
2026-09-17T02:13:17.676Z,57.8,455892,19,0,55.8
2026-09-17T02:13:22.718Z,57.8,458384,19,0,55.8
2026-09-17T02:13:27.760Z,57.8,458384,19,0,55.8
2026-09-17T02:13:32.800Z,57.8,457908,19,0,55.8
2026-09-17T02:13:37.843Z,57.8,457908,19,0,55.8
2026-09-17T02:13:42.885Z,57.8,458068,19,0,55.8
2026-09-17T02:13:47.925Z,57.8,459236,19,0,56.9
2026-09-17T02:13:52.965Z,57.8,459300,19,0,55.8
2026-09-17T02:13:58.003Z,57.8,457484,19,0,56.4
2026-09-17T02:14:03.043Z,57.8,457524,19,0,55.8
2026-09-17T02:14:08.089Z,57.8,456632,19,0,56.4
2026-09-17T02:14:13.129Z,57.8,456872,19,0,56.9
2026-09-17T02:14:18.172Z,57.8,455244,19,0,56.4
2026-09-17T02:14:23.215Z,57.8,455324,19,0,55.8
2026-09-17T02:14:28.259Z,57.8,456136,19,0,55.8
2026-09-17T02:14:33.299Z,57.8,456136,19,0,56.4
2026-09-17T02:14:38.339Z,57.8,457360,19,0,55.8
2026-09-17T02:14:43.416Z,57.8,457368,19,0,55.8
2026-09-17T02:14:48.457Z,57.8,457368,19,0,55.8
2026-09-17T02:14:53.495Z,57.8,457680,19,0,54.8
2026-09-17T02:14:58.536Z,57.8,457680,19,0,55.8
2026-09-17T02:15:03.581Z,57.8,458592,19,0,55.8
2026-09-17T02:15:08.622Z,57.8,458596,19,0,55.8
2026-09-17T02:15:13.663Z,57.8,457592,19,0,56.4
2026-09-17T02:15:18.701Z,57.8,457904,19,0,56.9
2026-09-17T02:15:23.742Z,57.8,455928,19,0,55.8
2026-09-17T02:15:28.781Z,57.8,456064,19,0,56.9
2026-09-17T02:15:33.822Z,57.8,456112,19,0,56.4
2026-09-17T02:15:38.862Z,57.8,456120,19,0,56.4
2026-09-17T02:15:43.904Z,57.8,456156,19,0,55.8
2026-09-17T02:15:48.944Z,57.8,456544,19,0,55.8
2026-09-17T02:15:53.986Z,57.8,456612,19,0,55.8
2026-09-17T02:15:59.027Z,57.8,456836,19,0,54.8
2026-09-17T02:16:04.065Z,57.8,456844,19,0,55.8
2026-09-17T02:16:09.107Z,57.8,457956,19,0,56.4
2026-09-17T02:16:14.147Z,57.8,458036,19,0,55.3
2026-09-17T02:16:19.187Z,57.8,458036,19,0,55.3
2026-09-17T02:16:24.229Z,57.8,459060,19,0,55.8
2026-09-17T02:16:29.269Z,57.8,459068,19,0,55.8
2026-09-17T02:16:34.310Z,57.8,457672,19,0,56.4
2026-09-17T02:16:39.350Z,57.8,457860,19,0,55.8
2026-09-17T02:16:44.389Z,57.8,456368,19,0,56.4
2026-09-17T02:16:49.430Z,57.8,456440,19,0,55.8
2026-09-17T02:16:54.470Z,57.8,455516,19,0,56.9
2026-09-17T02:16:59.513Z,57.8,455656,19,0,56.4
2026-09-17T02:17:04.554Z,57.8,455440,19,0,55.8
2026-09-17T02:17:09.595Z,57.8,455444,19,0,56.4
2026-09-17T02:17:14.638Z,57.8,456384,19,0,55.8
2026-09-17T02:17:19.677Z,57.8,456428,19,0,55.8
2026-09-17T02:17:24.719Z,57.8,456456,19,0,55.3
2026-09-17T02:17:29.761Z,57.8,457944,19,0,55.8
2026-09-17T02:17:34.802Z,57.8,457944,19,0,55.8
2026-09-17T02:17:39.844Z,57.8,457784,19,0,55.8
2026-09-17T02:17:44.886Z,57.8,458008,19,0,55.3
2026-09-17T02:17:49.929Z,57.8,457792,19,0,55.8
2026-09-17T02:17:54.970Z,57.8,457792,19,0,55.8
2026-09-17T02:18:00.014Z,57.8,456616,19,0,56.4
2026-09-17T02:18:05.053Z,57.8,456784,19,0,56.4
2026-09-17T02:18:10.097Z,57.8,456884,19,0,55.8
2026-09-17T02:18:15.137Z,57.8,456568,19,0,55.8
2026-09-17T02:18:20.181Z,57.8,455468,19,0,56.4
2026-09-17T02:18:25.220Z,57.8,455464,19,0,56.4
2026-09-17T02:18:30.262Z,57.8,455656,19,0,56.4
2026-09-17T02:18:35.302Z,57.8,455560,19,0,55.8
2026-09-17T02:18:40.343Z,57.8,455560,19,0,55.8
2026-09-17T02:18:45.379Z,57.8,457112,19,0,55.3
2026-09-17T02:18:50.425Z,57.8,457116,19,0,55.8
2026-09-17T02:18:55.467Z,57.8,457940,19,0,55.8
2026-09-17T02:19:00.510Z,57.8,458344,19,0,55.8
2026-09-17T02:19:05.550Z,57.8,458504,19,0,55.3
2026-09-17T02:19:10.593Z,57.8,457896,19,0,55.8
2026-09-17T02:19:15.632Z,57.8,457896,19,0,55.8
2026-09-17T02:19:20.671Z,57.8,457148,19,0,56.4
2026-09-17T02:19:25.721Z,57.8,457236,19,0,55.8
2026-09-17T02:19:30.759Z,57.8,456052,19,0,56.4
2026-09-17T02:19:35.798Z,57.8,456352,19,0,56.4
2026-09-17T02:19:40.842Z,57.8,455012,19,0,56.4
2026-09-17T02:19:45.882Z,57.8,455016,19,0,55.8
2026-09-17T02:19:50.927Z,57.8,456868,19,0,56.4
2026-09-17T02:19:55.966Z,57.8,456872,19,0,55.8
2026-09-17T02:20:01.008Z,57.8,457784,19,0,55.8
2026-09-17T02:20:06.047Z,57.8,457788,19,0,55.8
2026-09-17T02:20:11.087Z,57.8,457796,19,0,55.3
2026-09-17T02:20:16.129Z,57.8,457876,19,0,55.8
2026-09-17T02:20:21.169Z,57.8,457984,19,0,55.3
2026-09-17T02:20:26.209Z,57.8,458476,19,0,55.8
2026-09-17T02:20:31.248Z,57.8,458572,19,0,56.4
2026-09-17T02:20:36.291Z,57.8,458592,19,0,56.4
2026-09-17T02:20:41.333Z,57.8,458424,19,0,56.4
2026-09-17T02:20:46.374Z,57.8,458428,19,0,55.8
2026-09-17T02:20:51.423Z,57.8,457016,19,0,56.9
2026-09-17T02:20:56.463Z,57.8,455732,19,0,56.4
2026-09-17T02:21:01.506Z,57.8,455860,19,0,55.8
2026-09-17T02:21:06.549Z,57.8,456564,19,0,56.9
2026-09-17T02:21:11.590Z,57.8,456756,19,0,55.8
2026-09-17T02:21:16.634Z,57.8,456296,19,0,55.8
2026-09-17T02:21:21.675Z,57.8,456248,19,0,55.8
2026-09-17T02:21:26.714Z,57.8,456248,19,0,55.8
2026-09-17T02:21:31.753Z,57.8,457560,19,0,55.3
2026-09-17T02:21:36.797Z,57.8,457560,19,0,55.8
2026-09-17T02:21:41.835Z,57.8,457780,19,0,55.8
2026-09-17T02:21:46.877Z,57.8,458144,19,0,55.8
2026-09-17T02:21:51.916Z,57.8,458200,19,0,55.8
2026-09-17T02:21:56.955Z,57.8,456868,19,0,55.8
2026-09-17T02:22:01.994Z,57.8,455880,19,0,56.4
2026-09-17T02:22:07.035Z,57.8,455996,19,0,55.8
2026-09-17T02:22:12.072Z,57.8,455596,19,0,56.9
2026-09-17T02:22:17.117Z,57.8,455912,19,0,56.9
2026-09-17T02:22:22.156Z,57.8,455680,19,0,55.8
2026-09-17T02:22:27.198Z,57.8,455688,19,0,55.8
2026-09-17T02:22:32.240Z,57.8,455888,19,0,55.8
2026-09-17T02:22:37.282Z,57.8,455772,19,0,55.8
2026-09-17T02:22:42.324Z,57.8,455828,19,0,55.8
2026-09-17T02:22:47.365Z,57.8,458812,19,0,55.8
2026-09-17T02:22:52.406Z,57.8,458812,19,0,55.8
2026-09-17T02:22:57.447Z,57.8,457144,19,0,55.8
2026-09-17T02:23:02.488Z,57.8,457172,19,0,55.3
2026-09-17T02:23:07.534Z,57.8,457352,19,0,55.8
2026-09-17T02:23:12.581Z,57.8,457356,19,0,55.8
2026-09-17T02:23:17.621Z,57.8,457368,19,0,56.4
2026-09-17T02:23:22.665Z,57.8,457480,19,0,55.8
2026-09-17T02:23:27.707Z,57.8,457624,19,0,56.4
2026-09-17T02:23:32.745Z,57.8,455900,19,0,56.9
2026-09-17T02:23:37.785Z,57.8,455936,19,0,55.8
2026-09-17T02:23:42.825Z,57.8,454092,19,0,56.4
2026-09-17T02:23:47.862Z,57.8,454528,19,0,55.8
2026-09-17T02:23:52.903Z,57.8,456252,19,0,56.4
2026-09-17T02:23:57.944Z,57.8,456252,19,0,55.8
2026-09-17T02:24:02.985Z,57.8,457344,19,0,55.8
2026-09-17T02:24:08.028Z,57.8,457344,19,0,55.8
2026-09-17T02:24:13.073Z,57.8,457300,19,0,55.8
2026-09-17T02:24:18.115Z,57.8,457064,19,0,55.3
2026-09-17T02:24:23.161Z,57.8,457092,19,0,54.8
2026-09-17T02:24:28.202Z,57.8,458276,19,0,55.8
2026-09-17T02:24:33.246Z,57.8,458304,19,0,55.8
2026-09-17T02:24:38.296Z,57.8,457276,19,0,55.8
2026-09-17T02:24:43.336Z,57.8,457528,19,0,55.8
2026-09-17T02:24:48.378Z,57.8,456432,19,0,55.8
2026-09-17T02:24:53.417Z,57.8,456656,19,0,56.4
2026-09-17T02:24:58.459Z,57.8,456176,19,0,55.3
2026-09-17T02:25:03.503Z,57.8,456216,19,0,56.4
2026-09-17T02:25:08.554Z,57.8,456084,19,0,55.8
2026-09-17T02:25:13.596Z,57.8,456244,19,0,55.8
2026-09-17T02:25:18.637Z,57.8,456264,19,0,55.8
2026-09-17T02:25:23.678Z,57.8,456128,19,0,54.8
2026-09-17T02:25:28.719Z,57.8,456128,19,0,55.3
2026-09-17T02:25:33.761Z,57.8,457224,19,0,55.3
2026-09-17T02:25:38.803Z,57.8,457224,19,0,55.3
2026-09-17T02:25:43.845Z,57.8,458024,19,0,55.3
2026-09-17T02:25:48.882Z,57.8,458884,19,0,55.3
2026-09-17T02:25:53.926Z,57.8,459080,19,0,55.3
2026-09-17T02:25:58.967Z,57.8,456452,19,0,55.8
2026-09-17T02:26:04.003Z,57.8,455780,19,0,56.4
2026-09-17T02:26:09.045Z,57.8,455780,19,0,56.4
2026-09-17T02:26:14.086Z,57.8,455832,19,0,56.9
2026-09-17T02:26:19.123Z,57.8,456064,19,0,55.8
2026-09-17T02:26:24.164Z,57.8,456128,19,0,55.8
2026-09-17T02:26:29.204Z,57.8,456008,19,0,55.8
2026-09-17T02:26:34.243Z,57.8,456180,19,0,55.8
2026-09-17T02:26:39.284Z,57.8,456404,19,0,55.8
2026-09-17T02:26:44.331Z,57.8,456448,19,0,55.3
2026-09-17T02:26:49.370Z,57.8,457064,19,0,55.8
2026-09-17T02:26:54.408Z,57.8,457336,19,0,55.8
2026-09-17T02:26:59.449Z,57.8,457336,19,0,54.8
2026-09-17T02:27:04.487Z,57.8,457728,19,0,55.3
2026-09-17T02:27:09.531Z,57.8,457920,19,0,54.8
2026-09-17T02:27:14.575Z,57.8,457088,19,0,55.8
2026-09-17T02:27:19.619Z,57.8,457344,19,0,56.4
2026-09-17T02:27:24.658Z,57.8,456784,19,0,55.8
2026-09-17T02:27:29.699Z,57.8,456816,19,0,55.8
2026-09-17T02:27:34.740Z,57.8,457528,19,0,55.8
2026-09-17T02:27:39.783Z,57.8,457788,19,0,55.8
2026-09-17T02:27:44.826Z,57.8,457644,19,0,56.4
2026-09-17T02:27:49.868Z,57.8,457796,19,0,55.8
2026-09-17T02:27:54.908Z,57.8,457568,19,0,55.8
2026-09-17T02:27:59.949Z,57.8,457580,19,0,55.8
2026-09-17T02:28:04.991Z,57.8,458788,19,0,55.8
2026-09-17T02:28:10.034Z,57.8,459092,19,0,55.3
2026-09-17T02:28:15.076Z,57.8,459092,19,0,54.8
2026-09-17T02:28:20.119Z,57.8,459432,19,0,55.3
2026-09-17T02:28:25.159Z,57.8,459488,19,0,55.8
2026-09-17T02:28:30.198Z,57.8,459564,19,0,55.8
2026-09-17T02:28:35.242Z,57.8,459616,19,0,55.8
2026-09-17T02:28:40.283Z,57.8,459680,19,0,56.4
2026-09-17T02:28:45.326Z,57.8,459436,19,0,56.4
2026-09-17T02:28:50.373Z,57.8,459540,19,0,55.8
2026-09-17T02:28:55.411Z,57.8,457912,19,0,56.9
2026-09-17T02:29:00.453Z,57.8,458112,19,0,55.8
2026-09-17T02:29:05.493Z,57.8,457680,19,0,55.8
2026-09-17T02:29:10.534Z,57.8,457760,19,0,55.8
2026-09-17T02:29:15.574Z,57.8,458524,19,0,56.4
2026-09-17T02:29:20.614Z,57.8,458524,19,0,55.8
2026-09-17T02:29:25.654Z,57.8,460128,19,0,55.3
2026-09-17T02:29:30.694Z,57.8,460128,19,0,55.8
2026-09-17T02:29:35.735Z,57.8,460132,19,0,55.3
2026-09-17T02:29:40.779Z,57.8,459964,19,0,55.8
2026-09-17T02:29:45.822Z,57.8,459976,19,0,55.8
2026-09-17T02:29:50.862Z,57.8,458588,19,0,55.8
2026-09-17T02:29:55.902Z,57.8,458628,19,0,55.8
2026-09-17T02:30:00.942Z,57.8,458632,19,0,56.4
2026-09-17T02:30:05.982Z,57.8,458816,19,0,56.4
2026-09-17T02:30:11.025Z,57.8,458176,19,0,55.8
2026-09-17T02:30:16.063Z,57.8,458404,19,0,56.4
2026-09-17T02:30:21.106Z,57.8,456900,19,0,56.9
2026-09-17T02:30:26.143Z,57.8,457008,19,0,55.8
2026-09-17T02:30:31.183Z,57.8,457376,19,0,55.8
2026-09-17T02:30:36.223Z,57.8,457540,19,0,55.8
2026-09-17T02:30:41.265Z,57.8,457660,19,0,55.8
2026-09-17T02:30:46.306Z,57.8,457664,19,0,55.8
2026-09-17T02:30:51.348Z,57.8,457972,19,0,55.8
2026-09-17T02:30:56.387Z,57.8,459488,19,0,55.3
2026-09-17T02:31:01.429Z,57.8,459516,19,0,55.3
2026-09-17T02:31:06.471Z,57.8,460796,19,0,55.8
2026-09-17T02:31:11.511Z,57.8,460972,19,0,55.8
2026-09-17T02:31:16.551Z,57.8,460016,19,0,55.8
2026-09-17T02:31:21.601Z,57.8,460216,19,0,56.4
2026-09-17T02:31:26.640Z,57.8,457456,19,0,56.4
2026-09-17T02:31:31.680Z,57.8,457600,19,0,55.8
2026-09-17T02:31:36.719Z,57.8,457220,19,0,56.4
2026-09-17T02:31:41.758Z,57.8,457336,19,0,55.8
2026-09-17T02:31:46.794Z,57.8,457140,19,0,56.4
2026-09-17T02:31:51.833Z,57.8,457148,19,0,55.8
2026-09-17T02:31:56.870Z,57.8,456900,19,0,56.9
2026-09-17T02:32:01.916Z,57.8,456904,19,0,56.4
2026-09-17T02:32:06.957Z,57.8,457768,19,0,55.8
2026-09-17T02:32:11.997Z,57.8,461636,19,0,55.8
2026-09-17T02:32:17.040Z,57.8,461644,19,0,55.3
2026-09-17T02:32:22.079Z,57.8,461888,19,0,55.8
2026-09-17T02:32:27.120Z,57.8,461888,19,0,55.8
2026-09-17T02:32:32.165Z,57.8,461168,19,0,56.4
2026-09-17T02:32:37.206Z,57.8,461252,19,0,56.4
2026-09-17T02:32:42.246Z,57.8,461320,19,0,56.4
2026-09-17T02:32:47.285Z,57.8,460540,19,0,55.8
2026-09-17T02:32:52.328Z,57.8,460632,19,0,55.8
2026-09-17T02:32:57.369Z,57.8,459644,19,0,56.4
2026-09-17T02:33:02.414Z,57.8,459692,19,0,56.4
2026-09-17T02:33:07.456Z,57.8,458656,19,0,55.8
2026-09-17T02:33:12.496Z,57.8,458716,19,0,56.4
2026-09-17T02:33:17.539Z,57.8,459804,19,0,55.8
2026-09-17T02:33:22.577Z,57.8,459836,19,0,55.8
2026-09-17T02:33:27.622Z,57.8,461264,19,0,55.8
2026-09-17T02:33:32.661Z,57.8,461264,19,0,55.8
2026-09-17T02:33:37.706Z,57.8,460664,19,0,55.8
2026-09-17T02:33:42.751Z,57.8,460664,19,0,55.3
2026-09-17T02:33:47.791Z,57.8,460832,19,0,55.8
2026-09-17T02:33:52.836Z,57.8,462276,19,0,55.8
2026-09-17T02:33:57.875Z,57.8,462276,19,0,55.8
2026-09-17T02:34:02.913Z,57.8,461180,19,0,56.9
2026-09-17T02:34:07.957Z,57.8,461288,19,0,56.4
2026-09-17T02:34:12.997Z,57.8,459364,19,0,55.8
2026-09-17T02:34:18.039Z,57.8,459608,19,0,55.8
2026-09-17T02:34:23.078Z,57.8,459036,19,0,56.4
2026-09-17T02:34:28.120Z,57.8,459068,19,0,56.9
2026-09-17T02:34:33.158Z,57.8,459992,19,0,56.4
2026-09-17T02:34:38.198Z,57.8,459992,19,0,55.8
2026-09-17T02:34:43.237Z,57.8,460636,19,0,56.4
2026-09-17T02:34:48.279Z,57.8,460648,19,0,55.8
2026-09-17T02:34:53.322Z,57.8,461384,19,0,55.8
2026-09-17T02:34:58.363Z,57.8,461768,19,0,55.8
2026-09-17T02:35:03.403Z,57.8,461768,19,0,55.8
2026-09-17T02:35:08.444Z,57.8,462832,19,0,55.8
2026-09-17T02:35:13.485Z,57.8,462884,19,0,55.8
2026-09-17T02:35:18.524Z,57.8,460252,19,0,55.8
2026-09-17T02:35:23.569Z,57.8,460544,19,0,56.9
2026-09-17T02:35:28.614Z,57.8,459764,19,0,56.4
2026-09-17T02:35:33.653Z,57.8,459764,19,0,56.9
2026-09-17T02:35:38.694Z,57.8,459188,19,0,56.4
2026-09-17T02:35:43.734Z,57.8,459296,19,0,56.4
2026-09-17T02:35:48.774Z,57.8,459824,19,0,55.8
2026-09-17T02:35:53.815Z,57.8,460000,19,0,56.4
2026-09-17T02:35:58.857Z,57.8,460000,19,0,55.8
2026-09-17T02:36:03.898Z,57.8,460580,19,0,55.8
2026-09-17T02:36:08.940Z,57.8,460580,19,0,55.8
2026-09-17T02:36:13.980Z,57.8,461716,19,0,55.8
2026-09-17T02:36:19.026Z,57.8,461716,19,0,55.8
2026-09-17T02:36:24.065Z,57.8,461716,19,0,55.8
2026-09-17T02:36:29.107Z,57.8,462252,19,0,55.8
2026-09-17T02:36:34.147Z,57.8,462328,19,0,55.8
2026-09-17T02:36:39.187Z,57.8,460524,19,0,56.4
2026-09-17T02:36:44.227Z,57.8,460780,19,0,56.9
2026-09-17T02:36:49.266Z,57.8,460020,19,0,56.4
2026-09-17T02:36:54.303Z,57.8,460060,19,0,56.4
2026-09-17T02:36:59.346Z,57.8,459420,19,0,56.4
2026-09-17T02:37:04.388Z,57.8,459440,19,0,56.4
2026-09-17T02:37:09.428Z,57.8,459200,19,0,56.4
2026-09-17T02:37:14.469Z,57.8,459428,19,0,56.4
2026-09-17T02:37:19.513Z,57.8,458704,19,0,55.8
2026-09-17T02:37:24.554Z,57.8,458716,19,0,55.8
2026-09-17T02:37:29.598Z,57.8,461292,19,0,56.4
2026-09-17T02:37:34.640Z,57.8,461408,19,0,55.8
2026-09-17T02:37:39.682Z,57.8,461408,19,0,55.8
2026-09-17T02:37:44.725Z,57.8,462020,19,0,55.8
2026-09-17T02:37:49.767Z,57.8,462188,19,0,55.8
2026-09-17T02:37:54.809Z,57.8,461528,19,0,56.4
2026-09-17T02:37:59.848Z,57.8,461612,19,0,56.4
2026-09-17T02:38:04.885Z,57.8,460352,19,0,56.9
2026-09-17T02:38:09.923Z,57.8,460420,19,0,56.4
2026-09-17T02:38:14.963Z,57.8,459380,19,0,56.9
2026-09-17T02:38:20.001Z,57.8,459584,19,0,56.9
2026-09-17T02:38:25.044Z,57.8,458516,19,0,56.9
2026-09-17T02:38:30.087Z,57.8,458636,19,0,56.4
2026-09-17T02:38:35.129Z,57.8,459484,19,0,56.4
2026-09-17T02:38:40.169Z,57.8,459484,19,0,55.8
2026-09-17T02:38:45.209Z,57.8,460348,19,0,56.4
2026-09-17T02:38:50.249Z,57.8,460352,19,0,55.8
2026-09-17T02:38:55.289Z,57.8,460700,19,0,55.8
2026-09-17T02:39:00.330Z,57.8,461192,19,0,55.8
2026-09-17T02:39:05.374Z,57.8,461244,19,0,55.8
2026-09-17T02:39:10.414Z,57.8,461804,19,0,56.4
2026-09-17T02:39:15.455Z,57.8,461808,19,0,55.8
2026-09-17T02:39:20.495Z,57.8,461056,19,0,56.4
2026-09-17T02:39:25.538Z,57.8,461268,19,0,56.4
2026-09-17T02:39:30.576Z,57.8,459488,19,0,56.4
2026-09-17T02:39:35.619Z,57.8,459552,19,0,56.9
2026-09-17T02:39:40.662Z,57.8,458696,19,0,56.9
2026-09-17T02:39:45.702Z,57.8,458820,19,0,56.4
2026-09-17T02:39:50.746Z,57.8,460640,19,0,55.8
2026-09-17T02:39:55.787Z,57.8,460816,19,0,56.4
2026-09-17T02:40:00.828Z,57.8,460460,19,0,56.4
2026-09-17T02:40:05.866Z,57.8,460460,19,0,55.8
2026-09-17T02:40:10.908Z,57.8,460464,19,0,56.4
2026-09-17T02:40:15.947Z,57.8,460836,19,0,55.8
2026-09-17T02:40:20.988Z,57.8,460864,19,0,55.8
2026-09-17T02:40:26.031Z,57.8,462188,19,0,55.3
2026-09-17T02:40:31.072Z,57.8,462352,19,0,55.8
2026-09-17T02:40:36.113Z,57.8,460844,19,0,56.4
2026-09-17T02:40:41.150Z,57.8,460976,19,0,56.4
2026-09-17T02:40:46.189Z,57.8,460076,19,0,56.9
2026-09-17T02:40:51.228Z,57.8,460156,19,0,56.9
2026-09-17T02:40:56.266Z,57.8,459080,19,0,56.9
2026-09-17T02:41:01.307Z,57.8,459180,19,0,56.9
2026-09-17T02:41:06.348Z,57.8,459640,19,0,56.4
2026-09-17T02:41:11.386Z,57.8,459652,19,0,56.4
2026-09-17T02:41:16.427Z,57.8,459832,19,0,56.4
2026-09-17T02:41:21.465Z,57.8,459096,19,0,55.8
2026-09-17T02:41:26.507Z,57.8,459096,19,0,55.8
2026-09-17T02:41:31.547Z,57.8,460920,19,0,55.8
2026-09-17T02:41:36.585Z,57.8,460920,19,0,55.8
2026-09-17T02:41:41.625Z,57.8,462032,19,0,55.8
2026-09-17T02:41:46.664Z,57.8,462084,19,0,55.8
2026-09-17T02:41:51.706Z,57.8,462284,19,0,56.4
2026-09-17T02:41:56.748Z,57.8,461408,19,0,55.8
2026-09-17T02:42:01.807Z,57.8,461508,19,0,56.4
2026-09-17T02:42:06.849Z,57.8,460548,19,0,56.4
2026-09-17T02:42:11.888Z,57.8,460604,19,0,55.8
2026-09-17T02:42:16.930Z,57.8,459748,19,0,56.4
2026-09-17T02:42:21.971Z,57.8,459780,19,0,56.4
2026-09-17T02:42:27.012Z,57.8,458168,19,0,56.4
2026-09-17T02:42:32.051Z,57.8,458192,19,0,55.8
2026-09-17T02:42:37.097Z,57.8,458672,19,0,55.8
2026-09-17T02:42:42.136Z,57.8,458672,19,0,55.8
2026-09-17T02:42:47.178Z,57.8,461324,19,0,55.8
2026-09-17T02:42:52.218Z,57.8,461324,19,0,55.8
2026-09-17T02:42:57.258Z,57.8,461324,19,0,55.8
2026-09-17T02:43:02.299Z,57.8,461652,19,0,55.8
2026-09-17T02:43:07.335Z,57.8,461816,19,0,55.8
2026-09-17T02:43:12.375Z,57.8,460656,19,0,55.8
2026-09-17T02:43:17.417Z,57.8,460680,19,0,55.8
2026-09-17T02:43:22.476Z,57.8,460592,19,0,56.9
2026-09-17T02:43:27.518Z,57.8,460656,19,0,56.4
2026-09-17T02:43:32.562Z,57.8,459996,19,0,55.8
2026-09-17T02:43:37.602Z,57.8,460272,19,0,56.4
2026-09-17T02:43:42.642Z,57.8,457708,19,0,56.4
2026-09-17T02:43:47.681Z,57.8,457748,19,0,56.4
2026-09-17T02:43:52.715Z,57.8,459192,19,0,55.8
2026-09-17T02:43:57.758Z,57.8,459380,19,0,55.3
2026-09-17T02:44:02.806Z,57.8,459960,19,0,55.8
2026-09-17T02:44:07.847Z,57.8,459964,19,0,54.8
2026-09-17T02:44:12.890Z,57.8,459968,19,0,55.3
2026-09-17T02:44:17.934Z,57.8,459768,19,0,55.3
2026-09-17T02:44:22.974Z,57.8,459772,19,0,55.3
2026-09-17T02:44:28.017Z,57.8,463216,19,0,54.8
2026-09-17T02:44:33.059Z,57.8,463220,19,0,55.3
2026-09-17T02:44:38.102Z,57.8,464348,19,0,55.8
2026-09-17T02:44:43.145Z,57.8,464544,19,0,55.8
2026-09-17T02:44:48.189Z,57.8,462580,19,0,56.4
2026-09-17T02:44:53.228Z,57.8,462704,19,0,55.8
2026-09-17T02:44:58.268Z,57.8,462624,19,0,56.9
2026-09-17T02:45:03.312Z,57.8,462628,19,0,56.4
2026-09-17T02:45:08.352Z,57.8,462584,19,0,56.4
2026-09-17T02:45:13.392Z,57.8,462844,19,0,55.8
2026-09-17T02:45:18.432Z,57.8,462636,19,0,55.8
2026-09-17T02:45:23.472Z,57.8,462664,19,0,55.8
2026-09-17T02:45:28.514Z,57.8,463820,19,0,55.8
2026-09-17T02:45:33.555Z,57.8,464704,19,0,55.3
2026-09-17T02:45:38.595Z,57.8,464704,19,0,54.8
2026-09-17T02:45:43.638Z,57.8,464572,19,0,55.8
2026-09-17T02:45:48.678Z,57.8,464744,19,0,55.3
2026-09-17T02:45:53.719Z,57.8,463464,19,0,55.8
2026-09-17T02:45:58.762Z,57.8,463532,19,0,55.3
2026-09-17T02:46:03.799Z,57.8,463428,19,0,55.8
2026-09-17T02:46:08.840Z,57.8,463544,19,0,56.4
2026-09-17T02:46:13.878Z,57.8,462352,19,0,55.8
2026-09-17T02:46:18.921Z,57.8,462588,19,0,55.8
2026-09-17T02:46:23.967Z,57.8,462608,19,0,54.8
2026-09-17T02:46:29.007Z,57.8,461792,19,0,55.8
2026-09-17T02:46:34.068Z,57.8,461856,19,0,55.8
2026-09-17T02:46:39.114Z,57.8,462192,19,0,55.8
2026-09-17T02:46:44.156Z,57.8,462192,19,0,55.3
2026-09-17T02:46:49.195Z,57.8,464412,19,0,55.3
2026-09-17T02:46:54.237Z,57.8,464412,19,0,55.8
2026-09-17T02:46:59.285Z,57.8,464412,19,0,54.8
2026-09-17T02:47:04.326Z,57.8,464372,19,0,55.8
2026-09-17T02:47:09.369Z,57.8,464372,19,0,54.8
2026-09-17T02:47:14.408Z,57.8,464624,19,0,55.8
2026-09-17T02:47:19.458Z,57.8,464652,19,0,55.8
2026-09-17T02:47:24.499Z,57.8,463432,19,0,55.8
2026-09-17T02:47:29.539Z,57.8,463748,19,0,55.8
2026-09-17T02:47:34.583Z,57.8,462796,19,0,55.8
2026-09-17T02:47:39.624Z,57.8,463044,19,0,56.4
2026-09-17T02:47:44.667Z,57.8,463072,19,0,55.8
2026-09-17T02:47:49.706Z,57.8,462304,19,0,55.8
2026-09-17T02:47:54.749Z,57.8,462132,19,0,55.8
2026-09-17T02:47:59.792Z,57.8,462148,19,0,55.8
2026-09-17T02:48:04.834Z,57.8,462460,19,0,55.8
2026-09-17T02:48:09.876Z,57.8,464016,19,0,55.8
2026-09-17T02:48:14.916Z,57.8,464016,19,0,55.8
2026-09-17T02:48:19.960Z,57.8,463660,19,0,55.3
2026-09-17T02:48:25.001Z,57.8,463688,19,0,54.8
2026-09-17T02:48:30.042Z,57.8,464292,19,0,55.8
2026-09-17T02:48:35.086Z,57.8,464788,19,0,55.8
2026-09-17T02:48:40.127Z,57.8,464788,19,0,55.3
2026-09-17T02:48:45.189Z,57.8,464284,19,0,56.4
2026-09-17T02:48:50.231Z,57.8,464476,19,0,56.4
2026-09-17T02:48:55.272Z,57.8,462092,19,0,56.4
2026-09-17T02:49:00.311Z,57.8,461488,19,0,56.9
2026-09-17T02:49:05.350Z,57.8,461536,19,0,55.8
2026-09-17T02:49:10.395Z,57.8,462100,19,0,56.4
2026-09-17T02:49:15.437Z,57.8,463672,19,0,55.8
2026-09-17T02:49:20.478Z,57.8,463900,19,0,55.8
2026-09-17T02:49:25.526Z,57.8,463088,19,0,55.8
2026-09-17T02:49:30.565Z,57.8,463092,19,0,55.8
2026-09-17T02:49:35.610Z,57.8,463696,19,0,55.8
2026-09-17T02:49:40.651Z,57.8,463696,19,0,55.8
2026-09-17T02:49:45.690Z,57.8,464484,19,0,55.8
2026-09-17T02:49:50.739Z,57.8,465716,19,0,55.8
2026-09-17T02:49:55.779Z,57.8,465732,19,0,55.8
2026-09-17T02:50:00.819Z,57.8,464556,19,0,56.4
2026-09-17T02:50:05.859Z,57.8,464748,19,0,55.8
2026-09-17T02:50:10.899Z,57.8,462688,19,0,55.8
2026-09-17T02:50:15.941Z,57.8,462776,19,0,55.8
2026-09-17T02:50:20.985Z,57.8,462420,19,0,56.4
2026-09-17T02:50:26.032Z,57.8,462420,19,0,55.8
2026-09-17T02:50:31.075Z,57.8,462216,19,0,55.8
2026-09-17T02:50:36.118Z,57.8,462328,19,0,56.4
2026-09-17T02:50:41.164Z,57.8,462800,19,0,55.8
2026-09-17T02:50:46.205Z,57.8,462840,19,0,55.8
2026-09-17T02:50:51.248Z,57.8,464496,19,0,55.8
2026-09-17T02:50:56.287Z,57.8,464852,19,0,55.8
2026-09-17T02:51:01.329Z,57.8,464852,19,0,55.3
2026-09-17T02:51:06.369Z,57.8,464604,19,0,55.3
2026-09-17T02:51:11.409Z,57.8,464764,19,0,55.3
2026-09-17T02:51:16.450Z,57.8,463796,19,0,56.4
2026-09-17T02:51:21.488Z,57.8,463820,19,0,55.8
2026-09-17T02:51:26.527Z,57.8,463376,19,0,55.8
2026-09-17T02:51:31.569Z,57.8,463452,19,0,55.8
2026-09-17T02:51:36.607Z,57.8,462880,19,0,55.8
2026-09-17T02:51:41.646Z,57.8,463172,19,0,56.4
2026-09-17T02:51:46.687Z,57.8,461800,19,0,56.9
2026-09-17T02:51:51.729Z,57.8,461884,19,0,56.4
2026-09-17T02:51:56.770Z,57.8,462952,19,0,55.8
2026-09-17T02:52:01.812Z,57.8,463344,19,0,55.8
2026-09-17T02:52:06.852Z,57.8,463344,19,0,55.8
2026-09-17T02:52:11.893Z,57.8,464068,19,0,55.8
2026-09-17T02:52:16.934Z,57.8,464068,19,0,55.8
2026-09-17T02:52:21.971Z,57.8,464288,19,0,55.8
2026-09-17T02:52:27.012Z,57.8,464336,19,0,54.8
2026-09-17T02:52:32.054Z,57.8,464500,19,0,55.8
2026-09-17T02:52:37.093Z,57.8,464496,19,0,55.8
2026-09-17T02:52:42.132Z,57.8,464560,19,0,55.8
2026-09-17T02:52:47.173Z,57.8,463500,19,0,56.4
2026-09-17T02:52:52.212Z,57.8,463560,19,0,56.4
2026-09-17T02:52:57.252Z,57.8,462288,19,0,55.8
2026-09-17T02:53:02.297Z,57.8,462552,19,0,56.4
2026-09-17T02:53:07.337Z,57.8,461896,19,0,56.4
2026-09-17T02:53:12.375Z,57.8,461896,19,0,56.4
2026-09-17T02:53:17.413Z,57.8,462732,19,0,56.4
2026-09-17T02:53:22.459Z,57.8,462732,19,0,55.8
2026-09-17T02:53:27.496Z,57.8,463868,19,0,55.8
2026-09-17T02:53:32.535Z,57.8,463936,19,0,55.8
2026-09-17T02:53:37.579Z,57.8,463944,19,0,55.8
2026-09-17T02:53:42.618Z,57.8,464704,19,0,55.8
2026-09-17T02:53:47.660Z,57.8,464784,19,0,55.8
2026-09-17T02:53:52.701Z,57.8,464736,19,0,55.8
2026-09-17T02:53:57.740Z,57.8,464824,19,0,56.4
2026-09-17T02:54:02.785Z,57.8,463968,19,0,55.8
2026-09-17T02:54:07.823Z,57.8,464100,19,0,56.4
2026-09-17T02:54:12.866Z,57.8,463064,19,0,56.4
2026-09-17T02:54:17.904Z,57.8,463244,19,0,55.8
2026-09-17T02:54:22.950Z,57.8,461188,19,0,56.9
2026-09-17T02:54:27.990Z,57.8,461240,19,0,55.8
2026-09-17T02:54:33.034Z,57.8,462116,19,0,56.4
2026-09-17T02:54:38.075Z,57.8,462320,19,0,56.9
2026-09-17T02:54:43.116Z,57.8,462392,19,0,55.8
2026-09-17T02:54:48.164Z,57.8,463028,19,0,55.8
2026-09-17T02:54:53.205Z,57.8,463028,19,0,56.4
2026-09-17T02:54:58.247Z,57.8,463952,19,0,55.8
2026-09-17T02:55:03.285Z,57.8,463952,19,0,55.8
2026-09-17T02:55:08.325Z,57.8,465092,19,0,55.8
2026-09-17T02:55:13.365Z,57.8,465260,19,0,55.8
2026-09-17T02:55:18.410Z,57.8,465320,19,0,55.8
2026-09-17T02:55:23.452Z,57.8,464412,19,0,56.4
2026-09-17T02:55:28.494Z,57.8,462508,19,0,56.4
2026-09-17T02:55:33.535Z,57.8,462632,19,0,56.4
2026-09-17T02:55:38.579Z,57.8,462660,19,0,56.4
2026-09-17T02:55:43.620Z,57.8,462800,19,0,56.4
2026-09-17T02:55:48.663Z,57.8,462816,19,0,56.9
2026-09-17T02:55:53.705Z,57.8,462532,19,0,55.8
2026-09-17T02:55:58.743Z,57.8,462692,19,0,56.4
2026-09-17T02:56:03.784Z,57.8,461828,19,0,56.4
2026-09-17T02:56:08.826Z,57.8,461828,19,0,55.8
2026-09-17T02:56:13.863Z,57.8,464528,19,0,55.8
2026-09-17T02:56:18.905Z,57.8,464528,19,0,55.3
2026-09-17T02:56:23.945Z,57.8,464528,19,0,55.3
2026-09-17T02:56:28.988Z,57.8,464600,19,0,55.8
2026-09-17T02:56:34.026Z,57.8,464792,19,0,55.8
2026-09-17T02:56:39.072Z,57.8,463500,19,0,55.8
2026-09-17T02:56:44.109Z,57.8,463560,19,0,56.4
2026-09-17T02:56:49.160Z,57.8,463032,19,0,56.4
2026-09-17T02:56:54.202Z,57.8,463100,19,0,56.9
2026-09-17T02:56:59.364Z,57.8,462248,19,0,56.4
2026-09-17T02:57:04.406Z,57.8,462452,19,0,56.4
2026-09-17T02:57:09.451Z,57.8,461276,19,0,56.4
2026-09-17T02:57:14.489Z,57.8,461284,19,0,56.4
2026-09-17T02:57:19.535Z,57.8,461652,19,0,56.4
2026-09-17T02:57:24.578Z,57.8,461652,19,0,55.8
2026-09-17T02:57:29.618Z,57.8,463224,19,0,55.8
2026-09-17T02:57:34.655Z,57.8,463224,19,0,56.4
2026-09-17T02:57:39.698Z,57.8,463024,19,0,56.4
2026-09-17T02:57:44.738Z,57.8,463072,19,0,55.8
2026-09-17T02:57:49.780Z,57.8,463648,19,0,55.8
2026-09-17T02:57:54.820Z,57.8,464980,19,0,56.4
2026-09-17T02:57:59.861Z,57.8,465024,19,0,55.8
2026-09-17T02:58:04.911Z,57.8,464280,19,0,56.4
2026-09-17T02:58:09.953Z,57.8,464484,19,0,56.4
2026-09-17T02:58:14.994Z,57.8,462244,19,0,56.4
2026-09-17T02:58:20.038Z,57.8,462492,19,0,56.9
2026-09-17T02:58:25.083Z,57.8,461888,19,0,56.4
2026-09-17T02:58:30.120Z,57.8,461936,19,0,55.8
2026-09-17T02:58:35.157Z,57.8,462512,19,0,55.8
2026-09-17T02:58:40.201Z,57.8,462680,19,0,55.8
2026-09-17T02:58:45.241Z,57.8,462836,19,0,56.4
2026-09-17T02:58:50.283Z,57.8,462836,19,0,55.8
2026-09-17T02:58:55.321Z,57.8,463384,19,0,55.8
2026-09-17T02:59:00.363Z,57.8,463412,19,0,55.8
2026-09-17T02:59:05.408Z,57.8,463420,19,0,55.3
2026-09-17T02:59:10.450Z,57.8,465560,19,0,55.8
2026-09-17T02:59:15.490Z,57.8,465728,19,0,56.9
2026-09-17T02:59:20.530Z,57.8,463868,19,0,56.4
2026-09-17T02:59:25.572Z,57.8,464104,19,0,56.4
2026-09-17T02:59:30.614Z,57.8,461988,19,0,56.4
2026-09-17T02:59:35.662Z,57.8,462028,19,0,56.4
2026-09-17T02:59:40.699Z,57.8,461712,19,0,56.9
2026-09-17T02:59:45.737Z,57.8,461784,19,0,56.4
2026-09-17T02:59:50.777Z,57.8,462048,19,0,56.4
2026-09-17T02:59:55.819Z,57.8,462052,19,0,56.9
2026-09-17T03:00:00.862Z,57.8,462496,19,0,56.4
2026-09-17T03:00:05.902Z,57.8,462508,19,0,55.8
2026-09-17T03:00:10.960Z,57.8,462508,19,0,55.8
2026-09-17T03:00:16.004Z,57.8,464696,19,0,56.4
2026-09-17T03:00:21.043Z,57.8,464696,19,0,55.3
2026-09-17T03:00:26.087Z,57.8,465028,19,0,55.8
2026-09-17T03:00:31.130Z,57.8,465232,19,0,55.8
2026-09-17T03:00:36.170Z,57.8,462728,19,0,56.4
2026-09-17T03:00:41.209Z,57.8,462868,19,0,56.4
2026-09-17T03:00:46.251Z,57.8,463016,19,0,56.9
2026-09-17T03:00:51.291Z,57.8,462520,19,0,55.8
2026-09-17T03:00:56.337Z,57.8,462592,19,0,55.8
2026-09-17T03:01:01.376Z,57.8,462184,19,0,56.4
2026-09-17T03:01:06.422Z,57.8,461584,19,0,55.8
2026-09-17T03:01:11.463Z,57.8,461672,19,0,55.8
2026-09-17T03:01:16.503Z,57.8,461860,19,0,55.8
2026-09-17T03:01:21.545Z,57.8,461612,19,0,55.8
2026-09-17T03:01:26.593Z,57.8,461616,19,0,55.8
2026-09-17T03:01:31.633Z,57.8,463808,19,0,55.8
2026-09-17T03:01:36.673Z,57.8,463812,19,0,55.3
2026-09-17T03:01:41.715Z,57.8,463824,19,0,55.8
2026-09-17T03:01:46.756Z,57.8,464172,19,0,55.8
2026-09-17T03:01:51.800Z,57.8,464400,19,0,55.8
2026-09-17T03:01:56.840Z,57.8,464616,19,0,55.8
2026-09-17T03:02:01.884Z,57.8,464632,19,0,55.8
2026-09-17T03:02:06.921Z,57.8,463788,19,0,56.9
2026-09-17T03:02:11.961Z,57.8,463872,19,0,55.8
2026-09-17T03:02:17.003Z,57.8,462644,19,0,56.4
2026-09-17T03:02:22.048Z,57.8,462944,19,0,56.9
2026-09-17T03:02:27.092Z,57.8,461148,19,0,56.9
2026-09-17T03:02:32.133Z,57.8,461148,19,0,56.4
2026-09-17T03:02:37.175Z,57.8,462656,19,0,55.8
2026-09-17T03:02:42.219Z,57.8,462656,19,0,55.3
2026-09-17T03:02:47.262Z,57.8,463520,19,0,55.8
2026-09-17T03:02:52.304Z,57.8,463520,19,0,55.8
2026-09-17T03:02:57.346Z,57.8,463592,19,0,55.8
2026-09-17T03:03:02.386Z,57.8,463912,19,0,55.8
2026-09-17T03:03:07.425Z,57.8,464000,19,0,55.8
2026-09-17T03:03:12.461Z,57.8,465616,19,0,55.8
2026-09-17T03:03:17.500Z,57.8,465656,19,0,55.8
2026-09-17T03:03:22.543Z,57.8,464264,19,0,55.8
2026-09-17T03:03:27.585Z,57.8,464400,19,0,56.4
2026-09-17T03:03:32.626Z,57.8,461844,19,0,55.8
2026-09-17T03:03:37.661Z,57.8,462000,19,0,56.9
2026-09-17T03:03:42.706Z,57.8,461972,19,0,56.4
2026-09-17T03:03:47.747Z,57.8,461972,19,0,55.8
2026-09-17T03:03:52.789Z,57.8,462872,19,0,56.4
2026-09-17T03:03:57.833Z,57.8,463116,19,0,55.8
2026-09-17T03:04:02.874Z,57.8,462900,19,0,55.8
2026-09-17T03:04:07.918Z,57.8,462912,19,0,55.8
2026-09-17T03:04:12.958Z,57.8,463188,19,0,54.8
2026-09-17T03:04:18.003Z,57.8,463900,19,0,55.8
2026-09-17T03:04:23.044Z,57.8,463904,19,0,55.8
2026-09-17T03:04:28.085Z,57.8,465352,19,0,54.8
2026-09-17T03:04:33.124Z,57.8,465548,19,0,55.8
2026-09-17T03:04:38.169Z,57.8,464620,19,0,55.8
2026-09-17T03:04:43.207Z,57.8,464796,19,0,55.8
2026-09-17T03:04:48.247Z,57.8,462860,19,0,56.4
2026-09-17T03:04:53.287Z,57.8,462956,19,0,55.8
2026-09-17T03:04:58.324Z,57.8,462096,19,0,56.4
2026-09-17T03:05:03.362Z,57.8,462340,19,0,56.4
2026-09-17T03:05:08.402Z,57.8,462364,19,0,55.8
2026-09-17T03:05:13.441Z,57.8,462400,19,0,55.8
2026-09-17T03:05:18.481Z,57.8,462620,19,0,55.8
2026-09-17T03:05:23.523Z,57.8,462024,19,0,55.8
2026-09-17T03:05:28.563Z,57.8,462080,19,0,55.8
2026-09-17T03:05:33.602Z,57.8,463860,19,0,55.3
2026-09-17T03:05:38.641Z,57.8,463860,19,0,55.8
2026-09-17T03:05:43.681Z,57.8,465084,19,0,55.3
2026-09-17T03:05:48.727Z,57.8,465300,19,0,55.8
2026-09-17T03:05:53.767Z,57.8,465520,19,0,55.8
2026-09-17T03:05:58.806Z,57.8,463628,19,0,55.8
2026-09-17T03:06:03.845Z,57.8,463680,19,0,55.8
2026-09-17T03:06:08.884Z,57.8,462932,19,0,55.8
2026-09-17T03:06:13.924Z,57.8,463044,19,0,55.3
2026-09-17T03:06:18.963Z,57.8,462132,19,0,55.8
2026-09-17T03:06:24.002Z,57.8,462144,19,0,55.8
2026-09-17T03:06:29.040Z,57.8,462024,19,0,56.4
2026-09-17T03:06:34.086Z,57.8,462060,19,0,55.8
2026-09-17T03:06:39.127Z,57.8,462500,19,0,56.4
2026-09-17T03:06:44.167Z,57.8,462504,19,0,55.8
2026-09-17T03:06:49.205Z,57.8,464044,19,0,54.8
2026-09-17T03:06:54.245Z,57.8,464036,19,0,55.8
2026-09-17T03:06:59.285Z,57.8,464036,19,0,54.8
2026-09-17T03:07:04.326Z,57.8,463480,19,0,55.3
2026-09-17T03:07:09.364Z,57.8,463480,19,0,55.3
2026-09-17T03:07:14.404Z,57.8,464064,19,0,55.8
2026-09-17T03:07:19.448Z,57.8,464144,19,0,55.8
2026-09-17T03:07:24.491Z,57.8,463320,19,0,56.4
2026-09-17T03:07:29.526Z,57.8,463564,19,0,55.8
2026-09-17T03:07:34.571Z,57.8,462004,19,0,55.8
2026-09-17T03:07:39.612Z,57.8,462432,19,0,55.8
2026-09-17T03:07:44.653Z,57.8,461508,19,0,56.9
2026-09-17T03:07:49.694Z,57.8,461516,19,0,55.8
2026-09-17T03:07:54.739Z,57.8,462376,19,0,55.8
2026-09-17T03:07:59.781Z,57.8,462596,19,0,54.8
2026-09-17T03:08:04.823Z,57.8,462620,19,0,55.3
2026-09-17T03:08:09.865Z,57.8,463612,19,0,55.8
2026-09-17T03:08:14.905Z,57.8,463612,19,0,55.3
2026-09-17T03:08:19.947Z,57.8,464128,19,0,55.8
2026-09-17T03:08:24.988Z,57.8,464132,19,0,54.8
2026-09-17T03:08:30.027Z,57.8,464132,19,0,55.3
2026-09-17T03:08:35.067Z,57.8,465092,19,0,55.3
2026-09-17T03:08:40.105Z,57.8,465196,19,0,55.8
2026-09-17T03:08:45.147Z,57.8,463908,19,0,55.8
2026-09-17T03:08:50.187Z,57.8,464068,19,0,55.8
2026-09-17T03:08:55.228Z,57.8,462420,19,0,55.3
2026-09-17T03:09:00.270Z,57.8,462468,19,0,55.8
2026-09-17T03:09:05.308Z,57.8,461912,19,0,56.4
2026-09-17T03:09:10.353Z,57.8,461980,19,0,55.8
2026-09-17T03:09:15.392Z,57.8,462580,19,0,55.8
2026-09-17T03:09:20.433Z,57.8,462744,19,0,56.4
2026-09-17T03:09:25.474Z,57.8,462976,19,0,54.8
2026-09-17T03:09:30.515Z,57.8,462996,19,0,55.3
2026-09-17T03:09:35.558Z,57.8,462996,19,0,54.8
2026-09-17T03:09:40.599Z,57.8,463608,19,0,54.8
2026-09-17T03:09:45.647Z,57.8,463608,19,0,55.3
2026-09-17T03:09:50.690Z,57.8,464540,19,0,54.8
2026-09-17T03:09:55.731Z,57.8,464684,19,0,55.8
2026-09-17T03:10:00.773Z,57.8,464148,19,0,55.8
2026-09-17T03:10:05.822Z,57.8,464232,19,0,56.4
2026-09-17T03:10:10.861Z,57.8,462796,19,0,55.8
2026-09-17T03:10:15.901Z,57.8,462904,19,0,55.8
2026-09-17T03:10:20.936Z,57.8,462348,19,0,56.4
2026-09-17T03:10:25.976Z,57.8,462688,19,0,55.8
2026-09-17T03:10:31.018Z,57.8,462732,19,0,55.8
2026-09-17T03:10:36.055Z,57.8,462656,19,0,55.8
2026-09-17T03:10:41.099Z,57.8,462816,19,0,56.4
2026-09-17T03:10:46.139Z,57.8,461692,19,0,55.8
2026-09-17T03:10:51.180Z,57.8,461748,19,0,55.3
2026-09-17T03:10:56.225Z,57.8,464144,19,0,55.8
2026-09-17T03:11:01.266Z,57.8,464148,19,0,55.8
2026-09-17T03:11:06.308Z,57.8,464156,19,0,55.8
2026-09-17T03:11:11.349Z,57.8,464020,19,0,54.8
2026-09-17T03:11:16.391Z,57.8,464172,19,0,55.3
2026-09-17T03:11:21.431Z,57.8,464120,19,0,55.3
2026-09-17T03:11:26.470Z,57.8,464120,19,0,55.8
2026-09-17T03:11:31.508Z,57.8,463324,19,0,56.4
2026-09-17T03:11:36.547Z,57.8,463456,19,0,55.8
2026-09-17T03:11:41.589Z,57.8,461888,19,0,56.9
2026-09-17T03:11:46.634Z,57.8,462124,19,0,55.8
2026-09-17T03:11:51.672Z,57.8,460544,19,0,56.4
2026-09-17T03:11:56.714Z,57.8,460568,19,0,55.8
2026-09-17T03:12:01.755Z,57.8,462504,19,0,55.8
2026-09-17T03:12:06.797Z,57.8,462504,19,0,54.8
2026-09-17T03:12:11.836Z,57.8,464036,19,0,55.8
2026-09-17T03:12:16.877Z,57.8,464048,19,0,55.8
2026-09-17T03:12:21.916Z,57.8,464048,19,0,55.8
2026-09-17T03:12:26.958Z,57.8,463788,19,0,55.8
2026-09-17T03:12:31.999Z,57.8,463788,19,0,55.3
2026-09-17T03:12:37.041Z,57.8,464328,19,0,55.3
2026-09-17T03:12:42.081Z,57.8,464372,19,0,55.8
2026-09-17T03:12:47.118Z,57.8,464028,19,0,55.8
2026-09-17T03:12:52.161Z,57.8,464380,19,0,56.4
2026-09-17T03:12:57.204Z,57.8,461892,19,0,56.4
2026-09-17T03:13:02.241Z,57.8,461944,19,0,56.9
2026-09-17T03:13:07.279Z,57.8,461432,19,0,56.4
2026-09-17T03:13:12.319Z,57.8,461552,19,0,56.4
2026-09-17T03:13:17.358Z,57.8,462328,19,0,55.8
2026-09-17T03:13:22.396Z,57.8,462580,19,0,56.4
2026-09-17T03:13:27.438Z,57.8,462620,19,0,55.8
2026-09-17T03:13:32.479Z,57.8,462708,19,0,55.8
2026-09-17T03:13:37.520Z,57.8,462708,19,0,55.8
2026-09-17T03:13:42.562Z,57.8,463620,19,0,55.3
2026-09-17T03:13:47.602Z,57.8,463644,19,0,55.8
2026-09-17T03:13:52.642Z,57.8,464512,19,0,55.8
2026-09-17T03:13:57.686Z,57.8,464976,19,0,55.8
2026-09-17T03:14:02.730Z,57.8,465000,19,0,55.8
2026-09-17T03:14:07.775Z,57.8,464116,19,0,55.8
2026-09-17T03:14:12.817Z,57.8,464268,19,0,56.4
2026-09-17T03:14:17.857Z,57.8,462156,19,0,56.4
2026-09-17T03:14:22.893Z,57.8,462284,19,0,56.9
2026-09-17T03:14:27.937Z,57.8,462572,19,0,56.9
2026-09-17T03:14:32.976Z,57.8,462640,19,0,56.4
2026-09-17T03:14:38.019Z,57.8,462240,19,0,56.9
2026-09-17T03:14:43.059Z,57.8,462436,19,0,56.4
2026-09-17T03:14:48.100Z,57.8,462796,19,0,55.8
2026-09-17T03:14:53.141Z,57.8,462800,19,0,55.8
2026-09-17T03:14:58.184Z,57.8,463624,19,0,55.8
2026-09-17T03:15:03.226Z,57.8,463632,19,0,55.8
2026-09-17T03:15:08.266Z,57.8,463632,19,0,55.8
2026-09-17T03:15:13.309Z,57.8,464404,19,0,55.8
2026-09-17T03:15:18.346Z,57.8,464632,19,0,55.8
2026-09-17T03:15:23.388Z,57.8,463792,19,0,55.8
2026-09-17T03:15:28.430Z,57.8,463840,19,0,56.9
2026-09-17T03:15:33.472Z,57.8,463104,19,0,57.5
2026-09-17T03:15:38.512Z,57.8,463144,19,0,55.8
2026-09-17T03:15:43.550Z,57.8,462948,19,0,56.9
2026-09-17T03:15:48.591Z,57.8,463236,19,0,56.9
2026-09-17T03:15:53.633Z,57.8,460744,19,0,56.4
2026-09-17T03:15:58.673Z,57.8,460764,19,0,56.4
2026-09-17T03:16:03.717Z,57.8,461928,19,0,56.4
2026-09-17T03:16:08.755Z,57.8,461932,19,0,56.4
2026-09-17T03:16:13.796Z,57.8,464028,19,0,55.8
2026-09-17T03:16:18.833Z,57.8,464028,19,0,55.8
2026-09-17T03:16:23.874Z,57.8,464032,19,0,55.8
2026-09-17T03:16:28.917Z,57.8,463632,19,0,55.3
2026-09-17T03:16:33.957Z,57.8,463636,19,0,55.8
2026-09-17T03:16:38.999Z,57.8,463968,19,0,55.8
2026-09-17T03:16:44.040Z,57.8,463988,19,0,55.8
2026-09-17T03:16:49.079Z,57.8,463912,19,0,56.9
2026-09-17T03:16:54.119Z,57.8,464136,19,0,56.4
2026-09-17T03:16:59.158Z,57.8,462784,19,0,55.8
2026-09-17T03:17:04.198Z,57.8,463140,19,0,56.9
2026-09-17T03:17:09.241Z,57.8,462044,19,0,56.4
2026-09-17T03:17:14.284Z,57.8,462044,19,0,55.8
2026-09-17T03:17:19.326Z,57.8,462968,19,0,56.4
2026-09-17T03:17:24.370Z,57.8,463136,19,0,56.4
2026-09-17T03:17:29.412Z,57.8,462560,19,0,56.4
2026-09-17T03:17:34.452Z,57.8,462560,19,0,54.8
2026-09-17T03:17:39.493Z,57.8,462596,19,0,55.8
2026-09-17T03:17:44.534Z,57.8,463700,19,0,55.8
2026-09-17T03:17:49.580Z,57.8,463704,19,0,55.8
2026-09-17T03:17:54.623Z,57.8,465532,19,0,55.8
2026-09-17T03:17:59.666Z,57.8,466032,19,0,55.8
