timestamp,cpu_pct,rss_kb,threads,swap_kb,temp_c
2026-09-15T17:02:59.019Z,0.9,16164,1,0,47.2
2026-09-15T17:03:04.050Z,0.3,16164,1,0,49.4
2026-09-15T17:03:09.081Z,0.2,16164,1,0,51.0
2026-09-15T17:03:14.118Z,1.3,18252,1,0,50.5
2026-09-15T17:03:19.154Z,5.0,26072,1,0,50.5
2026-09-15T17:03:24.193Z,7.4,33900,1,0,49.4
2026-09-15T17:03:29.224Z,7.3,36280,1,0,50.5
2026-09-15T17:03:34.254Z,6.3,36280,1,0,51.5
2026-09-15T17:03:39.292Z,6.4,39404,1,0,51.5
2026-09-15T17:03:44.331Z,7.7,51608,1,0,51.0
2026-09-15T17:03:49.369Z,8.7,59328,1,0,50.5
2026-09-15T17:03:54.401Z,8.3,60900,1,0,51.5
2026-09-15T17:03:59.432Z,7.6,60900,1,0,52.1
2026-09-15T17:04:04.469Z,7.4,62820,1,0,52.1
2026-09-15T17:04:09.506Z,8.2,69696,1,0,51.0
2026-09-15T17:04:14.543Z,8.9,76828,1,0,50.5
2026-09-15T17:04:19.575Z,8.6,78668,1,0,52.6
2026-09-15T17:04:24.605Z,8.1,78668,1,0,52.6
2026-09-15T17:04:29.642Z,8.1,81916,1,0,52.1
2026-09-15T17:04:34.681Z,8.6,89360,1,0,52.1
2026-09-15T17:04:39.719Z,9.2,96756,1,0,51.5
2026-09-15T17:04:44.751Z,8.9,98220,1,0,52.1
2026-09-15T17:04:49.781Z,8.5,98220,1,0,52.6
2026-09-15T17:04:54.811Z,8.1,98220,1,0,52.6
2026-09-15T17:04:59.849Z,8.5,119456,1,0,52.6
2026-09-15T17:05:04.886Z,9.0,126944,1,0,52.1
2026-09-15T17:05:09.917Z,9.1,135152,1,0,52.6
2026-09-15T17:05:14.947Z,8.8,135152,1,0,53.2
2026-09-15T17:05:19.977Z,8.5,135152,1,0,53.7
2026-09-15T17:05:25.014Z,8.7,141276,1,0,52.1
2026-09-15T17:05:30.052Z,9.1,148520,1,0,52.1
2026-09-15T17:05:35.084Z,9.2,153180,1,0,52.6
2026-09-15T17:05:40.114Z,8.9,153180,1,0,53.7
2026-09-15T17:05:45.145Z,8.6,153180,1,0,53.7
2026-09-15T17:05:50.176Z,8.4,153180,1,0,53.7
2026-09-15T17:05:55.207Z,8.1,153180,1,0,54.2
2026-09-15T17:06:00.244Z,8.3,158508,1,0,53.7
2026-09-15T17:06:05.282Z,8.5,166960,1,0,53.2
2026-09-15T17:06:10.316Z,8.8,174340,1,0,53.2
2026-09-15T17:06:15.346Z,8.6,174340,1,0,54.2
2026-09-15T17:06:20.377Z,8.4,174340,1,0,54.2
2026-09-15T17:06:25.413Z,8.4,177664,1,0,53.7
2026-09-15T17:06:30.451Z,8.7,184776,1,0,53.7
2026-09-15T17:06:35.489Z,8.9,193192,1,0,52.6
2026-09-15T17:06:40.522Z,8.8,194132,1,0,54.2
2026-09-15T17:06:45.552Z,8.6,194132,1,0,54.8
2026-09-15T17:06:50.589Z,8.4,211208,1,0,54.8
2026-09-15T17:06:55.627Z,8.7,218432,1,0,53.7
2026-09-15T17:07:00.664Z,8.9,242020,1,0,52.6
2026-09-15T17:07:05.695Z,8.9,245296,1,0,54.2
2026-09-15T17:07:10.726Z,8.8,261536,1,0,54.8
2026-09-15T17:07:15.757Z,8.6,261536,1,0,54.8
2026-09-15T17:07:20.795Z,8.7,277620,1,0,53.7
2026-09-15T17:07:25.833Z,8.9,286156,1,0,53.7
2026-09-15T17:07:30.864Z,9.0,299220,1,0,53.7
2026-09-15T17:07:35.897Z,8.9,299220,1,0,54.2
2026-09-15T17:07:40.928Z,8.7,299220,1,0,55.3
2026-09-15T17:07:45.965Z,8.7,302152,1,0,54.2
2026-09-15T17:07:51.002Z,8.9,309620,1,0,53.7
2026-09-15T17:07:56.040Z,9.1,317008,1,0,53.2
2026-09-15T17:08:01.072Z,9.0,318072,1,0,54.2
2026-09-15T17:08:06.103Z,8.9,318072,1,0,54.8
2026-09-15T17:08:11.142Z,8.8,321228,1,0,54.2
2026-09-15T17:08:16.177Z,9.0,318084,1,0,54.2
2026-09-15T17:08:21.214Z,9.1,319260,1,0,53.7
2026-09-15T17:08:26.248Z,9.0,319260,1,0,54.2
2026-09-15T17:08:31.279Z,8.9,319268,1,0,55.3
2026-09-15T17:08:36.316Z,8.8,319352,1,0,54.8
2026-09-15T17:08:41.352Z,9.0,305192,1,0,53.7
2026-09-15T17:08:46.390Z,9.1,305592,1,0,53.7
2026-09-15T17:08:51.420Z,9.0,305848,1,0,54.8
2026-09-15T17:08:56.451Z,8.9,305848,1,0,54.8
2026-09-15T17:09:01.482Z,8.7,305848,1,0,55.8
2026-09-15T17:09:06.521Z,8.8,305868,1,0,53.7
2026-09-15T17:09:11.557Z,8.9,305928,1,0,53.2
2026-09-15T17:09:16.588Z,9.0,307432,1,0,54.8
2026-09-15T17:09:21.619Z,8.8,307432,1,0,54.2
2026-09-15T17:09:26.650Z,8.7,307432,1,0,55.8
2026-09-15T17:09:31.687Z,8.8,297532,1,0,54.2
2026-09-15T17:09:36.723Z,8.9,297792,1,0,54.2
2026-09-15T17:09:41.754Z,9.0,297824,1,0,54.2
2026-09-15T17:09:46.784Z,8.9,297824,1,0,55.8
2026-09-15T17:09:51.816Z,8.7,297824,1,0,55.8
2026-09-15T17:09:56.853Z,8.8,298548,1,0,54.8
2026-09-15T17:10:01.894Z,9.0,285248,1,0,53.7
2026-09-15T17:10:06.926Z,9.0,285504,1,0,54.8
2026-09-15T17:10:11.957Z,8.9,285504,1,0,55.8
2026-09-15T17:10:16.988Z,8.8,285504,1,0,55.8
2026-09-15T17:10:22.025Z,8.8,286172,1,0,54.8
2026-09-15T17:10:27.066Z,8.9,289652,1,0,53.7
2026-09-15T17:10:32.097Z,9.0,279824,1,0,53.7
2026-09-15T17:10:37.128Z,8.9,279880,1,0,55.8
2026-09-15T17:10:42.159Z,8.8,279880,1,0,55.3
2026-09-15T17:10:47.198Z,8.9,280324,1,0,54.2
2026-09-15T17:10:52.236Z,8.9,281888,1,0,53.7
2026-09-15T17:10:57.267Z,9.0,259416,1,0,54.2
2026-09-15T17:11:02.298Z,8.9,259416,1,0,55.8
2026-09-15T17:11:07.330Z,8.8,259416,1,0,55.8
2026-09-15T17:11:12.367Z,8.8,259940,1,0,54.8
2026-09-15T17:11:17.404Z,8.9,264964,1,0,54.8
2026-09-15T17:11:22.435Z,9.0,256744,1,0,54.2
2026-09-15T17:11:27.466Z,8.9,272936,1,0,55.8
2026-09-15T17:11:32.497Z,8.8,272936,1,0,55.8
2026-09-15T17:11:37.535Z,8.8,289184,1,0,54.8
2026-09-15T17:11:42.573Z,8.9,289328,1,0,54.2
2026-09-15T17:11:47.612Z,8.9,305680,1,0,54.8
2026-09-15T17:11:52.643Z,8.9,305680,1,0,55.8
2026-09-15T17:11:57.674Z,8.8,305680,1,0,55.8
2026-09-15T17:12:02.710Z,8.7,305684,1,0,55.8
2026-09-15T17:12:07.749Z,8.8,308484,1,0,55.3
2026-09-15T17:12:12.789Z,8.9,315692,1,0,54.2
2026-09-15T17:12:17.819Z,8.9,302492,1,0,55.3
2026-09-15T17:12:22.850Z,8.8,302492,1,0,55.8
2026-09-15T17:12:27.887Z,8.8,302496,1,0,55.8
2026-09-15T17:12:32.923Z,8.8,302704,1,0,54.8
2026-09-15T17:12:37.960Z,8.9,302916,1,0,54.8
2026-09-15T17:12:42.993Z,8.9,303976,1,0,55.3
2026-09-15T17:12:48.024Z,8.8,303976,1,0,56.4
2026-09-15T17:12:53.054Z,8.8,303976,1,0,55.8
2026-09-15T17:12:58.091Z,8.8,313764,1,0,55.8
2026-09-15T17:13:03.129Z,8.9,304628,1,0,54.8
2026-09-15T17:13:08.180Z,8.9,314976,1,0,54.8
2026-09-15T17:13:13.211Z,8.9,314976,1,0,55.8
2026-09-15T17:13:18.242Z,8.8,314976,1,0,56.4
2026-09-15T17:13:23.272Z,8.7,314976,1,0,55.8
2026-09-15T17:13:28.309Z,8.7,314976,1,0,55.3
2026-09-15T17:13:33.347Z,8.8,315008,1,0,55.3
2026-09-15T17:13:38.384Z,8.9,321232,1,0,54.8
2026-09-15T17:13:43.416Z,8.8,321300,1,0,55.8
2026-09-15T17:13:48.446Z,8.7,321300,1,0,56.4
2026-09-15T17:13:53.482Z,8.7,324408,1,0,55.8
2026-09-15T17:13:58.519Z,8.8,318824,1,0,54.8
2026-09-15T17:14:03.558Z,8.9,319008,1,0,55.3
2026-09-15T17:14:08.589Z,8.8,323044,1,0,55.3
2026-09-15T17:14:13.620Z,8.7,323044,1,0,56.4
2026-09-15T17:14:18.659Z,8.7,325068,1,0,56.4
2026-09-15T17:14:23.697Z,8.8,325496,1,0,55.3
2026-09-15T17:14:28.735Z,8.8,332096,1,0,54.8
2026-09-15T17:14:33.767Z,8.8,335516,1,0,55.8
2026-09-15T17:14:38.797Z,8.8,335516,1,0,56.4
2026-09-15T17:14:43.828Z,8.7,335516,1,0,56.4
2026-09-15T17:14:48.866Z,8.7,329240,1,0,55.8
2026-09-15T17:14:53.903Z,8.8,330408,1,0,55.3
2026-09-15T17:14:58.941Z,8.9,330944,1,0,54.8
2026-09-15T17:15:03.972Z,8.8,330956,1,0,56.4
2026-09-15T17:15:09.003Z,8.8,330956,1,0,55.8
2026-09-15T17:15:14.037Z,8.7,330956,1,0,56.4
2026-09-15T17:15:19.076Z,8.8,333576,1,0,55.8
2026-09-15T17:15:24.113Z,8.8,339708,1,0,55.8
2026-09-15T17:15:29.144Z,8.8,340164,1,0,56.4
2026-09-15T17:15:34.175Z,8.8,340164,1,0,55.8
2026-09-15T17:15:39.206Z,8.7,340164,1,0,56.4
2026-09-15T17:15:44.243Z,8.7,340164,1,0,55.8
2026-09-15T17:15:49.281Z,8.8,340244,1,0,55.8
2026-09-15T17:15:54.312Z,8.8,340472,1,0,55.3
2026-09-15T17:15:59.342Z,8.8,340472,1,0,56.4
2026-09-15T17:16:04.373Z,8.7,340472,1,0,56.9
2026-09-15T17:16:09.411Z,8.7,326864,1,0,55.8
2026-09-15T17:16:14.449Z,8.8,327792,1,0,55.3
2026-09-15T17:16:19.481Z,8.8,328708,1,0,55.8
2026-09-15T17:16:24.511Z,8.8,328708,1,0,56.4
2026-09-15T17:16:29.542Z,8.7,328708,1,0,56.9
2026-09-15T17:16:34.580Z,8.7,312924,1,0,55.8
2026-09-15T17:16:39.617Z,8.8,313832,1,0,56.4
2026-09-15T17:16:44.648Z,8.8,292812,1,0,55.8
2026-09-15T17:16:49.678Z,8.8,292812,1,0,56.9
2026-09-15T17:16:54.709Z,8.7,292812,1,0,56.9
2026-09-15T17:16:59.745Z,8.7,293428,1,0,55.8
2026-09-15T17:17:04.783Z,8.8,294452,1,0,55.8
2026-09-15T17:17:09.818Z,8.8,286300,1,0,55.3
2026-09-15T17:17:14.849Z,8.8,286300,1,0,56.9
2026-09-15T17:17:19.880Z,8.7,286300,1,0,56.9
2026-09-15T17:17:24.938Z,8.7,286884,1,0,55.8
2026-09-15T17:17:29.977Z,8.8,286892,1,0,55.8
2026-09-15T17:17:35.011Z,8.8,289328,1,0,55.3
2026-09-15T17:17:40.043Z,8.8,289328,1,0,56.4
2026-09-15T17:17:45.074Z,8.7,289332,1,0,56.9
2026-09-15T17:17:50.113Z,8.7,289500,1,0,56.4
2026-09-15T17:17:55.151Z,8.8,290240,1,0,55.8
2026-09-15T17:18:00.188Z,8.8,290756,1,0,55.3
2026-09-15T17:18:05.219Z,8.8,290788,1,0,56.4
2026-09-15T17:18:10.250Z,8.8,290788,1,0,56.9
2026-09-15T17:18:15.288Z,8.7,294196,1,0,56.9
2026-09-15T17:18:20.327Z,8.8,294728,1,0,54.8
2026-09-15T17:18:25.363Z,8.8,284132,1,0,55.8
2026-09-15T17:18:30.395Z,8.8,284140,1,0,56.4
2026-09-15T17:18:35.425Z,8.8,286172,1,0,57.5
2026-09-15T17:18:40.463Z,8.7,286172,1,0,56.9
2026-09-15T17:18:45.501Z,8.8,288796,1,0,55.8
2026-09-15T17:18:50.539Z,8.8,288820,1,0,55.8
2026-09-15T17:18:55.571Z,8.8,289408,1,0,56.9
2026-09-15T17:19:00.602Z,8.7,289408,1,0,56.9
2026-09-15T17:19:05.634Z,8.7,289408,1,0,56.9
2026-09-15T17:19:10.679Z,8.7,289408,1,0,58.0
2026-09-15T17:19:15.714Z,8.7,280928,1,0,56.4
2026-09-15T17:19:20.753Z,8.7,281572,1,0,56.4
2026-09-15T17:19:25.785Z,8.8,282140,1,0,55.8
2026-09-15T17:19:30.815Z,8.7,282140,1,0,56.9
2026-09-15T17:19:35.846Z,8.7,282140,1,0,56.9
2026-09-15T17:19:40.884Z,8.7,270712,1,0,56.4
2026-09-15T17:19:45.921Z,8.7,270728,1,0,55.8
2026-09-15T17:19:50.953Z,8.8,286948,1,0,55.8
2026-09-15T17:19:55.984Z,8.7,286948,1,0,56.9
2026-09-15T17:20:01.016Z,8.7,295080,1,0,57.5
2026-09-15T17:20:06.052Z,8.7,295560,1,0,56.9
2026-09-15T17:20:11.093Z,8.7,289492,1,0,55.8
2026-09-15T17:20:16.131Z,8.7,290544,1,0,55.8
2026-09-15T17:20:21.162Z,8.7,290544,1,0,56.9
2026-09-15T17:20:26.193Z,8.7,290544,1,0,56.9
2026-09-15T17:20:31.231Z,8.7,290588,1,0,56.9
2026-09-15T17:20:36.269Z,8.7,290600,1,0,55.8
2026-09-15T17:20:41.307Z,8.7,291508,1,0,56.4
2026-09-15T17:20:46.338Z,8.7,288892,1,0,56.9
2026-09-15T17:20:51.369Z,8.7,288892,1,0,56.9
2026-09-15T17:20:56.407Z,8.7,289472,1,0,56.4
2026-09-15T17:21:01.444Z,8.7,297316,1,0,55.8
2026-09-15T17:21:06.481Z,8.7,278828,1,0,55.8
2026-09-15T17:21:11.513Z,8.7,289748,1,0,56.9
2026-09-15T17:21:16.544Z,8.7,289748,1,0,56.4
2026-09-15T17:21:21.581Z,8.7,289812,1,0,56.9
2026-09-15T17:21:26.620Z,8.7,292828,1,0,56.4
2026-09-15T17:21:31.662Z,8.7,285188,1,0,55.8
2026-09-15T17:21:36.693Z,8.7,285280,1,0,56.9
2026-09-15T17:21:41.723Z,8.7,285280,1,0,56.9
2026-09-15T17:21:46.761Z,8.7,285280,1,0,56.9
2026-09-15T17:21:51.798Z,8.7,285480,1,0,55.8
2026-09-15T17:21:56.834Z,8.7,291444,1,0,55.8
2026-09-15T17:22:01.866Z,8.7,294088,1,0,56.9
2026-09-15T17:22:06.897Z,8.7,294088,1,0,56.9
2026-09-15T17:22:11.928Z,8.7,298148,1,0,57.5
2026-09-15T17:22:16.965Z,8.7,287996,1,0,56.9
2026-09-15T17:22:22.003Z,8.7,298732,1,0,56.9
2026-09-15T17:22:27.041Z,8.8,299632,1,0,55.8
2026-09-15T17:22:32.071Z,8.7,299820,1,0,56.9
2026-09-15T17:22:37.102Z,8.7,299820,1,0,58.0
2026-09-15T17:22:42.139Z,8.7,300648,1,0,58.0
2026-09-15T17:22:47.176Z,8.7,306852,1,0,56.9
2026-09-15T17:22:52.214Z,8.7,313048,1,0,56.4
2026-09-15T17:22:57.245Z,8.7,307428,1,0,56.9
2026-09-15T17:23:02.277Z,8.7,307428,1,0,58.0
2026-09-15T17:23:07.307Z,8.7,307428,1,0,56.9
2026-09-15T17:23:12.345Z,8.7,308284,1,0,56.9
2026-09-15T17:23:17.381Z,8.7,308980,1,0,55.8
2026-09-15T17:23:22.412Z,8.8,291604,1,0,55.8
2026-09-15T17:23:27.442Z,8.7,291604,1,0,57.5
2026-09-15T17:23:32.474Z,8.7,299688,1,0,58.0
2026-09-15T17:23:37.511Z,8.7,300104,1,0,56.9
2026-09-15T17:23:42.550Z,8.7,300432,1,0,56.4
2026-09-15T17:23:47.586Z,8.8,301124,1,0,56.4
2026-09-15T17:23:52.617Z,8.7,301124,1,0,56.9
2026-09-15T17:23:57.648Z,8.7,301124,1,0,56.9
2026-09-15T17:24:02.679Z,8.6,301124,1,0,58.0
2026-09-15T17:24:07.717Z,8.6,286848,1,0,56.9
2026-09-15T17:24:12.755Z,8.7,287088,1,0,56.4
2026-09-15T17:24:17.793Z,8.7,287404,1,0,56.9
2026-09-15T17:24:22.826Z,8.7,287432,1,0,57.5
2026-09-15T17:24:27.862Z,8.7,287432,1,0,58.0
2026-09-15T17:24:32.899Z,8.6,287456,1,0,56.9
2026-09-15T17:24:37.934Z,8.7,298144,1,0,56.4
2026-09-15T17:24:42.971Z,8.7,291828,1,0,55.8
2026-09-15T17:24:48.003Z,8.7,294360,1,0,56.9
2026-09-15T17:24:53.034Z,8.7,294360,1,0,56.9
2026-09-15T17:24:58.065Z,8.6,294360,1,0,58.0
2026-09-15T17:25:03.102Z,8.6,294672,1,0,56.9
2026-09-15T17:25:08.140Z,8.7,295136,1,0,56.9
2026-09-15T17:25:13.170Z,8.7,284128,1,0,55.8
2026-09-15T17:25:18.201Z,8.7,284128,1,0,57.5
2026-09-15T17:25:23.232Z,8.7,284128,1,0,58.0
2026-09-15T17:25:28.268Z,8.7,284536,1,0,56.9
2026-09-15T17:25:33.305Z,8.7,285496,1,0,56.4
2026-09-15T17:25:38.336Z,8.7,282452,1,0,56.9
2026-09-15T17:25:43.367Z,8.7,282452,1,0,57.5
2026-09-15T17:25:48.398Z,8.7,285012,1,0,58.0
2026-09-15T17:25:53.435Z,8.7,285140,1,0,56.9
2026-09-15T17:25:58.475Z,8.7,289072,1,0,56.4
2026-09-15T17:26:03.513Z,8.7,289432,1,0,56.9
2026-09-15T17:26:08.545Z,8.7,291168,1,0,57.5
2026-09-15T17:26:13.576Z,8.7,291168,1,0,58.0
2026-09-15T17:26:18.616Z,8.7,293524,1,0,58.0
2026-09-15T17:26:23.655Z,8.7,295696,1,0,56.9
2026-09-15T17:26:28.693Z,8.7,282436,1,0,56.9
2026-09-15T17:26:33.726Z,8.7,282492,1,0,57.5
2026-09-15T17:26:38.757Z,8.7,288652,1,0,56.9
2026-09-15T17:26:43.788Z,8.7,288652,1,0,58.0
2026-09-15T17:26:48.827Z,8.7,291852,1,0,56.9
2026-09-15T17:26:53.863Z,8.7,295528,1,0,56.9
2026-09-15T17:26:58.895Z,8.7,298064,1,0,56.9
2026-09-15T17:27:03.925Z,8.7,298064,1,0,58.0
2026-09-15T17:27:08.956Z,8.7,300604,1,0,58.5
2026-09-15T17:27:13.995Z,8.7,304008,1,0,56.9
2026-09-15T17:27:19.032Z,8.7,286068,1,0,56.9
2026-09-15T17:27:24.064Z,8.7,286344,1,0,56.9
2026-09-15T17:27:29.095Z,8.7,286344,1,0,58.0
2026-09-15T17:27:34.125Z,8.7,286344,1,0,58.0
2026-09-15T17:27:39.164Z,8.6,286348,1,0,58.0
2026-09-15T17:27:44.201Z,8.7,287504,1,0,56.9
2026-09-15T17:27:49.247Z,8.7,293920,1,0,56.4
2026-09-15T17:27:54.280Z,8.7,288892,1,0,56.9
2026-09-15T17:27:59.310Z,8.7,289060,1,0,58.0
2026-09-15T17:28:04.341Z,8.7,289060,1,0,58.5
2026-09-15T17:28:09.378Z,8.7,291008,1,0,58.0
2026-09-15T17:28:14.415Z,8.7,291904,1,0,56.9
2026-09-15T17:28:19.447Z,8.7,282284,1,0,56.9
2026-09-15T17:28:24.477Z,8.7,282284,1,0,58.0
2026-09-15T17:28:29.508Z,8.7,283800,1,0,58.0
2026-09-15T17:28:34.543Z,8.7,283800,1,0,58.0
2026-09-15T17:28:39.581Z,8.7,284200,1,0,56.9
2026-09-15T17:28:44.619Z,8.7,284288,1,0,56.9
2026-09-15T17:28:49.650Z,8.7,286932,1,0,57.5
2026-09-15T17:28:54.681Z,8.7,286932,1,0,58.0
2026-09-15T17:28:59.711Z,8.7,290000,1,0,58.0
2026-09-15T17:29:04.748Z,8.7,276580,1,0,57.5
2026-09-15T17:29:09.785Z,8.7,279500,1,0,56.9
2026-09-15T17:29:14.817Z,8.7,280180,1,0,57.5
2026-09-15T17:29:19.848Z,8.7,281028,1,0,58.0
2026-09-15T17:29:24.879Z,8.7,281028,1,0,58.0
2026-09-15T17:29:29.915Z,8.7,281468,1,0,57.5
2026-09-15T17:29:34.954Z,8.7,282540,1,0,56.9
2026-09-15T17:29:39.992Z,8.7,282964,1,0,56.4
2026-09-15T17:29:45.023Z,8.7,283020,1,0,58.0
2026-09-15T17:29:50.054Z,8.7,283020,1,0,58.0
2026-09-15T17:29:55.105Z,8.6,285492,1,0,58.0
2026-09-15T17:30:00.141Z,8.7,286276,1,0,56.9
2026-09-15T17:30:05.177Z,8.7,276104,1,0,56.9
2026-09-15T17:30:10.208Z,8.7,276476,1,0,56.9
2026-09-15T17:30:15.238Z,8.7,284740,1,0,58.0
2026-09-15T17:30:20.269Z,8.6,284740,1,0,58.0
2026-09-15T17:30:25.307Z,8.7,300932,1,0,56.9
2026-09-15T17:30:30.344Z,8.7,301028,1,0,56.9
2026-09-15T17:30:35.375Z,8.7,311296,1,0,56.9
2026-09-15T17:30:40.406Z,8.7,311296,1,0,57.5
2026-09-15T17:30:45.437Z,8.6,311296,1,0,58.0
2026-09-15T17:30:50.473Z,8.7,315436,1,0,57.5
2026-09-15T17:30:55.511Z,8.7,310060,1,0,56.9
2026-09-15T17:31:00.543Z,8.7,310108,1,0,57.5
2026-09-15T17:31:05.573Z,8.7,310108,1,0,58.0
2026-09-15T17:31:10.605Z,8.6,310108,1,0,58.0
2026-09-15T17:31:15.638Z,8.6,310108,1,0,59.1
2026-09-15T17:31:20.674Z,8.6,310220,1,0,56.9
2026-09-15T17:31:25.711Z,8.7,311104,1,0,56.9
2026-09-15T17:31:30.744Z,8.7,309384,1,0,56.9
2026-09-15T17:31:35.774Z,8.7,315444,1,0,58.0
2026-09-15T17:31:40.805Z,8.6,315444,1,0,58.0
2026-09-15T17:31:45.841Z,8.6,319756,1,0,57.5
2026-09-15T17:31:50.878Z,8.7,320124,1,0,56.9
2026-09-15T17:31:55.912Z,8.7,316208,1,0,56.9
2026-09-15T17:32:00.943Z,8.7,316208,1,0,56.9
2026-09-15T17:32:05.973Z,8.6,316208,1,0,58.5
2026-09-15T17:32:11.009Z,8.6,316264,1,0,58.0
2026-09-15T17:32:16.046Z,8.6,316656,1,0,56.9
2026-09-15T17:32:21.083Z,8.7,317544,1,0,56.4
2026-09-15T17:32:26.115Z,8.7,305084,1,0,58.0
2026-09-15T17:32:31.145Z,8.6,305084,1,0,58.0
2026-09-15T17:32:36.175Z,8.6,305084,1,0,58.5
2026-09-15T17:32:41.213Z,8.6,305668,1,0,58.0
2026-09-15T17:32:46.253Z,8.7,308192,1,0,56.9
2026-09-15T17:32:51.285Z,8.7,304304,1,0,57.5
2026-09-15T17:32:56.316Z,8.6,304304,1,0,58.5
2026-09-15T17:33:01.347Z,8.6,304304,1,0,58.0
2026-09-15T17:33:06.383Z,8.6,304516,1,0,58.0
2026-09-15T17:33:11.422Z,8.6,305424,1,0,56.9
2026-09-15T17:33:16.453Z,8.7,305904,1,0,58.0
2026-09-15T17:33:21.483Z,8.6,305904,1,0,58.0
2026-09-15T17:33:26.515Z,8.6,305904,1,0,58.5
2026-09-15T17:33:31.555Z,8.6,305948,1,0,58.0
2026-09-15T17:33:36.592Z,8.6,289092,1,0,56.9
2026-09-15T17:33:41.629Z,8.7,289104,1,0,56.9
2026-09-15T17:33:46.661Z,8.6,289104,1,0,58.0
2026-09-15T17:33:51.692Z,8.6,289104,1,0,58.0
2026-09-15T17:33:56.722Z,8.6,295200,1,0,58.0
2026-09-15T17:34:01.760Z,8.6,298244,1,0,57.5
2026-09-15T17:34:06.796Z,8.7,306508,1,0,56.9
2026-09-15T17:34:11.827Z,8.7,310304,1,0,58.0
2026-09-15T17:34:16.858Z,8.6,310304,1,0,58.0
2026-09-15T17:34:21.894Z,8.6,310304,1,0,58.0
2026-09-15T17:34:26.931Z,8.6,303360,1,0,57.5
2026-09-15T17:34:31.969Z,8.6,303620,1,0,57.5
2026-09-15T17:34:37.001Z,8.7,303624,1,0,56.9
2026-09-15T17:34:42.032Z,8.6,303624,1,0,58.0
2026-09-15T17:34:47.063Z,8.6,303624,1,0,58.0
2026-09-15T17:34:52.094Z,8.6,303624,1,0,58.5
2026-09-15T17:34:57.130Z,8.6,303624,1,0,57.5
2026-09-15T17:35:02.169Z,8.6,307728,1,0,56.9
2026-09-15T17:35:07.200Z,8.7,297028,1,0,57.5
2026-09-15T17:35:12.230Z,8.6,303076,1,0,58.5
2026-09-15T17:35:17.261Z,8.6,303076,1,0,58.0
2026-09-15T17:35:22.298Z,8.6,303412,1,0,58.0
2026-09-15T17:35:27.335Z,8.6,303832,1,0,56.9
2026-09-15T17:35:32.366Z,8.7,289700,1,0,56.9
2026-09-15T17:35:37.397Z,8.6,289700,1,0,58.0
2026-09-15T17:35:42.427Z,8.6,289700,1,0,59.1
2026-09-15T17:35:47.464Z,8.6,289748,1,0,58.0
2026-09-15T17:35:52.501Z,8.6,290060,1,0,56.9
2026-09-15T17:35:57.539Z,8.6,290476,1,0,56.9
2026-09-15T17:36:02.571Z,8.6,293192,1,0,57.5
2026-09-15T17:36:07.602Z,8.6,293192,1,0,58.0
2026-09-15T17:36:12.640Z,8.6,297260,1,0,58.0
2026-09-15T17:36:17.676Z,8.6,297664,1,0,56.9
2026-09-15T17:36:22.712Z,8.7,298148,1,0,56.9
2026-09-15T17:36:27.743Z,8.6,298352,1,0,58.0
2026-09-15T17:36:32.774Z,8.6,299820,1,0,58.0
2026-09-15T17:36:37.810Z,8.6,299820,1,0,58.0
2026-09-15T17:36:42.847Z,8.6,300596,1,0,56.9
2026-09-15T17:36:47.885Z,8.7,278472,1,0,56.9
2026-09-15T17:36:52.916Z,8.7,278528,1,0,56.9
2026-09-15T17:36:57.948Z,8.6,278528,1,0,59.1
2026-09-15T17:37:02.979Z,8.6,282988,1,0,59.1
2026-09-15T17:37:08.017Z,8.6,283212,1,0,58.0
2026-09-15T17:37:13.053Z,8.6,285108,1,0,56.9
2026-09-15T17:37:18.084Z,8.7,289992,1,0,57.5
2026-09-15T17:37:23.115Z,8.6,291768,1,0,58.0
2026-09-15T17:37:28.145Z,8.6,291768,1,0,58.5
2026-09-15T17:37:33.183Z,8.6,294620,1,0,58.0
2026-09-15T17:37:38.220Z,8.7,288636,1,0,56.9
2026-09-15T17:37:43.252Z,8.7,288652,1,0,56.9
2026-09-15T17:37:48.283Z,8.6,288652,1,0,58.5
2026-09-15T17:37:53.315Z,8.6,288652,1,0,58.0
2026-09-15T17:37:58.352Z,8.6,288700,1,0,58.0
2026-09-15T17:38:03.390Z,8.6,291424,1,0,56.9
2026-09-15T17:38:08.427Z,8.7,293548,1,0,56.4
2026-09-15T17:38:13.458Z,8.6,295892,1,0,58.0
2026-09-15T17:38:18.489Z,8.6,295892,1,0,58.5
2026-09-15T17:38:23.520Z,8.6,312108,1,0,59.1
2026-09-15T17:38:28.559Z,8.6,304184,1,0,58.0
2026-09-15T17:38:33.598Z,8.6,320560,1,0,58.0
2026-09-15T17:38:38.630Z,8.6,320860,1,0,58.0
2026-09-15T17:38:43.660Z,8.6,324920,1,0,58.0
2026-09-15T17:38:48.692Z,8.6,324920,1,0,58.0
2026-09-15T17:38:53.730Z,8.6,325064,1,0,58.0
2026-09-15T17:38:58.766Z,8.6,330080,1,0,56.9
2026-09-15T17:39:03.804Z,8.7,322616,1,0,56.9
2026-09-15T17:39:08.858Z,8.6,322616,1,0,58.0
2026-09-15T17:39:13.911Z,8.6,322616,1,0,58.0
2026-09-15T17:39:18.951Z,8.6,323160,1,0,58.0
2026-09-15T17:39:23.990Z,8.6,323864,1,0,57.5
2026-09-15T17:39:29.026Z,8.7,321844,1,0,56.9
2026-09-15T17:39:34.057Z,8.6,321844,1,0,58.0
2026-09-15T17:39:39.088Z,8.6,321844,1,0,58.5
2026-09-15T17:39:44.126Z,8.6,322416,1,0,57.5
2026-09-15T17:39:49.162Z,8.7,333212,1,0,56.9
2026-09-15T17:39:54.194Z,8.7,334056,1,0,57.5
2026-09-15T17:39:59.224Z,8.6,336056,1,0,58.0
2026-09-15T17:40:04.255Z,8.6,336056,1,0,58.0
2026-09-15T17:40:09.292Z,8.6,324064,1,0,58.0
2026-09-15T17:40:14.332Z,8.6,325788,1,0,57.5
2026-09-15T17:40:19.375Z,8.7,307916,1,0,56.9
2026-09-15T17:40:24.407Z,8.6,307916,1,0,58.0
2026-09-15T17:40:29.438Z,8.6,307916,1,0,58.0
2026-09-15T17:40:34.475Z,8.6,308204,1,0,58.0
2026-09-15T17:40:39.512Z,8.6,309124,1,0,58.0
2026-09-15T17:40:44.550Z,8.7,309640,1,0,56.9
2026-09-15T17:40:49.581Z,8.6,284648,1,0,57.5
2026-09-15T17:40:54.612Z,8.6,284648,1,0,59.1
2026-09-15T17:40:59.643Z,8.6,296780,1,0,59.1
2026-09-15T17:41:04.680Z,8.6,297252,1,0,58.0
2026-09-15T17:41:09.719Z,8.6,306688,1,0,56.9
2026-09-15T17:41:14.750Z,8.7,295368,1,0,58.0
2026-09-15T17:41:19.782Z,8.6,295368,1,0,58.5
2026-09-15T17:41:24.813Z,8.6,295368,1,0,58.5
2026-09-15T17:41:29.852Z,8.6,295552,1,0,57.5
2026-09-15T17:41:34.890Z,8.6,295640,1,0,57.5
2026-09-15T17:41:39.922Z,8.7,295680,1,0,57.5
2026-09-15T17:41:44.954Z,8.6,295680,1,0,58.0
2026-09-15T17:41:49.985Z,8.6,295680,1,0,58.5
2026-09-15T17:41:55.016Z,8.6,295680,1,0,58.5
2026-09-15T17:42:00.054Z,8.6,297780,1,0,58.0
2026-09-15T17:42:05.091Z,8.6,288692,1,0,56.9
2026-09-15T17:42:10.123Z,8.6,291388,1,0,58.0
2026-09-15T17:42:15.154Z,8.6,291388,1,0,59.1
2026-09-15T17:42:20.185Z,8.6,292776,1,0,59.1
2026-09-15T17:42:25.223Z,8.6,292776,1,0,58.0
2026-09-15T17:42:30.261Z,8.6,296104,1,0,56.9
2026-09-15T17:42:35.297Z,8.6,283908,1,0,56.9
2026-09-15T17:42:40.328Z,8.6,286608,1,0,58.0
2026-09-15T17:42:45.359Z,8.6,286608,1,0,58.5
2026-09-15T17:42:50.396Z,8.6,289744,1,0,58.0
2026-09-15T17:42:55.434Z,8.6,290212,1,0,58.0
2026-09-15T17:43:00.473Z,8.6,292304,1,0,56.9
2026-09-15T17:43:05.505Z,8.6,292468,1,0,58.0
2026-09-15T17:43:10.536Z,8.6,296032,1,0,58.5
2026-09-15T17:43:15.567Z,8.6,296032,1,0,58.5
2026-09-15T17:43:20.606Z,8.6,274116,1,0,58.0
2026-09-15T17:43:25.644Z,8.6,275196,1,0,56.9
2026-09-15T17:43:30.676Z,8.6,260116,1,0,56.9
2026-09-15T17:43:35.707Z,8.6,260116,1,0,58.0
2026-09-15T17:43:40.738Z,8.6,260156,1,0,58.5
2026-09-15T17:43:45.776Z,8.6,260800,1,0,58.0
2026-09-15T17:43:50.812Z,8.6,263140,1,0,56.9
2026-09-15T17:43:55.849Z,8.6,244456,1,0,56.9
2026-09-15T17:44:00.880Z,8.6,247652,1,0,58.0
2026-09-15T17:44:05.911Z,8.6,247652,1,0,58.5
2026-09-15T17:44:10.949Z,8.6,253308,1,0,58.0
2026-09-15T17:44:15.987Z,8.6,253320,1,0,56.9
2026-09-15T17:44:21.025Z,8.6,269644,1,0,56.9
2026-09-15T17:44:26.057Z,8.6,269644,1,0,58.0
2026-09-15T17:44:31.087Z,8.6,269644,1,0,58.0
2026-09-15T17:44:36.124Z,8.6,286216,1,0,58.0
2026-09-15T17:44:41.162Z,8.6,292192,1,0,56.9
2026-09-15T17:44:46.200Z,8.6,303604,1,0,56.9
2026-09-15T17:44:51.231Z,8.6,297168,1,0,58.5
2026-09-15T17:44:56.262Z,8.6,297168,1,0,58.5
2026-09-15T17:45:01.298Z,8.6,297168,1,0,59.1
2026-09-15T17:45:06.334Z,8.6,297316,1,0,58.0
2026-09-15T17:45:11.372Z,8.6,297548,1,0,56.9
2026-09-15T17:45:16.403Z,8.6,299124,1,0,58.0
2026-09-15T17:45:21.434Z,8.6,299124,1,0,58.5
2026-09-15T17:45:26.466Z,8.6,299124,1,0,58.0
2026-09-15T17:45:31.502Z,8.6,289736,1,0,58.0
2026-09-15T17:45:36.541Z,8.6,291492,1,0,56.9
2026-09-15T17:45:41.571Z,8.6,284024,1,0,58.0
2026-09-15T17:45:46.602Z,8.6,290120,1,0,58.0
2026-09-15T17:45:51.637Z,8.6,290120,1,0,58.0
2026-09-15T17:45:56.677Z,8.6,296656,1,0,57.5
2026-09-15T17:46:01.715Z,8.6,297700,1,0,56.9
2026-09-15T17:46:06.746Z,8.6,298152,1,0,57.5
2026-09-15T17:46:11.777Z,8.6,298152,1,0,58.0
2026-09-15T17:46:16.808Z,8.6,298152,1,0,58.0
2026-09-15T17:46:21.844Z,8.6,289476,1,0,58.0
2026-09-15T17:46:26.883Z,8.6,290788,1,0,57.5
2026-09-15T17:46:31.920Z,8.6,288708,1,0,57.5
2026-09-15T17:46:36.951Z,8.6,288928,1,0,58.0
2026-09-15T17:46:41.981Z,8.6,288928,1,0,59.1
2026-09-15T17:46:47.019Z,8.6,288964,1,0,58.5
2026-09-15T17:46:52.056Z,8.6,289100,1,0,56.9
2026-09-15T17:46:57.096Z,8.6,297312,1,0,57.5
2026-09-15T17:47:02.127Z,8.6,297328,1,0,58.0
2026-09-15T17:47:07.159Z,8.6,297328,1,0,58.0
2026-09-15T17:47:12.190Z,8.6,297328,1,0,58.5
2026-09-15T17:47:17.229Z,8.6,297928,1,0,58.0
2026-09-15T17:47:22.268Z,8.6,289840,1,0,56.9
2026-09-15T17:47:27.299Z,8.6,290208,1,0,58.0
2026-09-15T17:47:32.331Z,8.6,290208,1,0,58.5
2026-09-15T17:47:37.362Z,8.6,290208,1,0,58.5
2026-09-15T17:47:42.398Z,8.6,290768,1,0,57.5
2026-09-15T17:47:47.437Z,8.6,273568,1,0,57.5
2026-09-15T17:47:52.469Z,8.6,274336,1,0,58.0
2026-09-15T17:47:57.500Z,8.6,274336,1,0,58.5
2026-09-15T17:48:02.531Z,8.6,274336,1,0,59.1
2026-09-15T17:48:07.568Z,8.6,289740,1,0,58.0
2026-09-15T17:48:12.606Z,8.6,275864,1,0,57.5
2026-09-15T17:48:17.644Z,8.6,289080,1,0,56.9
2026-09-15T17:48:22.674Z,8.6,289080,1,0,58.0
2026-09-15T17:48:27.706Z,8.6,289080,1,0,58.5
2026-09-15T17:48:32.743Z,8.6,292808,1,0,58.5
2026-09-15T17:48:37.780Z,8.6,290400,1,0,56.9
2026-09-15T17:48:42.811Z,8.6,291032,1,0,57.5
2026-09-15T17:48:47.842Z,8.6,291032,1,0,58.5
2026-09-15T17:48:52.874Z,8.6,291032,1,0,59.1
2026-09-15T17:48:57.917Z,8.6,291096,1,0,58.0
2026-09-15T17:49:02.955Z,8.6,291392,1,0,58.0
2026-09-15T17:49:07.986Z,8.6,291492,1,0,56.9
2026-09-15T17:49:13.016Z,8.6,291492,1,0,58.5
2026-09-15T17:49:18.047Z,8.6,293528,1,0,58.0
2026-09-15T17:49:23.083Z,8.6,291760,1,0,58.0
2026-09-15T17:49:28.118Z,8.6,294328,1,0,56.9
2026-09-15T17:49:33.155Z,8.6,294400,1,0,56.9
2026-09-15T17:49:38.187Z,8.6,294404,1,0,58.0
2026-09-15T17:49:43.217Z,8.6,294404,1,0,58.5
2026-09-15T17:49:48.247Z,8.6,294404,1,0,59.1
2026-09-15T17:49:53.284Z,8.6,294508,1,0,58.0
2026-09-15T17:49:58.321Z,8.6,294808,1,0,58.0
2026-09-15T17:50:03.360Z,8.6,276724,1,0,57.5
2026-09-15T17:50:08.391Z,8.6,276736,1,0,58.0
2026-09-15T17:50:13.422Z,8.6,276736,1,0,58.5
2026-09-15T17:50:18.458Z,8.6,276912,1,0,58.0
2026-09-15T17:50:23.496Z,8.6,278480,1,0,58.0
2026-09-15T17:50:28.535Z,8.6,267492,1,0,56.9
2026-09-15T17:50:33.568Z,8.6,279540,1,0,58.5
2026-09-15T17:50:38.598Z,8.6,279540,1,0,58.5
2026-09-15T17:50:43.634Z,8.6,283864,1,0,58.0
2026-09-15T17:50:48.671Z,8.6,284228,1,0,57.5
2026-09-15T17:50:53.709Z,8.6,287536,1,0,56.9
2026-09-15T17:50:58.741Z,8.6,288300,1,0,58.0
2026-09-15T17:51:03.772Z,8.6,288300,1,0,58.5
2026-09-15T17:51:08.808Z,8.6,288688,1,0,59.1
2026-09-15T17:51:13.845Z,8.6,281472,1,0,58.0
2026-09-15T17:51:18.883Z,8.6,281680,1,0,56.9
2026-09-15T17:51:23.914Z,8.6,281684,1,0,58.0
2026-09-15T17:51:28.945Z,8.6,281684,1,0,58.5
2026-09-15T17:51:33.983Z,8.6,284412,1,0,58.5
2026-09-15T17:51:39.022Z,8.6,289032,1,0,58.0
2026-09-15T17:51:44.061Z,8.6,297116,1,0,56.9
2026-09-15T17:51:49.093Z,8.6,287744,1,0,58.0
2026-09-15T17:51:54.126Z,8.6,289028,1,0,59.1
2026-09-15T17:51:59.156Z,8.6,289028,1,0,59.1
2026-09-15T17:52:04.196Z,8.6,292732,1,0,58.0
2026-09-15T17:52:09.234Z,8.6,292848,1,0,56.9
2026-09-15T17:52:14.265Z,8.6,279984,1,0,58.0
2026-09-15T17:52:19.295Z,8.6,279984,1,0,58.5
2026-09-15T17:52:24.326Z,8.6,281708,1,0,59.1
2026-09-15T17:52:29.363Z,8.6,282368,1,0,58.0
2026-09-15T17:52:34.401Z,8.6,285444,1,0,58.0
2026-09-15T17:52:39.432Z,8.6,285948,1,0,58.0
2026-09-15T17:52:44.463Z,8.6,289592,1,0,58.5
2026-09-15T17:52:49.495Z,8.6,289592,1,0,59.1
2026-09-15T17:52:54.533Z,8.6,271204,1,0,58.0
2026-09-15T17:52:59.571Z,8.6,271240,1,0,58.0
2026-09-15T17:53:04.602Z,8.6,273120,1,0,58.0
2026-09-15T17:53:09.634Z,8.6,273120,1,0,58.5
2026-09-15T17:53:14.665Z,8.6,273120,1,0,59.1
2026-09-15T17:53:19.702Z,8.6,273144,1,0,58.5
2026-09-15T17:53:24.740Z,8.6,277676,1,0,58.0
2026-09-15T17:53:29.778Z,8.6,283656,1,0,58.0
2026-09-15T17:53:34.810Z,8.6,277428,1,0,58.0
2026-09-15T17:53:39.841Z,8.6,277428,1,0,58.0
2026-09-15T17:53:44.871Z,8.6,283964,1,0,59.1
2026-09-15T17:53:49.908Z,8.6,284108,1,0,58.0
2026-09-15T17:53:54.941Z,8.6,300568,1,0,58.0
2026-09-15T17:53:59.972Z,8.6,303296,1,0,58.0
2026-09-15T17:54:05.003Z,8.6,313416,1,0,58.5
2026-09-15T17:54:10.034Z,8.6,313416,1,0,59.1
2026-09-15T17:54:15.069Z,8.6,315192,1,0,58.0
2026-09-15T17:54:20.105Z,8.6,321108,1,0,58.0
2026-09-15T17:54:25.142Z,8.6,327020,1,0,58.0
2026-09-15T17:54:30.173Z,8.6,328464,1,0,58.0
2026-09-15T17:54:35.204Z,8.6,328464,1,0,58.5
2026-09-15T17:54:40.241Z,8.6,316108,1,0,58.0
2026-09-15T17:54:45.281Z,8.6,316152,1,0,58.0
2026-09-15T17:54:50.319Z,8.6,316276,1,0,56.9
2026-09-15T17:54:55.350Z,8.6,316472,1,0,58.0
2026-09-15T17:55:00.380Z,8.6,316472,1,0,59.1
2026-09-15T17:55:05.417Z,8.6,316472,1,0,59.1
2026-09-15T17:55:10.454Z,8.6,326052,1,0,58.0
2026-09-15T17:55:15.493Z,8.6,332948,1,0,57.5
2026-09-15T17:55:20.524Z,8.6,339592,1,0,58.5
2026-09-15T17:55:25.554Z,8.6,339592,1,0,58.0
2026-09-15T17:55:30.595Z,8.6,339592,1,0,59.1
2026-09-15T17:55:35.635Z,8.6,339856,1,0,58.0
2026-09-15T17:55:40.673Z,8.6,340052,1,0,58.0
2026-09-15T17:55:45.711Z,8.6,340896,1,0,58.0
2026-09-15T17:55:50.742Z,8.6,340900,1,0,58.0
2026-09-15T17:55:55.827Z,8.6,340900,1,0,58.0
2026-09-15T17:56:00.858Z,8.6,340900,1,0,59.1
2026-09-15T17:56:05.905Z,8.6,338252,1,0,58.0
2026-09-15T17:56:10.942Z,8.6,338456,1,0,56.9
2026-09-15T17:56:15.973Z,8.6,338504,1,0,58.0
2026-09-15T17:56:21.004Z,8.6,340516,1,0,58.0
2026-09-15T17:56:26.034Z,8.6,340516,1,0,59.1
2026-09-15T17:56:31.071Z,8.6,343104,1,0,58.5
2026-09-15T17:56:36.110Z,8.6,343704,1,0,58.0
2026-09-15T17:56:41.142Z,8.6,322036,1,0,57.5
2026-09-15T17:56:46.173Z,8.6,322036,1,0,58.0
2026-09-15T17:56:51.204Z,8.6,322036,1,0,58.5
2026-09-15T17:56:56.246Z,8.6,322764,1,0,58.5
2026-09-15T17:57:01.283Z,8.6,314400,1,0,58.0
2026-09-15T17:57:06.321Z,8.6,315716,1,0,58.0
2026-09-15T17:57:11.351Z,8.6,315724,1,0,58.0
2026-09-15T17:57:16.382Z,8.6,315724,1,0,58.5
2026-09-15T17:57:21.420Z,8.6,316068,1,0,58.5
2026-09-15T17:57:26.457Z,8.6,316124,1,0,57.5
2026-09-15T17:57:31.495Z,8.6,312300,1,0,58.0
2026-09-15T17:57:36.526Z,8.6,312316,1,0,58.0
2026-09-15T17:57:41.556Z,8.6,316340,1,0,59.1
2026-09-15T17:57:46.587Z,8.6,316340,1,0,59.1
2026-09-15T17:57:51.623Z,8.6,316964,1,0,58.0
2026-09-15T17:57:56.660Z,8.6,298004,1,0,58.0
2026-09-15T17:58:01.691Z,8.6,299028,1,0,57.5
2026-09-15T17:58:06.721Z,8.6,299028,1,0,58.5
2026-09-15T17:58:11.752Z,8.6,299028,1,0,59.1
2026-09-15T17:58:16.789Z,8.6,299084,1,0,58.0
2026-09-15T17:58:21.827Z,8.6,292860,1,0,58.0
2026-09-15T17:58:26.867Z,8.6,293236,1,0,58.0
2026-09-15T17:58:31.899Z,8.6,295600,1,0,58.0
2026-09-15T17:58:36.930Z,8.6,295600,1,0,58.5
2026-09-15T17:58:41.969Z,8.6,297400,1,0,59.1
2026-09-15T17:58:47.013Z,8.6,297512,1,0,58.0
2026-09-15T17:58:52.052Z,8.6,299988,1,0,57.5
2026-09-15T17:58:57.083Z,8.6,300108,1,0,58.5
2026-09-15T17:59:02.114Z,8.6,301760,1,0,59.1
2026-09-15T17:59:07.145Z,8.6,301760,1,0,59.1
2026-09-15T17:59:12.182Z,8.6,305596,1,0,58.0
2026-09-15T17:59:17.218Z,8.6,294760,1,0,58.0
2026-09-15T17:59:22.250Z,8.6,296692,1,0,58.0
2026-09-15T17:59:27.280Z,8.6,296692,1,0,58.5
2026-09-15T17:59:32.311Z,8.6,297564,1,0,59.1
2026-09-15T17:59:37.351Z,8.6,297568,1,0,58.0
2026-09-15T17:59:42.388Z,8.6,298172,1,0,56.9
2026-09-15T17:59:47.420Z,8.6,298768,1,0,58.5
2026-09-15T17:59:52.451Z,8.6,298768,1,0,59.1
2026-09-15T17:59:57.482Z,8.6,301540,1,0,59.1
2026-09-15T18:00:02.518Z,8.6,301544,1,0,58.5
2026-09-15T18:00:07.555Z,8.6,293724,1,0,58.0
2026-09-15T18:00:12.593Z,8.6,293736,1,0,58.0
2026-09-15T18:00:17.625Z,8.6,294952,1,0,58.5
2026-09-15T18:00:22.655Z,8.6,294952,1,0,59.1
2026-09-15T18:00:27.693Z,8.6,298144,1,0,58.0
2026-09-15T18:00:32.728Z,8.6,298840,1,0,56.9
2026-09-15T18:00:37.771Z,8.6,281916,1,0,57.5
2026-09-15T18:00:42.802Z,8.6,282012,1,0,58.5
2026-09-15T18:00:47.833Z,8.6,285036,1,0,59.1
2026-09-15T18:00:52.863Z,8.6,285036,1,0,59.6
2026-09-15T18:00:57.901Z,8.6,298088,1,0,58.0
2026-09-15T18:01:02.938Z,8.6,299088,1,0,58.0
2026-09-15T18:01:07.969Z,8.6,300240,1,0,58.0
2026-09-15T18:01:12.999Z,8.6,300240,1,0,59.1
2026-09-15T18:01:18.033Z,8.6,314372,1,0,59.1
2026-09-15T18:01:23.069Z,8.6,314472,1,0,58.5
2026-09-15T18:01:28.107Z,8.6,325272,1,0,58.0
2026-09-15T18:01:33.144Z,8.6,325548,1,0,58.0
2026-09-15T18:01:38.176Z,8.6,325548,1,0,58.5
2026-09-15T18:01:43.206Z,8.6,325548,1,0,58.5
2026-09-15T18:01:48.242Z,8.6,325908,1,0,59.1
2026-09-15T18:01:53.278Z,8.6,315524,1,0,57.5
2026-09-15T18:01:58.315Z,8.6,316364,1,0,58.0
2026-09-15T18:02:03.347Z,8.6,316364,1,0,58.5
2026-09-15T18:02:08.378Z,8.6,316364,1,0,59.1
2026-09-15T18:02:13.416Z,8.6,316364,1,0,58.5
2026-09-15T18:02:18.453Z,8.6,317876,1,0,58.0
2026-09-15T18:02:23.496Z,8.6,303032,1,0,57.5
2026-09-15T18:02:28.528Z,8.6,307228,1,0,58.0
2026-09-15T18:02:33.558Z,8.6,307228,1,0,59.1
2026-09-15T18:02:38.589Z,8.6,315276,1,0,58.5
2026-09-15T18:02:43.625Z,8.6,315308,1,0,58.0
2026-09-15T18:02:48.663Z,8.6,320636,1,0,58.0
2026-09-15T18:02:53.694Z,8.6,326120,1,0,56.9
2026-09-15T18:02:58.726Z,8.6,326120,1,0,58.5
2026-09-15T18:03:03.758Z,8.6,326120,1,0,59.1
2026-09-15T18:03:08.788Z,8.6,326120,1,0,59.1
2026-09-15T18:03:13.825Z,8.6,330860,1,0,58.5
2026-09-15T18:03:18.860Z,8.6,325104,1,0,58.0
2026-09-15T18:03:23.893Z,8.6,325112,1,0,58.0
2026-09-15T18:03:28.924Z,8.6,325112,1,0,58.5
2026-09-15T18:03:33.955Z,8.6,325112,1,0,59.1
2026-09-15T18:03:38.993Z,8.6,331184,1,0,59.1
2026-09-15T18:03:44.031Z,8.6,331580,1,0,58.0
2026-09-15T18:03:49.071Z,8.6,335988,1,0,57.5
2026-09-15T18:03:54.103Z,8.6,336300,1,0,58.0
2026-09-15T18:03:59.133Z,8.6,336300,1,0,58.5
2026-09-15T18:04:04.164Z,8.6,336300,1,0,59.1
2026-09-15T18:04:09.201Z,8.6,338788,1,0,58.5
2026-09-15T18:04:14.239Z,8.6,321516,1,0,57.5
2026-09-15T18:04:19.279Z,8.6,322684,1,0,58.0
2026-09-15T18:04:24.310Z,8.6,322692,1,0,59.1
2026-09-15T18:04:29.341Z,8.6,322692,1,0,59.1
2026-09-15T18:04:34.380Z,8.6,324904,1,0,58.0
2026-09-15T18:04:39.419Z,8.6,320612,1,0,57.5
2026-09-15T18:04:44.457Z,8.6,321900,1,0,56.9
2026-09-15T18:04:49.489Z,8.6,321900,1,0,59.1
2026-09-15T18:04:54.520Z,8.6,322476,1,0,59.6
2026-09-15T18:04:59.552Z,8.6,322476,1,0,59.6
2026-09-15T18:05:04.594Z,8.6,323552,1,0,58.5
2026-09-15T18:05:09.632Z,8.6,323780,1,0,58.0
2026-09-15T18:05:14.663Z,8.6,325472,1,0,58.5
2026-09-15T18:05:19.694Z,8.6,325472,1,0,58.5
2026-09-15T18:05:24.726Z,8.6,326276,1,0,59.1
2026-09-15T18:05:29.765Z,8.6,322580,1,0,58.5
2026-09-15T18:05:34.808Z,8.6,324576,1,0,58.0
2026-09-15T18:05:39.839Z,8.6,325392,1,0,58.0
2026-09-15T18:05:44.870Z,8.6,325392,1,0,59.1
2026-09-15T18:05:49.902Z,8.6,325392,1,0,59.1
2026-09-15T18:05:54.933Z,8.6,325648,1,0,59.1
2026-09-15T18:05:59.970Z,8.6,306284,1,0,58.5
2026-09-15T18:06:05.010Z,8.6,307308,1,0,58.0
2026-09-15T18:06:10.042Z,8.6,307448,1,0,58.5
2026-09-15T18:06:15.073Z,8.6,308552,1,0,58.5
2026-09-15T18:06:20.105Z,8.6,308552,1,0,59.1
2026-09-15T18:06:25.141Z,8.6,311264,1,0,58.0
2026-09-15T18:06:30.180Z,8.6,290168,1,0,58.0
2026-09-15T18:06:35.212Z,8.6,297780,1,0,58.0
2026-09-15T18:06:40.243Z,8.6,297780,1,0,58.0
2026-09-15T18:06:45.274Z,8.6,301748,1,0,59.1
2026-09-15T18:06:50.315Z,8.6,301752,1,0,59.1
2026-09-15T18:06:55.352Z,8.6,305528,1,0,58.0
2026-09-15T18:07:00.389Z,8.6,287000,1,0,58.0
2026-09-15T18:07:05.420Z,8.6,297508,1,0,58.0
2026-09-15T18:07:10.451Z,8.6,297508,1,0,59.1
2026-09-15T18:07:15.482Z,8.6,313640,1,0,59.1
2026-09-15T18:07:20.519Z,8.6,313880,1,0,58.0
2026-09-15T18:07:25.556Z,8.6,328436,1,0,58.5
2026-09-15T18:07:30.588Z,8.6,318292,1,0,58.0
2026-09-15T18:07:35.620Z,8.6,328436,1,0,58.5
2026-09-15T18:07:40.650Z,8.6,328436,1,0,59.1
2026-09-15T18:07:45.689Z,8.6,328440,1,0,58.5
2026-09-15T18:07:50.729Z,8.6,328976,1,0,58.0
2026-09-15T18:07:55.767Z,8.6,329692,1,0,58.0
2026-09-15T18:08:00.798Z,8.6,326352,1,0,59.1
2026-09-15T18:08:05.828Z,8.6,326352,1,0,58.5
2026-09-15T18:08:10.859Z,8.6,326352,1,0,58.5
2026-09-15T18:08:15.897Z,8.6,326612,1,0,58.0
2026-09-15T18:08:20.937Z,8.6,326968,1,0,57.5
2026-09-15T18:08:25.969Z,8.6,327268,1,0,58.0
2026-09-15T18:08:31.000Z,8.6,327268,1,0,59.1
2026-09-15T18:08:36.032Z,8.6,331268,1,0,59.1
2026-09-15T18:08:41.070Z,8.6,331400,1,0,58.5
2026-09-15T18:08:46.108Z,8.6,338032,1,0,58.0
2026-09-15T18:08:51.146Z,8.6,329408,1,0,58.0
2026-09-15T18:08:56.177Z,8.6,329452,1,0,58.0
2026-09-15T18:09:01.208Z,8.6,329452,1,0,58.5
2026-09-15T18:09:06.239Z,8.6,329452,1,0,59.1
2026-09-15T18:09:11.277Z,8.6,329460,1,0,58.0
2026-09-15T18:09:16.314Z,8.6,329464,1,0,58.0
2026-09-15T18:09:21.345Z,8.6,329696,1,0,58.0
2026-09-15T18:09:26.375Z,8.6,329696,1,0,59.1
2026-09-15T18:09:31.416Z,8.6,329696,1,0,59.6
2026-09-15T18:09:36.455Z,8.6,323800,1,0,58.0
2026-09-15T18:09:41.493Z,8.6,324280,1,0,58.0
2026-09-15T18:09:46.524Z,8.6,324536,1,0,58.0
2026-09-15T18:09:51.555Z,8.6,326572,1,0,58.5
2026-09-15T18:09:56.587Z,8.6,326572,1,0,59.1
2026-09-15T18:10:01.625Z,8.6,326572,1,0,59.1
2026-09-15T18:10:06.663Z,8.6,326584,1,0,58.0
2026-09-15T18:10:11.699Z,8.6,330056,1,0,58.0
2026-09-15T18:10:16.730Z,8.6,330716,1,0,58.5
2026-09-15T18:10:21.762Z,8.6,330716,1,0,59.1
2026-09-15T18:10:26.799Z,8.6,331168,1,0,59.1
2026-09-15T18:10:31.837Z,8.6,324316,1,0,58.0
2026-09-15T18:10:36.873Z,8.6,324416,1,0,58.0
2026-09-15T18:10:41.905Z,8.6,325296,1,0,58.5
2026-09-15T18:10:46.936Z,8.6,325296,1,0,59.1
2026-09-15T18:10:51.968Z,8.6,326088,1,0,59.6
2026-09-15T18:10:57.000Z,8.6,326088,1,0,60.1
2026-09-15T18:11:02.039Z,8.5,327708,1,0,59.6
2026-09-15T18:11:07.077Z,8.6,330452,1,0,58.0
2026-09-15T18:11:12.115Z,8.6,324908,1,0,58.0
2026-09-15T18:11:17.147Z,8.6,325516,1,0,58.5
2026-09-15T18:11:22.178Z,8.6,327620,1,0,59.1
2026-09-15T18:11:27.209Z,8.5,327620,1,0,59.1
2026-09-15T18:11:32.241Z,8.5,329124,1,0,59.6
2026-09-15T18:11:37.293Z,8.5,300756,1,0,59.1
2026-09-15T18:11:42.330Z,8.6,302736,1,0,58.0
2026-09-15T18:11:47.368Z,8.6,271272,1,0,57.5
2026-09-15T18:11:52.399Z,8.6,273336,1,0,58.5
2026-09-15T18:11:57.430Z,8.5,273336,1,0,59.1
2026-09-15T18:12:02.468Z,8.5,275380,1,0,59.1
2026-09-15T18:12:07.506Z,8.5,275712,1,0,58.5
2026-09-15T18:12:12.544Z,8.6,279984,1,0,58.0
2026-09-15T18:12:17.576Z,8.6,281212,1,0,58.0
2026-09-15T18:12:22.607Z,8.5,285656,1,0,59.1
2026-09-15T18:12:27.648Z,8.5,285784,1,0,59.6
2026-09-15T18:12:32.686Z,8.5,294984,1,0,58.5
2026-09-15T18:12:37.725Z,8.6,297032,1,0,58.0
2026-09-15T18:12:42.757Z,8.6,286072,1,0,58.5
2026-09-15T18:12:47.788Z,8.5,286072,1,0,59.1
2026-09-15T18:12:52.826Z,8.5,289920,1,0,59.1
2026-09-15T18:12:57.866Z,8.6,290028,1,0,58.0
2026-09-15T18:13:02.902Z,8.6,296672,1,0,57.5
2026-09-15T18:13:07.934Z,8.6,296716,1,0,58.5
2026-09-15T18:13:12.965Z,8.5,312980,1,0,59.1
2026-09-15T18:13:17.996Z,8.5,312980,1,0,59.6
2026-09-15T18:13:23.032Z,8.5,329648,1,0,58.5
2026-09-15T18:13:28.071Z,8.6,330652,1,0,58.0
2026-09-15T18:13:33.109Z,8.6,332660,1,0,58.0
2026-09-15T18:13:38.140Z,8.6,332660,1,0,59.1
2026-09-15T18:13:43.171Z,8.5,336696,1,0,59.1
2026-09-15T18:13:48.202Z,8.5,336696,1,0,59.1
2026-09-15T18:13:53.239Z,8.5,336808,1,0,58.5
2026-09-15T18:13:58.279Z,8.5,337988,1,0,58.0
2026-09-15T18:14:03.317Z,8.6,343808,1,0,58.0
2026-09-15T18:14:08.348Z,8.6,344040,1,0,58.5
2026-09-15T18:14:13.379Z,8.5,344040,1,0,59.6
2026-09-15T18:14:18.416Z,8.5,347636,1,0,58.0
2026-09-15T18:14:23.453Z,8.6,343136,1,0,58.0
2026-09-15T18:14:28.484Z,8.6,343732,1,0,58.0
2026-09-15T18:14:33.514Z,8.6,343732,1,0,59.1
2026-09-15T18:14:38.545Z,8.5,343732,1,0,59.1
2026-09-15T18:14:43.583Z,8.5,343948,1,0,58.5
2026-09-15T18:14:48.620Z,8.6,348176,1,0,58.0
2026-09-15T18:14:53.659Z,8.6,344348,1,0,57.5
2026-09-15T18:14:58.690Z,8.6,348452,1,0,58.5
2026-09-15T18:15:03.721Z,8.5,348452,1,0,59.1
2026-09-15T18:15:08.752Z,8.5,348452,1,0,59.1
2026-09-15T18:15:13.789Z,8.5,348876,1,0,58.5
2026-09-15T18:15:18.827Z,8.6,349536,1,0,58.0
2026-09-15T18:15:23.858Z,8.6,330956,1,0,58.0
2026-09-15T18:15:28.888Z,8.5,330956,1,0,59.1
2026-09-15T18:15:33.919Z,8.5,330956,1,0,59.1
2026-09-15T18:15:38.955Z,8.5,332120,1,0,58.0
2026-09-15T18:15:43.994Z,8.6,320232,1,0,58.0
2026-09-15T18:15:49.025Z,8.6,320400,1,0,58.5
2026-09-15T18:15:54.056Z,8.5,320400,1,0,59.1
2026-09-15T18:15:59.086Z,8.5,320400,1,0,59.1
2026-09-15T18:16:04.123Z,8.5,320416,1,0,58.0
2026-09-15T18:16:09.162Z,8.6,322444,1,0,58.0
2026-09-15T18:16:14.193Z,8.6,322492,1,0,58.5
2026-09-15T18:16:19.223Z,8.5,322492,1,0,59.1
2026-09-15T18:16:24.254Z,8.5,322492,1,0,59.1
2026-09-15T18:16:29.291Z,8.5,301384,1,0,58.0
2026-09-15T18:16:34.330Z,8.6,302452,1,0,58.0
2026-09-15T18:16:39.362Z,8.6,303248,1,0,58.0
2026-09-15T18:16:44.393Z,8.6,303248,1,0,58.5
2026-09-15T18:16:49.423Z,8.5,304852,1,0,59.6
2026-09-15T18:16:54.460Z,8.5,283892,1,0,58.5
2026-09-15T18:16:59.497Z,8.6,287004,1,0,58.0
2026-09-15T18:17:04.531Z,8.6,278384,1,0,56.9
2026-09-15T18:17:09.562Z,8.6,281064,1,0,59.1
2026-09-15T18:17:14.593Z,8.5,281064,1,0,59.1
2026-09-15T18:17:19.629Z,8.5,284116,1,0,59.1
2026-09-15T18:17:24.667Z,8.6,285416,1,0,59.1
2026-09-15T18:17:29.704Z,8.6,288720,1,0,57.5
2026-09-15T18:17:34.736Z,8.6,275852,1,0,58.0
2026-09-15T18:17:39.767Z,8.5,278132,1,0,59.1
2026-09-15T18:17:44.804Z,8.5,278136,1,0,58.5
2026-09-15T18:17:49.842Z,8.6,283164,1,0,58.0
2026-09-15T18:17:54.880Z,8.6,260396,1,0,58.0
2026-09-15T18:17:59.912Z,8.6,263552,1,0,58.5
2026-09-15T18:18:04.944Z,8.6,263552,1,0,59.1
2026-09-15T18:18:09.976Z,8.5,267840,1,0,59.1
2026-09-15T18:18:15.014Z,8.6,268720,1,0,58.0
2026-09-15T18:18:20.053Z,8.6,273224,1,0,58.5
2026-09-15T18:18:25.085Z,8.6,273524,1,0,58.0
2026-09-15T18:18:30.116Z,8.6,278964,1,0,59.1
2026-09-15T18:18:35.147Z,8.5,278964,1,0,59.1
2026-09-15T18:18:40.182Z,8.6,259720,1,0,58.0
2026-09-15T18:18:45.221Z,8.6,259724,1,0,57.5
2026-09-15T18:18:50.252Z,8.6,263244,1,0,58.0
2026-09-15T18:18:55.283Z,8.6,263244,1,0,59.1
2026-09-15T18:19:00.314Z,8.5,266328,1,0,59.1
2026-09-15T18:19:05.352Z,8.6,266376,1,0,58.5
2026-09-15T18:19:10.390Z,8.6,274272,1,0,58.0
2026-09-15T18:19:15.421Z,8.6,277788,1,0,58.0
2026-09-15T18:19:20.451Z,8.6,293968,1,0,59.1
2026-09-15T18:19:25.482Z,8.5,293968,1,0,59.6
2026-09-15T18:19:30.519Z,8.6,294804,1,0,58.0
2026-09-15T18:19:35.555Z,8.6,295044,1,0,58.0
2026-09-15T18:19:40.599Z,8.6,311348,1,0,58.5
2026-09-15T18:19:45.629Z,8.6,311348,1,0,59.1
2026-09-15T18:19:50.660Z,8.5,311348,1,0,59.1
2026-09-15T18:19:55.700Z,8.6,314184,1,0,58.5
2026-09-15T18:20:00.738Z,8.6,314116,1,0,57.5
2026-09-15T18:20:05.770Z,8.6,314832,1,0,58.5
2026-09-15T18:20:10.801Z,8.6,314832,1,0,59.1
2026-09-15T18:20:15.831Z,8.6,314832,1,0,59.1
2026-09-15T18:20:20.868Z,8.6,314928,1,0,58.0
2026-09-15T18:20:25.905Z,8.6,314956,1,0,58.0
2026-09-15T18:20:30.936Z,8.6,320092,1,0,58.0
2026-09-15T18:20:35.967Z,8.6,320092,1,0,59.1
2026-09-15T18:20:40.998Z,8.6,320092,1,0,59.1
2026-09-15T18:20:46.034Z,8.6,308800,1,0,58.0
2026-09-15T18:20:51.071Z,8.6,309396,1,0,58.0
2026-09-15T18:20:56.109Z,8.6,321868,1,0,56.9
2026-09-15T18:21:01.141Z,8.6,321884,1,0,59.1
2026-09-15T18:21:06.171Z,8.6,325944,1,0,59.1
2026-09-15T18:21:11.202Z,8.5,325944,1,0,59.1
2026-09-15T18:21:16.238Z,8.5,327132,1,0,58.5
2026-09-15T18:21:21.275Z,8.6,325592,1,0,58.5
2026-09-15T18:21:26.310Z,8.6,326644,1,0,58.0
2026-09-15T18:21:31.342Z,8.6,326644,1,0,58.0
2026-09-15T18:21:36.373Z,8.5,326644,1,0,59.1
2026-09-15T18:21:41.411Z,8.6,326768,1,0,58.0
2026-09-15T18:21:46.449Z,8.6,307472,1,0,58.0
2026-09-15T18:21:51.497Z,8.6,308300,1,0,58.0
2026-09-15T18:21:56.532Z,8.6,308300,1,0,58.5
2026-09-15T18:22:01.563Z,8.6,308300,1,0,59.1
2026-09-15T18:22:06.595Z,8.5,318396,1,0,59.1
2026-09-15T18:22:11.635Z,8.6,319088,1,0,58.0
2026-09-15T18:22:16.673Z,8.6,317536,1,0,58.0
2026-09-15T18:22:21.704Z,8.6,318372,1,0,58.0
2026-09-15T18:22:26.735Z,8.6,322348,1,0,59.1
2026-09-15T18:22:31.766Z,8.5,322348,1,0,59.1
2026-09-15T18:22:36.805Z,8.6,325016,1,0,58.0
2026-09-15T18:22:41.842Z,8.6,330676,1,0,58.0
2026-09-15T18:22:46.878Z,8.6,334412,1,0,58.0
2026-09-15T18:22:51.909Z,8.6,334412,1,0,59.1
2026-09-15T18:22:56.939Z,8.6,334412,1,0,59.1
2026-09-15T18:23:01.977Z,8.6,321816,1,0,58.0
2026-09-15T18:23:07.013Z,8.6,322220,1,0,58.5
2026-09-15T18:23:12.046Z,8.6,322680,1,0,58.5
2026-09-15T18:23:17.077Z,8.6,325704,1,0,59.1
2026-09-15T18:23:22.108Z,8.6,325704,1,0,59.6
2026-09-15T18:23:27.139Z,8.5,327556,1,0,59.1
2026-09-15T18:23:32.176Z,8.6,330744,1,0,58.5
2026-09-15T18:23:37.213Z,8.6,315552,1,0,58.0
2026-09-15T18:23:42.244Z,8.6,316668,1,0,58.0
2026-09-15T18:23:47.275Z,8.6,318448,1,0,59.1
2026-09-15T18:23:52.307Z,8.5,318448,1,0,59.6
2026-09-15T18:23:57.344Z,8.6,307116,1,0,58.0
2026-09-15T18:24:02.383Z,8.6,307468,1,0,58.0
2026-09-15T18:24:07.415Z,8.6,310516,1,0,58.0
2026-09-15T18:24:12.448Z,8.6,310516,1,0,59.1
2026-09-15T18:24:17.479Z,8.6,312716,1,0,59.1
2026-09-15T18:24:22.517Z,8.5,312716,1,0,59.1
2026-09-15T18:24:27.556Z,8.6,314720,1,0,58.5
2026-09-15T18:24:32.594Z,8.6,300892,1,0,58.0
2026-09-15T18:24:37.626Z,8.6,302508,1,0,58.0
2026-09-15T18:24:42.657Z,8.6,302508,1,0,59.1
2026-09-15T18:24:47.688Z,8.5,302508,1,0,59.1
2026-09-15T18:24:52.724Z,8.6,305168,1,0,59.1
2026-09-15T18:24:57.762Z,8.6,275080,1,0,58.0
2026-09-15T18:25:02.792Z,8.6,279300,1,0,58.0
2026-09-15T18:25:07.824Z,8.6,279300,1,0,59.1
2026-09-15T18:25:12.855Z,8.6,283712,1,0,59.6
2026-09-15T18:25:17.887Z,8.5,283712,1,0,60.1
2026-09-15T18:25:22.923Z,8.5,286288,1,0,59.1
2026-09-15T18:25:27.962Z,8.5,286688,1,0,58.5
2026-09-15T18:25:32.999Z,8.6,293156,1,0,58.0
2026-09-15T18:25:38.030Z,8.6,295312,1,0,58.5
2026-09-15T18:25:43.061Z,8.5,307936,1,0,59.1
2026-09-15T18:25:48.092Z,8.5,307936,1,0,59.1
2026-09-15T18:25:53.130Z,8.5,302788,1,0,58.0
2026-09-15T18:25:58.167Z,8.6,302864,1,0,58.0
2026-09-15T18:26:03.199Z,8.6,319892,1,0,58.0
2026-09-15T18:26:08.230Z,8.6,319892,1,0,58.5
2026-09-15T18:26:13.261Z,8.5,332000,1,0,59.1
2026-09-15T18:26:18.299Z,8.5,332648,1,0,58.5
2026-09-15T18:26:23.336Z,8.6,318088,1,0,58.0
2026-09-15T18:26:28.387Z,8.6,318776,1,0,58.0
2026-09-15T18:26:33.419Z,8.6,318776,1,0,59.1
2026-09-15T18:26:38.450Z,8.5,318776,1,0,59.1
2026-09-15T18:26:43.487Z,8.5,319012,1,0,59.1
2026-09-15T18:26:48.523Z,8.5,305920,1,0,58.0
2026-09-15T18:26:53.561Z,8.6,306368,1,0,58.0
2026-09-15T18:26:58.591Z,8.6,306416,1,0,58.5
2026-09-15T18:27:03.621Z,8.5,306416,1,0,59.1
2026-09-15T18:27:08.651Z,8.5,306416,1,0,59.6
2026-09-15T18:27:13.689Z,8.5,309124,1,0,58.0
2026-09-15T18:27:18.727Z,8.6,305644,1,0,58.0
2026-09-15T18:27:23.758Z,8.6,322844,1,0,58.0
2026-09-15T18:27:28.790Z,8.6,322844,1,0,59.6
2026-09-15T18:27:33.821Z,8.5,328904,1,0,59.6
2026-09-15T18:27:38.858Z,8.5,328912,1,0,58.5
2026-09-15T18:27:43.895Z,8.6,330328,1,0,58.0
2026-09-15T18:27:48.927Z,8.6,327872,1,0,58.0
2026-09-15T18:27:53.958Z,8.6,327872,1,0,59.1
2026-09-15T18:27:58.988Z,8.5,327872,1,0,59.1
2026-09-15T18:28:04.025Z,8.5,328216,1,0,58.5
2026-09-15T18:28:09.062Z,8.6,328816,1,0,58.0
2026-09-15T18:28:14.101Z,8.6,329528,1,0,57.5
2026-09-15T18:28:19.132Z,8.6,329528,1,0,59.1
2026-09-15T18:28:24.162Z,8.5,329528,1,0,59.1
2026-09-15T18:28:29.200Z,8.5,329548,1,0,58.5
2026-09-15T18:28:34.238Z,8.6,322680,1,0,58.0
2026-09-15T18:28:39.273Z,8.6,322704,1,0,58.0
2026-09-15T18:28:44.303Z,8.6,328728,1,0,59.1
2026-09-15T18:28:49.334Z,8.5,328728,1,0,59.1
2026-09-15T18:28:54.372Z,8.5,328844,1,0,59.1
2026-09-15T18:28:59.410Z,8.6,330824,1,0,58.5
2026-09-15T18:29:04.447Z,8.6,337040,1,0,58.0
2026-09-15T18:29:09.477Z,8.6,338888,1,0,59.1
2026-09-15T18:29:14.509Z,8.6,338888,1,0,59.6
2026-09-15T18:29:19.546Z,8.6,324136,1,0,59.6
2026-09-15T18:29:24.582Z,8.6,325176,1,0,58.0
2026-09-15T18:29:29.620Z,8.6,326024,1,0,58.0
2026-09-15T18:29:34.651Z,8.6,320372,1,0,58.5
2026-09-15T18:29:39.682Z,8.6,320372,1,0,59.1
2026-09-15T18:29:44.716Z,8.5,320372,1,0,59.1
2026-09-15T18:29:49.755Z,8.6,322780,1,0,58.5
2026-09-15T18:29:54.792Z,8.6,323476,1,0,58.0
2026-09-15T18:29:59.823Z,8.6,326252,1,0,58.0
2026-09-15T18:30:04.853Z,8.6,326252,1,0,59.1
2026-09-15T18:30:09.884Z,8.6,328984,1,0,59.6
2026-09-15T18:30:14.922Z,8.6,298656,1,0,59.1
2026-09-15T18:30:19.959Z,8.6,303352,1,0,58.0
2026-09-15T18:30:24.990Z,8.6,303824,1,0,58.0
2026-09-15T18:30:30.022Z,8.6,306468,1,0,59.1
2026-09-15T18:30:35.053Z,8.6,306468,1,0,59.6
2026-09-15T18:30:40.093Z,8.6,311732,1,0,58.0
2026-09-15T18:30:45.130Z,8.6,294228,1,0,58.0
2026-09-15T18:30:50.168Z,8.6,266724,1,0,57.5
2026-09-15T18:30:55.199Z,8.6,266724,1,0,59.1
2026-09-15T18:31:00.230Z,8.6,270924,1,0,59.1
2026-09-15T18:31:05.267Z,8.6,270924,1,0,59.1
2026-09-15T18:31:10.305Z,8.6,275140,1,0,58.0
2026-09-15T18:31:15.342Z,8.6,263908,1,0,58.0
2026-09-15T18:31:20.373Z,8.6,270568,1,0,58.5
2026-09-15T18:31:25.403Z,8.6,270568,1,0,59.1
2026-09-15T18:31:30.434Z,8.6,275300,1,0,59.1
2026-09-15T18:31:35.472Z,8.6,246676,1,0,58.0
2026-09-15T18:31:40.510Z,8.6,251688,1,0,58.0
2026-09-15T18:31:45.541Z,8.6,243200,1,0,58.5
2026-09-15T18:31:50.572Z,8.6,247924,1,0,59.1
2026-09-15T18:31:55.602Z,8.6,247924,1,0,59.6
2026-09-15T18:32:00.639Z,8.6,259292,1,0,58.5
2026-09-15T18:32:05.678Z,8.6,259336,1,0,58.0
2026-09-15T18:32:10.710Z,8.6,275656,1,0,58.0
2026-09-15T18:32:15.740Z,8.6,275656,1,0,58.5
2026-09-15T18:32:20.771Z,8.6,291896,1,0,59.1
2026-09-15T18:32:25.809Z,8.6,292292,1,0,59.1
2026-09-15T18:32:30.847Z,8.6,298924,1,0,59.1
2026-09-15T18:32:35.886Z,8.6,299364,1,0,58.0
2026-09-15T18:32:40.917Z,8.6,305672,1,0,58.5
2026-09-15T18:32:45.949Z,8.6,305672,1,0,58.5
2026-09-15T18:32:50.986Z,8.6,305720,1,0,59.1
2026-09-15T18:32:56.023Z,8.6,305736,1,0,58.0
2026-09-15T18:33:01.062Z,8.6,291448,1,0,57.5
2026-09-15T18:33:06.093Z,8.6,291448,1,0,58.5
2026-09-15T18:33:11.124Z,8.6,291448,1,0,59.1
2026-09-15T18:33:16.161Z,8.6,291476,1,0,60.1
2026-09-15T18:33:21.199Z,8.6,292168,1,0,58.0
2026-09-15T18:33:26.238Z,8.6,292792,1,0,58.0
2026-09-15T18:33:31.269Z,8.6,279756,1,0,58.0
2026-09-15T18:33:36.301Z,8.6,279756,1,0,59.1
2026-09-15T18:33:41.332Z,8.6,287840,1,0,59.6
2026-09-15T18:33:46.371Z,8.6,288620,1,0,59.1
2026-09-15T18:33:51.409Z,8.6,303872,1,0,58.0
2026-09-15T18:33:56.444Z,8.6,290856,1,0,58.0
2026-09-15T18:34:01.476Z,8.6,296940,1,0,59.1
2026-09-15T18:34:06.507Z,8.6,296940,1,0,59.6
2026-09-15T18:34:11.542Z,8.6,298172,1,0,59.1
2026-09-15T18:34:16.579Z,8.6,298688,1,0,58.0
2026-09-15T18:34:21.616Z,8.6,286676,1,0,58.0
2026-09-15T18:34:26.647Z,8.6,286888,1,0,58.5
2026-09-15T18:34:31.677Z,8.6,286888,1,0,59.6
2026-09-15T18:34:36.716Z,8.6,287076,1,0,59.1
2026-09-15T18:34:41.756Z,8.6,271020,1,0,58.5
2026-09-15T18:34:46.794Z,8.6,271540,1,0,58.0
2026-09-15T18:34:51.825Z,8.6,271984,1,0,58.0
2026-09-15T18:34:56.857Z,8.6,271984,1,0,59.1
2026-09-15T18:35:01.894Z,8.6,271984,1,0,59.6
2026-09-15T18:35:06.930Z,8.6,284788,1,0,58.5
2026-09-15T18:35:11.967Z,8.6,269044,1,0,58.0
2026-09-15T18:35:16.999Z,8.6,285156,1,0,58.5
2026-09-15T18:35:22.030Z,8.6,285156,1,0,59.1
2026-09-15T18:35:27.060Z,8.6,285156,1,0,59.6
2026-09-15T18:35:32.098Z,8.6,285320,1,0,58.0
2026-09-15T18:35:37.138Z,8.6,290476,1,0,58.0
2026-09-15T18:35:42.175Z,8.6,296464,1,0,58.0
2026-09-15T18:35:47.207Z,8.6,297212,1,0,59.1
2026-09-15T18:35:52.238Z,8.6,297212,1,0,59.1
2026-09-15T18:35:57.269Z,8.6,297212,1,0,59.1
2026-09-15T18:36:02.306Z,8.6,302496,1,0,58.0
2026-09-15T18:36:07.344Z,8.6,288544,1,0,58.0
2026-09-15T18:36:12.377Z,8.6,288564,1,0,59.1
2026-09-15T18:36:17.411Z,8.6,292676,1,0,59.1
2026-09-15T18:36:22.442Z,8.6,292676,1,0,59.1
2026-09-15T18:36:27.473Z,8.6,297136,1,0,59.1
2026-09-15T18:36:32.511Z,8.6,298640,1,0,58.5
2026-09-15T18:36:37.550Z,8.6,279352,1,0,58.0
2026-09-15T18:36:42.581Z,8.6,280972,1,0,58.0
2026-09-15T18:36:47.612Z,8.6,285240,1,0,59.1
2026-09-15T18:36:52.642Z,8.6,285240,1,0,59.6
2026-09-15T18:36:57.678Z,8.6,289352,1,0,59.1
2026-09-15T18:37:02.717Z,8.6,269296,1,0,57.5
2026-09-15T18:37:07.756Z,8.6,274476,1,0,58.0
2026-09-15T18:37:12.786Z,8.6,274516,1,0,59.1
2026-09-15T18:37:17.817Z,8.6,278456,1,0,59.6
2026-09-15T18:37:22.848Z,8.5,278456,1,0,60.1
2026-09-15T18:37:27.886Z,8.6,284612,1,0,58.5
2026-09-15T18:37:32.924Z,8.6,288412,1,0,58.0
2026-09-15T18:37:37.959Z,8.6,274968,1,0,58.0
2026-09-15T18:37:42.990Z,8.6,274968,1,0,58.5
2026-09-15T18:37:48.021Z,8.6,278100,1,0,59.6
2026-09-15T18:37:53.059Z,8.6,278360,1,0,59.1
2026-09-15T18:37:58.097Z,8.6,285976,1,0,58.0
2026-09-15T18:38:03.135Z,8.6,266024,1,0,58.0
2026-09-15T18:38:08.167Z,8.6,269896,1,0,59.1
2026-09-15T18:38:13.198Z,8.6,269896,1,0,59.1
2026-09-15T18:38:18.237Z,8.6,273684,1,0,59.1
2026-09-15T18:38:23.272Z,8.6,274684,1,0,58.0
2026-09-15T18:38:28.310Z,8.6,279520,1,0,58.0
2026-09-15T18:38:33.341Z,8.6,263448,1,0,59.1
2026-09-15T18:38:38.372Z,8.6,279664,1,0,59.1
2026-09-15T18:38:43.409Z,8.6,279772,1,0,59.1
2026-09-15T18:38:48.446Z,8.6,296120,1,0,58.0
2026-09-15T18:38:53.482Z,8.6,299636,1,0,58.0
2026-09-15T18:38:58.513Z,8.6,309088,1,0,59.1
2026-09-15T18:39:03.544Z,8.6,309088,1,0,59.1
2026-09-15T18:39:08.575Z,8.6,309088,1,0,59.6
2026-09-15T18:39:13.612Z,8.6,313260,1,0,58.0
2026-09-15T18:39:18.651Z,8.6,319112,1,0,58.0
2026-09-15T18:39:23.682Z,8.6,308016,1,0,58.0
2026-09-15T18:39:28.713Z,8.6,308016,1,0,59.1
2026-09-15T18:39:33.744Z,8.6,308016,1,0,59.6
2026-09-15T18:39:38.782Z,8.6,308152,1,0,59.1
2026-09-15T18:39:43.819Z,8.6,308832,1,0,58.5
2026-09-15T18:39:48.858Z,8.6,311016,1,0,58.0
2026-09-15T18:39:53.890Z,8.6,295384,1,0,58.5
2026-09-15T18:39:58.936Z,8.6,295384,1,0,59.1
2026-09-15T18:40:03.969Z,8.6,301480,1,0,59.1
2026-09-15T18:40:09.007Z,8.6,302568,1,0,58.0
2026-09-15T18:40:14.044Z,8.6,319424,1,0,58.0
2026-09-15T18:40:19.075Z,8.6,313636,1,0,58.0
2026-09-15T18:40:24.106Z,8.6,327852,1,0,59.1
2026-09-15T18:40:29.138Z,8.6,327852,1,0,59.1
2026-09-15T18:40:34.176Z,8.6,332448,1,0,58.0
2026-09-15T18:40:39.214Z,8.6,333512,1,0,58.0
2026-09-15T18:40:44.247Z,8.6,328272,1,0,58.0
2026-09-15T18:40:49.278Z,8.6,328272,1,0,59.1
2026-09-15T18:40:54.309Z,8.6,328272,1,0,59.1
2026-09-15T18:40:59.349Z,8.6,328464,1,0,58.0
2026-09-15T18:41:04.387Z,8.6,328716,1,0,58.0
2026-09-15T18:41:09.418Z,8.6,329036,1,0,56.9
2026-09-15T18:41:14.450Z,8.6,329036,1,0,59.1
2026-09-15T18:41:19.482Z,8.6,329036,1,0,59.6
2026-09-15T18:41:24.513Z,8.6,329036,1,0,59.6
2026-09-15T18:41:29.551Z,8.6,329124,1,0,58.0
2026-09-15T18:41:34.590Z,8.6,310140,1,0,58.0
2026-09-15T18:41:39.622Z,8.6,310692,1,0,58.0
2026-09-15T18:41:44.653Z,8.6,310692,1,0,59.1
2026-09-15T18:41:49.684Z,8.6,310692,1,0,59.6
2026-09-15T18:41:54.721Z,8.6,310732,1,0,59.1
2026-09-15T18:41:59.760Z,8.6,316232,1,0,58.0
2026-09-15T18:42:04.798Z,8.6,321880,1,0,58.0
2026-09-15T18:42:09.830Z,8.6,309940,1,0,59.1
2026-09-15T18:42:14.861Z,8.6,309940,1,0,59.1
2026-09-15T18:42:19.906Z,8.6,310008,1,0,59.1
2026-09-15T18:42:24.941Z,8.6,310752,1,0,58.0
2026-09-15T18:42:29.979Z,8.6,311060,1,0,58.0
2026-09-15T18:42:35.010Z,8.6,313832,1,0,59.1
2026-09-15T18:42:40.042Z,8.6,313832,1,0,59.1
2026-09-15T18:42:45.073Z,8.6,316196,1,0,59.1
2026-09-15T18:42:50.110Z,8.6,316992,1,0,58.5
2026-09-15T18:42:55.147Z,8.6,325192,1,0,58.0
2026-09-15T18:43:00.185Z,8.6,309176,1,0,58.0
2026-09-15T18:43:05.217Z,8.6,311456,1,0,58.5
2026-09-15T18:43:10.248Z,8.6,311456,1,0,59.1
2026-09-15T18:43:15.285Z,8.6,314644,1,0,60.1
2026-09-15T18:43:20.327Z,8.6,314656,1,0,58.0
2026-09-15T18:43:25.365Z,8.6,317340,1,0,58.0
2026-09-15T18:43:30.397Z,8.6,318076,1,0,58.5
2026-09-15T18:43:35.428Z,8.6,319948,1,0,59.6
2026-09-15T18:43:40.466Z,8.6,320796,1,0,59.1
2026-09-15T18:43:45.503Z,8.6,307480,1,0,58.0
2026-09-15T18:43:50.540Z,8.6,307780,1,0,58.0
2026-09-15T18:43:55.572Z,8.6,308988,1,0,59.1
2026-09-15T18:44:00.603Z,8.6,308988,1,0,59.1
2026-09-15T18:44:05.642Z,8.6,311004,1,0,59.1
2026-09-15T18:44:10.681Z,8.6,312608,1,0,58.0
2026-09-15T18:44:15.725Z,8.6,321528,1,0,58.0
2026-09-15T18:44:20.756Z,8.6,322516,1,0,58.5
2026-09-15T18:44:25.787Z,8.6,323804,1,0,59.6
2026-09-15T18:44:30.827Z,8.6,325512,1,0,59.1
2026-09-15T18:44:35.865Z,8.6,306148,1,0,58.0
2026-09-15T18:44:40.905Z,8.6,306792,1,0,58.0
2026-09-15T18:44:45.936Z,8.6,308396,1,0,58.5
2026-09-15T18:44:50.967Z,8.6,308396,1,0,59.1
2026-09-15T18:44:56.005Z,8.6,308396,1,0,59.6
2026-09-15T18:45:01.042Z,8.6,318044,1,0,58.0
2026-09-15T18:45:06.078Z,8.6,318132,1,0,58.0
2026-09-15T18:45:11.110Z,8.6,334372,1,0,58.5
2026-09-15T18:45:16.140Z,8.6,334372,1,0,59.1
2026-09-15T18:45:21.178Z,8.6,350596,1,0,59.1
2026-09-15T18:45:26.217Z,8.6,351040,1,0,58.0
2026-09-15T18:45:31.255Z,8.6,355108,1,0,58.0
2026-09-15T18:45:36.286Z,8.6,355188,1,0,58.5
2026-09-15T18:45:41.316Z,8.6,355188,1,0,59.1
2026-09-15T18:45:46.347Z,8.6,355188,1,0,59.6
2026-09-15T18:45:51.385Z,8.6,339700,1,0,58.5
2026-09-15T18:45:56.422Z,8.6,340408,1,0,58.0
2026-09-15T18:46:01.453Z,8.6,340920,1,0,58.0
2026-09-15T18:46:06.485Z,8.6,340920,1,0,59.1
2026-09-15T18:46:11.515Z,8.6,340920,1,0,59.1
2026-09-15T18:46:16.552Z,8.6,342980,1,0,58.5
2026-09-15T18:46:21.589Z,8.6,333444,1,0,58.0
2026-09-15T18:46:26.631Z,8.6,333464,1,0,58.0
2026-09-15T18:46:31.663Z,8.6,339524,1,0,59.1
2026-09-15T18:46:36.693Z,8.6,339524,1,0,59.6
2026-09-15T18:46:41.730Z,8.6,345556,1,0,59.1
2026-09-15T18:46:46.767Z,8.6,346236,1,0,58.0
2026-09-15T18:46:51.804Z,8.6,354136,1,0,58.0
2026-09-15T18:46:56.836Z,8.6,343244,1,0,59.1
2026-09-15T18:47:01.866Z,8.6,343244,1,0,59.1
2026-09-15T18:47:06.902Z,8.6,343336,1,0,59.1
2026-09-15T18:47:11.939Z,8.6,343968,1,0,58.0
2026-09-15T18:47:16.978Z,8.6,344948,1,0,58.0
2026-09-15T18:47:22.010Z,8.6,344956,1,0,58.5
2026-09-15T18:47:27.040Z,8.6,344956,1,0,59.1
2026-09-15T18:47:32.078Z,8.6,345836,1,0,59.1
2026-09-15T18:47:37.117Z,8.6,338244,1,0,58.5
2026-09-15T18:47:42.153Z,8.6,339464,1,0,58.0
2026-09-15T18:47:47.184Z,8.6,320956,1,0,58.5
2026-09-15T18:47:52.215Z,8.6,321884,1,0,59.1
2026-09-15T18:47:57.245Z,8.6,321884,1,0,59.1
2026-09-15T18:48:02.283Z,8.6,324048,1,0,58.0
2026-09-15T18:48:07.323Z,8.6,324628,1,0,58.0
2026-09-15T18:48:12.354Z,8.6,326100,1,0,58.5
2026-09-15T18:48:17.386Z,8.6,326100,1,0,58.5
2026-09-15T18:48:22.417Z,8.6,328068,1,0,60.1
2026-09-15T18:48:27.454Z,8.6,328072,1,0,58.5
2026-09-15T18:48:32.491Z,8.6,329440,1,0,58.0
2026-09-15T18:48:37.529Z,8.6,320848,1,0,58.0
2026-09-15T18:48:42.559Z,8.6,321844,1,0,59.1
2026-09-15T18:48:47.590Z,8.6,321844,1,0,59.1
2026-09-15T18:48:52.627Z,8.6,322220,1,0,59.1
2026-09-15T18:48:57.666Z,8.6,323436,1,0,58.0
2026-09-15T18:49:02.702Z,8.6,308676,1,0,58.0
2026-09-15T18:49:07.733Z,8.6,308684,1,0,58.5
2026-09-15T18:49:12.763Z,8.6,309468,1,0,59.1
2026-09-15T18:49:17.801Z,8.6,309468,1,0,59.1
2026-09-15T18:49:22.838Z,8.6,312744,1,0,58.0
2026-09-15T18:49:27.876Z,8.6,313124,1,0,58.0
2026-09-15T18:49:32.907Z,8.6,297388,1,0,58.0
2026-09-15T18:49:37.937Z,8.6,297388,1,0,59.1
2026-09-15T18:49:42.968Z,8.6,298444,1,0,59.6
2026-09-15T18:49:48.010Z,8.6,298600,1,0,58.5
2026-09-15T18:49:53.060Z,8.6,300464,1,0,58.0
2026-09-15T18:49:58.095Z,8.6,305316,1,0,58.0
2026-09-15T18:50:03.126Z,8.6,305316,1,0,59.1
2026-09-15T18:50:08.158Z,8.6,321484,1,0,59.6
2026-09-15T18:50:13.195Z,8.6,321484,1,0,59.1
2026-09-15T18:50:18.231Z,8.6,337724,1,0,58.0
2026-09-15T18:50:23.271Z,8.6,324760,1,0,58.0
2026-09-15T18:50:28.302Z,8.6,340940,1,0,58.5
2026-09-15T18:50:33.334Z,8.6,340940,1,0,59.1
2026-09-15T18:50:38.364Z,8.6,342964,1,0,59.1
2026-09-15T18:50:43.401Z,8.6,343168,1,0,58.0
2026-09-15T18:50:48.437Z,8.6,343180,1,0,58.0
2026-09-15T18:50:53.469Z,8.6,343196,1,0,58.0
2026-09-15T18:50:58.500Z,8.6,343196,1,0,59.1
2026-09-15T18:51:03.531Z,8.6,343196,1,0,59.6
2026-09-15T18:51:08.574Z,8.6,343196,1,0,59.1
2026-09-15T18:51:13.612Z,8.6,348012,1,0,58.5
2026-09-15T18:51:18.651Z,8.6,342072,1,0,58.0
2026-09-15T18:51:23.682Z,8.6,342212,1,0,58.5
2026-09-15T18:51:28.713Z,8.6,342212,1,0,59.1
2026-09-15T18:51:33.744Z,8.6,342212,1,0,59.1
2026-09-15T18:51:38.781Z,8.6,352820,1,0,58.0
2026-09-15T18:51:43.820Z,8.6,353412,1,0,58.0
2026-09-15T18:51:48.852Z,8.6,348564,1,0,58.0
2026-09-15T18:51:53.885Z,8.6,348564,1,0,58.5
2026-09-15T18:51:58.916Z,8.6,348564,1,0,59.1
2026-09-15T18:52:03.954Z,8.6,348944,1,0,58.5
2026-09-15T18:52:08.991Z,8.6,348968,1,0,58.5
2026-09-15T18:52:14.022Z,8.6,348972,1,0,58.0
2026-09-15T18:52:19.052Z,8.6,348972,1,0,59.1
2026-09-15T18:52:24.083Z,8.6,348972,1,0,59.6
2026-09-15T18:52:29.121Z,8.6,349632,1,0,58.5
2026-09-15T18:52:34.160Z,8.6,342496,1,0,58.5
2026-09-15T18:52:39.192Z,8.6,343424,1,0,58.0
2026-09-15T18:52:44.223Z,8.6,343424,1,0,59.1
2026-09-15T18:52:49.254Z,8.6,351484,1,0,59.6
2026-09-15T18:52:54.290Z,8.6,327480,1,0,59.1
2026-09-15T18:52:59.328Z,8.6,328308,1,0,58.5
2026-09-15T18:53:04.366Z,8.6,329808,1,0,57.5
2026-09-15T18:53:09.397Z,8.6,317056,1,0,59.1
2026-09-15T18:53:14.429Z,8.6,317056,1,0,59.1
2026-09-15T18:53:19.465Z,8.6,317056,1,0,59.1
2026-09-15T18:53:24.501Z,8.6,317216,1,0,58.0
2026-09-15T18:53:29.539Z,8.6,317260,1,0,58.0
2026-09-15T18:53:34.570Z,8.6,317372,1,0,59.1
2026-09-15T18:53:39.600Z,8.6,318512,1,0,59.1
2026-09-15T18:53:44.631Z,8.6,318512,1,0,60.1
2026-09-15T18:53:49.669Z,8.6,323316,1,0,58.5
2026-09-15T18:53:54.707Z,8.6,317104,1,0,58.0
2026-09-15T18:53:59.739Z,8.6,321396,1,0,58.5
2026-09-15T18:54:04.769Z,8.6,321396,1,0,59.1
2026-09-15T18:54:09.803Z,8.6,323284,1,0,60.1
2026-09-15T18:54:14.841Z,8.6,323616,1,0,59.1
2026-09-15T18:54:19.877Z,8.6,293004,1,0,58.5
2026-09-15T18:54:24.916Z,8.6,278764,1,0,58.0
2026-09-15T18:54:29.948Z,8.6,282416,1,0,59.1
2026-09-15T18:54:34.979Z,8.6,282416,1,0,59.1
2026-09-15T18:54:40.018Z,8.6,285492,1,0,58.5
2026-09-15T18:54:45.056Z,8.6,286076,1,0,58.0
2026-09-15T18:54:50.089Z,8.6,270692,1,0,58.0
2026-09-15T18:54:55.121Z,8.6,271232,1,0,59.1
2026-09-15T18:55:00.151Z,8.6,271232,1,0,60.1
2026-09-15T18:55:05.189Z,8.6,275164,1,0,59.1
2026-09-15T18:55:10.225Z,8.6,275244,1,0,58.0
2026-09-15T18:55:15.264Z,8.6,279708,1,0,58.5
2026-09-15T18:55:20.295Z,8.6,279708,1,0,58.0
2026-09-15T18:55:25.326Z,8.6,283660,1,0,59.1
2026-09-15T18:55:30.363Z,8.6,283660,1,0,59.6
2026-09-15T18:55:35.407Z,8.6,262380,1,0,58.0
2026-09-15T18:55:40.444Z,8.6,262572,1,0,58.0
2026-09-15T18:55:45.475Z,8.6,266768,1,0,58.0
2026-09-15T18:55:50.507Z,8.6,266768,1,0,59.1
2026-09-15T18:55:55.537Z,8.6,271032,1,0,59.6
2026-09-15T18:56:00.574Z,8.6,271684,1,0,58.5
2026-09-15T18:56:05.611Z,8.6,277240,1,0,58.0
2026-09-15T18:56:10.642Z,8.6,258492,1,0,58.0
2026-09-15T18:56:15.674Z,8.6,274756,1,0,59.1
2026-09-15T18:56:20.704Z,8.6,274756,1,0,59.1
2026-09-15T18:56:25.735Z,8.6,291008,1,0,59.1
2026-09-15T18:56:30.772Z,8.6,291812,1,0,58.5
2026-09-15T18:56:35.811Z,8.6,297652,1,0,58.0
2026-09-15T18:56:40.842Z,8.6,299164,1,0,58.0
2026-09-15T18:56:45.873Z,8.6,313332,1,0,59.1
2026-09-15T18:56:50.904Z,8.6,313332,1,0,59.1
2026-09-15T18:56:55.941Z,8.6,313344,1,0,59.1
2026-09-15T18:57:00.979Z,8.6,313404,1,0,58.5
2026-09-15T18:57:06.018Z,8.6,297960,1,0,58.0
2026-09-15T18:57:11.048Z,8.6,298060,1,0,59.1
2026-09-15T18:57:16.082Z,8.6,298060,1,0,59.6
2026-09-15T18:57:21.116Z,8.6,298060,1,0,59.6
2026-09-15T18:57:26.159Z,8.6,299016,1,0,58.5
2026-09-15T18:57:31.198Z,8.6,291072,1,0,58.0
2026-09-15T18:57:36.230Z,8.6,291332,1,0,58.0
2026-09-15T18:57:41.261Z,8.6,291332,1,0,59.1
2026-09-15T18:57:46.304Z,8.6,291332,1,0,59.6
2026-09-15T18:57:51.336Z,8.6,291332,1,0,60.1
2026-09-15T18:57:56.367Z,8.6,305536,1,0,59.1
2026-09-15T18:58:01.405Z,8.6,305576,1,0,59.1
2026-09-15T18:58:06.443Z,8.6,312380,1,0,58.0
2026-09-15T18:58:11.480Z,8.6,297200,1,0,58.0
2026-09-15T18:58:16.512Z,8.6,297424,1,0,59.1
2026-09-15T18:58:21.543Z,8.6,297424,1,0,59.1
2026-09-15T18:58:26.581Z,8.5,297432,1,0,60.1
2026-09-15T18:58:31.618Z,8.6,297664,1,0,58.5
2026-09-15T18:58:36.656Z,8.6,298044,1,0,57.5
2026-09-15T18:58:41.687Z,8.6,299632,1,0,59.1
2026-09-15T18:58:46.719Z,8.6,299632,1,0,59.1
2026-09-15T18:58:51.756Z,8.5,299664,1,0,59.6
2026-09-15T18:58:56.794Z,8.6,279508,1,0,58.0
2026-09-15T18:59:01.834Z,8.6,282480,1,0,58.0
2026-09-15T18:59:06.866Z,8.6,294040,1,0,59.1
2026-09-15T18:59:11.897Z,8.6,294040,1,0,59.1
2026-09-15T18:59:16.928Z,8.6,308168,1,0,59.1
2026-09-15T18:59:21.965Z,8.6,312980,1,0,58.0
2026-09-15T18:59:27.003Z,8.6,300276,1,0,58.0
2026-09-15T18:59:32.034Z,8.6,300284,1,0,58.5
2026-09-15T18:59:37.066Z,8.6,300284,1,0,59.1
2026-09-15T18:59:42.097Z,8.6,300284,1,0,59.6
2026-09-15T18:59:47.132Z,8.6,300616,1,0,59.1
2026-09-15T18:59:52.169Z,8.6,303592,1,0,58.0
2026-09-15T18:59:57.201Z,8.6,309440,1,0,58.0
2026-09-15T19:00:02.232Z,8.6,309440,1,0,59.6
2026-09-15T19:00:07.262Z,8.6,309440,1,0,59.1
2026-09-15T19:00:12.298Z,8.6,294340,1,0,59.1
2026-09-15T19:00:17.335Z,8.6,294416,1,0,57.5
2026-09-15T19:00:22.374Z,8.6,297904,1,0,58.0
2026-09-15T19:00:27.406Z,8.6,298720,1,0,59.1
2026-09-15T19:00:32.437Z,8.6,301984,1,0,59.1
2026-09-15T19:00:37.468Z,8.6,301984,1,0,59.1
2026-09-15T19:00:42.505Z,8.5,305740,1,0,59.1
2026-09-15T19:00:47.545Z,8.6,310388,1,0,58.0
2026-09-15T19:00:52.583Z,8.6,317232,1,0,58.0
2026-09-15T19:00:57.614Z,8.6,319040,1,0,59.1
2026-09-15T19:01:02.644Z,8.6,321276,1,0,59.1
2026-09-15T19:01:07.685Z,8.6,321408,1,0,59.6
2026-09-15T19:01:12.723Z,8.6,312684,1,0,58.0
2026-09-15T19:01:17.763Z,8.6,313724,1,0,58.0
2026-09-15T19:01:22.794Z,8.6,283700,1,0,59.1
2026-09-15T19:01:27.825Z,8.6,283700,1,0,59.1
2026-09-15T19:01:32.855Z,8.6,287880,1,0,59.1
2026-09-15T19:01:37.892Z,8.5,287892,1,0,59.1
2026-09-15T19:01:42.932Z,8.6,292572,1,0,58.5
2026-09-15T19:01:47.969Z,8.6,292604,1,0,58.0
2026-09-15T19:01:53.001Z,8.6,295648,1,0,58.5
2026-09-15T19:01:58.031Z,8.6,295648,1,0,59.1
2026-09-15T19:02:03.069Z,8.5,299060,1,0,59.1
2026-09-15T19:02:08.108Z,8.6,302500,1,0,58.0
2026-09-15T19:02:13.147Z,8.6,308716,1,0,58.0
2026-09-15T19:02:18.178Z,8.6,285552,1,0,59.1
2026-09-15T19:02:23.209Z,8.6,285900,1,0,60.1
2026-09-15T19:02:28.240Z,8.6,285900,1,0,59.6
2026-09-15T19:02:33.278Z,8.6,289172,1,0,59.1
2026-09-15T19:02:38.316Z,8.6,289548,1,0,58.5
2026-09-15T19:02:43.353Z,8.6,301768,1,0,58.0
2026-09-15T19:02:48.384Z,8.6,301768,1,0,59.1
2026-09-15T19:02:53.416Z,8.6,317996,1,0,59.6
2026-09-15T19:02:58.458Z,8.6,318420,1,0,59.1
2026-09-15T19:03:03.496Z,8.6,335196,1,0,58.0
2026-09-15T19:03:08.533Z,8.6,316016,1,0,58.0
2026-09-15T19:03:13.564Z,8.6,332788,1,0,59.1
2026-09-15T19:03:18.595Z,8.6,332788,1,0,59.1
2026-09-15T19:03:23.632Z,8.5,332788,1,0,59.6
2026-09-15T19:03:28.670Z,8.6,333332,1,0,58.0
2026-09-15T19:03:33.709Z,8.6,333744,1,0,58.0
2026-09-15T19:03:38.740Z,8.6,317940,1,0,59.1
2026-09-15T19:03:43.771Z,8.6,317940,1,0,59.1
2026-09-15T19:03:48.808Z,8.6,317940,1,0,59.6
2026-09-15T19:03:53.847Z,8.6,319268,1,0,58.5
2026-09-15T19:03:58.886Z,8.6,320200,1,0,58.0
2026-09-15T19:04:03.918Z,8.6,308276,1,0,59.1
2026-09-15T19:04:08.949Z,8.6,308276,1,0,59.1
2026-09-15T19:04:13.988Z,8.6,308324,1,0,59.1
2026-09-15T19:04:19.025Z,8.6,309176,1,0,58.5
2026-09-15T19:04:24.063Z,8.6,323940,1,0,58.0
2026-09-15T19:04:29.095Z,8.6,311008,1,0,58.5
2026-09-15T19:04:34.126Z,8.6,315068,1,0,59.6
2026-09-15T19:04:39.162Z,8.6,315068,1,0,59.1
2026-09-15T19:04:44.199Z,8.6,315072,1,0,59.1
2026-09-15T19:04:49.236Z,8.6,315324,1,0,58.0
2026-09-15T19:04:54.268Z,8.6,315336,1,0,58.0
2026-09-15T19:04:59.299Z,8.6,315336,1,0,59.1
2026-09-15T19:05:04.329Z,8.6,315336,1,0,60.1
2026-09-15T19:05:09.368Z,8.5,315548,1,0,59.1
2026-09-15T19:05:14.406Z,8.6,306196,1,0,58.0
2026-09-15T19:05:19.444Z,8.6,308132,1,0,58.0
2026-09-15T19:05:24.475Z,8.6,308180,1,0,59.1
2026-09-15T19:05:29.507Z,8.6,310436,1,0,60.1
2026-09-15T19:05:34.538Z,8.5,310436,1,0,59.1
2026-09-15T19:05:39.575Z,8.6,290560,1,0,59.1
2026-09-15T19:05:44.615Z,8.6,290560,1,0,58.0
2026-09-15T19:05:49.647Z,8.6,294788,1,0,58.5
2026-09-15T19:05:54.678Z,8.6,294788,1,0,59.1
2026-09-15T19:05:59.716Z,8.5,298440,1,0,59.6
2026-09-15T19:06:04.755Z,8.6,277804,1,0,58.5
2026-09-15T19:06:09.793Z,8.6,283812,1,0,58.0
2026-09-15T19:06:14.824Z,8.6,283900,1,0,58.5
2026-09-15T19:06:19.855Z,8.6,288360,1,0,59.6
2026-09-15T19:06:24.886Z,8.6,288360,1,0,59.6
2026-09-15T19:06:29.924Z,8.6,291992,1,0,58.5
2026-09-15T19:06:34.961Z,8.6,292088,1,0,58.0
2026-09-15T19:06:39.998Z,8.6,266712,1,0,58.0
2026-09-15T19:06:45.040Z,8.6,266712,1,0,59.1
2026-09-15T19:06:50.072Z,8.6,271336,1,0,60.1
2026-09-15T19:06:55.103Z,8.5,271336,1,0,60.1
2026-09-15T19:07:00.139Z,8.5,277720,1,0,59.1
2026-09-15T19:07:05.176Z,8.6,279044,1,0,58.5
2026-09-15T19:07:10.208Z,8.6,254132,1,0,58.0
2026-09-15T19:07:15.239Z,8.6,254132,1,0,59.1
2026-09-15T19:07:20.270Z,8.5,259928,1,0,59.1
2026-09-15T19:07:25.307Z,8.5,259932,1,0,58.5
2026-09-15T19:07:30.346Z,8.6,266596,1,0,58.0
2026-09-15T19:07:35.379Z,8.6,268768,1,0,58.0
2026-09-15T19:07:40.410Z,8.6,272772,1,0,59.1
2026-09-15T19:07:45.440Z,8.5,272772,1,0,59.6
2026-09-15T19:07:50.476Z,8.6,287824,1,0,59.1
2026-09-15T19:07:55.512Z,8.6,271268,1,0,58.0
2026-09-15T19:08:00.546Z,8.6,287884,1,0,58.0
2026-09-15T19:08:05.576Z,8.6,287884,1,0,58.5
2026-09-15T19:08:10.607Z,8.6,304148,1,0,59.1
2026-09-15T19:08:15.644Z,8.5,304304,1,0,59.1
2026-09-15T19:08:20.682Z,8.6,317344,1,0,58.0
2026-09-15T19:08:25.719Z,8.6,317532,1,0,58.0
2026-09-15T19:08:30.749Z,8.6,317588,1,0,58.5
2026-09-15T19:08:35.780Z,8.6,317588,1,0,59.1
2026-09-15T19:08:40.811Z,8.5,317588,1,0,60.1
2026-09-15T19:08:45.849Z,8.5,317784,1,0,59.1
2026-09-15T19:08:50.885Z,8.6,318348,1,0,58.0
2026-09-15T19:08:55.923Z,8.6,321880,1,0,58.0
2026-09-15T19:09:00.954Z,8.6,322516,1,0,59.1
2026-09-15T19:09:05.984Z,8.6,322516,1,0,59.1
2026-09-15T19:09:11.014Z,8.5,322516,1,0,59.6
2026-09-15T19:09:16.051Z,8.6,317728,1,0,58.5
2026-09-15T19:09:21.088Z,8.6,321804,1,0,58.0
2026-09-15T19:09:26.119Z,8.6,322000,1,0,58.5
2026-09-15T19:09:31.150Z,8.6,326036,1,0,59.1
2026-09-15T19:09:36.181Z,8.5,326036,1,0,59.6
2026-09-15T19:09:41.218Z,8.5,326188,1,0,58.5
2026-09-15T19:09:46.255Z,8.6,330824,1,0,58.0
2026-09-15T19:09:51.285Z,8.6,324068,1,0,58.0
2026-09-15T19:09:56.316Z,8.6,324068,1,0,59.1
2026-09-15T19:10:01.347Z,8.5,324068,1,0,59.1
2026-09-15T19:10:06.381Z,8.5,324288,1,0,59.1
2026-09-15T19:10:11.419Z,8.6,324420,1,0,58.5
2026-09-15T19:10:16.456Z,8.6,324472,1,0,58.0
2026-09-15T19:10:21.488Z,8.6,324472,1,0,59.1
2026-09-15T19:10:26.519Z,8.5,324472,1,0,59.1
2026-09-15T19:10:31.555Z,8.5,307968,1,0,59.1
2026-09-15T19:10:36.593Z,8.6,318584,1,0,58.0
2026-09-15T19:10:41.631Z,8.6,319576,1,0,58.0
2026-09-15T19:10:46.663Z,8.6,329888,1,0,59.1
2026-09-15T19:10:51.694Z,8.6,329888,1,0,59.6
2026-09-15T19:10:56.724Z,8.5,329888,1,0,59.6
2026-09-15T19:11:01.762Z,8.5,320472,1,0,58.5
2026-09-15T19:11:06.799Z,8.6,322088,1,0,58.5
2026-09-15T19:11:11.831Z,8.6,291520,1,0,58.0
2026-09-15T19:11:16.862Z,8.6,291520,1,0,59.1
2026-09-15T19:11:21.895Z,8.5,291520,1,0,60.1
2026-09-15T19:11:26.956Z,8.5,291520,1,0,59.6
2026-09-15T19:11:31.986Z,8.5,291520,1,0,59.1
2026-09-15T19:11:37.023Z,8.5,291880,1,0,58.0
2026-09-15T19:11:42.059Z,8.5,297284,1,0,58.0
2026-09-15T19:11:47.091Z,8.5,298956,1,0,58.5
2026-09-15T19:11:52.122Z,8.5,298956,1,0,60.1
2026-09-15T19:11:57.153Z,8.5,298956,1,0,60.1
2026-09-15T19:12:02.198Z,8.5,299168,1,0,58.5
2026-09-15T19:12:07.234Z,8.5,299168,1,0,58.5
2026-09-15T19:12:12.266Z,8.6,299624,1,0,58.5
2026-09-15T19:12:17.296Z,8.5,299624,1,0,59.1
2026-09-15T19:12:22.327Z,8.5,299624,1,0,59.1
2026-09-15T19:12:27.365Z,8.5,285200,1,0,59.1
2026-09-15T19:12:32.403Z,8.5,285740,1,0,58.5
2026-09-15T19:12:37.436Z,8.6,287632,1,0,58.0
2026-09-15T19:12:42.467Z,8.5,287632,1,0,59.6
2026-09-15T19:12:47.498Z,8.5,289924,1,0,58.5
2026-09-15T19:12:52.535Z,8.5,290144,1,0,58.0
2026-09-15T19:12:57.574Z,8.5,290400,1,0,58.0
2026-09-15T19:13:02.605Z,8.6,290980,1,0,58.0
2026-09-15T19:13:07.635Z,8.5,293552,1,0,58.5
2026-09-15T19:13:12.666Z,8.5,293552,1,0,59.6
2026-09-15T19:13:17.703Z,8.5,297960,1,0,59.1
2026-09-15T19:13:22.741Z,8.5,270388,1,0,58.0
2026-09-15T19:13:27.772Z,8.6,273620,1,0,58.0
2026-09-15T19:13:32.802Z,8.5,273620,1,0,59.1
2026-09-15T19:13:37.833Z,8.5,276724,1,0,59.1
2026-09-15T19:13:42.870Z,8.5,276908,1,0,59.1
2026-09-15T19:13:47.906Z,8.5,284960,1,0,58.0
2026-09-15T19:13:52.945Z,8.6,263204,1,0,58.0
2026-09-15T19:13:57.975Z,8.5,267888,1,0,59.1
2026-09-15T19:14:03.006Z,8.5,267888,1,0,59.1
2026-09-15T19:14:08.042Z,8.5,274012,1,0,58.5
2026-09-15T19:14:13.079Z,8.5,274320,1,0,58.0
2026-09-15T19:14:18.115Z,8.6,278068,1,0,58.0
2026-09-15T19:14:23.146Z,8.5,278104,1,0,58.5
2026-09-15T19:14:28.177Z,8.5,282252,1,0,59.1
2026-09-15T19:14:33.214Z,8.5,282252,1,0,59.1
2026-09-15T19:14:38.251Z,8.5,265376,1,0,58.0
2026-09-15T19:14:43.289Z,8.6,265664,1,0,58.0
2026-09-15T19:14:48.321Z,8.6,268120,1,0,59.1
2026-09-15T19:14:53.352Z,8.5,268120,1,0,59.1
2026-09-15T19:14:58.382Z,8.5,273412,1,0,59.6
2026-09-15T19:15:03.421Z,8.5,273428,1,0,59.6
2026-09-15T19:15:08.458Z,8.5,275884,1,0,58.0
2026-09-15T19:15:13.496Z,8.6,296904,1,0,58.5
2026-09-15T19:15:18.527Z,8.6,299092,1,0,58.5
2026-09-15T19:15:23.558Z,8.5,315332,1,0,59.6
2026-09-15T19:15:28.595Z,8.5,306616,1,0,59.1
2026-09-15T19:15:33.641Z,8.5,323112,1,0,58.0
2026-09-15T19:15:38.685Z,8.6,323136,1,0,58.0
2026-09-15T19:15:43.717Z,8.6,339264,1,0,59.1
2026-09-15T19:15:48.747Z,8.5,339264,1,0,59.1
2026-09-15T19:15:53.778Z,8.5,353276,1,0,59.6
2026-09-15T19:15:58.815Z,8.5,354180,1,0,58.0
2026-09-15T19:16:03.852Z,8.6,340224,1,0,58.0
2026-09-15T19:16:08.883Z,8.6,340408,1,0,58.5
2026-09-15T19:16:13.915Z,8.5,340408,1,0,59.1
2026-09-15T19:16:18.946Z,8.5,340408,1,0,59.6
2026-09-15T19:16:23.983Z,8.5,340492,1,0,59.1
2026-09-15T19:16:29.023Z,8.5,343672,1,0,58.5
2026-09-15T19:16:34.062Z,8.6,329868,1,0,58.0
2026-09-15T19:16:39.093Z,8.6,329868,1,0,59.1
2026-09-15T19:16:44.124Z,8.5,329868,1,0,59.1
2026-09-15T19:16:49.166Z,8.5,329900,1,0,58.5
2026-09-15T19:16:54.203Z,8.5,332220,1,0,58.5
2026-09-15T19:16:59.242Z,8.6,320800,1,0,58.0
2026-09-15T19:17:04.274Z,8.6,322668,1,0,59.1
2026-09-15T19:17:09.304Z,8.5,322668,1,0,59.1
2026-09-15T19:17:14.341Z,8.5,326092,1,0,58.5
2026-09-15T19:17:19.377Z,8.6,326460,1,0,58.0
2026-09-15T19:17:24.415Z,8.6,330760,1,0,58.0
2026-09-15T19:17:29.446Z,8.6,330972,1,0,59.1
2026-09-15T19:17:34.477Z,8.5,333240,1,0,59.1
2026-09-15T19:17:39.513Z,8.5,334316,1,0,59.1
2026-09-15T19:17:44.550Z,8.6,320804,1,0,58.5
2026-09-15T19:17:49.587Z,8.6,321244,1,0,58.0
2026-09-15T19:17:54.618Z,8.6,322848,1,0,58.5
2026-09-15T19:17:59.650Z,8.5,322848,1,0,59.1
2026-09-15T19:18:04.681Z,8.5,324676,1,0,59.6
2026-09-15T19:18:09.719Z,8.5,326112,1,0,58.5
2026-09-15T19:18:14.756Z,8.6,311968,1,0,58.0
2026-09-15T19:18:19.791Z,8.6,312592,1,0,58.0
2026-09-15T19:18:24.822Z,8.6,316608,1,0,59.1
2026-09-15T19:18:29.853Z,8.5,316608,1,0,59.6
2026-09-15T19:18:34.890Z,8.5,317724,1,0,58.5
2026-09-15T19:18:39.927Z,8.6,295356,1,0,58.0
2026-09-15T19:18:44.959Z,8.6,299164,1,0,58.5
2026-09-15T19:18:49.990Z,8.6,299164,1,0,59.1
2026-09-15T19:18:55.021Z,8.5,300464,1,0,59.6
2026-09-15T19:19:00.060Z,8.5,300680,1,0,58.5
2026-09-15T19:19:05.098Z,8.6,304640,1,0,58.0
2026-09-15T19:19:10.135Z,8.6,306308,1,0,58.0
2026-09-15T19:19:15.166Z,8.6,313828,1,0,58.0
2026-09-15T19:19:20.197Z,8.5,313828,1,0,59.1
2026-09-15T19:19:25.237Z,8.5,308208,1,0,58.5
2026-09-15T19:19:30.275Z,8.6,310176,1,0,58.5
2026-09-15T19:19:35.313Z,8.6,318504,1,0,58.0
2026-09-15T19:19:40.344Z,8.6,319604,1,0,58.5
2026-09-15T19:19:45.374Z,8.5,333736,1,0,59.1
2026-09-15T19:19:50.404Z,8.5,333736,1,0,59.6
2026-09-15T19:19:55.442Z,8.5,327872,1,0,58.0
2026-09-15T19:20:00.481Z,8.6,328148,1,0,58.0
2026-09-15T19:20:05.512Z,8.6,328600,1,0,58.5
2026-09-15T19:20:10.543Z,8.6,340768,1,0,59.1
2026-09-15T19:20:15.574Z,8.5,340768,1,0,59.6
2026-09-15T19:20:20.613Z,8.5,341976,1,0,58.0
2026-09-15T19:20:25.651Z,8.6,323340,1,0,58.0
2026-09-15T19:20:30.682Z,8.6,324444,1,0,58.0
2026-09-15T19:20:35.720Z,8.6,324444,1,0,59.1
2026-09-15T19:20:40.750Z,8.5,324444,1,0,58.5
2026-09-15T19:20:45.781Z,8.5,324444,1,0,59.6
2026-09-15T19:20:50.820Z,8.5,324828,1,0,58.5
2026-09-15T19:20:55.861Z,8.5,306368,1,0,58.0
2026-09-15T19:21:00.892Z,8.6,308020,1,0,58.0
2026-09-15T19:21:05.924Z,8.5,308020,1,0,59.1
2026-09-15T19:21:10.958Z,8.5,311576,1,0,59.1
2026-09-15T19:21:15.990Z,8.5,311576,1,0,59.1
2026-09-15T19:21:21.028Z,8.5,316724,1,0,58.0
2026-09-15T19:21:26.067Z,8.5,319308,1,0,58.0
2026-09-15T19:21:31.099Z,8.6,327248,1,0,58.5
2026-09-15T19:21:36.130Z,8.5,327248,1,0,59.1
2026-09-15T19:21:41.160Z,8.5,331172,1,0,59.1
2026-09-15T19:21:46.205Z,8.5,333060,1,0,58.5
2026-09-15T19:21:51.242Z,8.5,312040,1,0,58.0
2026-09-15T19:21:56.282Z,8.6,312892,1,0,58.0
2026-09-15T19:22:01.314Z,8.6,315872,1,0,58.5
2026-09-15T19:22:06.345Z,8.5,315872,1,0,59.6
2026-09-15T19:22:11.375Z,8.5,318768,1,0,59.6
2026-09-15T19:22:16.415Z,8.5,319936,1,0,58.5
2026-09-15T19:22:21.452Z,8.5,302072,1,0,58.0
2026-09-15T19:22:26.489Z,8.6,302772,1,0,58.0
2026-09-15T19:22:31.520Z,8.5,309268,1,0,58.5
2026-09-15T19:22:36.551Z,8.5,309268,1,0,59.1
2026-09-15T19:22:41.589Z,8.5,313964,1,0,59.1
2026-09-15T19:22:46.627Z,8.5,269440,1,0,58.0
2026-09-15T19:22:51.664Z,8.6,274404,1,0,58.0
2026-09-15T19:22:56.695Z,8.6,261744,1,0,59.1
2026-09-15T19:23:01.727Z,8.5,268360,1,0,60.1
2026-09-15T19:23:06.758Z,8.5,268360,1,0,59.6
2026-09-15T19:23:11.796Z,8.5,272988,1,0,58.5
2026-09-15T19:23:16.837Z,8.5,273060,1,0,58.5
2026-09-15T19:23:21.874Z,8.6,279932,1,0,58.0
2026-09-15T19:23:26.906Z,8.5,279932,1,0,59.1
2026-09-15T19:23:31.937Z,8.5,296088,1,0,59.1
2026-09-15T19:23:36.973Z,8.5,296340,1,0,58.5
2026-09-15T19:23:42.016Z,8.5,288412,1,0,58.0
2026-09-15T19:23:47.054Z,8.6,289388,1,0,58.0
2026-09-15T19:23:52.086Z,8.5,305664,1,0,59.1
2026-09-15T19:23:57.116Z,8.5,305664,1,0,59.1
2026-09-15T19:24:02.155Z,8.5,321912,1,0,59.1
2026-09-15T19:24:07.193Z,8.5,321960,1,0,58.0
2026-09-15T19:24:12.234Z,8.5,318032,1,0,58.0
2026-09-15T19:24:17.266Z,8.5,318356,1,0,58.5
2026-09-15T19:24:22.296Z,8.5,334468,1,0,59.1
2026-09-15T19:24:27.327Z,8.5,334468,1,0,59.1
2026-09-15T19:24:32.367Z,8.5,350968,1,0,59.1
2026-09-15T19:24:37.406Z,8.5,353844,1,0,58.0
2026-09-15T19:24:42.443Z,8.6,359856,1,0,58.0
2026-09-15T19:24:47.474Z,8.5,361064,1,0,59.1
2026-09-15T19:24:52.505Z,8.5,361064,1,0,59.6
2026-09-15T19:24:57.542Z,8.5,362988,1,0,58.0
2026-09-15T19:25:02.579Z,8.5,349204,1,0,58.0
2026-09-15T19:25:07.618Z,8.6,350252,1,0,58.0
2026-09-15T19:25:12.648Z,8.5,350560,1,0,59.1
2026-09-15T19:25:17.679Z,8.5,350560,1,0,59.1
2026-09-15T19:25:22.714Z,8.5,350560,1,0,58.0
2026-09-15T19:25:27.751Z,8.5,337220,1,0,58.0
2026-09-15T19:25:32.789Z,8.6,337456,1,0,58.0
2026-09-15T19:25:37.821Z,8.6,340064,1,0,59.1
2026-09-15T19:25:42.852Z,8.5,340064,1,0,59.1
2026-09-15T19:25:47.888Z,8.5,343888,1,0,59.1
2026-09-15T19:25:52.928Z,8.5,343924,1,0,58.0
2026-09-15T19:25:57.964Z,8.6,351372,1,0,58.0
2026-09-15T19:26:02.995Z,8.6,352080,1,0,58.5
2026-09-15T19:26:08.026Z,8.5,355676,1,0,59.1
2026-09-15T19:26:13.064Z,8.5,355968,1,0,59.1
2026-09-15T19:26:18.101Z,8.5,336372,1,0,58.5
2026-09-15T19:26:23.138Z,8.6,336628,1,0,58.0
2026-09-15T19:26:28.170Z,8.6,341264,1,0,58.0
2026-09-15T19:26:33.200Z,8.5,341264,1,0,59.1
2026-09-15T19:26:38.231Z,8.5,343096,1,0,59.6
2026-09-15T19:26:43.269Z,8.5,343104,1,0,59.1
2026-09-15T19:26:48.305Z,8.5,328188,1,0,58.0
2026-09-15T19:26:53.340Z,8.6,328664,1,0,58.0
2026-09-15T19:26:58.371Z,8.5,334120,1,0,59.1
2026-09-15T19:27:03.402Z,8.5,334120,1,0,59.6
2026-09-15T19:27:08.440Z,8.5,338088,1,0,59.1
2026-09-15T19:27:13.476Z,8.5,338920,1,0,58.0
2026-09-15T19:27:18.514Z,8.6,309108,1,0,58.0
2026-09-15T19:27:23.545Z,8.5,309220,1,0,59.1
2026-09-15T19:27:28.576Z,8.5,312908,1,0,59.1
2026-09-15T19:27:33.607Z,8.5,312908,1,0,60.1
2026-09-15T19:27:38.645Z,8.5,316556,1,0,59.1
2026-09-15T19:27:43.692Z,8.5,318192,1,0,58.0
2026-09-15T19:27:48.724Z,8.6,326252,1,0,58.0
2026-09-15T19:27:53.755Z,8.5,326252,1,0,59.1
2026-09-15T19:27:58.788Z,8.5,338856,1,0,59.1
2026-09-15T19:28:03.827Z,8.5,341744,1,0,59.1
2026-09-15T19:28:08.865Z,8.5,324648,1,0,58.0
2026-09-15T19:28:13.900Z,8.6,325056,1,0,58.0
2026-09-15T19:28:18.931Z,8.5,341260,1,0,59.1
2026-09-15T19:28:23.963Z,8.5,341260,1,0,59.6
2026-09-15T19:28:29.001Z,8.5,351636,1,0,58.5
2026-09-15T19:28:34.038Z,8.5,354556,1,0,58.0
2026-09-15T19:28:39.076Z,8.6,350544,1,0,58.0
2026-09-15T19:28:44.107Z,8.5,350552,1,0,59.1
2026-09-15T19:28:49.137Z,8.5,354612,1,0,59.1
2026-09-15T19:28:54.175Z,8.5,354644,1,0,59.1
2026-09-15T19:28:59.212Z,8.5,354692,1,0,58.0
2026-09-15T19:29:04.252Z,8.6,356376,1,0,58.0
2026-09-15T19:29:09.283Z,8.6,357796,1,0,59.1
2026-09-15T19:29:14.314Z,8.5,357796,1,0,59.6
2026-09-15T19:29:19.346Z,8.5,357796,1,0,59.6
2026-09-15T19:29:24.384Z,8.5,360880,1,0,59.1
2026-09-15T19:29:29.423Z,8.5,366516,1,0,58.0
2026-09-15T19:29:34.462Z,8.6,356152,1,0,58.0
2026-09-15T19:29:39.493Z,8.5,357104,1,0,59.1
2026-09-15T19:29:44.524Z,8.5,357104,1,0,59.6
2026-09-15T19:29:49.557Z,8.5,357868,1,0,59.1
2026-09-15T19:29:54.595Z,8.5,357964,1,0,59.1
2026-09-15T19:29:59.631Z,8.5,359508,1,0,58.0
2026-09-15T19:30:04.669Z,8.6,359612,1,0,58.0
2026-09-15T19:30:09.721Z,8.5,360776,1,0,59.1
2026-09-15T19:30:14.752Z,8.5,361012,1,0,59.6
2026-09-15T19:30:19.789Z,8.5,362624,1,0,59.1
2026-09-15T19:30:24.828Z,8.5,367276,1,0,58.0
2026-09-15T19:30:29.866Z,8.6,371284,1,0,58.0
2026-09-15T19:30:34.897Z,8.5,361604,1,0,58.5
2026-09-15T19:30:39.928Z,8.5,361604,1,0,59.1
2026-09-15T19:30:44.968Z,8.5,361752,1,0,59.1
2026-09-15T19:30:50.005Z,8.5,362620,1,0,58.0
2026-09-15T19:30:55.043Z,8.6,363332,1,0,58.0
2026-09-15T19:31:00.074Z,8.6,363384,1,0,58.5
2026-09-15T19:31:05.105Z,8.5,363424,1,0,60.1
2026-09-15T19:31:10.136Z,8.5,363424,1,0,59.1
2026-09-15T19:31:15.174Z,8.5,347772,1,0,58.5
2026-09-15T19:31:20.212Z,8.5,347980,1,0,58.0
2026-09-15T19:31:25.249Z,8.6,348220,1,0,58.0
2026-09-15T19:31:30.280Z,8.5,348228,1,0,59.1
2026-09-15T19:31:35.311Z,8.5,348524,1,0,60.1
2026-09-15T19:31:40.350Z,8.5,348536,1,0,58.5
2026-09-15T19:31:45.387Z,8.5,349956,1,0,58.5
2026-09-15T19:31:50.426Z,8.6,345052,1,0,58.0
2026-09-15T19:31:55.457Z,8.6,345900,1,0,59.1
2026-09-15T19:32:00.488Z,8.5,345900,1,0,59.6
2026-09-15T19:32:05.520Z,8.5,352104,1,0,59.1
2026-09-15T19:32:10.557Z,8.5,352252,1,0,58.5
2026-09-15T19:32:15.595Z,8.6,358580,1,0,58.0
2026-09-15T19:32:20.627Z,8.6,339404,1,0,58.5
2026-09-15T19:32:25.657Z,8.6,355656,1,0,59.1
2026-09-15T19:32:30.690Z,8.5,355656,1,0,59.6
2026-09-15T19:32:35.727Z,8.5,364552,1,0,58.5
2026-09-15T19:32:40.765Z,8.6,365528,1,0,58.0
2026-09-15T19:32:45.796Z,8.6,346780,1,0,58.5
2026-09-15T19:32:50.826Z,8.6,346780,1,0,59.1
2026-09-15T19:32:55.857Z,8.5,347768,1,0,60.1
2026-09-15T19:33:00.895Z,8.5,347876,1,0,59.1
2026-09-15T19:33:05.933Z,8.5,349372,1,0,58.0
2026-09-15T19:33:10.971Z,8.6,336840,1,0,58.5
2026-09-15T19:33:16.002Z,8.6,336840,1,0,58.5
2026-09-15T19:33:21.032Z,8.5,336840,1,0,59.1
2026-09-15T19:33:26.069Z,8.5,336844,1,0,59.1
2026-09-15T19:33:31.107Z,8.5,336900,1,0,58.0
2026-09-15T19:33:36.144Z,8.6,337592,1,0,58.0
2026-09-15T19:33:41.176Z,8.6,337820,1,0,58.5
2026-09-15T19:33:46.208Z,8.5,339164,1,0,59.6
2026-09-15T19:33:51.239Z,8.5,339164,1,0,59.6
2026-09-15T19:33:56.274Z,8.5,340580,1,0,59.6
2026-09-15T19:34:01.313Z,8.5,332988,1,0,58.0
2026-09-15T19:34:06.353Z,8.6,334896,1,0,58.5
2026-09-15T19:34:11.385Z,8.6,335600,1,0,59.1
2026-09-15T19:34:16.416Z,8.5,336868,1,0,59.1
2026-09-15T19:34:21.448Z,8.5,336868,1,0,59.1
2026-09-15T19:34:26.485Z,8.5,320720,1,0,58.0
2026-09-15T19:34:31.524Z,8.5,320720,1,0,58.0
2026-09-15T19:34:36.554Z,8.6,322212,1,0,58.5
2026-09-15T19:34:41.585Z,8.5,322212,1,0,59.1
2026-09-15T19:34:46.615Z,8.5,323548,1,0,59.1
2026-09-15T19:34:51.652Z,8.5,323744,1,0,58.5
2026-09-15T19:34:56.688Z,8.5,327152,1,0,58.0
2026-09-15T19:35:01.725Z,8.6,314560,1,0,58.0
2026-09-15T19:35:06.756Z,8.5,315928,1,0,59.1
2026-09-15T19:35:11.788Z,8.5,315928,1,0,59.1
2026-09-15T19:35:16.819Z,8.5,315928,1,0,59.1
2026-09-15T19:35:21.856Z,8.5,317640,1,0,58.0
2026-09-15T19:35:26.894Z,8.5,317764,1,0,58.0
2026-09-15T19:35:31.925Z,8.5,319752,1,0,59.1
2026-09-15T19:35:36.956Z,8.5,319752,1,0,59.1
2026-09-15T19:35:41.990Z,8.5,322392,1,0,59.1
2026-09-15T19:35:47.025Z,8.5,322428,1,0,59.1
2026-09-15T19:35:52.062Z,8.5,307304,1,0,58.0
2026-09-15T19:35:57.098Z,8.5,308508,1,0,58.0
2026-09-15T19:36:02.129Z,8.5,320392,1,0,58.5
2026-09-15T19:36:07.160Z,8.5,320392,1,0,59.1
2026-09-15T19:36:12.197Z,8.5,311916,1,0,59.1
2026-09-15T19:36:17.235Z,8.5,311936,1,0,58.0
2026-09-15T19:36:22.271Z,8.5,328376,1,0,58.5
2026-09-15T19:36:27.302Z,8.5,328404,1,0,59.1
2026-09-15T19:36:32.332Z,8.5,342548,1,0,59.1
2026-09-15T19:36:37.366Z,8.5,342548,1,0,59.1
2026-09-15T19:36:42.403Z,8.5,357652,1,0,58.5
2026-09-15T19:36:47.442Z,8.5,335288,1,0,58.5
2026-09-15T19:36:52.473Z,8.5,349556,1,0,58.5
2026-09-15T19:36:57.503Z,8.5,349556,1,0,59.1
2026-09-15T19:37:02.536Z,8.5,350520,1,0,60.1
2026-09-15T19:37:07.574Z,8.5,353088,1,0,58.0
2026-09-15T19:37:12.611Z,8.5,350108,1,0,58.0
2026-09-15T19:37:17.642Z,8.5,351084,1,0,58.0
2026-09-15T19:37:22.672Z,8.5,351084,1,0,59.1
2026-09-15T19:37:27.702Z,8.5,351084,1,0,59.1
2026-09-15T19:37:32.738Z,8.5,323260,1,0,58.0
2026-09-15T19:37:37.801Z,8.5,324188,1,0,58.5
2026-09-15T19:37:42.832Z,8.6,325004,1,0,58.0
2026-09-15T19:37:47.869Z,8.5,325004,1,0,59.1
2026-09-15T19:37:52.900Z,8.5,328480,1,0,59.6
2026-09-15T19:37:57.931Z,8.5,328480,1,0,59.1
2026-09-15T19:38:02.969Z,8.5,311720,1,0,58.0
2026-09-15T19:38:08.007Z,8.5,311856,1,0,58.0
2026-09-15T19:38:13.038Z,8.5,316496,1,0,58.5
2026-09-15T19:38:18.069Z,8.5,316496,1,0,59.1
2026-09-15T19:38:23.099Z,8.5,320648,1,0,59.6
2026-09-15T19:38:28.135Z,8.5,320716,1,0,59.1
2026-09-15T19:38:33.174Z,8.5,300284,1,0,58.5
2026-09-15T19:38:38.212Z,8.5,301688,1,0,58.0
2026-09-15T19:38:43.243Z,8.5,306676,1,0,58.5
2026-09-15T19:38:48.275Z,8.5,306676,1,0,59.1
2026-09-15T19:38:53.315Z,8.5,311108,1,0,59.1
2026-09-15T19:38:58.352Z,8.5,311108,1,0,60.1
2026-09-15T19:39:03.391Z,8.5,291608,1,0,58.5
2026-09-15T19:39:08.429Z,8.5,266072,1,0,58.0
2026-09-15T19:39:13.460Z,8.5,272296,1,0,58.5
2026-09-15T19:39:18.490Z,8.5,272296,1,0,59.1
2026-09-15T19:39:23.521Z,8.5,277176,1,0,59.1
2026-09-15T19:39:28.557Z,8.5,277772,1,0,58.5
2026-09-15T19:39:33.595Z,8.5,283464,1,0,58.0
2026-09-15T19:39:38.625Z,8.5,247352,1,0,58.0
2026-09-15T19:39:43.655Z,8.5,253892,1,0,59.1
2026-09-15T19:39:48.687Z,8.5,253892,1,0,59.6
2026-09-15T19:39:53.726Z,8.5,262624,1,0,59.1
2026-09-15T19:39:58.763Z,8.5,262640,1,0,58.0
2026-09-15T19:40:03.796Z,8.5,270252,1,0,58.0
2026-09-15T19:40:08.827Z,8.5,270252,1,0,59.1
2026-09-15T19:40:13.873Z,8.5,286492,1,0,59.6
2026-09-15T19:40:18.911Z,8.5,287700,1,0,59.1
2026-09-15T19:40:23.948Z,8.5,292780,1,0,58.0
2026-09-15T19:40:28.985Z,8.5,278672,1,0,58.0
2026-09-15T19:40:34.016Z,8.5,278672,1,0,59.1
2026-09-15T19:40:39.046Z,8.5,294912,1,0,59.1
2026-09-15T19:40:44.084Z,8.5,294928,1,0,59.1
2026-09-15T19:40:49.122Z,8.5,312480,1,0,58.5
2026-09-15T19:40:54.159Z,8.5,300140,1,0,58.0
2026-09-15T19:40:59.191Z,8.5,316500,1,0,59.1
2026-09-15T19:41:04.222Z,8.5,316500,1,0,59.1
2026-09-15T19:41:09.253Z,8.5,332668,1,0,59.1
2026-09-15T19:41:14.289Z,8.5,332900,1,0,59.1
2026-09-15T19:41:19.326Z,8.5,345624,1,0,59.1
2026-09-15T19:41:24.364Z,8.5,322180,1,0,58.0
2026-09-15T19:41:29.395Z,8.5,322196,1,0,59.1
2026-09-15T19:41:34.429Z,8.5,322196,1,0,59.1
2026-09-15T19:41:39.467Z,8.5,322196,1,0,59.1
2026-09-15T19:41:44.504Z,8.5,325856,1,0,59.1
2026-09-15T19:41:49.540Z,8.5,316896,1,0,58.0
2026-09-15T19:41:54.570Z,8.5,317180,1,0,58.0
2026-09-15T19:41:59.601Z,8.5,317180,1,0,59.1
2026-09-15T19:42:04.632Z,8.5,317180,1,0,59.6
2026-09-15T19:42:09.670Z,8.5,317368,1,0,58.5
2026-09-15T19:42:14.707Z,8.5,319436,1,0,58.0
2026-09-15T19:42:19.738Z,8.5,311520,1,0,58.5
2026-09-15T19:42:24.769Z,8.5,311520,1,0,59.1
2026-09-15T19:42:29.801Z,8.5,311520,1,0,59.1
2026-09-15T19:42:34.838Z,8.5,312360,1,0,58.5
2026-09-15T19:42:39.875Z,8.5,313320,1,0,58.0
2026-09-15T19:42:44.906Z,8.5,296016,1,0,58.0
2026-09-15T19:42:49.937Z,8.5,296016,1,0,59.1
2026-09-15T19:42:54.967Z,8.5,296016,1,0,59.1
2026-09-15T19:43:00.005Z,8.5,296016,1,0,58.5
2026-09-15T19:43:05.043Z,8.5,296024,1,0,58.5
2026-09-15T19:43:10.079Z,8.5,297904,1,0,58.0
2026-09-15T19:43:15.110Z,8.5,298060,1,0,58.5
2026-09-15T19:43:20.140Z,8.5,302048,1,0,59.1
2026-09-15T19:43:25.177Z,8.5,302596,1,0,59.1
2026-09-15T19:43:30.214Z,8.5,312244,1,0,58.0
2026-09-15T19:43:35.251Z,8.5,284720,1,0,58.0
2026-09-15T19:43:40.282Z,8.5,289256,1,0,58.5
2026-09-15T19:43:45.312Z,8.5,289256,1,0,59.1
2026-09-15T19:43:50.350Z,8.5,293500,1,0,59.1
2026-09-15T19:43:55.388Z,8.5,296480,1,0,58.0
2026-09-15T19:44:00.426Z,8.5,305752,1,0,58.0
2026-09-15T19:44:05.457Z,8.5,307872,1,0,58.5
2026-09-15T19:44:10.488Z,8.5,310992,1,0,59.1
2026-09-15T19:44:15.530Z,8.5,279200,1,0,59.1
2026-09-15T19:44:20.568Z,8.5,284648,1,0,58.0
2026-09-15T19:44:25.606Z,8.5,285388,1,0,58.0
2026-09-15T19:44:30.637Z,8.5,289820,1,0,58.5
2026-09-15T19:44:35.668Z,8.5,289820,1,0,59.1
2026-09-15T19:44:40.699Z,8.5,293876,1,0,59.1
2026-09-15T19:44:45.737Z,8.5,281320,1,0,59.1
2026-09-15T19:44:50.774Z,8.5,283812,1,0,58.0
2026-09-15T19:44:55.811Z,8.5,283916,1,0,58.5
2026-09-15T19:45:00.843Z,8.5,286680,1,0,58.5
2026-09-15T19:45:05.875Z,8.5,286680,1,0,59.1
2026-09-15T19:45:10.907Z,8.5,290860,1,0,59.1
2026-09-15T19:45:15.945Z,8.5,270576,1,0,58.5
2026-09-15T19:45:20.983Z,8.5,271064,1,0,58.0
2026-09-15T19:45:26.014Z,8.5,274608,1,0,59.1
2026-09-15T19:45:31.044Z,8.5,274608,1,0,59.1
2026-09-15T19:45:36.075Z,8.5,279412,1,0,59.6
2026-09-15T19:45:41.112Z,8.5,280016,1,0,58.5
2026-09-15T19:45:46.149Z,8.5,266536,1,0,57.5
2026-09-15T19:45:51.181Z,8.5,267588,1,0,58.0
2026-09-15T19:45:56.212Z,8.5,283816,1,0,59.1
2026-09-15T19:46:01.242Z,8.5,283816,1,0,59.1
2026-09-15T19:46:06.280Z,8.5,300104,1,0,58.5
2026-09-15T19:46:11.321Z,8.5,306172,1,0,58.0
2026-09-15T19:46:16.356Z,8.5,319416,1,0,58.5
2026-09-15T19:46:21.387Z,8.5,319512,1,0,59.1
2026-09-15T19:46:26.418Z,8.5,335752,1,0,59.1
2026-09-15T19:46:31.456Z,8.5,335844,1,0,59.1
2026-09-15T19:46:36.495Z,8.5,350132,1,0,58.5
2026-09-15T19:46:41.534Z,8.5,350532,1,0,58.0
2026-09-15T19:46:46.566Z,8.5,351900,1,0,58.5
2026-09-15T19:46:51.597Z,8.5,351900,1,0,59.6
2026-09-15T19:46:56.634Z,8.5,353248,1,0,60.1
2026-09-15T19:47:01.673Z,8.5,343176,1,0,58.0
2026-09-15T19:47:06.709Z,8.5,343380,1,0,58.5
2026-09-15T19:47:11.741Z,8.5,343480,1,0,59.1
2026-09-15T19:47:16.772Z,8.5,343480,1,0,60.1
2026-09-15T19:47:21.803Z,8.5,343480,1,0,59.6
2026-09-15T19:47:26.840Z,8.5,343480,1,0,59.6
2026-09-15T19:47:31.877Z,8.5,345060,1,0,58.0
2026-09-15T19:47:36.918Z,8.5,352956,1,0,58.0
2026-09-15T19:47:41.950Z,8.5,355476,1,0,58.5
2026-09-15T19:47:46.981Z,8.5,358204,1,0,58.5
2026-09-15T19:47:52.017Z,8.5,359236,1,0,59.1
2026-09-15T19:47:57.054Z,8.5,346172,1,0,58.0
2026-09-15T19:48:02.091Z,8.5,346536,1,0,58.0
2026-09-15T19:48:07.123Z,8.5,348772,1,0,58.5
2026-09-15T19:48:12.153Z,8.5,348772,1,0,59.1
2026-09-15T19:48:17.191Z,8.5,351328,1,0,59.1
2026-09-15T19:48:22.227Z,8.5,332520,1,0,58.5
2026-09-15T19:48:27.265Z,8.5,336692,1,0,58.5
2026-09-15T19:48:32.297Z,8.5,336800,1,0,59.1
2026-09-15T19:48:37.327Z,8.5,339208,1,0,59.6
2026-09-15T19:48:42.365Z,8.5,339216,1,0,59.1
2026-09-15T19:48:47.403Z,8.5,341344,1,0,59.1
2026-09-15T19:48:52.441Z,8.5,320756,1,0,58.5
2026-09-15T19:48:57.471Z,8.5,322940,1,0,58.5
2026-09-15T19:49:02.502Z,8.5,322940,1,0,59.1
2026-09-15T19:49:07.533Z,8.5,324892,1,0,59.6
2026-09-15T19:49:12.571Z,8.5,325056,1,0,58.5
2026-09-15T19:49:17.610Z,8.5,327416,1,0,58.0
2026-09-15T19:49:22.640Z,8.5,314448,1,0,58.0
2026-09-15T19:49:27.671Z,8.5,316888,1,0,59.1
2026-09-15T19:49:32.702Z,8.5,316888,1,0,59.1
2026-09-15T19:49:37.741Z,8.5,319052,1,0,58.0
2026-09-15T19:49:42.779Z,8.5,319796,1,0,58.5
2026-09-15T19:49:47.816Z,8.5,305472,1,0,58.0
2026-09-15T19:49:52.848Z,8.5,305480,1,0,59.1
2026-09-15T19:49:57.879Z,8.5,316688,1,0,59.1
2026-09-15T19:50:02.916Z,8.5,316700,1,0,58.5
2026-09-15T19:50:07.952Z,8.5,326948,1,0,58.0
2026-09-15T19:50:12.990Z,8.5,327056,1,0,58.0
2026-09-15T19:50:18.036Z,8.5,342896,1,0,59.1
2026-09-15T19:50:23.067Z,8.5,342896,1,0,59.1
2026-09-15T19:50:28.104Z,8.5,314916,1,0,58.5
2026-09-15T19:50:33.141Z,8.5,331760,1,0,58.0
2026-09-15T19:50:38.179Z,8.5,332348,1,0,58.0
2026-09-15T19:50:43.211Z,8.5,349332,1,0,58.5
2026-09-15T19:50:48.267Z,8.5,349332,1,0,59.1
2026-09-15T19:50:53.299Z,8.5,353296,1,0,60.1
2026-09-15T19:50:58.330Z,8.5,353296,1,0,60.1
2026-09-15T19:51:03.366Z,8.5,343636,1,0,58.5
2026-09-15T19:51:08.403Z,8.5,344804,1,0,58.0
2026-09-15T19:51:13.434Z,8.5,345276,1,0,58.5
2026-09-15T19:51:18.468Z,8.5,345276,1,0,59.1
2026-09-15T19:51:23.498Z,8.5,345276,1,0,59.1
2026-09-15T19:51:28.535Z,8.5,332348,1,0,59.1
2026-09-15T19:51:33.574Z,8.5,332976,1,0,58.5
2026-09-15T19:51:38.605Z,8.5,333332,1,0,58.5
2026-09-15T19:51:43.635Z,8.5,333332,1,0,59.1
2026-09-15T19:51:48.666Z,8.5,333332,1,0,59.6
2026-09-15T19:51:53.703Z,8.5,339792,1,0,59.1
2026-09-15T19:51:58.739Z,8.5,333348,1,0,58.0
2026-09-15T19:52:03.771Z,8.5,333996,1,0,58.0
2026-09-15T19:52:08.803Z,8.5,333996,1,0,59.1
2026-09-15T19:52:13.834Z,8.5,333996,1,0,59.1
2026-09-15T19:52:18.871Z,8.5,334000,1,0,59.1
2026-09-15T19:52:23.909Z,8.5,313372,1,0,58.5
2026-09-15T19:52:28.947Z,8.5,313716,1,0,57.5
2026-09-15T19:52:33.980Z,8.5,313988,1,0,58.5
2026-09-15T19:52:39.011Z,8.5,313988,1,0,59.6
2026-09-15T19:52:44.043Z,8.5,313988,1,0,59.6
2026-09-15T19:52:49.080Z,8.5,314032,1,0,58.5
2026-09-15T19:52:54.119Z,8.5,317424,1,0,58.0
2026-09-15T19:52:59.150Z,8.5,321968,1,0,58.5
2026-09-15T19:53:04.182Z,8.5,325740,1,0,59.1
2026-09-15T19:53:09.213Z,8.5,325740,1,0,60.1
2026-09-15T19:53:14.250Z,8.5,329356,1,0,59.6
2026-09-15T19:53:19.289Z,8.5,307672,1,0,58.0
2026-09-15T19:53:24.327Z,8.5,311276,1,0,58.0
2026-09-15T19:53:29.359Z,8.5,311276,1,0,58.0
2026-09-15T19:53:34.390Z,8.5,315052,1,0,59.1
2026-09-15T19:53:39.421Z,8.5,315052,1,0,59.6
2026-09-15T19:53:44.459Z,8.5,319884,1,0,58.5
2026-09-15T19:53:49.498Z,8.5,323744,1,0,58.0
2026-09-15T19:53:54.541Z,8.5,330540,1,0,58.0
2026-09-15T19:53:59.572Z,8.5,330540,1,0,58.5
2026-09-15T19:54:04.603Z,8.5,332188,1,0,59.6
2026-09-15T19:54:09.637Z,8.5,332188,1,0,59.1
2026-09-15T19:54:14.674Z,8.5,314216,1,0,59.1
2026-09-15T19:54:19.713Z,8.5,314224,1,0,58.0
2026-09-15T19:54:24.750Z,8.5,317304,1,0,58.0
2026-09-15T19:54:29.780Z,8.5,317304,1,0,59.1
2026-09-15T19:54:34.811Z,8.5,321296,1,0,59.6
2026-09-15T19:54:39.848Z,8.5,321308,1,0,59.1
2026-09-15T19:54:44.885Z,8.5,324200,1,0,58.0
2026-09-15T19:54:49.921Z,8.5,325412,1,0,56.9
2026-09-15T19:54:54.954Z,8.5,328344,1,0,58.0
2026-09-15T19:54:59.985Z,8.5,328344,1,0,59.1
2026-09-15T19:55:05.015Z,8.5,331772,1,0,59.1
2026-09-15T19:55:10.052Z,8.5,298644,1,0,58.0
2026-09-15T19:55:15.087Z,8.5,313200,1,0,58.0
2026-09-15T19:55:20.118Z,8.5,291656,1,0,58.0
2026-09-15T19:55:25.148Z,8.5,291656,1,0,58.5
2026-09-15T19:55:30.178Z,8.5,307860,1,0,59.1
2026-09-15T19:55:35.213Z,8.5,307912,1,0,58.0
2026-09-15T19:55:40.255Z,8.5,325568,1,0,58.5
2026-09-15T19:55:45.286Z,8.5,328840,1,0,58.5
2026-09-15T19:55:50.317Z,8.5,342996,1,0,59.1
2026-09-15T19:55:55.350Z,8.5,342996,1,0,60.1
2026-09-15T19:56:00.386Z,8.5,353128,1,0,59.1
2026-09-15T19:56:05.427Z,8.5,348632,1,0,58.5
2026-09-15T19:56:10.464Z,8.5,351536,1,0,56.9
2026-09-15T19:56:15.494Z,8.5,351688,1,0,59.1
2026-09-15T19:56:20.528Z,8.5,351688,1,0,59.1
2026-09-15T19:56:25.566Z,8.5,351688,1,0,59.1
2026-09-15T19:56:30.602Z,8.5,351760,1,0,58.5
2026-09-15T19:56:35.639Z,8.5,352340,1,0,58.0
2026-09-15T19:56:40.669Z,8.5,341076,1,0,58.0
2026-09-15T19:56:45.700Z,8.5,341076,1,0,59.1
2026-09-15T19:56:50.733Z,8.5,342220,1,0,60.1
2026-09-15T19:56:55.770Z,8.5,342288,1,0,59.1
2026-09-15T19:57:00.807Z,8.5,345684,1,0,58.0
2026-09-15T19:57:05.845Z,8.5,328496,1,0,57.5
2026-09-15T19:57:10.876Z,8.5,330284,1,0,59.1
2026-09-15T19:57:15.907Z,8.5,330284,1,0,60.1
2026-09-15T19:57:20.944Z,8.5,332244,1,0,59.6
2026-09-15T19:57:25.981Z,8.5,332684,1,0,58.5
2026-09-15T19:57:31.019Z,8.5,334632,1,0,58.5
2026-09-15T19:57:36.050Z,8.5,336768,1,0,58.0
2026-09-15T19:57:41.082Z,8.5,340096,1,0,59.1
2026-09-15T19:57:46.113Z,8.5,340096,1,0,59.6
2026-09-15T19:57:51.150Z,8.5,345100,1,0,59.1
2026-09-15T19:57:56.190Z,8.5,319660,1,0,58.0
2026-09-15T19:58:01.221Z,8.5,320772,1,0,58.0
2026-09-15T19:58:06.251Z,8.5,320772,1,0,59.1
2026-09-15T19:58:11.283Z,8.5,321540,1,0,59.1
2026-09-15T19:58:16.314Z,8.5,321540,1,0,59.1
2026-09-15T19:58:21.354Z,8.5,321952,1,0,59.1
2026-09-15T19:58:26.393Z,8.5,326528,1,0,58.5
2026-09-15T19:58:31.431Z,8.5,331488,1,0,58.0
2026-09-15T19:58:36.461Z,8.5,332068,1,0,59.1
2026-09-15T19:58:41.492Z,8.5,332344,1,0,59.1
2026-09-15T19:58:46.523Z,8.5,332344,1,0,59.6
2026-09-15T19:58:51.561Z,8.5,334884,1,0,58.5
2026-09-15T19:58:56.600Z,8.5,326468,1,0,58.5
2026-09-15T19:59:01.638Z,8.5,327184,1,0,58.0
2026-09-15T19:59:06.670Z,8.5,327192,1,0,59.1
2026-09-15T19:59:11.701Z,8.5,331576,1,0,60.1
2026-09-15T19:59:16.737Z,8.5,331576,1,0,59.1
2026-09-15T19:59:21.774Z,8.5,347764,1,0,58.0
2026-09-15T19:59:26.812Z,8.5,350180,1,0,58.0
2026-09-15T19:59:31.842Z,8.5,353264,1,0,59.1
2026-09-15T19:59:36.873Z,8.5,353264,1,0,59.1
2026-09-15T19:59:41.910Z,8.5,367552,1,0,59.1
2026-09-15T19:59:46.947Z,8.5,367256,1,0,58.0
2026-09-15T19:59:51.985Z,8.5,373816,1,0,58.0
2026-09-15T19:59:57.015Z,8.5,373868,1,0,58.0
2026-09-15T20:00:02.045Z,8.5,373868,1,0,59.1
2026-09-15T20:00:07.075Z,8.5,373868,1,0,59.1
2026-09-15T20:00:12.114Z,8.5,374496,1,0,58.5
2026-09-15T20:00:17.154Z,8.5,363412,1,0,58.0
2026-09-15T20:00:22.184Z,8.5,363700,1,0,58.5
2026-09-15T20:00:27.215Z,8.5,363700,1,0,59.1
2026-09-15T20:00:32.246Z,8.5,363700,1,0,59.6
2026-09-15T20:00:37.283Z,8.5,363700,1,0,58.0
2026-09-15T20:00:42.321Z,8.5,363940,1,0,58.0
2026-09-15T20:00:47.352Z,8.5,364288,1,0,58.0
2026-09-15T20:00:52.383Z,8.5,364288,1,0,58.0
2026-09-15T20:00:57.414Z,8.5,364640,1,0,59.6
2026-09-15T20:01:02.453Z,8.5,345904,1,0,58.5
2026-09-15T20:01:07.490Z,8.5,348528,1,0,58.0
2026-09-15T20:01:12.522Z,8.5,349432,1,0,58.0
2026-09-15T20:01:17.554Z,8.5,350580,1,0,59.1
2026-09-15T20:01:22.585Z,8.5,350580,1,0,60.1
2026-09-15T20:01:27.622Z,8.5,330696,1,0,58.5
2026-09-15T20:01:32.659Z,8.5,331844,1,0,58.0
2026-09-15T20:01:37.690Z,8.5,333088,1,0,58.0
2026-09-15T20:01:42.721Z,8.5,333088,1,0,59.1
2026-09-15T20:01:47.751Z,8.5,333808,1,0,59.1
2026-09-15T20:01:52.789Z,8.5,333940,1,0,59.1
2026-09-15T20:01:57.828Z,8.5,315132,1,0,58.5
2026-09-15T20:02:02.865Z,8.5,315316,1,0,58.0
2026-09-15T20:02:07.897Z,8.5,317744,1,0,58.0
2026-09-15T20:02:12.928Z,8.5,317744,1,0,60.1
2026-09-15T20:02:17.965Z,8.5,323612,1,0,59.1
2026-09-15T20:02:23.005Z,8.5,327132,1,0,58.5
2026-09-15T20:02:28.043Z,8.5,315888,1,0,58.0
2026-09-15T20:02:33.074Z,8.5,315952,1,0,58.5
2026-09-15T20:02:38.106Z,8.5,318592,1,0,59.1
2026-09-15T20:02:43.137Z,8.5,318592,1,0,59.1
2026-09-15T20:02:48.175Z,8.5,318908,1,0,58.5
2026-09-15T20:02:53.213Z,8.5,319368,1,0,58.0
2026-09-15T20:02:58.244Z,8.5,320552,1,0,58.0
2026-09-15T20:03:03.274Z,8.5,320552,1,0,58.5
2026-09-15T20:03:08.306Z,8.5,331592,1,0,59.1
2026-09-15T20:03:13.345Z,8.5,331660,1,0,59.1
2026-09-15T20:03:18.382Z,8.5,323368,1,0,58.0
2026-09-15T20:03:23.421Z,8.5,323536,1,0,58.0
2026-09-15T20:03:28.453Z,8.5,339744,1,0,59.1
2026-09-15T20:03:33.484Z,8.5,339744,1,0,60.1
2026-09-15T20:03:38.516Z,8.5,355816,1,0,60.1
2026-09-15T20:03:43.557Z,8.5,357808,1,0,58.5
2026-09-15T20:03:48.594Z,8.5,359956,1,0,58.0
2026-09-15T20:03:53.624Z,8.5,360612,1,0,58.5
2026-09-15T20:03:58.655Z,8.5,360612,1,0,59.1
2026-09-15T20:04:03.685Z,8.5,360612,1,0,59.1
2026-09-15T20:04:08.724Z,8.5,360976,1,0,58.0
2026-09-15T20:04:13.761Z,8.5,352668,1,0,57.5
2026-09-15T20:04:18.794Z,8.5,352684,1,0,58.5
2026-09-15T20:04:23.825Z,8.5,352684,1,0,59.1
2026-09-15T20:04:28.855Z,8.5,352684,1,0,59.1
2026-09-15T20:04:33.887Z,8.5,352684,1,0,59.1
2026-09-15T20:04:38.926Z,8.5,353664,1,0,58.5
2026-09-15T20:04:43.964Z,8.5,353852,1,0,58.0
2026-09-15T20:04:48.996Z,8.5,354884,1,0,58.0
2026-09-15T20:04:54.026Z,8.5,354884,1,0,58.5
2026-09-15T20:04:59.057Z,8.5,356272,1,0,59.6
2026-09-15T20:05:04.094Z,8.5,339680,1,0,58.5
2026-09-15T20:05:09.132Z,8.5,342860,1,0,58.0
2026-09-15T20:05:14.163Z,8.5,343400,1,0,58.5
2026-09-15T20:05:19.194Z,8.5,345620,1,0,59.1
2026-09-15T20:05:24.225Z,8.5,345620,1,0,59.1
2026-09-15T20:05:29.263Z,8.5,345692,1,0,58.5
2026-09-15T20:05:34.300Z,8.5,322592,1,0,58.0
2026-09-15T20:05:39.332Z,8.5,322792,1,0,58.5
2026-09-15T20:05:44.362Z,8.5,325016,1,0,59.1
2026-09-15T20:05:49.393Z,8.5,325016,1,0,59.1
2026-09-15T20:05:54.432Z,8.5,326888,1,0,58.0
2026-09-15T20:05:59.468Z,8.5,314376,1,0,58.0
2026-09-15T20:06:04.507Z,8.5,318564,1,0,58.0
2026-09-15T20:06:09.538Z,8.5,318628,1,0,59.1
2026-09-15T20:06:14.572Z,8.5,320284,1,0,59.1
2026-09-15T20:06:19.609Z,8.5,320880,1,0,59.1
2026-09-15T20:06:24.649Z,8.5,291036,1,0,58.0
2026-09-15T20:06:29.689Z,8.5,291452,1,0,58.0
2026-09-15T20:06:34.720Z,8.5,295560,1,0,58.0
2026-09-15T20:06:39.751Z,8.5,295560,1,0,59.1
2026-09-15T20:06:44.788Z,8.5,299640,1,0,59.1
2026-09-15T20:06:49.827Z,8.5,300328,1,0,58.0
2026-09-15T20:06:54.865Z,8.5,304452,1,0,58.0
2026-09-15T20:06:59.896Z,8.5,286856,1,0,58.0
2026-09-15T20:07:04.927Z,8.5,299184,1,0,60.1
2026-09-15T20:07:09.965Z,8.5,299260,1,0,59.1
2026-09-15T20:07:15.003Z,8.5,316128,1,0,58.0
2026-09-15T20:07:20.041Z,8.5,316756,1,0,58.0
2026-09-15T20:07:25.072Z,8.5,333036,1,0,58.5
2026-09-15T20:07:30.103Z,8.5,333036,1,0,59.1
2026-09-15T20:07:35.135Z,8.5,347156,1,0,59.6
2026-09-15T20:07:40.173Z,8.5,347216,1,0,59.1
2026-09-15T20:07:45.210Z,8.5,353220,1,0,58.5
2026-09-15T20:07:50.250Z,8.5,353232,1,0,58.0
2026-09-15T20:07:55.281Z,8.5,353252,1,0,59.1
2026-09-15T20:08:00.311Z,8.5,353252,1,0,59.6
2026-09-15T20:08:05.345Z,8.5,353252,1,0,59.1
2026-09-15T20:08:10.382Z,8.5,353780,1,0,58.0
2026-09-15T20:08:15.420Z,8.5,348208,1,0,58.0
2026-09-15T20:08:20.452Z,8.5,348784,1,0,58.0
2026-09-15T20:08:25.483Z,8.5,348784,1,0,60.1
2026-09-15T20:08:30.513Z,8.5,348784,1,0,59.6
2026-09-15T20:08:35.552Z,8.5,348792,1,0,59.1
2026-09-15T20:08:40.594Z,8.5,325020,1,0,58.0
2026-09-15T20:08:45.630Z,8.5,325776,1,0,58.0
2026-09-15T20:08:50.662Z,8.5,326032,1,0,58.5
2026-09-15T20:08:55.693Z,8.5,340128,1,0,59.1
2026-09-15T20:09:00.728Z,8.5,340128,1,0,60.1
2026-09-15T20:09:05.766Z,8.5,342164,1,0,59.1
2026-09-15T20:09:10.803Z,8.5,333604,1,0,58.5
2026-09-15T20:09:15.843Z,8.5,334696,1,0,58.0
2026-09-15T20:09:20.874Z,8.5,335024,1,0,59.1
2026-09-15T20:09:25.905Z,8.5,335024,1,0,59.1
2026-09-15T20:09:30.936Z,8.5,335024,1,0,60.1
2026-09-15T20:09:35.973Z,8.5,335552,1,0,59.1
2026-09-15T20:09:41.012Z,8.5,317740,1,0,58.0
2026-09-15T20:09:46.050Z,8.5,319076,1,0,58.0
2026-09-15T20:09:51.082Z,8.5,304528,1,0,59.1
2026-09-15T20:09:56.113Z,8.5,307632,1,0,59.6
2026-09-15T20:10:01.146Z,8.5,307632,1,0,59.6
2026-09-15T20:10:06.184Z,8.5,312056,1,0,58.5
2026-09-15T20:10:11.223Z,8.5,312076,1,0,58.0
2026-09-15T20:10:16.254Z,8.5,316812,1,0,58.0
2026-09-15T20:10:21.285Z,8.5,316812,1,0,59.1
2026-09-15T20:10:26.318Z,8.5,316812,1,0,59.1
2026-09-15T20:10:31.355Z,8.5,321124,1,0,58.5
2026-09-15T20:10:36.392Z,8.5,322020,1,0,58.0
2026-09-15T20:10:41.427Z,8.5,293336,1,0,58.0
2026-09-15T20:10:46.460Z,8.5,293344,1,0,59.1
2026-09-15T20:10:51.491Z,8.5,296292,1,0,59.1
2026-09-15T20:10:56.528Z,8.5,296400,1,0,58.5
2026-09-15T20:11:01.566Z,8.5,303520,1,0,58.0
2026-09-15T20:11:06.604Z,8.5,281960,1,0,58.0
2026-09-15T20:11:11.635Z,8.5,285764,1,0,59.1
2026-09-15T20:11:16.666Z,8.5,285764,1,0,59.6
2026-09-15T20:11:21.702Z,8.5,291760,1,0,58.5
2026-09-15T20:11:26.741Z,8.5,293336,1,0,58.0
2026-09-15T20:11:31.777Z,8.5,273808,1,0,58.5
2026-09-15T20:11:36.809Z,8.5,273816,1,0,59.1
2026-09-15T20:11:41.842Z,8.5,278484,1,0,60.1
2026-09-15T20:11:46.872Z,8.5,278484,1,0,60.1
2026-09-15T20:11:51.909Z,8.5,282392,1,0,59.1
2026-09-15T20:11:56.946Z,8.5,258096,1,0,58.5
2026-09-15T20:12:01.985Z,8.5,264032,1,0,58.0
2026-09-15T20:12:07.016Z,8.5,264312,1,0,59.6
2026-09-15T20:12:12.047Z,8.5,270400,1,0,59.6
2026-09-15T20:12:17.077Z,8.5,270400,1,0,59.1
2026-09-15T20:12:22.114Z,8.5,285776,1,0,58.5
2026-09-15T20:12:27.152Z,8.5,286456,1,0,58.0
2026-09-15T20:12:32.183Z,8.5,275752,1,0,58.0
2026-09-15T20:12:37.214Z,8.5,275752,1,0,59.1
2026-09-15T20:12:42.248Z,8.5,291980,1,0,59.6
2026-09-15T20:12:47.286Z,8.5,292244,1,0,59.1
2026-09-15T20:12:52.323Z,8.5,308904,1,0,58.0
2026-09-15T20:12:57.360Z,8.5,313692,1,0,57.5
2026-09-15T20:13:02.393Z,8.5,328840,1,0,59.1
2026-09-15T20:13:07.424Z,8.5,328840,1,0,60.1
2026-09-15T20:13:12.454Z,8.5,328840,1,0,59.1
2026-09-15T20:13:17.491Z,8.5,320100,1,0,58.0
2026-09-15T20:13:22.529Z,8.5,297532,1,0,58.0
2026-09-15T20:13:27.559Z,8.5,298568,1,0,58.0
2026-09-15T20:13:32.591Z,8.5,298568,1,0,59.1
2026-09-15T20:13:37.621Z,8.5,298568,1,0,60.1
2026-09-15T20:13:42.659Z,8.5,298576,1,0,59.1
2026-09-15T20:13:47.695Z,8.5,300628,1,0,58.0
2026-09-15T20:13:52.734Z,8.5,306300,1,0,58.0
2026-09-15T20:13:57.765Z,8.5,308084,1,0,59.1
2026-09-15T20:14:02.795Z,8.5,308084,1,0,60.1
2026-09-15T20:14:07.833Z,8.5,296744,1,0,59.1
2026-09-15T20:14:12.871Z,8.5,311984,1,0,58.5
2026-09-15T20:14:17.909Z,8.5,298868,1,0,58.0
2026-09-15T20:14:22.941Z,8.5,315556,1,0,59.1
2026-09-15T20:14:27.971Z,8.5,315556,1,0,59.6
2026-09-15T20:14:33.009Z,8.5,315768,1,0,59.6
2026-09-15T20:14:38.047Z,8.5,317136,1,0,58.5
2026-09-15T20:14:43.084Z,8.5,307652,1,0,58.0
2026-09-15T20:14:48.116Z,8.5,307692,1,0,59.1
2026-09-15T20:14:53.147Z,8.5,307692,1,0,59.1
2026-09-15T20:14:58.186Z,8.5,307868,1,0,60.1
2026-09-15T20:15:03.223Z,8.5,279220,1,0,58.5
2026-09-15T20:15:08.259Z,8.5,279924,1,0,58.0
2026-09-15T20:15:13.290Z,8.5,280320,1,0,58.5
2026-09-15T20:15:18.321Z,8.5,280320,1,0,59.1
2026-09-15T20:15:23.352Z,8.5,284716,1,0,59.1
2026-09-15T20:15:28.389Z,8.5,284852,1,0,58.5
2026-09-15T20:15:33.426Z,8.5,290164,1,0,58.0
2026-09-15T20:15:38.457Z,8.5,275212,1,0,58.0
2026-09-15T20:15:43.488Z,8.5,275212,1,0,59.1
2026-09-15T20:15:48.519Z,8.5,280292,1,0,60.1
2026-09-15T20:15:53.556Z,8.5,280912,1,0,58.5
2026-09-15T20:15:58.594Z,8.5,286800,1,0,58.0
2026-09-15T20:16:03.625Z,8.5,264696,1,0,58.5
2026-09-15T20:16:08.657Z,8.5,270152,1,0,59.6
2026-09-15T20:16:13.688Z,8.5,270152,1,0,59.6
2026-09-15T20:16:18.721Z,8.5,274128,1,0,59.1
2026-09-15T20:16:23.758Z,8.5,274388,1,0,58.0
2026-09-15T20:16:28.796Z,8.5,280752,1,0,58.0
2026-09-15T20:16:33.829Z,8.5,281144,1,0,59.1
2026-09-15T20:16:38.861Z,8.5,286196,1,0,59.1
2026-09-15T20:16:43.899Z,8.5,286304,1,0,59.1
2026-09-15T20:16:48.938Z,8.5,297068,1,0,58.0
2026-09-15T20:16:53.976Z,8.5,267888,1,0,58.0
2026-09-15T20:16:59.007Z,8.5,271896,1,0,59.1
2026-09-15T20:17:04.039Z,8.5,271896,1,0,59.1
2026-09-15T20:17:09.075Z,8.5,276972,1,0,59.1
2026-09-15T20:17:14.114Z,8.5,277016,1,0,58.0
2026-09-15T20:17:19.154Z,8.5,281608,1,0,58.5
2026-09-15T20:17:24.185Z,8.5,283432,1,0,58.5
2026-09-15T20:17:29.216Z,8.5,288240,1,0,59.1
2026-09-15T20:17:34.247Z,8.5,288240,1,0,59.6
2026-09-15T20:17:39.283Z,8.5,261676,1,0,58.0
2026-09-15T20:17:44.323Z,8.5,262276,1,0,58.0
2026-09-15T20:17:49.360Z,8.5,275084,1,0,58.0
2026-09-15T20:17:54.391Z,8.5,275088,1,0,59.1
2026-09-15T20:17:59.423Z,8.5,291364,1,0,60.1
2026-09-15T20:18:04.460Z,8.5,291364,1,0,59.1
2026-09-15T20:18:09.497Z,8.5,307992,1,0,58.0
2026-09-15T20:18:14.534Z,8.5,305112,1,0,58.0
2026-09-15T20:18:19.565Z,8.5,322380,1,0,58.5
2026-09-15T20:18:24.596Z,8.5,322380,1,0,59.1
2026-09-15T20:18:29.627Z,8.5,328392,1,0,59.6
2026-09-15T20:18:34.664Z,8.5,328476,1,0,58.5
2026-09-15T20:18:39.701Z,8.5,328720,1,0,58.0
2026-09-15T20:18:44.733Z,8.5,328740,1,0,58.0
2026-09-15T20:18:49.763Z,8.5,328740,1,0,59.1
2026-09-15T20:18:54.795Z,8.5,328740,1,0,59.6
2026-09-15T20:18:59.834Z,8.5,310516,1,0,58.5
2026-09-15T20:19:04.872Z,8.5,310516,1,0,58.0
2026-09-15T20:19:09.903Z,8.5,312932,1,0,58.5
2026-09-15T20:19:14.935Z,8.5,312932,1,0,59.1
2026-09-15T20:19:19.966Z,8.5,312932,1,0,59.1
2026-09-15T20:19:25.004Z,8.5,316948,1,0,58.5
2026-09-15T20:19:30.044Z,8.5,330684,1,0,58.0
2026-09-15T20:19:35.075Z,8.5,335904,1,0,58.0
2026-09-15T20:19:40.106Z,8.5,339928,1,0,59.1
2026-09-15T20:19:45.137Z,8.5,339928,1,0,60.1
2026-09-15T20:19:50.175Z,8.5,330824,1,0,58.5
2026-09-15T20:19:55.213Z,8.5,332120,1,0,58.0
2026-09-15T20:20:00.245Z,8.5,315984,1,0,58.5
2026-09-15T20:20:05.276Z,8.5,315984,1,0,59.1
2026-09-15T20:20:10.307Z,8.5,315984,1,0,59.6
2026-09-15T20:20:15.344Z,8.5,316216,1,0,59.1
2026-09-15T20:20:20.381Z,8.5,316440,1,0,58.0
2026-09-15T20:20:25.420Z,8.5,314820,1,0,57.5
2026-09-15T20:20:30.452Z,8.5,315088,1,0,59.1
2026-09-15T20:20:35.483Z,8.5,315088,1,0,59.1
2026-09-15T20:20:40.520Z,8.5,315400,1,0,58.5
2026-09-15T20:20:45.556Z,8.5,325548,1,0,58.0
2026-09-15T20:20:50.594Z,8.5,325816,1,0,58.0
2026-09-15T20:20:55.627Z,8.5,331840,1,0,59.1
2026-09-15T20:21:00.658Z,8.5,331840,1,0,59.1
2026-09-15T20:21:05.696Z,8.5,331840,1,0,59.1
2026-09-15T20:21:10.733Z,8.5,321768,1,0,58.0
2026-09-15T20:21:15.769Z,8.5,322220,1,0,58.0
2026-09-15T20:21:20.800Z,8.5,322284,1,0,58.5
2026-09-15T20:21:25.832Z,8.5,322284,1,0,59.1
2026-09-15T20:21:30.863Z,8.5,322284,1,0,59.1
2026-09-15T20:21:35.900Z,8.5,322536,1,0,58.0
2026-09-15T20:21:40.945Z,8.5,324952,1,0,58.0
2026-09-15T20:21:45.977Z,8.5,312436,1,0,58.5
2026-09-15T20:21:51.009Z,8.5,312436,1,0,59.1
2026-09-15T20:21:56.041Z,8.5,314472,1,0,59.1
2026-09-15T20:22:01.072Z,8.5,314472,1,0,59.1
2026-09-15T20:22:06.109Z,8.5,317476,1,0,58.5
2026-09-15T20:22:11.145Z,8.5,317504,1,0,58.0
2026-09-15T20:22:16.177Z,8.5,321380,1,0,58.5
2026-09-15T20:22:21.208Z,8.5,321380,1,0,59.1
2026-09-15T20:22:26.238Z,8.5,324476,1,0,59.1
2026-09-15T20:22:31.275Z,8.5,327264,1,0,58.0
2026-09-15T20:22:36.313Z,8.5,334580,1,0,58.0
2026-09-15T20:22:41.345Z,8.5,314436,1,0,58.5
2026-09-15T20:22:46.375Z,8.5,316612,1,0,59.1
2026-09-15T20:22:51.407Z,8.5,316612,1,0,59.6
2026-09-15T20:22:56.438Z,8.5,318160,1,0,60.1
2026-09-15T20:23:01.474Z,8.5,318692,1,0,58.5
2026-09-15T20:23:06.511Z,8.5,322516,1,0,58.0
2026-09-15T20:23:11.542Z,8.5,322628,1,0,58.5
2026-09-15T20:23:16.573Z,8.5,324264,1,0,59.1
2026-09-15T20:23:21.603Z,8.5,324264,1,0,60.1
2026-09-15T20:23:26.640Z,8.5,326300,1,0,60.1
2026-09-15T20:23:31.678Z,8.5,301312,1,0,58.5
2026-09-15T20:23:36.717Z,8.5,304256,1,0,58.0
2026-09-15T20:23:41.748Z,8.5,304332,1,0,58.5
2026-09-15T20:23:46.779Z,8.5,306184,1,0,59.1
2026-09-15T20:23:51.816Z,8.5,306196,1,0,59.6
2026-09-15T20:23:56.852Z,8.5,313324,1,0,58.5
2026-09-15T20:24:01.896Z,8.5,297776,1,0,58.0
2026-09-15T20:24:06.927Z,8.5,309704,1,0,59.1
2026-09-15T20:24:11.958Z,8.5,309704,1,0,59.1
2026-09-15T20:24:16.989Z,8.5,325908,1,0,59.6
2026-09-15T20:24:22.028Z,8.5,326400,1,0,59.1
2026-09-15T20:24:27.067Z,8.5,340236,1,0,58.5
2026-09-15T20:24:32.104Z,8.5,341184,1,0,58.0
2026-09-15T20:24:37.136Z,8.5,345604,1,0,59.6
2026-09-15T20:24:42.168Z,8.5,345604,1,0,59.1
2026-09-15T20:24:47.201Z,8.5,345604,1,0,59.6
2026-09-15T20:24:52.232Z,8.5,345604,1,0,59.1
2026-09-15T20:24:57.263Z,8.5,345604,1,0,59.1
2026-09-15T20:25:02.300Z,8.5,318856,1,0,59.6
2026-09-15T20:25:07.341Z,8.5,319916,1,0,58.5
2026-09-15T20:25:12.377Z,8.5,296212,1,0,58.0
2026-09-15T20:25:17.408Z,8.5,296452,1,0,59.1
2026-09-15T20:25:22.439Z,8.5,296452,1,0,59.1
2026-09-15T20:25:27.475Z,8.5,296616,1,0,59.1
2026-09-15T20:25:32.514Z,8.5,296936,1,0,58.0
2026-09-15T20:25:37.551Z,8.5,290844,1,0,58.0
2026-09-15T20:25:42.582Z,8.5,301252,1,0,59.1
2026-09-15T20:25:47.613Z,8.5,301252,1,0,59.6
2026-09-15T20:25:52.646Z,8.5,307336,1,0,59.1
2026-09-15T20:25:57.684Z,8.5,307536,1,0,59.1
2026-09-15T20:26:02.723Z,8.5,307680,1,0,58.0
2026-09-15T20:26:07.761Z,8.5,308040,1,0,58.0
2026-09-15T20:26:12.793Z,8.5,308332,1,0,59.1
2026-09-15T20:26:17.824Z,8.5,308332,1,0,59.1
2026-09-15T20:26:22.861Z,8.5,310056,1,0,58.5
2026-09-15T20:26:27.900Z,8.5,305944,1,0,58.0
2026-09-15T20:26:32.938Z,8.5,306048,1,0,58.0
2026-09-15T20:26:37.969Z,8.5,306048,1,0,59.1
2026-09-15T20:26:43.002Z,8.5,307224,1,0,59.1
2026-09-15T20:26:48.040Z,8.5,307224,1,0,59.1
2026-09-15T20:26:53.077Z,8.5,309092,1,0,58.0
2026-09-15T20:26:58.115Z,8.5,310332,1,0,58.0
2026-09-15T20:27:03.146Z,8.5,313712,1,0,59.1
2026-09-15T20:27:08.177Z,8.5,313712,1,0,59.1
2026-09-15T20:27:13.214Z,8.5,316724,1,0,59.1
2026-09-15T20:27:18.251Z,8.5,307908,1,0,58.0
2026-09-15T20:27:23.289Z,8.5,310728,1,0,58.0
2026-09-15T20:27:28.321Z,8.5,311280,1,0,58.0
2026-09-15T20:27:33.352Z,8.5,313408,1,0,59.6
2026-09-15T20:27:38.383Z,8.5,313408,1,0,59.1
2026-09-15T20:27:43.422Z,8.5,316044,1,0,58.5
2026-09-15T20:27:48.461Z,8.5,293112,1,0,58.0
2026-09-15T20:27:53.494Z,8.5,298236,1,0,58.0
2026-09-15T20:27:58.525Z,8.5,298236,1,0,59.1
2026-09-15T20:28:03.556Z,8.5,302520,1,0,59.1
2026-09-15T20:28:08.587Z,8.5,302520,1,0,59.6
2026-09-15T20:28:13.624Z,8.5,282732,1,0,58.5
2026-09-15T20:28:18.840Z,8.5,283284,1,0,58.0
2026-09-15T20:28:23.871Z,8.5,288544,1,0,59.1
2026-09-15T20:28:28.902Z,8.5,288544,1,0,60.1
2026-09-15T20:28:33.933Z,8.5,295608,1,0,60.1
2026-09-15T20:28:38.970Z,8.5,256260,1,0,58.5
2026-09-15T20:28:44.009Z,8.5,261696,1,0,58.0
2026-09-15T20:28:49.041Z,8.5,262164,1,0,58.5
2026-09-15T20:28:54.073Z,8.5,266768,1,0,59.1
2026-09-15T20:28:59.104Z,8.5,266768,1,0,59.1
2026-09-15T20:29:04.142Z,8.5,278960,1,0,59.6
2026-09-15T20:29:09.180Z,8.5,284332,1,0,58.5
2026-09-15T20:29:14.220Z,8.5,304860,1,0,58.0
2026-09-15T20:29:19.251Z,8.5,291492,1,0,58.5
2026-09-15T20:29:24.282Z,8.5,307744,1,0,59.6
2026-09-15T20:29:29.321Z,8.5,307744,1,0,59.1
2026-09-15T20:29:34.358Z,8.5,323964,1,0,58.0
2026-09-15T20:29:39.395Z,8.5,328456,1,0,58.0
2026-09-15T20:29:44.427Z,8.5,331516,1,0,58.5
2026-09-15T20:29:49.458Z,8.5,331516,1,0,59.1
2026-09-15T20:29:54.488Z,8.5,331516,1,0,59.6
2026-09-15T20:29:59.525Z,8.5,335864,1,0,59.1
2026-09-15T20:30:04.565Z,8.5,341568,1,0,58.0
2026-09-15T20:30:09.601Z,8.5,327184,1,0,58.0
2026-09-15T20:30:14.632Z,8.5,327184,1,0,59.1
2026-09-15T20:30:19.662Z,8.5,327184,1,0,59.1
2026-09-15T20:30:24.698Z,8.5,327440,1,0,59.1
2026-09-15T20:30:29.735Z,8.5,327812,1,0,58.0
2026-09-15T20:30:34.772Z,8.5,333476,1,0,58.0
2026-09-15T20:30:39.803Z,8.5,334544,1,0,59.1
2026-09-15T20:30:44.834Z,8.5,334544,1,0,59.1
2026-09-15T20:30:49.870Z,8.5,328472,1,0,59.1
2026-09-15T20:30:54.907Z,8.5,329032,1,0,58.0
2026-09-15T20:30:59.944Z,8.5,338548,1,0,58.0
2026-09-15T20:31:04.975Z,8.5,339724,1,0,59.1
2026-09-15T20:31:10.006Z,8.5,339724,1,0,59.1
2026-09-15T20:31:15.045Z,8.5,332824,1,0,59.1
2026-09-15T20:31:20.082Z,8.5,330328,1,0,58.0
2026-09-15T20:31:25.120Z,8.5,330588,1,0,58.0
2026-09-15T20:31:30.152Z,8.5,330724,1,0,59.1
2026-09-15T20:31:35.184Z,8.5,330724,1,0,59.1
2026-09-15T20:31:40.214Z,8.5,330724,1,0,59.6
2026-09-15T20:31:45.252Z,8.5,333688,1,0,58.5
2026-09-15T20:31:50.291Z,8.5,331088,1,0,58.0
2026-09-15T20:31:55.322Z,8.5,331372,1,0,58.5
2026-09-15T20:32:00.352Z,8.5,337304,1,0,59.6
2026-09-15T20:32:05.386Z,8.5,337304,1,0,59.1
2026-09-15T20:32:10.419Z,8.5,337304,1,0,59.1
2026-09-15T20:32:15.458Z,8.5,337892,1,0,58.5
2026-09-15T20:32:20.495Z,8.5,329932,1,0,58.0
2026-09-15T20:32:25.536Z,8.5,329944,1,0,58.5
2026-09-15T20:32:30.567Z,8.5,329944,1,0,59.1
2026-09-15T20:32:35.598Z,8.5,329944,1,0,59.1
2026-09-15T20:32:40.637Z,8.5,329944,1,0,59.1
2026-09-15T20:32:45.675Z,8.5,330880,1,0,58.5
2026-09-15T20:32:50.713Z,8.5,301572,1,0,58.0
2026-09-15T20:32:55.744Z,8.5,301580,1,0,59.1
2026-09-15T20:33:00.775Z,8.5,304788,1,0,59.1
2026-09-15T20:33:05.807Z,8.5,304788,1,0,59.1
2026-09-15T20:33:10.843Z,8.5,307220,1,0,59.1
2026-09-15T20:33:15.882Z,8.5,308928,1,0,58.0
2026-09-15T20:33:20.921Z,8.5,316796,1,0,57.5
2026-09-15T20:33:25.952Z,8.5,316820,1,0,59.1
2026-09-15T20:33:30.983Z,8.5,319220,1,0,60.1
2026-09-15T20:33:36.021Z,8.5,319652,1,0,59.1
2026-09-15T20:33:41.058Z,8.5,299164,1,0,59.1
2026-09-15T20:33:46.097Z,8.5,300064,1,0,58.0
2026-09-15T20:33:51.128Z,8.5,303656,1,0,58.5
2026-09-15T20:33:56.159Z,8.5,303656,1,0,59.6
2026-09-15T20:34:01.197Z,8.5,306424,1,0,59.1
2026-09-15T20:34:06.234Z,8.5,292436,1,0,58.0
2026-09-15T20:34:11.271Z,8.5,295312,1,0,58.0
2026-09-15T20:34:16.303Z,8.5,295312,1,0,59.1
2026-09-15T20:34:21.333Z,8.5,298636,1,0,59.6
2026-09-15T20:34:26.364Z,8.5,298636,1,0,60.1
2026-09-15T20:34:31.401Z,8.5,300080,1,0,59.1
2026-09-15T20:34:36.438Z,8.5,302836,1,0,58.0
2026-09-15T20:34:41.476Z,8.5,309376,1,0,58.0
2026-09-15T20:34:46.507Z,8.5,309564,1,0,59.1
2026-09-15T20:34:51.538Z,8.5,311100,1,0,59.6
2026-09-15T20:34:56.575Z,8.5,300224,1,0,58.5
2026-09-15T20:35:01.613Z,8.5,302780,1,0,58.0
2026-09-15T20:35:06.653Z,8.5,303596,1,0,58.0
2026-09-15T20:35:11.683Z,8.5,305932,1,0,59.1
2026-09-15T20:35:16.715Z,8.5,305932,1,0,59.1
2026-09-15T20:35:21.754Z,8.5,298836,1,0,59.1
2026-09-15T20:35:26.791Z,8.5,299424,1,0,58.0
2026-09-15T20:35:31.829Z,8.5,316084,1,0,58.0
2026-09-15T20:35:36.861Z,8.5,316236,1,0,59.1
2026-09-15T20:35:41.921Z,8.5,332440,1,0,59.1
2026-09-15T20:35:46.963Z,8.5,332848,1,0,59.1
2026-09-15T20:35:52.000Z,8.5,327988,1,0,58.0
2026-09-15T20:35:57.038Z,8.5,342504,1,0,58.0
2026-09-15T20:36:02.069Z,8.5,342504,1,0,59.1
2026-09-15T20:36:07.103Z,8.5,342504,1,0,59.1
2026-09-15T20:36:12.142Z,8.5,342504,1,0,60.1
2026-09-15T20:36:17.179Z,8.5,325148,1,0,59.1
2026-09-15T20:36:22.217Z,8.5,325816,1,0,58.0
2026-09-15T20:36:27.248Z,8.5,326172,1,0,58.5
2026-09-15T20:36:32.279Z,8.5,326172,1,0,59.1
2026-09-15T20:36:37.317Z,8.5,326196,1,0,59.1
2026-09-15T20:36:42.355Z,8.5,328968,1,0,58.0
2026-09-15T20:36:47.395Z,8.5,322624,1,0,58.0
2026-09-15T20:36:52.426Z,8.5,322784,1,0,58.5
2026-09-15T20:36:57.456Z,8.5,322784,1,0,59.1
2026-09-15T20:37:02.487Z,8.5,322784,1,0,59.1
2026-09-15T20:37:07.525Z,8.5,335440,1,0,58.0
2026-09-15T20:37:12.563Z,8.5,335672,1,0,58.5
2026-09-15T20:37:17.595Z,8.5,319772,1,0,59.1
2026-09-15T20:37:22.626Z,8.5,319772,1,0,59.1
2026-09-15T20:37:27.657Z,8.5,319772,1,0,59.1
2026-09-15T20:37:32.696Z,8.5,319772,1,0,59.1
2026-09-15T20:37:37.733Z,8.5,321184,1,0,58.0
2026-09-15T20:37:42.771Z,8.5,311144,1,0,58.5
2026-09-15T20:37:47.803Z,8.5,312884,1,0,59.1
2026-09-15T20:37:52.834Z,8.5,312884,1,0,59.6
2026-09-15T20:37:57.865Z,8.5,312884,1,0,59.1
2026-09-15T20:38:02.902Z,8.5,312964,1,0,59.1
2026-09-15T20:38:07.941Z,8.5,315264,1,0,58.0
2026-09-15T20:38:12.980Z,8.5,293212,1,0,58.0
2026-09-15T20:38:18.013Z,8.5,296580,1,0,59.1
2026-09-15T20:38:23.043Z,8.5,296580,1,0,59.6
2026-09-15T20:38:28.074Z,8.5,300648,1,0,59.1
2026-09-15T20:38:33.111Z,8.5,300736,1,0,58.5
2026-09-15T20:38:38.150Z,8.5,305596,1,0,58.0
2026-09-15T20:38:43.180Z,8.5,308568,1,0,58.0
2026-09-15T20:38:48.211Z,8.5,311628,1,0,60.1
2026-09-15T20:38:53.242Z,8.5,311628,1,0,59.6
2026-09-15T20:38:58.278Z,8.5,317044,1,0,58.5
2026-09-15T20:39:03.314Z,8.5,299000,1,0,58.5
2026-09-15T20:39:08.345Z,8.5,303040,1,0,58.0
2026-09-15T20:39:13.377Z,8.5,303040,1,0,59.1
2026-09-15T20:39:18.408Z,8.5,306624,1,0,59.1
2026-09-15T20:39:23.443Z,8.5,306628,1,0,59.1
2026-09-15T20:39:28.485Z,8.5,310128,1,0,58.5
2026-09-15T20:39:33.522Z,8.5,310408,1,0,58.0
2026-09-15T20:39:38.554Z,8.5,293732,1,0,58.5
2026-09-15T20:39:43.584Z,8.5,293732,1,0,59.1
2026-09-15T20:39:48.621Z,8.5,297104,1,0,59.6
2026-09-15T20:39:53.657Z,8.5,297112,1,0,58.0
2026-09-15T20:39:58.695Z,8.5,300336,1,0,58.0
2026-09-15T20:40:03.730Z,8.5,300340,1,0,58.0
2026-09-15T20:40:08.759Z,8.5,302768,1,0,59.6
2026-09-15T20:40:13.789Z,8.5,302768,1,0,60.1
2026-09-15T20:40:18.824Z,8.5,307016,1,0,59.6
2026-09-15T20:40:23.863Z,8.5,307212,1,0,58.5
2026-09-15T20:40:28.899Z,8.5,323576,1,0,58.0
2026-09-15T20:40:33.932Z,8.5,299840,1,0,58.0
2026-09-15T20:40:38.963Z,8.5,316092,1,0,60.1
2026-09-15T20:40:43.994Z,8.5,316092,1,0,59.1
2026-09-15T20:40:49.034Z,8.5,317164,1,0,58.5
2026-09-15T20:40:54.072Z,8.5,333388,1,0,58.0
2026-09-15T20:40:59.103Z,8.5,333452,1,0,58.5
2026-09-15T20:41:04.134Z,8.5,347572,1,0,59.1
2026-09-15T20:41:09.165Z,8.5,347572,1,0,59.6
2026-09-15T20:41:14.204Z,8.5,347856,1,0,59.1
2026-09-15T20:41:19.239Z,8.5,340224,1,0,58.0
2026-09-15T20:41:24.279Z,8.5,340680,1,0,58.0
2026-09-15T20:41:29.311Z,8.5,340888,1,0,58.5
2026-09-15T20:41:34.345Z,8.5,340888,1,0,59.6
2026-09-15T20:41:39.377Z,8.5,340888,1,0,59.1
2026-09-15T20:41:44.415Z,8.5,341176,1,0,59.1
2026-09-15T20:41:49.454Z,8.5,342476,1,0,58.5
2026-09-15T20:41:54.491Z,8.5,328920,1,0,57.5
2026-09-15T20:41:59.523Z,8.5,329016,1,0,59.1
2026-09-15T20:42:04.554Z,8.5,329016,1,0,60.1
2026-09-15T20:42:09.585Z,8.5,329016,1,0,59.6
2026-09-15T20:42:14.623Z,8.5,343344,1,0,59.1
2026-09-15T20:42:19.661Z,8.5,343868,1,0,58.0
2026-09-15T20:42:24.691Z,8.5,350424,1,0,58.0
2026-09-15T20:42:29.721Z,8.5,350424,1,0,59.1
2026-09-15T20:42:34.754Z,8.5,350424,1,0,60.1
2026-09-15T20:42:39.790Z,8.5,339604,1,0,59.1
2026-09-15T20:42:44.828Z,8.5,340048,1,0,58.5
2026-09-15T20:42:49.867Z,8.5,340612,1,0,58.0
2026-09-15T20:42:54.899Z,8.5,340620,1,0,58.5
2026-09-15T20:42:59.952Z,8.5,340620,1,0,59.1
2026-09-15T20:43:04.990Z,8.5,340620,1,0,59.1
2026-09-15T20:43:10.032Z,8.5,340620,1,0,59.6
2026-09-15T20:43:15.062Z,8.5,341060,1,0,59.1
2026-09-15T20:43:20.097Z,8.5,341060,1,0,59.6
2026-09-15T20:43:25.155Z,8.5,330440,1,0,58.5
2026-09-15T20:43:30.191Z,8.5,330536,1,0,58.0
2026-09-15T20:43:35.222Z,8.5,332872,1,0,58.5
2026-09-15T20:43:40.256Z,8.5,332872,1,0,59.1
2026-09-15T20:43:45.287Z,8.5,334756,1,0,59.6
2026-09-15T20:43:50.325Z,8.5,334936,1,0,59.1
2026-09-15T20:43:55.365Z,8.5,337244,1,0,58.5
2026-09-15T20:44:00.403Z,8.5,316196,1,0,58.0
2026-09-15T20:44:05.434Z,8.5,317972,1,0,59.1
2026-09-15T20:44:10.465Z,8.5,317972,1,0,59.1
2026-09-15T20:44:15.501Z,8.5,318596,1,0,59.1
2026-09-15T20:44:20.541Z,8.5,319784,1,0,58.0
2026-09-15T20:44:25.579Z,8.5,325492,1,0,58.0
2026-09-15T20:44:30.610Z,8.5,327044,1,0,58.5
2026-09-15T20:44:35.644Z,8.5,328836,1,0,59.1
2026-09-15T20:44:40.682Z,8.5,329068,1,0,59.1
2026-09-15T20:44:45.720Z,8.5,322720,1,0,59.1
2026-09-15T20:44:50.757Z,8.5,323104,1,0,58.0
2026-09-15T20:44:55.789Z,8.5,324204,1,0,59.1
2026-09-15T20:45:00.821Z,8.5,324204,1,0,59.6
2026-09-15T20:45:05.852Z,8.5,325820,1,0,60.1
2026-09-15T20:45:10.890Z,8.5,326380,1,0,58.5
2026-09-15T20:45:15.928Z,8.5,310648,1,0,58.0
2026-09-15T20:45:20.960Z,8.5,311436,1,0,58.5
2026-09-15T20:45:25.993Z,8.5,312076,1,0,59.1
2026-09-15T20:45:31.024Z,8.5,312076,1,0,59.6
2026-09-15T20:45:36.061Z,8.5,319392,1,0,59.1
2026-09-15T20:45:41.097Z,8.5,319392,1,0,58.0
2026-09-15T20:45:46.137Z,8.5,335520,1,0,58.0
2026-09-15T20:45:51.168Z,8.5,336224,1,0,59.1
2026-09-15T20:45:56.198Z,8.5,336224,1,0,59.1
2026-09-15T20:46:01.237Z,8.5,345176,1,0,59.6
2026-09-15T20:46:06.276Z,8.5,346308,1,0,58.5
2026-09-15T20:46:11.313Z,8.5,363228,1,0,58.0
2026-09-15T20:46:16.344Z,8.5,345024,1,0,59.1
2026-09-15T20:46:21.376Z,8.5,345024,1,0,59.6
2026-09-15T20:46:26.409Z,8.5,345024,1,0,59.6
2026-09-15T20:46:31.448Z,8.5,345124,1,0,58.5
2026-09-15T20:46:36.484Z,8.5,345220,1,0,58.0
2026-09-15T20:46:41.516Z,8.5,345412,1,0,58.5
2026-09-15T20:46:46.548Z,8.5,345412,1,0,59.1
2026-09-15T20:46:51.579Z,8.5,345412,1,0,60.1
2026-09-15T20:46:56.616Z,8.5,336504,1,0,58.5
2026-09-15T20:47:01.654Z,8.5,337284,1,0,58.0
2026-09-15T20:47:06.685Z,8.5,337576,1,0,58.5
2026-09-15T20:47:11.715Z,8.5,337576,1,0,59.6
2026-09-15T20:47:16.746Z,8.5,337576,1,0,59.1
2026-09-15T20:47:21.785Z,8.5,348048,1,0,59.1
2026-09-15T20:47:26.824Z,8.5,337852,1,0,58.5
2026-09-15T20:47:31.864Z,8.5,338916,1,0,58.5
2026-09-15T20:47:36.894Z,8.5,338916,1,0,59.1
2026-09-15T20:47:41.926Z,8.5,338916,1,0,59.1
2026-09-15T20:47:46.957Z,8.5,338916,1,0,59.6
2026-09-15T20:47:51.994Z,8.5,338916,1,0,58.0
2026-09-15T20:47:57.033Z,8.5,339004,1,0,58.5
2026-09-15T20:48:02.064Z,8.5,324624,1,0,58.0
2026-09-15T20:48:07.097Z,8.5,324624,1,0,59.1
2026-09-15T20:48:12.127Z,8.5,324624,1,0,59.6
2026-09-15T20:48:17.166Z,8.5,324808,1,0,59.1
2026-09-15T20:48:22.202Z,8.5,327004,1,0,58.0
2026-09-15T20:48:27.241Z,8.5,312996,1,0,58.0
2026-09-15T20:48:32.272Z,8.5,315460,1,0,59.1
2026-09-15T20:48:37.303Z,8.5,315460,1,0,59.1
2026-09-15T20:48:42.336Z,8.5,317580,1,0,59.6
2026-09-15T20:48:47.373Z,8.5,317788,1,0,58.5
2026-09-15T20:48:52.409Z,8.5,320716,1,0,58.0
2026-09-15T20:48:57.440Z,8.5,321536,1,0,59.1
2026-09-15T20:49:02.471Z,8.5,324052,1,0,59.1
2026-09-15T20:49:07.502Z,8.5,324052,1,0,59.1
2026-09-15T20:49:12.539Z,8.5,326132,1,0,59.6
2026-09-15T20:49:17.576Z,8.5,304596,1,0,58.0
2026-09-15T20:49:22.613Z,8.5,305744,1,0,58.0
2026-09-15T20:49:27.645Z,8.5,305752,1,0,59.1
2026-09-15T20:49:32.678Z,8.5,309384,1,0,59.6
2026-09-15T20:49:37.715Z,8.5,309604,1,0,59.1
2026-09-15T20:49:42.753Z,8.5,313636,1,0,58.5
2026-09-15T20:49:47.791Z,8.5,315904,1,0,58.5
2026-09-15T20:49:52.823Z,8.5,319640,1,0,59.1
2026-09-15T20:49:57.854Z,8.5,319640,1,0,60.1
2026-09-15T20:50:02.892Z,8.5,303136,1,0,58.0
2026-09-15T20:50:07.929Z,8.5,303136,1,0,58.0
2026-09-15T20:50:12.968Z,8.5,305828,1,0,58.0
2026-09-15T20:50:18.000Z,8.5,305996,1,0,59.1
2026-09-15T20:50:23.031Z,8.5,307368,1,0,59.6
2026-09-15T20:50:28.068Z,8.5,307368,1,0,59.1
2026-09-15T20:50:33.105Z,8.5,310780,1,0,58.0
2026-09-15T20:50:38.142Z,8.5,292912,1,0,58.0
2026-09-15T20:50:43.173Z,8.5,305724,1,0,59.1
2026-09-15T20:50:48.205Z,8.5,305724,1,0,59.1
2026-09-15T20:50:53.242Z,8.5,321916,1,0,59.1
2026-09-15T20:50:58.279Z,8.5,323672,1,0,58.5
2026-09-15T20:51:03.316Z,8.5,312868,1,0,58.0
2026-09-15T20:51:08.347Z,8.5,330160,1,0,58.0
2026-09-15T20:51:13.378Z,8.5,330160,1,0,59.1
2026-09-15T20:51:18.409Z,8.5,344376,1,0,60.1
2026-09-15T20:51:23.446Z,8.5,344468,1,0,59.1
2026-09-15T20:51:28.483Z,8.5,332424,1,0,58.0
2026-09-15T20:51:33.515Z,8.5,332796,1,0,58.0
2026-09-15T20:51:38.546Z,8.5,332796,1,0,59.1
2026-09-15T20:51:43.576Z,8.5,332796,1,0,59.1
2026-09-15T20:51:48.614Z,8.5,332848,1,0,58.5
2026-09-15T20:51:53.651Z,8.5,332864,1,0,58.5
2026-09-15T20:51:58.689Z,8.5,334772,1,0,58.0
2026-09-15T20:52:03.720Z,8.5,336608,1,0,58.5
2026-09-15T20:52:08.751Z,8.5,336608,1,0,59.1
2026-09-15T20:52:13.785Z,8.5,336608,1,0,59.1
2026-09-15T20:52:18.824Z,8.5,329140,1,0,59.1
2026-09-15T20:52:23.862Z,8.5,329308,1,0,58.0
2026-09-15T20:52:28.900Z,8.5,341656,1,0,58.0
2026-09-15T20:52:33.931Z,8.5,341676,1,0,58.5
2026-09-15T20:52:38.961Z,8.5,343700,1,0,59.1
2026-09-15T20:52:43.992Z,8.5,343700,1,0,60.1
2026-09-15T20:52:49.028Z,8.5,347180,1,0,58.5
2026-09-15T20:52:54.068Z,8.5,340896,1,0,58.0
2026-09-15T20:52:59.099Z,8.5,341688,1,0,59.1
2026-09-15T20:53:04.131Z,8.5,341688,1,0,59.1
2026-09-15T20:53:09.162Z,8.5,341688,1,0,59.1
2026-09-15T20:53:14.200Z,8.5,328232,1,0,58.5
2026-09-15T20:53:19.238Z,8.5,329604,1,0,58.0
2026-09-15T20:53:24.269Z,8.5,330096,1,0,58.0
2026-09-15T20:53:29.300Z,8.5,331596,1,0,59.1
2026-09-15T20:53:34.331Z,8.5,331596,1,0,59.1
2026-09-15T20:53:39.367Z,8.5,311396,1,0,58.0
2026-09-15T20:53:44.405Z,8.5,311968,1,0,58.0
2026-09-15T20:53:49.442Z,8.5,315184,1,0,58.0
2026-09-15T20:53:54.473Z,8.5,315264,1,0,59.1
2026-09-15T20:53:59.504Z,8.5,318092,1,0,59.1
2026-09-15T20:54:04.545Z,8.5,318152,1,0,59.1
2026-09-15T20:54:09.583Z,8.5,303132,1,0,58.5
2026-09-15T20:54:14.620Z,8.5,304004,1,0,58.0
2026-09-15T20:54:19.651Z,8.5,307296,1,0,59.1
2026-09-15T20:54:24.681Z,8.5,307296,1,0,59.6
2026-09-15T20:54:29.719Z,8.5,309176,1,0,59.1
2026-09-15T20:54:34.760Z,8.5,294720,1,0,58.0
2026-09-15T20:54:39.798Z,8.5,297860,1,0,58.0
2026-09-15T20:54:44.829Z,8.5,297960,1,0,59.1
2026-09-15T20:54:49.860Z,8.5,302304,1,0,59.1
2026-09-15T20:54:54.890Z,8.5,302304,1,0,59.6
2026-09-15T20:54:59.926Z,8.5,306812,1,0,59.1
2026-09-15T20:55:04.963Z,8.5,269368,1,0,58.0
2026-09-15T20:55:10.001Z,8.5,271412,1,0,58.0
2026-09-15T20:55:15.032Z,8.5,272052,1,0,58.5
2026-09-15T20:55:20.063Z,8.5,272052,1,0,59.6
2026-09-15T20:55:25.094Z,8.5,272052,1,0,59.1
2026-09-15T20:55:30.131Z,8.5,248268,1,0,59.1
2026-09-15T20:55:35.168Z,8.5,248692,1,0,58.0
2026-09-15T20:55:40.199Z,8.5,254616,1,0,58.0
2026-09-15T20:55:45.230Z,8.5,254616,1,0,59.1
2026-09-15T20:55:50.261Z,8.5,257908,1,0,59.6
2026-09-15T20:55:55.292Z,8.5,257908,1,0,59.1
2026-09-15T20:56:00.329Z,8.5,262160,1,0,58.0
2026-09-15T20:56:05.366Z,8.5,271848,1,0,58.0
2026-09-15T20:56:10.398Z,8.5,263852,1,0,58.0
2026-09-15T20:56:15.429Z,8.5,267004,1,0,59.6
2026-09-15T20:56:20.461Z,8.5,267004,1,0,59.1
2026-09-15T20:56:25.497Z,8.5,271496,1,0,58.0
2026-09-15T20:56:30.537Z,8.5,272868,1,0,58.0
2026-09-15T20:56:35.574Z,8.5,259592,1,0,58.0
2026-09-15T20:56:40.605Z,8.5,259880,1,0,58.5
2026-09-15T20:56:45.638Z,8.5,261668,1,0,59.1
2026-09-15T20:56:50.674Z,8.5,261960,1,0,58.5
2026-09-15T20:56:55.714Z,8.5,267484,1,0,58.0
2026-09-15T20:57:00.754Z,8.5,267924,1,0,58.0
2026-09-15T20:57:05.785Z,8.5,274300,1,0,59.1
2026-09-15T20:57:10.816Z,8.5,274300,1,0,59.6
2026-09-15T20:57:15.848Z,8.5,279184,1,0,59.6
2026-09-15T20:57:20.885Z,8.5,248340,1,0,59.1
2026-09-15T20:57:25.924Z,8.5,255172,1,0,58.0
2026-09-15T20:57:30.957Z,8.5,259172,1,0,58.5
2026-09-15T20:57:35.989Z,8.5,263776,1,0,59.1
2026-09-15T20:57:41.023Z,8.5,263776,1,0,59.6
2026-09-15T20:57:46.061Z,8.5,271060,1,0,59.1
2026-09-15T20:57:51.099Z,8.5,276032,1,0,58.0
2026-09-15T20:57:56.137Z,8.5,265064,1,0,58.0
2026-09-15T20:58:01.168Z,8.5,265456,1,0,59.1
2026-09-15T20:58:06.200Z,8.5,272572,1,0,59.6
2026-09-15T20:58:11.236Z,8.5,272584,1,0,60.1
2026-09-15T20:58:16.273Z,8.5,288980,1,0,58.5
2026-09-15T20:58:21.312Z,8.5,293496,1,0,58.0
2026-09-15T20:58:26.344Z,8.5,312540,1,0,58.0
2026-09-15T20:58:31.375Z,8.5,312540,1,0,59.1
2026-09-15T20:58:36.406Z,8.5,328744,1,0,59.6
2026-09-15T20:58:41.444Z,8.5,316328,1,0,58.0
2026-09-15T20:58:46.481Z,8.5,326512,1,0,58.0
2026-09-15T20:58:51.512Z,8.5,326612,1,0,59.1
2026-09-15T20:58:56.543Z,8.5,326612,1,0,59.6
2026-09-15T20:59:01.577Z,8.5,326612,1,0,59.1
2026-09-15T20:59:06.616Z,8.5,329448,1,0,58.0
2026-09-15T20:59:11.656Z,8.5,327188,1,0,58.0
2026-09-15T20:59:16.688Z,8.5,328552,1,0,59.1
2026-09-15T20:59:21.720Z,8.5,328552,1,0,58.5
2026-09-15T20:59:26.753Z,8.5,328552,1,0,60.1
2026-09-15T20:59:31.790Z,8.5,328552,1,0,59.1
2026-09-15T20:59:36.828Z,8.5,329116,1,0,58.0
2026-09-15T20:59:41.864Z,8.5,313964,1,0,58.0
2026-09-15T20:59:46.895Z,8.5,318152,1,0,58.5
2026-09-15T20:59:51.927Z,8.5,318152,1,0,59.1
2026-09-15T20:59:56.961Z,8.5,326224,1,0,60.1
2026-09-15T21:00:01.999Z,8.5,326400,1,0,58.5
2026-09-15T21:00:07.039Z,8.5,327124,1,0,58.0
2026-09-15T21:00:12.072Z,8.5,332500,1,0,58.0
2026-09-15T21:00:17.104Z,8.5,332500,1,0,59.1
2026-09-15T21:00:22.136Z,8.5,332500,1,0,60.1
2026-09-15T21:00:27.167Z,8.5,332500,1,0,60.1
2026-09-15T21:00:32.205Z,8.5,336972,1,0,58.5
2026-09-15T21:00:37.248Z,8.5,318092,1,0,58.5
2026-09-15T21:00:42.279Z,8.5,319944,1,0,58.0
2026-09-15T21:00:47.310Z,8.5,319944,1,0,59.1
2026-09-15T21:00:52.345Z,8.5,319944,1,0,59.1
2026-09-15T21:00:57.388Z,8.5,328692,1,0,58.5
2026-09-15T21:01:02.426Z,8.5,334416,1,0,58.0
2026-09-15T21:01:07.464Z,8.5,339984,1,0,58.0
2026-09-15T21:01:12.496Z,8.5,348428,1,0,59.1
2026-09-15T21:01:17.526Z,8.5,348428,1,0,59.6
2026-09-15T21:01:22.557Z,8.5,348428,1,0,59.1
2026-09-15T21:01:27.593Z,8.5,335984,1,0,58.5
2026-09-15T21:01:32.630Z,8.5,336012,1,0,58.0
2026-09-15T21:01:37.661Z,8.5,336080,1,0,59.1
2026-09-15T21:01:42.692Z,8.5,336080,1,0,60.1
2026-09-15T21:01:47.723Z,8.5,336080,1,0,59.6
2026-09-15T21:01:52.762Z,8.5,333832,1,0,58.0
2026-09-15T21:01:57.797Z,8.5,334908,1,0,58.0
2026-09-15T21:02:02.829Z,8.5,335008,1,0,58.0
2026-09-15T21:02:07.861Z,8.5,335008,1,0,59.1
2026-09-15T21:02:12.893Z,8.5,339044,1,0,60.1
2026-09-15T21:02:17.933Z,8.5,339284,1,0,60.1
2026-09-15T21:02:22.971Z,8.5,315984,1,0,59.1
2026-09-15T21:02:28.009Z,8.5,317004,1,0,58.0
2026-09-15T21:02:33.040Z,8.5,317100,1,0,59.1
2026-09-15T21:02:38.071Z,8.5,317100,1,0,60.1
2026-09-15T21:02:43.110Z,8.5,317196,1,0,59.1
2026-09-15T21:02:48.148Z,8.5,312000,1,0,58.0
2026-09-15T21:02:53.185Z,8.5,312900,1,0,58.0
2026-09-15T21:02:58.216Z,8.5,312940,1,0,59.1
2026-09-15T21:03:03.250Z,8.5,312940,1,0,60.1
2026-09-15T21:03:08.284Z,8.5,312940,1,0,59.6
2026-09-15T21:03:13.321Z,8.5,295740,1,0,59.1
2026-09-15T21:03:18.359Z,8.5,296248,1,0,58.5
2026-09-15T21:03:23.391Z,8.5,299716,1,0,58.5
2026-09-15T21:03:28.421Z,8.5,299716,1,0,59.1
2026-09-15T21:03:33.456Z,8.5,301896,1,0,59.1
2026-09-15T21:03:38.491Z,8.5,301896,1,0,60.1
2026-09-15T21:03:43.528Z,8.5,287220,1,0,58.0
2026-09-15T21:03:48.565Z,8.5,288028,1,0,58.5
2026-09-15T21:03:53.596Z,8.5,290868,1,0,58.5
2026-09-15T21:03:58.627Z,8.5,290868,1,0,59.1
2026-09-15T21:04:03.658Z,8.5,294724,1,0,59.6
2026-09-15T21:04:08.694Z,8.5,274196,1,0,59.1
2026-09-15T21:04:13.732Z,8.5,277244,1,0,58.0
2026-09-15T21:04:18.763Z,8.5,277484,1,0,58.5
2026-09-15T21:04:23.816Z,8.5,277484,1,0,59.6
2026-09-15T21:04:28.848Z,8.5,277484,1,0,59.1
2026-09-15T21:04:33.885Z,8.5,277484,1,0,59.1
2026-09-15T21:04:38.924Z,8.5,271956,1,0,59.1
2026-09-15T21:04:43.962Z,8.5,272320,1,0,58.0
2026-09-15T21:04:48.993Z,8.5,272628,1,0,58.5
2026-09-15T21:04:54.025Z,8.5,274368,1,0,59.1
2026-09-15T21:04:59.079Z,8.5,274368,1,0,59.1
2026-09-15T21:05:04.110Z,8.5,277852,1,0,60.1
2026-09-15T21:05:09.145Z,8.5,278100,1,0,59.1
2026-09-15T21:05:14.183Z,8.5,281212,1,0,58.0
2026-09-15T21:05:19.216Z,8.5,272048,1,0,58.0
2026-09-15T21:05:24.247Z,8.5,275480,1,0,59.1
2026-09-15T21:05:29.277Z,8.5,275480,1,0,60.1
2026-09-15T21:05:34.308Z,8.5,278640,1,0,59.1
2026-09-15T21:05:39.344Z,8.5,279200,1,0,58.5
2026-09-15T21:05:44.380Z,8.5,260060,1,0,58.5
2026-09-15T21:05:49.412Z,8.5,260600,1,0,58.0
2026-09-15T21:05:54.443Z,8.5,264440,1,0,59.1
2026-09-15T21:05:59.476Z,8.5,264440,1,0,59.1
2026-09-15T21:06:04.513Z,8.5,264672,1,0,59.1
2026-09-15T21:06:09.550Z,8.5,243988,1,0,59.1
2026-09-15T21:06:14.587Z,8.5,244856,1,0,58.0
2026-09-15T21:06:19.619Z,8.5,253776,1,0,59.1
2026-09-15T21:06:24.650Z,8.5,253776,1,0,59.1
2026-09-15T21:06:29.681Z,8.5,258428,1,0,60.1
2026-09-15T21:06:34.720Z,8.5,262184,1,0,58.5
2026-09-15T21:06:39.758Z,8.5,253780,1,0,58.0
2026-09-15T21:06:44.790Z,8.5,253796,1,0,58.0
2026-09-15T21:06:49.822Z,8.5,261064,1,0,59.6
2026-09-15T21:06:54.853Z,8.5,261064,1,0,59.1
2026-09-15T21:06:59.889Z,8.5,266768,1,0,58.0
2026-09-15T21:07:04.926Z,8.5,268980,1,0,58.5
2026-09-15T21:07:09.958Z,8.5,251440,1,0,58.0
2026-09-15T21:07:14.988Z,8.5,251440,1,0,59.1
2026-09-15T21:07:20.019Z,8.5,264752,1,0,59.6
2026-09-15T21:07:25.053Z,8.5,265460,1,0,58.5
2026-09-15T21:07:30.090Z,8.5,283180,1,0,58.0
2026-09-15T21:07:35.120Z,8.5,284356,1,0,58.0
2026-09-15T21:07:40.151Z,8.5,300572,1,0,59.1
2026-09-15T21:07:45.182Z,8.5,300572,1,0,60.1
2026-09-15T21:07:50.219Z,8.5,308752,1,0,59.1
2026-09-15T21:07:55.254Z,8.5,309356,1,0,58.5
2026-09-15T21:08:00.293Z,8.5,310244,1,0,58.0
2026-09-15T21:08:05.324Z,8.5,310244,1,0,59.1
2026-09-15T21:08:10.364Z,8.5,310244,1,0,59.6
2026-09-15T21:08:15.395Z,8.5,310244,1,0,59.6
2026-09-15T21:08:20.433Z,8.5,300700,1,0,58.5
2026-09-15T21:08:25.468Z,8.5,302424,1,0,58.0
2026-09-15T21:08:30.506Z,8.5,290000,1,0,57.5
2026-09-15T21:08:35.538Z,8.5,290000,1,0,59.1
2026-09-15T21:08:40.569Z,8.5,290000,1,0,60.1
2026-09-15T21:08:45.607Z,8.5,290000,1,0,59.1
2026-09-15T21:08:50.645Z,8.5,296716,1,0,59.1
2026-09-15T21:08:55.684Z,8.5,296928,1,0,58.0
2026-09-15T21:09:00.715Z,8.5,302184,1,0,59.1
2026-09-15T21:09:05.746Z,8.5,302184,1,0,59.1
2026-09-15T21:09:10.777Z,8.5,302184,1,0,60.1
2026-09-15T21:09:15.813Z,8.5,302608,1,0,59.6
2026-09-15T21:09:20.852Z,8.5,299204,1,0,58.0
2026-09-15T21:09:25.891Z,8.5,300720,1,0,58.0
2026-09-15T21:09:30.923Z,8.5,288740,1,0,59.1
2026-09-15T21:09:35.954Z,8.5,288740,1,0,59.1
2026-09-15T21:09:40.984Z,8.5,288740,1,0,60.1
2026-09-15T21:09:46.022Z,8.5,288992,1,0,58.5
2026-09-15T21:09:51.059Z,8.5,289172,1,0,58.0
2026-09-15T21:09:56.090Z,8.5,289184,1,0,58.5
2026-09-15T21:10:01.121Z,8.5,295280,1,0,59.6
2026-09-15T21:10:06.156Z,8.5,295280,1,0,58.5
2026-09-15T21:10:11.193Z,8.5,303584,1,0,58.5
2026-09-15T21:10:16.231Z,8.5,289644,1,0,58.5
2026-09-15T21:10:21.262Z,8.5,289944,1,0,59.1
2026-09-15T21:10:26.293Z,8.5,289944,1,0,59.1
2026-09-15T21:10:31.324Z,8.5,289944,1,0,59.6
2026-09-15T21:10:36.363Z,8.5,290128,1,0,59.1
2026-09-15T21:10:41.400Z,8.5,283232,1,0,58.5
2026-09-15T21:10:46.437Z,8.5,283928,1,0,58.0
2026-09-15T21:10:51.468Z,8.5,284108,1,0,59.1
2026-09-15T21:10:56.500Z,8.5,284108,1,0,59.6
2026-09-15T21:11:01.537Z,8.5,284116,1,0,59.1
2026-09-15T21:11:06.574Z,8.5,288012,1,0,58.5
2026-09-15T21:11:11.611Z,8.5,293664,1,0,58.0
2026-09-15T21:11:16.642Z,8.5,296952,1,0,59.1
2026-09-15T21:11:21.674Z,8.5,296952,1,0,59.1
2026-09-15T21:11:26.708Z,8.5,307000,1,0,59.6
2026-09-15T21:11:31.745Z,8.5,307840,1,0,59.1
2026-09-15T21:11:36.783Z,8.5,309404,1,0,58.5
2026-09-15T21:11:41.821Z,8.5,291140,1,0,58.0
2026-09-15T21:11:46.852Z,8.5,291140,1,0,58.5
2026-09-15T21:11:51.883Z,8.5,291140,1,0,59.1
2026-09-15T21:11:56.919Z,8.5,291392,1,0,59.1
2026-09-15T21:12:01.956Z,8.5,277816,1,0,58.0
2026-09-15T21:12:06.995Z,8.5,278592,1,0,58.0
2026-09-15T21:12:12.026Z,8.5,278592,1,0,60.1
2026-09-15T21:12:17.058Z,8.5,279780,1,0,60.1
2026-09-15T21:12:22.095Z,8.5,279780,1,0,59.6
2026-09-15T21:12:27.133Z,8.5,283260,1,0,58.5
2026-09-15T21:12:32.171Z,8.5,270472,1,0,58.0
2026-09-15T21:12:37.202Z,8.5,270816,1,0,59.1
2026-09-15T21:12:42.233Z,8.5,270816,1,0,60.1
2026-09-15T21:12:47.270Z,8.5,270816,1,0,59.1
2026-09-15T21:12:52.306Z,8.5,272260,1,0,58.5
2026-09-15T21:12:57.347Z,8.5,277876,1,0,58.5
2026-09-15T21:13:02.377Z,8.5,280752,1,0,59.1
2026-09-15T21:13:07.407Z,8.5,282764,1,0,59.1
2026-09-15T21:13:12.437Z,8.5,282764,1,0,59.1
2026-09-15T21:13:17.474Z,8.5,282168,1,0,58.5
2026-09-15T21:13:22.512Z,8.5,282704,1,0,58.0
2026-09-15T21:13:27.543Z,8.5,289376,1,0,58.0
2026-09-15T21:13:32.574Z,8.5,289376,1,0,59.6
2026-09-15T21:13:37.605Z,8.5,293372,1,0,59.6
2026-09-15T21:13:42.642Z,8.5,297276,1,0,58.5
2026-09-15T21:13:47.681Z,8.5,285108,1,0,58.0
2026-09-15T21:13:52.713Z,8.5,285688,1,0,58.5
2026-09-15T21:13:57.744Z,8.5,289212,1,0,59.1
2026-09-15T21:14:02.775Z,8.5,289212,1,0,60.1
2026-09-15T21:14:07.811Z,8.5,292472,1,0,59.6
2026-09-15T21:14:12.850Z,8.5,292924,1,0,58.0
2026-09-15T21:14:17.887Z,8.5,279180,1,0,58.0
2026-09-15T21:14:22.919Z,8.5,279580,1,0,58.5
2026-09-15T21:14:27.951Z,8.5,286288,1,0,60.1
2026-09-15T21:14:32.988Z,8.5,286752,1,0,59.1
2026-09-15T21:14:38.027Z,8.5,269564,1,0,58.5
2026-09-15T21:14:43.065Z,8.5,270232,1,0,58.0
2026-09-15T21:14:48.096Z,8.5,273720,1,0,58.5
2026-09-15T21:14:53.127Z,8.5,273720,1,0,59.1
2026-09-15T21:14:58.164Z,8.5,279392,1,0,59.6
2026-09-15T21:15:03.201Z,8.5,279860,1,0,58.5
2026-09-15T21:15:08.239Z,8.5,269824,1,0,58.5
2026-09-15T21:15:13.271Z,8.5,269832,1,0,59.1
2026-09-15T21:15:18.302Z,8.5,273664,1,0,59.1
2026-09-15T21:15:23.334Z,8.5,273664,1,0,59.6
2026-09-15T21:15:28.371Z,8.5,287108,1,0,58.5
2026-09-15T21:15:33.409Z,8.5,287956,1,0,58.0
2026-09-15T21:15:38.441Z,8.5,288044,1,0,58.5
2026-09-15T21:15:43.472Z,8.5,288044,1,0,59.6
2026-09-15T21:15:48.503Z,8.5,304260,1,0,59.1
2026-09-15T21:15:53.539Z,8.5,305340,1,0,58.0
2026-09-15T21:15:58.576Z,8.5,298320,1,0,58.0
2026-09-15T21:16:03.608Z,8.5,299028,1,0,58.0
2026-09-15T21:16:08.639Z,8.5,299028,1,0,59.1
2026-09-15T21:16:13.670Z,8.5,299028,1,0,60.1
2026-09-15T21:16:18.707Z,8.5,299032,1,0,58.5
2026-09-15T21:16:23.745Z,8.5,304336,1,0,58.0
2026-09-15T21:16:28.783Z,8.5,309752,1,0,58.0
2026-09-15T21:16:33.815Z,8.5,309880,1,0,59.1
2026-09-15T21:16:38.846Z,8.5,309880,1,0,60.1
2026-09-15T21:16:43.876Z,8.5,312400,1,0,59.6
2026-09-15T21:16:48.915Z,8.5,303716,1,0,58.0
2026-09-15T21:16:53.952Z,8.5,308576,1,0,58.0
2026-09-15T21:16:58.983Z,8.5,292244,1,0,58.5
2026-09-15T21:17:04.014Z,8.5,295908,1,0,59.1
2026-09-15T21:17:09.047Z,8.5,295908,1,0,60.1
2026-09-15T21:17:14.085Z,8.5,300048,1,0,58.5
2026-09-15T21:17:19.123Z,8.5,300460,1,0,58.0
2026-09-15T21:17:24.154Z,8.5,306500,1,0,58.5
2026-09-15T21:17:29.185Z,8.5,306500,1,0,59.1
2026-09-15T21:17:34.218Z,8.5,310524,1,0,59.6
2026-09-15T21:17:39.255Z,8.5,298184,1,0,58.0
2026-09-15T21:17:44.293Z,8.5,302292,1,0,58.0
2026-09-15T21:17:49.323Z,8.5,276568,1,0,58.5
2026-09-15T21:17:54.353Z,8.5,281388,1,0,59.6
2026-09-15T21:17:59.385Z,8.5,281388,1,0,59.1
2026-09-15T21:18:04.421Z,8.5,289040,1,0,59.1
2026-09-15T21:18:09.458Z,8.5,289976,1,0,58.0
2026-09-15T21:18:14.495Z,8.5,295192,1,0,58.0
2026-09-15T21:18:19.526Z,8.5,267256,1,0,59.1
2026-09-15T21:18:24.557Z,8.5,272220,1,0,59.1
2026-09-15T21:18:29.587Z,8.5,272220,1,0,59.1
2026-09-15T21:18:34.626Z,8.5,279560,1,0,59.6
2026-09-15T21:18:39.664Z,8.5,280752,1,0,58.0
2026-09-15T21:18:44.701Z,8.5,259744,1,0,58.0
2026-09-15T21:18:49.731Z,8.5,260032,1,0,59.1
2026-09-15T21:18:54.762Z,8.5,266172,1,0,59.1
2026-09-15T21:18:59.792Z,8.5,266172,1,0,59.6
2026-09-15T21:19:04.829Z,8.5,280020,1,0,59.1
2026-09-15T21:19:09.868Z,8.5,280708,1,0,58.5
2026-09-15T21:19:14.904Z,8.5,285740,1,0,58.0
2026-09-15T21:19:19.935Z,8.5,285752,1,0,59.1
2026-09-15T21:19:24.966Z,8.5,297920,1,0,60.1
2026-09-15T21:19:29.999Z,8.5,297920,1,0,59.1
2026-09-15T21:19:35.035Z,8.5,306168,1,0,58.5
2026-09-15T21:19:40.073Z,8.5,306372,1,0,58.0
2026-09-15T21:19:45.111Z,8.5,306596,1,0,57.5
2026-09-15T21:19:50.142Z,8.5,306596,1,0,59.1
2026-09-15T21:19:55.172Z,8.5,306596,1,0,59.6
2026-09-15T21:20:00.209Z,8.5,307196,1,0,58.0
2026-09-15T21:20:05.248Z,8.5,312928,1,0,58.0
2026-09-15T21:20:10.279Z,8.5,306960,1,0,58.0
2026-09-15T21:20:15.310Z,8.5,306960,1,0,59.1
2026-09-15T21:20:20.340Z,8.5,306960,1,0,60.1
2026-09-15T21:20:25.378Z,8.5,307868,1,0,59.1
2026-09-15T21:20:30.415Z,8.5,308616,1,0,58.0
2026-09-15T21:20:35.446Z,8.5,310316,1,0,58.5
2026-09-15T21:20:40.477Z,8.5,310316,1,0,59.1
2026-09-15T21:20:45.507Z,8.5,314376,1,0,59.6
2026-09-15T21:20:50.543Z,8.5,314376,1,0,59.1
2026-09-15T21:20:55.579Z,8.5,315748,1,0,59.1
2026-09-15T21:21:00.617Z,8.5,305116,1,0,58.0
2026-09-15T21:21:05.648Z,8.5,305844,1,0,59.1
2026-09-15T21:21:10.679Z,8.5,305844,1,0,59.1
2026-09-15T21:21:15.712Z,8.5,305844,1,0,59.6
2026-09-15T21:21:20.750Z,8.5,306020,1,0,58.5
2026-09-15T21:21:25.788Z,8.5,306340,1,0,58.0
2026-09-15T21:21:30.822Z,8.5,298688,1,0,58.0
2026-09-15T21:21:35.853Z,8.5,298688,1,0,59.1
2026-09-15T21:21:40.886Z,8.5,298688,1,0,59.1
2026-09-15T21:21:45.926Z,8.5,298688,1,0,59.6
2026-09-15T21:21:50.963Z,8.5,309956,1,0,58.5
2026-09-15T21:21:56.000Z,8.5,296812,1,0,58.0
2026-09-15T21:22:01.034Z,8.5,309444,1,0,58.5
2026-09-15T21:22:06.065Z,8.5,309444,1,0,59.1
2026-09-15T21:22:11.098Z,8.5,309444,1,0,60.1
2026-09-15T21:22:16.138Z,8.5,309676,1,0,58.5
2026-09-15T21:22:21.174Z,8.5,310088,1,0,58.0
2026-09-15T21:22:26.205Z,8.5,300864,1,0,59.1
2026-09-15T21:22:31.236Z,8.5,300864,1,0,59.6
2026-09-15T21:22:36.267Z,8.5,300864,1,0,59.1
2026-09-15T21:22:41.305Z,8.5,301000,1,0,59.1
2026-09-15T21:22:46.344Z,8.5,301312,1,0,58.0
2026-09-15T21:22:51.383Z,8.5,303104,1,0,58.0
2026-09-15T21:22:56.414Z,8.5,304616,1,0,59.1
2026-09-15T21:23:01.445Z,8.5,306640,1,0,59.1
2026-09-15T21:23:06.482Z,8.5,309120,1,0,59.1
2026-09-15T21:23:11.519Z,8.5,302484,1,0,58.0
2026-09-15T21:23:16.557Z,8.5,303628,1,0,58.0
2026-09-15T21:23:21.589Z,8.5,303756,1,0,59.1
2026-09-15T21:23:26.620Z,8.5,303756,1,0,59.6
2026-09-15T21:23:31.657Z,8.5,303756,1,0,59.1
2026-09-15T21:23:36.696Z,8.5,305276,1,0,58.0
2026-09-15T21:23:41.734Z,8.5,290548,1,0,58.0
2026-09-15T21:23:46.766Z,8.5,290584,1,0,59.1
2026-09-15T21:23:51.798Z,8.5,290584,1,0,59.1
2026-09-15T21:23:56.829Z,8.5,290584,1,0,59.6
2026-09-15T21:24:01.866Z,8.5,290592,1,0,59.6
2026-09-15T21:24:06.904Z,8.5,292944,1,0,58.0
2026-09-15T21:24:11.943Z,8.5,302280,1,0,58.0
2026-09-15T21:24:16.974Z,8.5,303956,1,0,58.5
2026-09-15T21:24:22.005Z,8.5,303956,1,0,59.1
2026-09-15T21:24:27.035Z,8.5,303956,1,0,59.6
2026-09-15T21:24:32.073Z,8.5,306460,1,0,59.1
2026-09-15T21:24:37.110Z,8.5,307136,1,0,58.0
2026-09-15T21:24:42.140Z,8.5,307576,1,0,58.0
2026-09-15T21:24:47.171Z,8.5,307576,1,0,59.1
2026-09-15T21:24:52.202Z,8.5,307576,1,0,59.6
2026-09-15T21:24:57.239Z,8.5,308092,1,0,58.0
2026-09-15T21:25:02.276Z,8.5,288252,1,0,58.0
2026-09-15T21:25:07.307Z,8.5,288488,1,0,58.0
2026-09-15T21:25:12.338Z,8.5,290920,1,0,59.1
2026-09-15T21:25:17.369Z,8.5,290920,1,0,59.1
2026-09-15T21:25:22.405Z,8.5,293732,1,0,59.1
2026-09-15T21:25:27.442Z,8.5,294052,1,0,58.5
2026-09-15T21:25:32.477Z,8.5,299272,1,0,58.0
2026-09-15T21:25:37.507Z,8.5,300116,1,0,58.5
2026-09-15T21:25:42.537Z,8.5,303664,1,0,59.6
2026-09-15T21:25:47.573Z,8.5,281920,1,0,59.1
2026-09-15T21:25:52.608Z,8.5,286112,1,0,58.0
2026-09-15T21:25:57.646Z,8.5,287592,1,0,58.0
2026-09-15T21:26:02.690Z,8.5,293396,1,0,59.1
2026-09-15T21:26:07.720Z,8.5,293396,1,0,59.1
2026-09-15T21:26:12.758Z,8.5,293604,1,0,59.1
2026-09-15T21:26:17.797Z,8.5,285128,1,0,58.5
2026-09-15T21:26:22.835Z,8.5,286136,1,0,58.0
2026-09-15T21:26:27.866Z,8.5,289324,1,0,59.1
2026-09-15T21:26:32.897Z,8.5,289324,1,0,59.1
2026-09-15T21:26:37.928Z,8.5,293408,1,0,59.1
2026-09-15T21:26:42.965Z,8.5,295784,1,0,59.1
2026-09-15T21:26:48.015Z,8.5,287068,1,0,58.0
2026-09-15T21:26:53.052Z,8.5,287960,1,0,58.0
2026-09-15T21:26:58.084Z,8.5,290404,1,0,58.5
2026-09-15T21:27:03.115Z,8.5,290404,1,0,59.1
2026-09-15T21:27:08.151Z,8.5,293344,1,0,59.1
2026-09-15T21:27:13.189Z,8.5,293368,1,0,58.5
2026-09-15T21:27:18.226Z,8.5,284680,1,0,58.0
2026-09-15T21:27:23.258Z,8.5,284680,1,0,58.5
2026-09-15T21:27:28.288Z,8.5,288348,1,0,59.1
2026-09-15T21:27:33.318Z,8.5,288348,1,0,59.6
2026-09-15T21:27:38.358Z,8.5,305072,1,0,58.5
2026-09-15T21:27:43.396Z,8.5,309344,1,0,58.0
2026-09-15T21:27:48.428Z,8.5,328684,1,0,58.0
2026-09-15T21:27:53.459Z,8.5,328684,1,0,59.1
2026-09-15T21:27:58.490Z,8.5,342888,1,0,60.1
2026-09-15T21:28:03.527Z,8.5,343268,1,0,59.1
2026-09-15T21:28:08.567Z,8.5,342172,1,0,58.0
2026-09-15T21:28:13.606Z,8.5,317884,1,0,58.0
2026-09-15T21:28:18.637Z,8.5,318368,1,0,58.0
2026-09-15T21:28:23.668Z,8.5,318368,1,0,59.1
2026-09-15T21:28:28.699Z,8.5,318368,1,0,59.6
2026-09-15T21:28:33.737Z,8.5,318616,1,0,58.5
2026-09-15T21:28:38.776Z,8.5,319672,1,0,58.0
2026-09-15T21:28:43.808Z,8.5,323516,1,0,58.0
2026-09-15T21:28:48.839Z,8.5,323516,1,0,58.5
2026-09-15T21:28:53.871Z,8.5,323516,1,0,59.1
2026-09-15T21:28:58.909Z,8.5,322492,1,0,58.5
2026-09-15T21:29:03.950Z,8.5,322836,1,0,58.0
2026-09-15T21:29:08.980Z,8.5,331652,1,0,58.0
2026-09-15T21:29:14.022Z,8.5,331652,1,0,59.1
2026-09-15T21:29:19.052Z,8.5,331652,1,0,59.1
2026-09-15T21:29:24.090Z,8.5,331652,1,0,59.1
2026-09-15T21:29:29.130Z,8.5,307352,1,0,58.5
2026-09-15T21:29:34.168Z,8.5,307640,1,0,58.0
2026-09-15T21:29:39.202Z,8.5,307800,1,0,58.5
2026-09-15T21:29:44.233Z,8.5,307800,1,0,59.6
2026-09-15T21:29:49.267Z,8.5,307800,1,0,60.1
2026-09-15T21:29:54.304Z,8.5,308796,1,0,58.5
2026-09-15T21:29:59.342Z,8.5,302900,1,0,58.5
2026-09-15T21:30:04.390Z,8.5,303556,1,0,58.0
2026-09-15T21:30:09.422Z,8.5,303556,1,0,59.1
2026-09-15T21:30:14.453Z,8.5,303556,1,0,59.1
2026-09-15T21:30:19.491Z,8.5,315700,1,0,58.5
2026-09-15T21:30:24.530Z,8.5,305388,1,0,58.0
2026-09-15T21:30:29.561Z,8.5,305412,1,0,58.0
2026-09-15T21:30:34.592Z,8.5,305412,1,0,59.1
2026-09-15T21:30:39.623Z,8.5,305412,1,0,60.1
2026-09-15T21:30:44.661Z,8.5,306208,1,0,59.1
2026-09-15T21:30:49.699Z,8.5,306504,1,0,58.0
2026-09-15T21:30:54.730Z,8.5,296960,1,0,58.0
2026-09-15T21:30:59.761Z,8.5,296960,1,0,59.1
2026-09-15T21:31:04.792Z,8.5,296960,1,0,59.1
2026-09-15T21:31:09.837Z,8.5,297396,1,0,59.1
2026-09-15T21:31:14.875Z,8.5,298452,1,0,58.0
2026-09-15T21:31:19.913Z,8.5,298892,1,0,58.0
2026-09-15T21:31:24.945Z,8.5,287064,1,0,58.5
2026-09-15T21:31:29.976Z,8.5,287064,1,0,59.1
2026-09-15T21:31:35.016Z,8.5,290208,1,0,59.1
2026-09-15T21:31:40.054Z,8.5,291360,1,0,58.5
2026-09-15T21:31:45.091Z,8.5,295108,1,0,58.0
2026-09-15T21:31:50.122Z,8.5,295296,1,0,58.5
2026-09-15T21:31:55.153Z,8.5,298940,1,0,59.1
2026-09-15T21:32:00.183Z,8.5,298940,1,0,59.1
2026-09-15T21:32:05.220Z,8.5,278128,1,0,58.5
2026-09-15T21:32:10.261Z,8.5,278500,1,0,58.0
2026-09-15T21:32:15.293Z,8.5,282412,1,0,58.0
2026-09-15T21:32:20.323Z,8.5,282412,1,0,59.1
2026-09-15T21:32:25.354Z,8.5,285332,1,0,59.1
2026-09-15T21:32:30.390Z,8.5,285692,1,0,59.1
2026-09-15T21:32:35.426Z,8.5,269260,1,0,58.0
2026-09-15T21:32:40.463Z,8.5,269972,1,0,58.0
2026-09-15T21:32:45.494Z,8.5,276676,1,0,58.5
2026-09-15T21:32:50.524Z,8.5,276676,1,0,59.6
2026-09-15T21:32:55.555Z,8.5,280820,1,0,59.1
2026-09-15T21:33:00.594Z,8.5,281000,1,0,59.1
2026-09-15T21:33:05.631Z,8.5,288320,1,0,58.0
2026-09-15T21:33:10.670Z,8.5,271164,1,0,57.5
2026-09-15T21:33:15.701Z,8.5,275472,1,0,58.5
2026-09-15T21:33:20.732Z,8.5,275472,1,0,59.1
2026-09-15T21:33:25.768Z,8.5,279408,1,0,59.1
2026-09-15T21:33:30.808Z,8.5,281516,1,0,58.0
2026-09-15T21:33:35.845Z,8.5,290016,1,0,56.9
2026-09-15T21:33:40.876Z,8.5,278876,1,0,58.5
2026-09-15T21:33:45.907Z,8.5,291788,1,0,59.1
2026-09-15T21:33:50.938Z,8.5,291788,1,0,59.1
2026-09-15T21:33:55.975Z,8.5,308788,1,0,58.0
2026-09-15T21:34:01.011Z,8.5,296756,1,0,58.0
2026-09-15T21:34:06.042Z,8.5,313228,1,0,58.0
2026-09-15T21:34:11.073Z,8.5,313228,1,0,58.0
2026-09-15T21:34:16.105Z,8.5,317288,1,0,58.5
2026-09-15T21:34:21.143Z,8.5,317496,1,0,58.0
2026-09-15T21:34:26.181Z,8.5,318864,1,0,58.0
2026-09-15T21:34:31.219Z,8.5,300180,1,0,56.9
2026-09-15T21:34:36.250Z,8.5,300368,1,0,58.0
2026-09-15T21:34:41.280Z,8.5,300368,1,0,58.5
2026-09-15T21:34:46.317Z,8.5,300368,1,0,58.5
2026-09-15T21:34:51.356Z,8.5,300856,1,0,58.0
2026-09-15T21:34:56.392Z,8.5,306560,1,0,57.5
2026-09-15T21:35:01.424Z,8.5,296752,1,0,58.0
2026-09-15T21:35:06.454Z,8.5,296752,1,0,58.5
2026-09-15T21:35:11.485Z,8.5,296752,1,0,59.1
2026-09-15T21:35:16.523Z,8.5,307032,1,0,58.0
2026-09-15T21:35:21.561Z,8.5,307256,1,0,56.9
2026-09-15T21:35:26.592Z,8.5,317572,1,0,58.0
2026-09-15T21:35:31.623Z,8.5,317572,1,0,59.1
2026-09-15T21:35:36.654Z,8.5,317572,1,0,59.1
2026-09-15T21:35:41.692Z,8.5,317620,1,0,58.0
2026-09-15T21:35:46.730Z,8.5,318016,1,0,56.9
2026-09-15T21:35:51.764Z,8.5,318220,1,0,56.9
2026-09-15T21:35:56.794Z,8.5,318220,1,0,58.0
2026-09-15T21:36:01.825Z,8.5,318220,1,0,58.5
2026-09-15T21:36:06.862Z,8.5,318968,1,0,58.0
2026-09-15T21:36:11.900Z,8.5,311192,1,0,56.9
2026-09-15T21:36:16.932Z,8.5,311752,1,0,57.5
2026-09-15T21:36:21.962Z,8.5,311752,1,0,58.0
2026-09-15T21:36:26.993Z,8.5,311752,1,0,59.1
2026-09-15T21:36:32.031Z,8.5,316188,1,0,56.9
2026-09-15T21:36:37.072Z,8.5,308528,1,0,56.9
2026-09-15T21:36:42.110Z,8.5,317476,1,0,56.9
2026-09-15T21:36:47.141Z,8.5,317476,1,0,58.0
2026-09-15T21:36:52.172Z,8.5,317476,1,0,58.5
2026-09-15T21:36:57.210Z,8.5,317588,1,0,58.0
2026-09-15T21:37:02.247Z,8.5,317900,1,0,56.9
2026-09-15T21:37:07.283Z,8.5,296840,1,0,56.9
2026-09-15T21:37:12.315Z,8.5,297088,1,0,57.5
2026-09-15T21:37:17.346Z,8.5,297088,1,0,58.0
2026-09-15T21:37:22.377Z,8.5,297088,1,0,58.0
2026-09-15T21:37:27.414Z,8.5,297396,1,0,57.5
2026-09-15T21:37:32.453Z,8.5,290860,1,0,56.4
2026-09-15T21:37:37.485Z,8.5,291128,1,0,56.9
2026-09-15T21:37:42.516Z,8.5,295164,1,0,58.0
2026-09-15T21:37:47.547Z,8.5,295164,1,0,58.0
2026-09-15T21:37:52.584Z,8.5,295164,1,0,57.5
2026-09-15T21:37:57.622Z,8.5,295164,1,0,56.9
2026-09-15T21:38:02.659Z,8.5,295196,1,0,56.4
2026-09-15T21:38:07.691Z,8.5,295196,1,0,56.9
2026-09-15T21:38:12.722Z,8.5,295196,1,0,58.0
2026-09-15T21:38:17.758Z,8.5,285120,1,0,58.0
2026-09-15T21:38:22.795Z,8.5,285128,1,0,56.4
2026-09-15T21:38:27.833Z,8.5,285280,1,0,56.4
2026-09-15T21:38:32.864Z,8.5,286116,1,0,58.0
2026-09-15T21:38:37.895Z,8.5,286116,1,0,58.0
2026-09-15T21:38:42.933Z,8.5,288536,1,0,58.0
2026-09-15T21:38:47.971Z,8.5,293704,1,0,56.9
2026-09-15T21:38:53.008Z,8.5,301936,1,0,55.8
2026-09-15T21:38:58.040Z,8.5,293944,1,0,57.5
2026-09-15T21:39:03.070Z,8.5,296592,1,0,58.0
2026-09-15T21:39:08.101Z,8.5,296592,1,0,58.0
2026-09-15T21:39:13.137Z,8.5,299768,1,0,56.9
2026-09-15T21:39:18.175Z,8.5,299816,1,0,55.8
2026-09-15T21:39:23.205Z,8.5,301888,1,0,57.5
2026-09-15T21:39:28.236Z,8.5,301888,1,0,58.0
2026-09-15T21:39:33.267Z,8.5,305276,1,0,58.0
2026-09-15T21:39:38.305Z,8.5,305948,1,0,58.0
2026-09-15T21:39:43.343Z,8.5,312584,1,0,56.9
2026-09-15T21:39:48.379Z,8.5,296012,1,0,56.4
2026-09-15T21:39:53.411Z,8.5,298112,1,0,58.0
2026-09-15T21:39:58.442Z,8.5,298112,1,0,58.0
2026-09-15T21:40:03.473Z,8.5,302688,1,0,58.5
2026-09-15T21:40:08.510Z,8.5,303208,1,0,56.9
2026-09-15T21:40:13.546Z,8.5,309852,1,0,56.9
2026-09-15T21:40:18.578Z,8.5,302700,1,0,56.9
2026-09-15T21:40:23.610Z,8.5,304512,1,0,58.0
2026-09-15T21:40:28.641Z,8.5,304512,1,0,58.0
2026-09-15T21:40:33.678Z,8.5,307084,1,0,56.9
2026-09-15T21:40:38.715Z,8.5,307332,1,0,56.9
2026-09-15T21:40:43.752Z,8.5,309056,1,0,56.4
2026-09-15T21:40:48.784Z,8.5,309116,1,0,58.0
2026-09-15T21:40:53.815Z,8.5,311944,1,0,58.0
2026-09-15T21:40:58.846Z,8.5,311944,1,0,58.0
2026-09-15T21:41:03.883Z,8.5,312764,1,0,56.9
2026-09-15T21:41:08.920Z,8.5,313708,1,0,56.9
2026-09-15T21:41:13.951Z,8.5,314488,1,0,56.9
2026-09-15T21:41:18.982Z,8.5,330752,1,0,58.0
2026-09-15T21:41:24.015Z,8.5,330752,1,0,57.5
2026-09-15T21:41:29.046Z,8.5,336860,1,0,58.5
2026-09-15T21:41:34.084Z,8.5,317756,1,0,56.9
2026-09-15T21:41:39.123Z,8.5,318268,1,0,56.9
2026-09-15T21:41:44.156Z,8.5,318268,1,0,56.9
2026-09-15T21:41:49.187Z,8.5,318268,1,0,58.0
2026-09-15T21:41:54.218Z,8.5,318268,1,0,58.0
2026-09-15T21:41:59.255Z,8.5,318268,1,0,58.0
2026-09-15T21:42:04.293Z,8.5,309968,1,0,56.9
2026-09-15T21:42:09.329Z,8.5,311100,1,0,56.4
2026-09-15T21:42:14.361Z,8.5,311648,1,0,57.5
2026-09-15T21:42:19.391Z,8.5,311648,1,0,57.5
2026-09-15T21:42:24.422Z,8.5,311648,1,0,58.5
2026-09-15T21:42:29.459Z,8.5,320584,1,0,58.0
2026-09-15T21:42:34.497Z,8.5,307972,1,0,56.4
2026-09-15T21:42:39.534Z,8.5,310020,1,0,56.9
2026-09-15T21:42:44.565Z,8.5,310020,1,0,57.5
2026-09-15T21:42:49.596Z,8.5,322048,1,0,58.0
2026-09-15T21:42:54.634Z,8.5,322320,1,0,57.5
2026-09-15T21:42:59.670Z,8.5,323720,1,0,56.9
2026-09-15T21:43:04.710Z,8.5,319880,1,0,56.4
2026-09-15T21:43:09.741Z,8.5,320424,1,0,58.0
2026-09-15T21:43:14.771Z,8.5,320424,1,0,58.0
2026-09-15T21:43:19.807Z,8.5,320440,1,0,58.0
2026-09-15T21:43:24.843Z,8.5,320996,1,0,56.9
2026-09-15T21:43:29.882Z,8.5,300368,1,0,56.4
2026-09-15T21:43:34.913Z,8.5,300664,1,0,58.0
2026-09-15T21:43:39.944Z,8.5,300664,1,0,58.0
2026-09-15T21:43:44.975Z,8.5,300664,1,0,58.0
2026-09-15T21:43:50.015Z,8.5,304024,1,0,57.5
2026-09-15T21:43:55.057Z,8.5,283508,1,0,56.4
2026-09-15T21:44:00.089Z,8.5,288104,1,0,56.9
2026-09-15T21:44:05.120Z,8.5,288104,1,0,57.5
2026-09-15T21:44:10.152Z,8.5,292856,1,0,58.0
2026-09-15T21:44:15.193Z,8.5,292856,1,0,58.0
2026-09-15T21:44:20.229Z,8.5,297704,1,0,56.4
2026-09-15T21:44:25.266Z,8.5,297704,1,0,56.4
2026-09-15T21:44:30.298Z,8.5,302192,1,0,57.5
2026-09-15T21:44:35.329Z,8.5,302192,1,0,58.5
2026-09-15T21:44:40.360Z,8.5,308892,1,0,58.0
2026-09-15T21:44:45.399Z,8.5,310944,1,0,56.9
2026-09-15T21:44:50.438Z,8.5,282900,1,0,56.9
2026-09-15T21:44:55.470Z,8.5,282940,1,0,56.9
2026-09-15T21:45:00.500Z,8.5,288808,1,0,58.0
2026-09-15T21:45:05.531Z,8.5,288808,1,0,58.0
2026-09-15T21:45:10.569Z,8.5,296088,1,0,56.9
2026-09-15T21:45:15.605Z,8.5,267388,1,0,56.4
2026-09-15T21:45:20.636Z,8.5,273312,1,0,56.9
2026-09-15T21:45:25.667Z,8.5,273312,1,0,58.0
2026-09-15T21:45:30.698Z,8.5,277548,1,0,58.0
2026-09-15T21:45:35.735Z,8.5,277548,1,0,58.0
2026-09-15T21:45:40.772Z,8.5,283556,1,0,56.9
2026-09-15T21:45:45.809Z,8.5,265704,1,0,56.4
2026-09-15T21:45:50.841Z,8.5,270300,1,0,58.0
2026-09-15T21:45:55.872Z,8.5,270300,1,0,58.0
2026-09-15T21:46:00.903Z,8.5,275864,1,0,58.0
2026-09-15T21:46:05.941Z,8.5,275864,1,0,58.0
2026-09-15T21:46:10.993Z,8.5,291668,1,0,57.5
2026-09-15T21:46:16.031Z,8.5,262976,1,0,56.9
2026-09-15T21:46:21.063Z,8.5,263104,1,0,56.9
2026-09-15T21:46:26.093Z,8.5,279380,1,0,58.0
2026-09-15T21:46:31.131Z,8.5,279396,1,0,56.9
2026-09-15T21:46:36.170Z,8.5,298600,1,0,56.9
2026-09-15T21:46:41.207Z,8.5,304032,1,0,55.8
2026-09-15T21:46:46.239Z,8.5,312264,1,0,56.9
2026-09-15T21:46:51.271Z,8.5,312264,1,0,57.5
2026-09-15T21:46:56.302Z,8.5,312264,1,0,58.0
2026-09-15T21:47:01.339Z,8.5,316912,1,0,56.9
2026-09-15T21:47:06.377Z,8.5,311964,1,0,56.4
2026-09-15T21:47:11.408Z,8.5,312048,1,0,56.9
2026-09-15T21:47:16.439Z,8.5,312048,1,0,58.0
2026-09-15T21:47:21.471Z,8.5,312048,1,0,58.0
2026-09-15T21:47:26.509Z,8.5,312260,1,0,56.9
2026-09-15T21:47:31.546Z,8.5,307836,1,0,56.9
2026-09-15T21:47:36.586Z,8.5,308984,1,0,56.4
2026-09-15T21:47:41.617Z,8.5,309272,1,0,57.5
2026-09-15T21:47:46.649Z,8.5,315356,1,0,58.0
2026-09-15T21:47:51.687Z,8.5,315552,1,0,58.0
2026-09-15T21:47:56.726Z,8.5,302276,1,0,56.9
2026-09-15T21:48:01.763Z,8.5,302656,1,0,56.4
2026-09-15T21:48:06.795Z,8.5,302688,1,0,58.0
2026-09-15T21:48:11.827Z,8.5,302688,1,0,58.0
2026-09-15T21:48:16.859Z,8.5,302688,1,0,58.0
2026-09-15T21:48:21.897Z,8.5,305576,1,0,57.5
2026-09-15T21:48:26.936Z,8.5,310868,1,0,55.8
2026-09-15T21:48:31.967Z,8.5,315068,1,0,56.4
2026-09-15T21:48:36.998Z,8.5,315068,1,0,57.5
2026-09-15T21:48:42.029Z,8.5,315068,1,0,58.0
2026-09-15T21:48:47.067Z,8.5,318240,1,0,56.9
2026-09-15T21:48:52.107Z,8.5,312420,1,0,56.9
2026-09-15T21:48:57.138Z,8.5,324608,1,0,56.4
2026-09-15T21:49:02.170Z,8.5,324608,1,0,58.0
2026-09-15T21:49:07.202Z,8.5,328668,1,0,58.0
2026-09-15T21:49:12.233Z,8.5,328668,1,0,58.0
2026-09-15T21:49:17.270Z,8.5,328976,1,0,57.5
2026-09-15T21:49:22.308Z,8.5,330356,1,0,56.9
2026-09-15T21:49:27.344Z,8.5,335556,1,0,56.4
2026-09-15T21:49:32.375Z,8.5,335556,1,0,58.0
2026-09-15T21:49:37.407Z,8.5,335556,1,0,58.0
2026-09-15T21:49:42.443Z,8.5,338184,1,0,56.9
2026-09-15T21:49:47.481Z,8.5,326228,1,0,56.9
2026-09-15T21:49:52.519Z,8.5,327304,1,0,56.4
2026-09-15T21:49:57.551Z,8.5,327304,1,0,58.0
2026-09-15T21:50:02.582Z,8.5,327304,1,0,58.0
2026-09-15T21:50:07.619Z,8.5,337348,1,0,58.0
2026-09-15T21:50:12.656Z,8.5,335592,1,0,56.9
2026-09-15T21:50:17.692Z,8.5,338412,1,0,56.4
2026-09-15T21:50:22.723Z,8.5,338744,1,0,56.9
2026-09-15T21:50:27.754Z,8.5,338744,1,0,58.0
2026-09-15T21:50:32.785Z,8.5,338744,1,0,58.0
2026-09-15T21:50:37.822Z,8.5,317788,1,0,56.9
2026-09-15T21:50:42.860Z,8.5,318060,1,0,56.4
2026-09-15T21:50:47.891Z,8.5,318432,1,0,56.9
2026-09-15T21:50:52.922Z,8.5,318432,1,0,57.5
2026-09-15T21:50:57.953Z,8.5,318432,1,0,58.0
2026-09-15T21:51:02.989Z,8.5,318436,1,0,56.9
2026-09-15T21:51:08.026Z,8.5,322568,1,0,56.9
2026-09-15T21:51:13.063Z,8.5,327784,1,0,56.4
2026-09-15T21:51:18.094Z,8.5,328152,1,0,57.5
2026-09-15T21:51:23.125Z,8.5,328152,1,0,58.0
2026-09-15T21:51:28.161Z,8.5,312908,1,0,57.5
2026-09-15T21:51:33.199Z,8.5,313340,1,0,56.4
2026-09-15T21:51:38.234Z,8.5,313464,1,0,55.8
2026-09-15T21:51:43.267Z,8.5,313972,1,0,57.5
2026-09-15T21:51:48.297Z,8.5,313972,1,0,58.0
2026-09-15T21:51:53.327Z,8.5,313972,1,0,58.0
2026-09-15T21:51:58.365Z,8.5,317040,1,0,58.0
2026-09-15T21:52:03.402Z,8.5,313424,1,0,56.9
2026-09-15T21:52:08.433Z,8.5,314460,1,0,56.4
2026-09-15T21:52:13.464Z,8.5,315472,1,0,56.9
2026-09-15T21:52:18.494Z,8.5,315472,1,0,58.0
2026-09-15T21:52:23.532Z,8.5,317324,1,0,58.0
2026-09-15T21:52:28.593Z,8.5,313368,1,0,56.9
2026-09-15T21:52:33.629Z,8.5,315504,1,0,56.9
2026-09-15T21:52:38.660Z,8.5,315848,1,0,57.5
2026-09-15T21:52:43.691Z,8.5,317608,1,0,58.0
2026-09-15T21:52:48.727Z,8.5,317744,1,0,58.0
2026-09-15T21:52:53.763Z,8.5,283544,1,0,56.4
2026-09-15T21:52:58.799Z,8.5,284496,1,0,56.9
2026-09-15T21:53:03.830Z,8.5,286868,1,0,56.9
2026-09-15T21:53:08.862Z,8.5,286868,1,0,58.0
2026-09-15T21:53:13.912Z,8.5,289976,1,0,58.0
2026-09-15T21:53:18.949Z,8.5,290660,1,0,57.5
2026-09-15T21:53:23.987Z,8.5,297016,1,0,56.4
2026-09-15T21:53:29.025Z,8.5,290568,1,0,56.4
2026-09-15T21:53:34.056Z,8.5,293804,1,0,56.9
2026-09-15T21:53:39.086Z,8.5,293804,1,0,58.0
2026-09-15T21:53:44.124Z,8.5,296328,1,0,58.0
2026-09-15T21:53:49.159Z,8.5,296592,1,0,56.9
2026-09-15T21:53:54.199Z,8.5,298788,1,0,55.8
2026-09-15T21:53:59.230Z,8.5,298936,1,0,57.5
2026-09-15T21:54:04.261Z,8.5,301872,1,0,58.0
2026-09-15T21:54:09.292Z,8.5,301872,1,0,58.0
2026-09-15T21:54:14.328Z,8.5,294808,1,0,56.9
2026-09-15T21:54:19.365Z,8.5,296088,1,0,56.4
2026-09-15T21:54:24.397Z,8.5,277740,1,0,56.9
2026-09-15T21:54:29.428Z,8.5,277740,1,0,56.9
2026-09-15T21:54:34.459Z,8.5,289640,1,0,58.0
2026-09-15T21:54:39.496Z,8.5,289876,1,0,56.9
2026-09-15T21:54:44.537Z,8.5,307336,1,0,56.4
2026-09-15T21:54:49.575Z,8.5,289812,1,0,55.8
2026-09-15T21:54:54.607Z,8.5,306076,1,0,56.9
2026-09-15T21:54:59.638Z,8.5,306076,1,0,58.0
2026-09-15T21:55:04.670Z,8.5,318244,1,0,58.0
2026-09-15T21:55:09.707Z,8.5,318864,1,0,56.9
2026-09-15T21:55:14.745Z,8.5,320656,1,0,55.8
2026-09-15T21:55:19.777Z,8.5,324036,1,0,56.9
2026-09-15T21:55:24.807Z,8.5,324036,1,0,57.5
2026-09-15T21:55:29.839Z,8.5,324036,1,0,58.0
2026-09-15T21:55:34.876Z,8.5,324176,1,0,58.0
2026-09-15T21:55:39.915Z,8.5,321336,1,0,56.4
2026-09-15T21:55:44.953Z,8.5,321828,1,0,56.9
2026-09-15T21:55:49.985Z,8.5,322248,1,0,56.9
2026-09-15T21:55:55.016Z,8.5,322248,1,0,56.9
2026-09-15T21:56:00.048Z,8.5,322248,1,0,58.0
2026-09-15T21:56:05.088Z,8.5,319096,1,0,56.4
2026-09-15T21:56:10.126Z,8.5,319852,1,0,56.4
2026-09-15T21:56:15.165Z,8.5,337064,1,0,55.8
2026-09-15T21:56:20.197Z,8.5,337064,1,0,57.5
2026-09-15T21:56:25.228Z,8.5,337064,1,0,58.0
2026-09-15T21:56:30.267Z,8.5,342008,1,0,58.0
2026-09-15T21:56:35.305Z,8.5,323212,1,0,56.4
2026-09-15T21:56:40.342Z,8.5,323340,1,0,56.4
2026-09-15T21:56:45.373Z,8.5,323376,1,0,56.9
2026-09-15T21:56:50.403Z,8.5,323376,1,0,56.9
2026-09-15T21:56:55.434Z,8.5,323376,1,0,57.5
2026-09-15T21:57:00.471Z,8.5,323492,1,0,56.9
2026-09-15T21:57:05.508Z,8.5,324468,1,0,56.4
2026-09-15T21:57:10.546Z,8.5,329316,1,0,56.9
2026-09-15T21:57:15.577Z,8.5,330624,1,0,56.9
2026-09-15T21:57:20.607Z,8.5,331320,1,0,56.9
2026-09-15T21:57:25.638Z,8.5,331320,1,0,57.5
2026-09-15T21:57:30.675Z,8.5,317460,1,0,56.9
2026-09-15T21:57:35.713Z,8.5,318512,1,0,56.4
2026-09-15T21:57:40.751Z,8.5,299988,1,0,55.8
2026-09-15T21:57:45.782Z,8.5,299988,1,0,56.9
2026-09-15T21:57:50.813Z,8.5,299988,1,0,58.0
2026-09-15T21:57:55.850Z,8.5,300148,1,0,56.9
2026-09-15T21:58:00.889Z,8.5,300176,1,0,56.4
2026-09-15T21:58:05.928Z,8.5,304556,1,0,55.8
2026-09-15T21:58:10.959Z,8.5,305624,1,0,56.4
2026-09-15T21:58:15.990Z,8.5,305624,1,0,57.5
2026-09-15T21:58:21.026Z,8.5,309088,1,0,56.9
2026-09-15T21:58:26.064Z,8.5,301692,1,0,56.4
2026-09-15T21:58:31.103Z,8.5,305448,1,0,55.8
2026-09-15T21:58:36.134Z,8.5,305512,1,0,56.9
2026-09-15T21:58:41.165Z,8.5,308856,1,0,58.0
2026-09-15T21:58:46.196Z,8.5,308856,1,0,57.5
2026-09-15T21:58:51.233Z,8.5,312704,1,0,55.8
2026-09-15T21:58:56.269Z,8.5,285828,1,0,56.4
2026-09-15T21:59:01.300Z,8.5,288840,1,0,56.9
2026-09-15T21:59:06.331Z,8.5,288840,1,0,56.9
2026-09-15T21:59:11.363Z,8.5,293688,1,0,58.0
2026-09-15T21:59:16.401Z,8.5,293732,1,0,56.9
2026-09-15T21:59:21.437Z,8.5,299088,1,0,56.4
2026-09-15T21:59:26.474Z,8.5,271520,1,0,55.8
2026-09-15T21:59:31.505Z,8.5,276580,1,0,56.4
2026-09-15T21:59:36.535Z,8.5,276580,1,0,57.5
2026-09-15T21:59:41.565Z,8.5,281072,1,0,57.5
2026-09-15T21:59:46.604Z,8.5,282084,1,0,56.9
2026-09-15T21:59:51.642Z,8.5,277000,1,0,55.8
2026-09-15T21:59:56.673Z,8.5,277356,1,0,56.4
2026-09-15T22:00:01.703Z,8.5,280608,1,0,56.9
2026-09-15T22:00:06.734Z,8.5,280608,1,0,56.9
2026-09-15T22:00:11.771Z,8.5,267044,1,0,55.8
2026-09-15T22:00:16.810Z,8.5,268064,1,0,56.4
2026-09-15T22:00:21.841Z,8.5,256452,1,0,55.8
2026-09-15T22:00:26.872Z,8.5,256452,1,0,56.9
2026-09-15T22:00:31.904Z,8.5,262932,1,0,57.5
2026-09-15T22:00:36.943Z,8.5,262944,1,0,55.8
2026-09-15T22:00:41.981Z,8.5,279436,1,0,55.8
2026-09-15T22:00:47.013Z,8.5,282712,1,0,55.8
2026-09-15T22:00:52.044Z,8.5,298964,1,0,56.4
2026-09-15T22:00:57.075Z,8.5,298964,1,0,56.9
2026-09-15T22:01:02.112Z,8.5,317400,1,0,56.9
2026-09-15T22:01:07.150Z,8.5,322388,1,0,55.8
2026-09-15T22:01:12.185Z,8.5,326060,1,0,55.8
2026-09-15T22:01:17.216Z,8.5,326176,1,0,56.4
2026-09-15T22:01:22.247Z,8.5,326176,1,0,56.4
2026-09-15T22:01:27.285Z,8.5,342404,1,0,56.9
2026-09-15T22:01:32.320Z,8.5,342404,1,0,55.8
2026-09-15T22:01:37.357Z,8.5,348440,1,0,55.3
2026-09-15T22:01:42.388Z,8.5,348772,1,0,56.4
2026-09-15T22:01:47.418Z,8.5,348772,1,0,56.9
2026-09-15T22:01:52.450Z,8.5,348772,1,0,56.9
2026-09-15T22:01:57.488Z,8.5,340512,1,0,56.4
2026-09-15T22:02:02.528Z,8.5,341244,1,0,55.8
2026-09-15T22:02:07.565Z,8.5,342068,1,0,55.8
2026-09-15T22:02:12.596Z,8.5,342068,1,0,56.9
2026-09-15T22:02:17.627Z,8.5,342068,1,0,56.9
2026-09-15T22:02:22.664Z,8.5,327456,1,0,56.9
2026-09-15T22:02:27.701Z,8.5,328344,1,0,55.8
2026-09-15T22:02:32.740Z,8.5,328812,1,0,55.8
2026-09-15T22:02:37.771Z,8.5,336920,1,0,56.4
2026-09-15T22:02:42.801Z,8.5,336920,1,0,56.9
2026-09-15T22:02:47.833Z,8.5,336920,1,0,57.5
2026-09-15T22:02:52.871Z,8.5,337856,1,0,56.4
2026-09-15T22:02:57.907Z,8.5,334640,1,0,55.8
