timestamp,event,detail
2026-09-17T03:21:25.228Z,CAMPAIGN_START,tool=boofuzz
2026-09-17T03:22:03.968Z,O1_CRASH,broker sonlandi
2026-09-17T03:22:09.536Z,O1_CRASH,broker sonlandi
2026-09-17T03:22:11.661Z,O1_CRASH,broker sonlandi
2026-09-17T03:22:13.789Z,O1_CRASH,broker sonlandi
2026-09-17T03:22:15.922Z,O1_CRASH,broker sonlandi
2026-09-17T03:22:18.053Z,O1_CRASH,broker sonlandi
2026-09-17T03:22:20.180Z,O1_CRASH,broker sonlandi
2026-09-17T03:22:22.307Z,O1_CRASH,broker sonlandi
2026-09-17T03:22:24.433Z,O1_CRASH,broker sonlandi
2026-09-17T03:22:26.565Z,O1_CRASH,broker sonlandi
2026-09-17T03:22:28.703Z,O1_CRASH,broker sonlandi
2026-09-17T03:22:30.849Z,O1_CRASH,broker sonlandi
2026-09-17T03:22:32.998Z,O1_CRASH,broker sonlandi
2026-09-17T03:22:35.174Z,O1_CRASH,broker sonlandi
2026-09-17T03:24:01.849Z,O1_CRASH,broker sonlandi
2026-09-17T03:24:07.603Z,O1_CRASH,broker sonlandi
2026-09-17T03:24:09.727Z,O1_CRASH,broker sonlandi
2026-09-17T03:24:11.855Z,O1_CRASH,broker sonlandi
2026-09-17T03:24:13.981Z,O1_CRASH,broker sonlandi
2026-09-17T03:24:16.108Z,O1_CRASH,broker sonlandi
2026-09-17T03:24:18.242Z,O1_CRASH,broker sonlandi
2026-09-17T03:24:20.372Z,O1_CRASH,broker sonlandi
2026-09-17T03:24:22.509Z,O1_CRASH,broker sonlandi
2026-09-17T03:24:24.644Z,O1_CRASH,broker sonlandi
2026-09-17T03:24:27.786Z,O1_CRASH,broker sonlandi
2026-09-17T03:24:29.934Z,O1_CRASH,broker sonlandi
2026-09-17T03:24:32.114Z,O1_CRASH,broker sonlandi
2026-09-17T03:25:58.818Z,O1_CRASH,broker sonlandi
2026-09-17T03:26:05.498Z,O1_CRASH,broker sonlandi
2026-09-17T03:26:07.624Z,O1_CRASH,broker sonlandi
2026-09-17T03:26:09.751Z,O1_CRASH,broker sonlandi
2026-09-17T03:26:11.888Z,O1_CRASH,broker sonlandi
2026-09-17T03:26:14.015Z,O1_CRASH,broker sonlandi
2026-09-17T03:26:16.140Z,O1_CRASH,broker sonlandi
2026-09-17T03:26:18.272Z,O1_CRASH,broker sonlandi
2026-09-17T03:26:20.403Z,O1_CRASH,broker sonlandi
2026-09-17T03:26:22.537Z,O1_CRASH,broker sonlandi
2026-09-17T03:26:24.672Z,O1_CRASH,broker sonlandi
2026-09-17T03:26:26.820Z,O1_CRASH,broker sonlandi
2026-09-17T03:26:28.996Z,O1_CRASH,broker sonlandi
2026-09-17T03:27:54.777Z,O1_CRASH,broker sonlandi
2026-09-17T03:28:00.370Z,O1_CRASH,broker sonlandi
2026-09-17T03:28:02.495Z,O1_CRASH,broker sonlandi
2026-09-17T03:28:04.625Z,O1_CRASH,broker sonlandi
2026-09-17T03:28:06.757Z,O1_CRASH,broker sonlandi
2026-09-17T03:28:08.885Z,O1_CRASH,broker sonlandi
2026-09-17T03:28:11.017Z,O1_CRASH,broker sonlandi
2026-09-17T03:28:13.147Z,O1_CRASH,broker sonlandi
2026-09-17T03:28:15.283Z,O1_CRASH,broker sonlandi
2026-09-17T03:28:17.420Z,O1_CRASH,broker sonlandi
2026-09-17T03:28:19.560Z,O1_CRASH,broker sonlandi
2026-09-17T03:28:21.709Z,O1_CRASH,broker sonlandi
2026-09-17T03:28:23.873Z,O1_CRASH,broker sonlandi
2026-09-17T03:28:26.264Z,O1_CRASH,broker sonlandi
2026-09-17T03:29:53.109Z,O1_CRASH,broker sonlandi
2026-09-17T03:29:58.666Z,O1_CRASH,broker sonlandi
2026-09-17T03:30:00.793Z,O1_CRASH,broker sonlandi
2026-09-17T03:30:02.923Z,O1_CRASH,broker sonlandi
2026-09-17T03:30:05.054Z,O1_CRASH,broker sonlandi
2026-09-17T03:30:07.186Z,O1_CRASH,broker sonlandi
2026-09-17T03:30:09.318Z,O1_CRASH,broker sonlandi
2026-09-17T03:30:11.447Z,O1_CRASH,broker sonlandi
2026-09-17T03:30:13.576Z,O1_CRASH,broker sonlandi
2026-09-17T03:30:15.704Z,O1_CRASH,broker sonlandi
2026-09-17T03:30:17.836Z,O1_CRASH,broker sonlandi
2026-09-17T03:30:19.978Z,O1_CRASH,broker sonlandi
2026-09-17T03:30:22.129Z,O1_CRASH,broker sonlandi
2026-09-17T03:30:24.289Z,O1_CRASH,broker sonlandi
2026-09-17T03:30:26.684Z,O1_CRASH,broker sonlandi
2026-09-17T03:31:52.173Z,O1_CRASH,broker sonlandi
2026-09-17T03:31:58.753Z,O1_CRASH,broker sonlandi
2026-09-17T03:32:00.887Z,O1_CRASH,broker sonlandi
2026-09-17T03:32:03.018Z,O1_CRASH,broker sonlandi
2026-09-17T03:32:05.148Z,O1_CRASH,broker sonlandi
2026-09-17T03:32:07.277Z,O1_CRASH,broker sonlandi
2026-09-17T03:32:09.405Z,O1_CRASH,broker sonlandi
2026-09-17T03:32:11.536Z,O1_CRASH,broker sonlandi
2026-09-17T03:32:13.666Z,O1_CRASH,broker sonlandi
2026-09-17T03:32:15.798Z,O1_CRASH,broker sonlandi
2026-09-17T03:32:17.926Z,O1_CRASH,broker sonlandi
2026-09-17T03:32:20.057Z,O1_CRASH,broker sonlandi
2026-09-17T03:32:22.197Z,O1_CRASH,broker sonlandi
2026-09-17T03:32:24.346Z,O1_CRASH,broker sonlandi
2026-09-17T03:32:26.526Z,O1_CRASH,broker sonlandi
2026-09-17T03:33:52.581Z,O1_CRASH,broker sonlandi
2026-09-17T03:33:58.217Z,O1_CRASH,broker sonlandi
2026-09-17T03:34:00.343Z,O1_CRASH,broker sonlandi
2026-09-17T03:34:02.473Z,O1_CRASH,broker sonlandi
2026-09-17T03:34:04.602Z,O1_CRASH,broker sonlandi
2026-09-17T03:34:06.730Z,O1_CRASH,broker sonlandi
2026-09-17T03:34:08.858Z,O1_CRASH,broker sonlandi
2026-09-17T03:34:10.987Z,O1_CRASH,broker sonlandi
2026-09-17T03:34:13.119Z,O1_CRASH,broker sonlandi
2026-09-17T03:34:15.256Z,O1_CRASH,broker sonlandi
2026-09-17T03:34:17.385Z,O1_CRASH,broker sonlandi
2026-09-17T03:34:19.521Z,O1_CRASH,broker sonlandi
2026-09-17T03:34:21.671Z,O1_CRASH,broker sonlandi
2026-09-17T03:34:23.838Z,O1_CRASH,broker sonlandi
2026-09-17T03:35:51.002Z,O1_CRASH,broker sonlandi
2026-09-17T03:35:56.618Z,O1_CRASH,broker sonlandi
2026-09-17T03:35:58.745Z,O1_CRASH,broker sonlandi
2026-09-17T03:36:00.871Z,O1_CRASH,broker sonlandi
2026-09-17T03:36:03.009Z,O1_CRASH,broker sonlandi
2026-09-17T03:36:05.137Z,O1_CRASH,broker sonlandi
2026-09-17T03:36:07.266Z,O1_CRASH,broker sonlandi
2026-09-17T03:36:09.402Z,O1_CRASH,broker sonlandi
2026-09-17T03:36:11.532Z,O1_CRASH,broker sonlandi
2026-09-17T03:36:13.662Z,O1_CRASH,broker sonlandi
2026-09-17T03:36:15.799Z,O1_CRASH,broker sonlandi
2026-09-17T03:36:17.947Z,O1_CRASH,broker sonlandi
2026-09-17T03:36:20.113Z,O1_CRASH,broker sonlandi
2026-09-17T03:36:22.505Z,O1_CRASH,broker sonlandi
2026-09-17T03:37:49.555Z,O1_CRASH,broker sonlandi
2026-09-17T03:37:55.217Z,O1_CRASH,broker sonlandi
2026-09-17T03:37:57.344Z,O1_CRASH,broker sonlandi
2026-09-17T03:37:59.471Z,O1_CRASH,broker sonlandi
2026-09-17T03:38:01.601Z,O1_CRASH,broker sonlandi
2026-09-17T03:38:03.725Z,O1_CRASH,broker sonlandi
2026-09-17T03:38:05.854Z,O1_CRASH,broker sonlandi
2026-09-17T03:38:07.980Z,O1_CRASH,broker sonlandi
2026-09-17T03:38:10.116Z,O1_CRASH,broker sonlandi
2026-09-17T03:38:12.241Z,O1_CRASH,broker sonlandi
2026-09-17T03:38:14.369Z,O1_CRASH,broker sonlandi
2026-09-17T03:38:16.504Z,O1_CRASH,broker sonlandi
2026-09-17T03:38:18.652Z,O1_CRASH,broker sonlandi
2026-09-17T03:38:20.837Z,O1_CRASH,broker sonlandi
2026-09-17T03:39:46.744Z,O1_CRASH,broker sonlandi
2026-09-17T03:39:52.442Z,O1_CRASH,broker sonlandi
2026-09-17T03:39:54.569Z,O1_CRASH,broker sonlandi
2026-09-17T03:39:56.696Z,O1_CRASH,broker sonlandi
2026-09-17T03:39:58.824Z,O1_CRASH,broker sonlandi
2026-09-17T03:40:00.954Z,O1_CRASH,broker sonlandi
2026-09-17T03:40:03.082Z,O1_CRASH,broker sonlandi
2026-09-17T03:40:05.210Z,O1_CRASH,broker sonlandi
2026-09-17T03:40:07.341Z,O1_CRASH,broker sonlandi
2026-09-17T03:40:09.469Z,O1_CRASH,broker sonlandi
2026-09-17T03:40:11.603Z,O1_CRASH,broker sonlandi
2026-09-17T03:40:13.755Z,O1_CRASH,broker sonlandi
2026-09-17T03:40:15.924Z,O1_CRASH,broker sonlandi
2026-09-17T03:40:18.320Z,O1_CRASH,broker sonlandi
2026-09-17T03:41:46.046Z,O1_CRASH,broker sonlandi
2026-09-17T03:41:51.706Z,O1_CRASH,broker sonlandi
2026-09-17T03:41:53.831Z,O1_CRASH,broker sonlandi
2026-09-17T03:41:55.962Z,O1_CRASH,broker sonlandi
2026-09-17T03:41:58.094Z,O1_CRASH,broker sonlandi
2026-09-17T03:42:00.223Z,O1_CRASH,broker sonlandi
2026-09-17T03:42:02.353Z,O1_CRASH,broker sonlandi
2026-09-17T03:42:04.488Z,O1_CRASH,broker sonlandi
2026-09-17T03:42:06.619Z,O1_CRASH,broker sonlandi
2026-09-17T03:42:08.758Z,O1_CRASH,broker sonlandi
2026-09-17T03:42:10.885Z,O1_CRASH,broker sonlandi
2026-09-17T03:42:13.024Z,O1_CRASH,broker sonlandi
2026-09-17T03:42:15.174Z,O1_CRASH,broker sonlandi
2026-09-17T03:42:17.350Z,O1_CRASH,broker sonlandi
2026-09-17T03:43:43.615Z,O1_CRASH,broker sonlandi
2026-09-17T03:43:49.239Z,O1_CRASH,broker sonlandi
2026-09-17T03:43:51.369Z,O1_CRASH,broker sonlandi
2026-09-17T03:43:53.504Z,O1_CRASH,broker sonlandi
2026-09-17T03:43:55.636Z,O1_CRASH,broker sonlandi
2026-09-17T03:43:57.766Z,O1_CRASH,broker sonlandi
2026-09-17T03:43:59.898Z,O1_CRASH,broker sonlandi
2026-09-17T03:44:02.029Z,O1_CRASH,broker sonlandi
2026-09-17T03:44:04.161Z,O1_CRASH,broker sonlandi
2026-09-17T03:44:06.291Z,O1_CRASH,broker sonlandi
2026-09-17T03:44:08.419Z,O1_CRASH,broker sonlandi
2026-09-17T03:44:10.559Z,O1_CRASH,broker sonlandi
2026-09-17T03:44:12.708Z,O1_CRASH,broker sonlandi
2026-09-17T03:44:14.878Z,O1_CRASH,broker sonlandi
2026-09-17T03:45:41.418Z,O1_CRASH,broker sonlandi
2026-09-17T03:45:47.186Z,O1_CRASH,broker sonlandi
2026-09-17T03:45:49.310Z,O1_CRASH,broker sonlandi
2026-09-17T03:45:51.446Z,O1_CRASH,broker sonlandi
2026-09-17T03:45:53.576Z,O1_CRASH,broker sonlandi
2026-09-17T03:45:55.701Z,O1_CRASH,broker sonlandi
2026-09-17T03:45:57.831Z,O1_CRASH,broker sonlandi
2026-09-17T03:45:59.962Z,O1_CRASH,broker sonlandi
2026-09-17T03:46:02.095Z,O1_CRASH,broker sonlandi
2026-09-17T03:46:04.230Z,O1_CRASH,broker sonlandi
2026-09-17T03:46:06.368Z,O1_CRASH,broker sonlandi
2026-09-17T03:46:09.531Z,O1_CRASH,broker sonlandi
2026-09-17T03:46:11.701Z,O1_CRASH,broker sonlandi
2026-09-17T03:46:14.089Z,O1_CRASH,broker sonlandi
2026-09-17T03:47:39.825Z,O1_CRASH,broker sonlandi
2026-09-17T03:47:46.456Z,O1_CRASH,broker sonlandi
2026-09-17T03:47:48.581Z,O1_CRASH,broker sonlandi
2026-09-17T03:47:50.712Z,O1_CRASH,broker sonlandi
2026-09-17T03:47:52.840Z,O1_CRASH,broker sonlandi
2026-09-17T03:47:54.967Z,O1_CRASH,broker sonlandi
2026-09-17T03:47:57.097Z,O1_CRASH,broker sonlandi
2026-09-17T03:47:59.230Z,O1_CRASH,broker sonlandi
2026-09-17T03:48:01.365Z,O1_CRASH,broker sonlandi
2026-09-17T03:48:03.503Z,O1_CRASH,broker sonlandi
2026-09-17T03:48:05.638Z,O1_CRASH,broker sonlandi
2026-09-17T03:48:07.788Z,O1_CRASH,broker sonlandi
2026-09-17T03:48:09.948Z,O1_CRASH,broker sonlandi
2026-09-17T03:48:12.353Z,O1_CRASH,broker sonlandi
2026-09-17T03:49:38.996Z,O1_CRASH,broker sonlandi
2026-09-17T03:49:44.647Z,O1_CRASH,broker sonlandi
2026-09-17T03:49:46.774Z,O1_CRASH,broker sonlandi
2026-09-17T03:49:48.903Z,O1_CRASH,broker sonlandi
2026-09-17T03:49:51.039Z,O1_CRASH,broker sonlandi
2026-09-17T03:49:53.174Z,O1_CRASH,broker sonlandi
2026-09-17T03:49:55.300Z,O1_CRASH,broker sonlandi
2026-09-17T03:49:57.433Z,O1_CRASH,broker sonlandi
2026-09-17T03:49:59.566Z,O1_CRASH,broker sonlandi
2026-09-17T03:50:01.699Z,O1_CRASH,broker sonlandi
2026-09-17T03:50:03.841Z,O1_CRASH,broker sonlandi
2026-09-17T03:50:05.990Z,O1_CRASH,broker sonlandi
2026-09-17T03:50:08.163Z,O1_CRASH,broker sonlandi
2026-09-17T03:51:33.983Z,O1_CRASH,broker sonlandi
2026-09-17T03:51:39.564Z,O1_CRASH,broker sonlandi
2026-09-17T03:51:41.689Z,O1_CRASH,broker sonlandi
2026-09-17T03:51:43.818Z,O1_CRASH,broker sonlandi
2026-09-17T03:51:45.956Z,O1_CRASH,broker sonlandi
2026-09-17T03:51:48.083Z,O1_CRASH,broker sonlandi
2026-09-17T03:51:50.219Z,O1_CRASH,broker sonlandi
2026-09-17T03:51:52.349Z,O1_CRASH,broker sonlandi
2026-09-17T03:51:54.478Z,O1_CRASH,broker sonlandi
2026-09-17T03:51:56.615Z,O1_CRASH,broker sonlandi
2026-09-17T03:51:58.753Z,O1_CRASH,broker sonlandi
2026-09-17T03:52:00.902Z,O1_CRASH,broker sonlandi
2026-09-17T03:52:03.066Z,O1_CRASH,broker sonlandi
2026-09-17T03:52:05.458Z,O1_CRASH,broker sonlandi
2026-09-17T03:53:32.169Z,O1_CRASH,broker sonlandi
2026-09-17T03:53:38.808Z,O1_CRASH,broker sonlandi
2026-09-17T03:53:40.934Z,O1_CRASH,broker sonlandi
2026-09-17T03:53:43.065Z,O1_CRASH,broker sonlandi
2026-09-17T03:53:45.194Z,O1_CRASH,broker sonlandi
2026-09-17T03:53:47.323Z,O1_CRASH,broker sonlandi
2026-09-17T03:53:49.453Z,O1_CRASH,broker sonlandi
2026-09-17T03:53:51.587Z,O1_CRASH,broker sonlandi
2026-09-17T03:53:53.721Z,O1_CRASH,broker sonlandi
2026-09-17T03:53:55.849Z,O1_CRASH,broker sonlandi
2026-09-17T03:53:57.984Z,O1_CRASH,broker sonlandi
2026-09-17T03:54:00.134Z,O1_CRASH,broker sonlandi
2026-09-17T03:54:02.326Z,O1_CRASH,broker sonlandi
2026-09-17T03:55:28.633Z,O1_CRASH,broker sonlandi
2026-09-17T03:55:34.270Z,O1_CRASH,broker sonlandi
2026-09-17T03:55:36.397Z,O1_CRASH,broker sonlandi
2026-09-17T03:55:38.526Z,O1_CRASH,broker sonlandi
2026-09-17T03:55:40.655Z,O1_CRASH,broker sonlandi
2026-09-17T03:55:42.784Z,O1_CRASH,broker sonlandi
2026-09-17T03:55:44.919Z,O1_CRASH,broker sonlandi
2026-09-17T03:55:47.048Z,O1_CRASH,broker sonlandi
2026-09-17T03:55:49.176Z,O1_CRASH,broker sonlandi
2026-09-17T03:55:51.304Z,O1_CRASH,broker sonlandi
2026-09-17T03:55:53.438Z,O1_CRASH,broker sonlandi
2026-09-17T03:55:55.584Z,O1_CRASH,broker sonlandi
2026-09-17T03:55:57.741Z,O1_CRASH,broker sonlandi
2026-09-17T03:56:00.050Z,O1_CRASH,broker sonlandi
2026-09-17T03:57:27.805Z,O1_CRASH,broker sonlandi
2026-09-17T03:57:33.386Z,O1_CRASH,broker sonlandi
2026-09-17T03:57:35.517Z,O1_CRASH,broker sonlandi
2026-09-17T03:57:37.652Z,O1_CRASH,broker sonlandi
2026-09-17T03:57:39.782Z,O1_CRASH,broker sonlandi
2026-09-17T03:57:41.914Z,O1_CRASH,broker sonlandi
2026-09-17T03:57:44.044Z,O1_CRASH,broker sonlandi
2026-09-17T03:57:46.174Z,O1_CRASH,broker sonlandi
2026-09-17T03:57:48.305Z,O1_CRASH,broker sonlandi
2026-09-17T03:57:50.434Z,O1_CRASH,broker sonlandi
2026-09-17T03:57:52.573Z,O1_CRASH,broker sonlandi
2026-09-17T03:57:54.721Z,O1_CRASH,broker sonlandi
2026-09-17T03:57:56.887Z,O1_CRASH,broker sonlandi
2026-09-17T03:57:59.288Z,O1_CRASH,broker sonlandi
2026-09-17T03:59:24.878Z,O1_CRASH,broker sonlandi
2026-09-17T03:59:30.533Z,O1_CRASH,broker sonlandi
2026-09-17T03:59:32.658Z,O1_CRASH,broker sonlandi
2026-09-17T03:59:34.787Z,O1_CRASH,broker sonlandi
2026-09-17T03:59:36.914Z,O1_CRASH,broker sonlandi
2026-09-17T03:59:39.046Z,O1_CRASH,broker sonlandi
2026-09-17T03:59:41.183Z,O1_CRASH,broker sonlandi
2026-09-17T03:59:43.319Z,O1_CRASH,broker sonlandi
2026-09-17T03:59:45.449Z,O1_CRASH,broker sonlandi
2026-09-17T03:59:47.586Z,O1_CRASH,broker sonlandi
2026-09-17T03:59:49.723Z,O1_CRASH,broker sonlandi
2026-09-17T03:59:51.875Z,O1_CRASH,broker sonlandi
2026-09-17T03:59:54.057Z,O1_CRASH,broker sonlandi
2026-09-17T04:01:22.031Z,O1_CRASH,broker sonlandi
2026-09-17T04:01:27.612Z,O1_CRASH,broker sonlandi
2026-09-17T04:01:29.737Z,O1_CRASH,broker sonlandi
2026-09-17T04:01:31.871Z,O1_CRASH,broker sonlandi
2026-09-17T04:01:34.008Z,O1_CRASH,broker sonlandi
2026-09-17T04:01:36.138Z,O1_CRASH,broker sonlandi
2026-09-17T04:01:38.266Z,O1_CRASH,broker sonlandi
2026-09-17T04:01:40.394Z,O1_CRASH,broker sonlandi
2026-09-17T04:01:42.522Z,O1_CRASH,broker sonlandi
2026-09-17T04:01:44.657Z,O1_CRASH,broker sonlandi
2026-09-17T04:01:46.792Z,O1_CRASH,broker sonlandi
2026-09-17T04:01:48.938Z,O1_CRASH,broker sonlandi
2026-09-17T04:01:51.107Z,O1_CRASH,broker sonlandi
2026-09-17T04:01:53.503Z,O1_CRASH,broker sonlandi
2026-09-17T04:03:20.263Z,O1_CRASH,broker sonlandi
2026-09-17T04:03:25.886Z,O1_CRASH,broker sonlandi
2026-09-17T04:03:28.012Z,O1_CRASH,broker sonlandi
2026-09-17T04:03:30.143Z,O1_CRASH,broker sonlandi
2026-09-17T04:03:32.278Z,O1_CRASH,broker sonlandi
2026-09-17T04:03:34.406Z,O1_CRASH,broker sonlandi
2026-09-17T04:03:36.533Z,O1_CRASH,broker sonlandi
2026-09-17T04:03:38.669Z,O1_CRASH,broker sonlandi
2026-09-17T04:03:40.803Z,O1_CRASH,broker sonlandi
2026-09-17T04:03:42.934Z,O1_CRASH,broker sonlandi
2026-09-17T04:03:45.074Z,O1_CRASH,broker sonlandi
2026-09-17T04:03:47.210Z,O1_CRASH,broker sonlandi
2026-09-17T04:03:49.362Z,O1_CRASH,broker sonlandi
2026-09-17T04:03:51.544Z,O1_CRASH,broker sonlandi
2026-09-17T04:05:17.356Z,O1_CRASH,broker sonlandi
2026-09-17T04:05:23.006Z,O1_CRASH,broker sonlandi
2026-09-17T04:05:25.132Z,O1_CRASH,broker sonlandi
2026-09-17T04:05:27.261Z,O1_CRASH,broker sonlandi
2026-09-17T04:05:29.397Z,O1_CRASH,broker sonlandi
2026-09-17T04:05:31.526Z,O1_CRASH,broker sonlandi
2026-09-17T04:05:33.653Z,O1_CRASH,broker sonlandi
2026-09-17T04:05:35.782Z,O1_CRASH,broker sonlandi
2026-09-17T04:05:37.910Z,O1_CRASH,broker sonlandi
2026-09-17T04:05:40.041Z,O1_CRASH,broker sonlandi
2026-09-17T04:05:42.176Z,O1_CRASH,broker sonlandi
2026-09-17T04:05:44.320Z,O1_CRASH,broker sonlandi
2026-09-17T04:05:46.490Z,O1_CRASH,broker sonlandi
2026-09-17T04:05:48.882Z,O1_CRASH,broker sonlandi
2026-09-17T04:07:17.527Z,O1_CRASH,broker sonlandi
2026-09-17T04:07:23.250Z,O1_CRASH,broker sonlandi
2026-09-17T04:07:25.376Z,O1_CRASH,broker sonlandi
2026-09-17T04:07:27.506Z,O1_CRASH,broker sonlandi
2026-09-17T04:07:29.635Z,O1_CRASH,broker sonlandi
2026-09-17T04:07:31.764Z,O1_CRASH,broker sonlandi
2026-09-17T04:07:33.890Z,O1_CRASH,broker sonlandi
2026-09-17T04:07:36.027Z,O1_CRASH,broker sonlandi
2026-09-17T04:07:38.154Z,O1_CRASH,broker sonlandi
2026-09-17T04:07:40.282Z,O1_CRASH,broker sonlandi
2026-09-17T04:07:42.418Z,O1_CRASH,broker sonlandi
2026-09-17T04:07:44.568Z,O1_CRASH,broker sonlandi
2026-09-17T04:07:47.741Z,O1_CRASH,broker sonlandi
2026-09-17T04:07:49.918Z,O1_CRASH,broker sonlandi
2026-09-17T04:09:17.880Z,O1_CRASH,broker sonlandi
2026-09-17T04:09:23.524Z,O1_CRASH,broker sonlandi
2026-09-17T04:09:25.649Z,O1_CRASH,broker sonlandi
2026-09-17T04:09:27.781Z,O1_CRASH,broker sonlandi
2026-09-17T04:09:29.910Z,O1_CRASH,broker sonlandi
2026-09-17T04:09:32.039Z,O1_CRASH,broker sonlandi
2026-09-17T04:09:34.177Z,O1_CRASH,broker sonlandi
2026-09-17T04:09:36.304Z,O1_CRASH,broker sonlandi
2026-09-17T04:09:38.439Z,O1_CRASH,broker sonlandi
2026-09-17T04:09:40.567Z,O1_CRASH,broker sonlandi
2026-09-17T04:09:42.702Z,O1_CRASH,broker sonlandi
2026-09-17T04:09:44.862Z,O1_CRASH,broker sonlandi
2026-09-17T04:09:47.022Z,O1_CRASH,broker sonlandi
2026-09-17T04:09:49.422Z,O1_CRASH,broker sonlandi
2026-09-17T04:11:16.293Z,O1_CRASH,broker sonlandi
2026-09-17T04:11:21.927Z,O1_CRASH,broker sonlandi
2026-09-17T04:11:24.056Z,O1_CRASH,broker sonlandi
2026-09-17T04:11:26.195Z,O1_CRASH,broker sonlandi
2026-09-17T04:11:28.323Z,O1_CRASH,broker sonlandi
2026-09-17T04:11:30.453Z,O1_CRASH,broker sonlandi
2026-09-17T04:11:32.581Z,O1_CRASH,broker sonlandi
2026-09-17T04:11:34.710Z,O1_CRASH,broker sonlandi
2026-09-17T04:11:36.846Z,O1_CRASH,broker sonlandi
2026-09-17T04:11:38.979Z,O1_CRASH,broker sonlandi
2026-09-17T04:11:41.115Z,O1_CRASH,broker sonlandi
2026-09-17T04:11:43.266Z,O1_CRASH,broker sonlandi
2026-09-17T04:11:45.445Z,O1_CRASH,broker sonlandi
2026-09-17T04:13:11.604Z,O1_CRASH,broker sonlandi
2026-09-17T04:13:17.208Z,O1_CRASH,broker sonlandi
2026-09-17T04:13:19.335Z,O1_CRASH,broker sonlandi
2026-09-17T04:13:21.465Z,O1_CRASH,broker sonlandi
2026-09-17T04:13:23.597Z,O1_CRASH,broker sonlandi
2026-09-17T04:13:25.723Z,O1_CRASH,broker sonlandi
2026-09-17T04:13:27.855Z,O1_CRASH,broker sonlandi
2026-09-17T04:13:29.986Z,O1_CRASH,broker sonlandi
2026-09-17T04:13:32.113Z,O1_CRASH,broker sonlandi
2026-09-17T04:13:34.243Z,O1_CRASH,broker sonlandi
2026-09-17T04:13:36.370Z,O1_CRASH,broker sonlandi
2026-09-17T04:13:38.502Z,O1_CRASH,broker sonlandi
2026-09-17T04:13:40.652Z,O1_CRASH,broker sonlandi
2026-09-17T04:13:42.832Z,O1_CRASH,broker sonlandi
2026-09-17T04:15:08.946Z,O1_CRASH,broker sonlandi
2026-09-17T04:15:14.522Z,O1_CRASH,broker sonlandi
2026-09-17T04:15:17.727Z,O1_CRASH,broker sonlandi
2026-09-17T04:15:19.854Z,O1_CRASH,broker sonlandi
2026-09-17T04:15:21.988Z,O1_CRASH,broker sonlandi
2026-09-17T04:15:24.121Z,O1_CRASH,broker sonlandi
2026-09-17T04:15:26.250Z,O1_CRASH,broker sonlandi
2026-09-17T04:15:28.384Z,O1_CRASH,broker sonlandi
2026-09-17T04:15:30.514Z,O1_CRASH,broker sonlandi
2026-09-17T04:15:32.643Z,O1_CRASH,broker sonlandi
2026-09-17T04:15:34.779Z,O1_CRASH,broker sonlandi
2026-09-17T04:15:36.917Z,O1_CRASH,broker sonlandi
2026-09-17T04:15:39.065Z,O1_CRASH,broker sonlandi
2026-09-17T04:15:41.243Z,O1_CRASH,broker sonlandi
2026-09-17T04:17:08.225Z,O1_CRASH,broker sonlandi
2026-09-17T04:17:13.823Z,O1_CRASH,broker sonlandi
2026-09-17T04:17:15.955Z,O1_CRASH,broker sonlandi
2026-09-17T04:17:18.093Z,O1_CRASH,broker sonlandi
2026-09-17T04:17:20.228Z,O1_CRASH,broker sonlandi
2026-09-17T04:17:22.358Z,O1_CRASH,broker sonlandi
2026-09-17T04:17:24.489Z,O1_CRASH,broker sonlandi
2026-09-17T04:17:26.619Z,O1_CRASH,broker sonlandi
2026-09-17T04:17:28.751Z,O1_CRASH,broker sonlandi
2026-09-17T04:17:30.882Z,O1_CRASH,broker sonlandi
2026-09-17T04:17:33.018Z,O1_CRASH,broker sonlandi
2026-09-17T04:17:35.161Z,O1_CRASH,broker sonlandi
2026-09-17T04:17:37.315Z,O1_CRASH,broker sonlandi
2026-09-17T04:17:39.497Z,O1_CRASH,broker sonlandi
2026-09-17T04:19:07.546Z,O1_CRASH,broker sonlandi
2026-09-17T04:19:13.179Z,O1_CRASH,broker sonlandi
2026-09-17T04:19:15.307Z,O1_CRASH,broker sonlandi
2026-09-17T04:19:17.442Z,O1_CRASH,broker sonlandi
2026-09-17T04:19:19.570Z,O1_CRASH,broker sonlandi
2026-09-17T04:19:21.697Z,O1_CRASH,broker sonlandi
2026-09-17T04:19:23.830Z,O1_CRASH,broker sonlandi
2026-09-17T04:19:25.961Z,O1_CRASH,broker sonlandi
2026-09-17T04:19:28.093Z,O1_CRASH,broker sonlandi
2026-09-17T04:19:30.220Z,O1_CRASH,broker sonlandi
2026-09-17T04:19:32.354Z,O1_CRASH,broker sonlandi
2026-09-17T04:19:34.506Z,O1_CRASH,broker sonlandi
2026-09-17T04:19:36.678Z,O1_CRASH,broker sonlandi
2026-09-17T04:19:39.071Z,O1_CRASH,broker sonlandi
2026-09-17T04:21:05.764Z,O1_CRASH,broker sonlandi
2026-09-17T04:21:11.313Z,O1_CRASH,broker sonlandi
2026-09-17T04:21:13.440Z,O1_CRASH,broker sonlandi
2026-09-17T04:21:15.569Z,O1_CRASH,broker sonlandi
2026-09-17T04:21:17.703Z,O1_CRASH,broker sonlandi
2026-09-17T04:21:19.832Z,O1_CRASH,broker sonlandi
2026-09-17T04:21:21.967Z,O1_CRASH,broker sonlandi
2026-09-17T04:21:24.098Z,O1_CRASH,broker sonlandi
2026-09-17T04:21:26.234Z,O1_CRASH,broker sonlandi
2026-09-17T04:21:28.363Z,O1_CRASH,broker sonlandi
2026-09-17T04:21:30.494Z,O1_CRASH,broker sonlandi
2026-09-17T04:21:32.644Z,O1_CRASH,broker sonlandi
2026-09-17T04:21:34.803Z,O1_CRASH,broker sonlandi
2026-09-17T04:21:37.196Z,O1_CRASH,broker sonlandi
2026-09-17T04:23:02.929Z,O1_CRASH,broker sonlandi
2026-09-17T04:23:08.557Z,O1_CRASH,broker sonlandi
2026-09-17T04:23:10.685Z,O1_CRASH,broker sonlandi
2026-09-17T04:23:12.813Z,O1_CRASH,broker sonlandi
2026-09-17T04:23:14.940Z,O1_CRASH,broker sonlandi
2026-09-17T04:23:17.070Z,O1_CRASH,broker sonlandi
2026-09-17T04:23:19.199Z,O1_CRASH,broker sonlandi
2026-09-17T04:23:21.326Z,O1_CRASH,broker sonlandi
2026-09-17T04:23:23.464Z,O1_CRASH,broker sonlandi
2026-09-17T04:23:25.601Z,O1_CRASH,broker sonlandi
2026-09-17T04:23:27.737Z,O1_CRASH,broker sonlandi
2026-09-17T04:23:29.886Z,O1_CRASH,broker sonlandi
2026-09-17T04:23:32.048Z,O1_CRASH,broker sonlandi
2026-09-17T04:23:34.436Z,O1_CRASH,broker sonlandi
2026-09-17T04:25:01.006Z,O1_CRASH,broker sonlandi
2026-09-17T04:25:06.678Z,O1_CRASH,broker sonlandi
2026-09-17T04:25:08.802Z,O1_CRASH,broker sonlandi
2026-09-17T04:25:10.931Z,O1_CRASH,broker sonlandi
2026-09-17T04:25:13.062Z,O1_CRASH,broker sonlandi
2026-09-17T04:25:15.194Z,O1_CRASH,broker sonlandi
2026-09-17T04:25:17.326Z,O1_CRASH,broker sonlandi
2026-09-17T04:25:19.459Z,O1_CRASH,broker sonlandi
2026-09-17T04:25:21.594Z,O1_CRASH,broker sonlandi
2026-09-17T04:25:23.726Z,O1_CRASH,broker sonlandi
2026-09-17T04:25:25.865Z,O1_CRASH,broker sonlandi
2026-09-17T04:25:28.013Z,O1_CRASH,broker sonlandi
2026-09-17T04:25:30.184Z,O1_CRASH,broker sonlandi
2026-09-17T04:25:32.581Z,O1_CRASH,broker sonlandi
2026-09-17T04:27:00.359Z,O1_CRASH,broker sonlandi
2026-09-17T04:27:05.971Z,O1_CRASH,broker sonlandi
2026-09-17T04:27:08.098Z,O1_CRASH,broker sonlandi
2026-09-17T04:27:10.229Z,O1_CRASH,broker sonlandi
2026-09-17T04:27:12.356Z,O1_CRASH,broker sonlandi
2026-09-17T04:27:14.492Z,O1_CRASH,broker sonlandi
2026-09-17T04:27:16.621Z,O1_CRASH,broker sonlandi
2026-09-17T04:27:18.751Z,O1_CRASH,broker sonlandi
2026-09-17T04:27:20.883Z,O1_CRASH,broker sonlandi
2026-09-17T04:27:23.014Z,O1_CRASH,broker sonlandi
2026-09-17T04:27:25.144Z,O1_CRASH,broker sonlandi
2026-09-17T04:27:27.282Z,O1_CRASH,broker sonlandi
2026-09-17T04:27:29.432Z,O1_CRASH,broker sonlandi
2026-09-17T04:27:31.601Z,O1_CRASH,broker sonlandi
2026-09-17T04:28:59.809Z,O1_CRASH,broker sonlandi
2026-09-17T04:29:05.498Z,O1_CRASH,broker sonlandi
2026-09-17T04:29:07.629Z,O1_CRASH,broker sonlandi
2026-09-17T04:29:09.764Z,O1_CRASH,broker sonlandi
2026-09-17T04:29:11.898Z,O1_CRASH,broker sonlandi
2026-09-17T04:29:14.030Z,O1_CRASH,broker sonlandi
2026-09-17T04:29:16.158Z,O1_CRASH,broker sonlandi
2026-09-17T04:29:18.289Z,O1_CRASH,broker sonlandi
2026-09-17T04:29:20.419Z,O1_CRASH,broker sonlandi
2026-09-17T04:29:22.549Z,O1_CRASH,broker sonlandi
2026-09-17T04:29:24.685Z,O1_CRASH,broker sonlandi
2026-09-17T04:29:26.836Z,O1_CRASH,broker sonlandi
2026-09-17T04:29:29.003Z,O1_CRASH,broker sonlandi
2026-09-17T04:29:31.402Z,O1_CRASH,broker sonlandi
2026-09-17T04:30:57.300Z,O1_CRASH,broker sonlandi
2026-09-17T04:31:02.945Z,O1_CRASH,broker sonlandi
2026-09-17T04:31:05.071Z,O1_CRASH,broker sonlandi
2026-09-17T04:31:07.200Z,O1_CRASH,broker sonlandi
2026-09-17T04:31:09.338Z,O1_CRASH,broker sonlandi
2026-09-17T04:31:11.470Z,O1_CRASH,broker sonlandi
2026-09-17T04:31:13.605Z,O1_CRASH,broker sonlandi
2026-09-17T04:31:15.749Z,O1_CRASH,broker sonlandi
2026-09-17T04:31:17.877Z,O1_CRASH,broker sonlandi
2026-09-17T04:31:20.013Z,O1_CRASH,broker sonlandi
2026-09-17T04:31:22.150Z,O1_CRASH,broker sonlandi
2026-09-17T04:31:24.299Z,O1_CRASH,broker sonlandi
2026-09-17T04:31:26.467Z,O1_CRASH,broker sonlandi
2026-09-17T04:32:52.779Z,O1_CRASH,broker sonlandi
2026-09-17T04:32:58.436Z,O1_CRASH,broker sonlandi
2026-09-17T04:33:00.564Z,O1_CRASH,broker sonlandi
2026-09-17T04:33:02.698Z,O1_CRASH,broker sonlandi
2026-09-17T04:33:04.829Z,O1_CRASH,broker sonlandi
2026-09-17T04:33:06.961Z,O1_CRASH,broker sonlandi
2026-09-17T04:33:09.090Z,O1_CRASH,broker sonlandi
2026-09-17T04:33:11.223Z,O1_CRASH,broker sonlandi
2026-09-17T04:33:13.351Z,O1_CRASH,broker sonlandi
2026-09-17T04:33:15.489Z,O1_CRASH,broker sonlandi
2026-09-17T04:33:17.628Z,O1_CRASH,broker sonlandi
2026-09-17T04:33:19.773Z,O1_CRASH,broker sonlandi
2026-09-17T04:33:21.930Z,O1_CRASH,broker sonlandi
2026-09-17T04:33:24.252Z,O1_CRASH,broker sonlandi
2026-09-17T04:34:52.172Z,O1_CRASH,broker sonlandi
2026-09-17T04:34:57.826Z,O1_CRASH,broker sonlandi
2026-09-17T04:34:59.954Z,O1_CRASH,broker sonlandi
2026-09-17T04:35:02.082Z,O1_CRASH,broker sonlandi
2026-09-17T04:35:04.208Z,O1_CRASH,broker sonlandi
2026-09-17T04:35:06.338Z,O1_CRASH,broker sonlandi
2026-09-17T04:35:08.466Z,O1_CRASH,broker sonlandi
2026-09-17T04:35:10.595Z,O1_CRASH,broker sonlandi
2026-09-17T04:35:12.725Z,O1_CRASH,broker sonlandi
2026-09-17T04:35:14.856Z,O1_CRASH,broker sonlandi
2026-09-17T04:35:16.993Z,O1_CRASH,broker sonlandi
2026-09-17T04:35:19.129Z,O1_CRASH,broker sonlandi
2026-09-17T04:35:21.280Z,O1_CRASH,broker sonlandi
2026-09-17T04:35:23.450Z,O1_CRASH,broker sonlandi
2026-09-17T04:36:50.874Z,O1_CRASH,broker sonlandi
2026-09-17T04:36:56.498Z,O1_CRASH,broker sonlandi
2026-09-17T04:36:58.622Z,O1_CRASH,broker sonlandi
2026-09-17T04:37:00.749Z,O1_CRASH,broker sonlandi
2026-09-17T04:37:03.891Z,O1_CRASH,broker sonlandi
2026-09-17T04:37:06.025Z,O1_CRASH,broker sonlandi
2026-09-17T04:37:08.153Z,O1_CRASH,broker sonlandi
2026-09-17T04:37:10.286Z,O1_CRASH,broker sonlandi
2026-09-17T04:37:12.415Z,O1_CRASH,broker sonlandi
2026-09-17T04:37:14.542Z,O1_CRASH,broker sonlandi
2026-09-17T04:37:16.669Z,O1_CRASH,broker sonlandi
2026-09-17T04:37:18.800Z,O1_CRASH,broker sonlandi
2026-09-17T04:37:20.930Z,O1_CRASH,broker sonlandi
2026-09-17T04:37:23.077Z,O1_CRASH,broker sonlandi
2026-09-17T04:37:25.244Z,O1_CRASH,broker sonlandi
2026-09-17T04:38:51.334Z,O1_CRASH,broker sonlandi
2026-09-17T04:38:56.989Z,O1_CRASH,broker sonlandi
2026-09-17T04:38:59.113Z,O1_CRASH,broker sonlandi
2026-09-17T04:39:01.241Z,O1_CRASH,broker sonlandi
2026-09-17T04:39:03.369Z,O1_CRASH,broker sonlandi
2026-09-17T04:39:05.497Z,O1_CRASH,broker sonlandi
2026-09-17T04:39:07.627Z,O1_CRASH,broker sonlandi
2026-09-17T04:39:09.758Z,O1_CRASH,broker sonlandi
2026-09-17T04:39:11.893Z,O1_CRASH,broker sonlandi
2026-09-17T04:39:14.028Z,O1_CRASH,broker sonlandi
2026-09-17T04:39:16.162Z,O1_CRASH,broker sonlandi
2026-09-17T04:39:18.311Z,O1_CRASH,broker sonlandi
2026-09-17T04:39:20.472Z,O1_CRASH,broker sonlandi
2026-09-17T04:39:22.867Z,O1_CRASH,broker sonlandi
2026-09-17T04:40:49.689Z,O1_CRASH,broker sonlandi
2026-09-17T04:40:55.285Z,O1_CRASH,broker sonlandi
2026-09-17T04:40:57.411Z,O1_CRASH,broker sonlandi
2026-09-17T04:40:59.542Z,O1_CRASH,broker sonlandi
2026-09-17T04:41:01.682Z,O1_CRASH,broker sonlandi
2026-09-17T04:41:03.819Z,O1_CRASH,broker sonlandi
2026-09-17T04:41:05.960Z,O1_CRASH,broker sonlandi
2026-09-17T04:41:08.092Z,O1_CRASH,broker sonlandi
2026-09-17T04:41:10.224Z,O1_CRASH,broker sonlandi
2026-09-17T04:41:12.360Z,O1_CRASH,broker sonlandi
2026-09-17T04:41:14.492Z,O1_CRASH,broker sonlandi
2026-09-17T04:41:16.644Z,O1_CRASH,broker sonlandi
2026-09-17T04:41:18.805Z,O1_CRASH,broker sonlandi
2026-09-17T04:41:21.200Z,O1_CRASH,broker sonlandi
2026-09-17T04:42:48.144Z,O1_CRASH,broker sonlandi
2026-09-17T04:42:53.750Z,O1_CRASH,broker sonlandi
2026-09-17T04:42:55.876Z,O1_CRASH,broker sonlandi
2026-09-17T04:42:58.005Z,O1_CRASH,broker sonlandi
2026-09-17T04:43:00.141Z,O1_CRASH,broker sonlandi
2026-09-17T04:43:02.271Z,O1_CRASH,broker sonlandi
2026-09-17T04:43:04.403Z,O1_CRASH,broker sonlandi
2026-09-17T04:43:06.531Z,O1_CRASH,broker sonlandi
2026-09-17T04:43:08.664Z,O1_CRASH,broker sonlandi
2026-09-17T04:43:10.800Z,O1_CRASH,broker sonlandi
2026-09-17T04:43:12.929Z,O1_CRASH,broker sonlandi
2026-09-17T04:43:15.069Z,O1_CRASH,broker sonlandi
2026-09-17T04:43:17.222Z,O1_CRASH,broker sonlandi
2026-09-17T04:43:19.396Z,O1_CRASH,broker sonlandi
2026-09-17T04:44:46.636Z,O1_CRASH,broker sonlandi
2026-09-17T04:44:52.300Z,O1_CRASH,broker sonlandi
2026-09-17T04:44:54.427Z,O1_CRASH,broker sonlandi
2026-09-17T04:44:56.557Z,O1_CRASH,broker sonlandi
2026-09-17T04:44:58.692Z,O1_CRASH,broker sonlandi
2026-09-17T04:45:00.827Z,O1_CRASH,broker sonlandi
2026-09-17T04:45:02.958Z,O1_CRASH,broker sonlandi
2026-09-17T04:45:05.097Z,O1_CRASH,broker sonlandi
2026-09-17T04:45:07.226Z,O1_CRASH,broker sonlandi
2026-09-17T04:45:09.352Z,O1_CRASH,broker sonlandi
2026-09-17T04:45:11.481Z,O1_CRASH,broker sonlandi
2026-09-17T04:45:13.628Z,O1_CRASH,broker sonlandi
2026-09-17T04:45:15.791Z,O1_CRASH,broker sonlandi
2026-09-17T04:45:18.109Z,O1_CRASH,broker sonlandi
2026-09-17T04:46:44.435Z,O1_CRASH,broker sonlandi
2026-09-17T04:46:50.107Z,O1_CRASH,broker sonlandi
2026-09-17T04:46:52.237Z,O1_CRASH,broker sonlandi
2026-09-17T04:46:54.365Z,O1_CRASH,broker sonlandi
2026-09-17T04:46:56.493Z,O1_CRASH,broker sonlandi
2026-09-17T04:46:58.626Z,O1_CRASH,broker sonlandi
2026-09-17T04:47:00.756Z,O1_CRASH,broker sonlandi
2026-09-17T04:47:02.882Z,O1_CRASH,broker sonlandi
2026-09-17T04:47:05.009Z,O1_CRASH,broker sonlandi
2026-09-17T04:47:07.144Z,O1_CRASH,broker sonlandi
2026-09-17T04:47:09.279Z,O1_CRASH,broker sonlandi
2026-09-17T04:47:11.426Z,O1_CRASH,broker sonlandi
2026-09-17T04:47:13.591Z,O1_CRASH,broker sonlandi
2026-09-17T04:47:15.989Z,O1_CRASH,broker sonlandi
2026-09-17T04:48:42.116Z,O1_CRASH,broker sonlandi
2026-09-17T04:48:47.771Z,O1_CRASH,broker sonlandi
2026-09-17T04:48:49.896Z,O1_CRASH,broker sonlandi
2026-09-17T04:48:52.022Z,O1_CRASH,broker sonlandi
2026-09-17T04:48:54.152Z,O1_CRASH,broker sonlandi
2026-09-17T04:48:56.281Z,O1_CRASH,broker sonlandi
2026-09-17T04:48:58.408Z,O1_CRASH,broker sonlandi
2026-09-17T04:49:00.538Z,O1_CRASH,broker sonlandi
2026-09-17T04:49:02.675Z,O1_CRASH,broker sonlandi
2026-09-17T04:49:04.802Z,O1_CRASH,broker sonlandi
2026-09-17T04:49:06.940Z,O1_CRASH,broker sonlandi
2026-09-17T04:49:09.088Z,O1_CRASH,broker sonlandi
2026-09-17T04:49:11.262Z,O1_CRASH,broker sonlandi
2026-09-17T04:49:13.656Z,O1_CRASH,broker sonlandi
2026-09-17T04:50:40.929Z,O1_CRASH,broker sonlandi
2026-09-17T04:50:46.556Z,O1_CRASH,broker sonlandi
2026-09-17T04:50:48.682Z,O1_CRASH,broker sonlandi
2026-09-17T04:50:50.820Z,O1_CRASH,broker sonlandi
2026-09-17T04:50:52.949Z,O1_CRASH,broker sonlandi
2026-09-17T04:50:55.081Z,O1_CRASH,broker sonlandi
2026-09-17T04:50:57.211Z,O1_CRASH,broker sonlandi
2026-09-17T04:50:59.350Z,O1_CRASH,broker sonlandi
2026-09-17T04:51:01.479Z,O1_CRASH,broker sonlandi
2026-09-17T04:51:03.610Z,O1_CRASH,broker sonlandi
2026-09-17T04:51:05.746Z,O1_CRASH,broker sonlandi
2026-09-17T04:51:07.895Z,O1_CRASH,broker sonlandi
2026-09-17T04:51:10.070Z,O1_CRASH,broker sonlandi
2026-09-17T04:51:12.467Z,O1_CRASH,broker sonlandi
2026-09-17T04:52:42.236Z,O1_CRASH,broker sonlandi
2026-09-17T04:52:47.844Z,O1_CRASH,broker sonlandi
2026-09-17T04:52:49.971Z,O1_CRASH,broker sonlandi
2026-09-17T04:52:52.100Z,O1_CRASH,broker sonlandi
2026-09-17T04:52:54.230Z,O1_CRASH,broker sonlandi
2026-09-17T04:52:56.370Z,O1_CRASH,broker sonlandi
2026-09-17T04:52:58.502Z,O1_CRASH,broker sonlandi
2026-09-17T04:53:00.634Z,O1_CRASH,broker sonlandi
2026-09-17T04:53:02.766Z,O1_CRASH,broker sonlandi
2026-09-17T04:53:04.893Z,O1_CRASH,broker sonlandi
2026-09-17T04:53:07.023Z,O1_CRASH,broker sonlandi
2026-09-17T04:53:09.163Z,O1_CRASH,broker sonlandi
2026-09-17T04:53:11.317Z,O1_CRASH,broker sonlandi
2026-09-17T04:53:13.486Z,O1_CRASH,broker sonlandi
2026-09-17T04:54:43.457Z,O1_CRASH,broker sonlandi
2026-09-17T04:54:49.076Z,O1_CRASH,broker sonlandi
2026-09-17T04:54:51.206Z,O1_CRASH,broker sonlandi
2026-09-17T04:54:53.341Z,O1_CRASH,broker sonlandi
2026-09-17T04:54:55.473Z,O1_CRASH,broker sonlandi
2026-09-17T04:54:57.600Z,O1_CRASH,broker sonlandi
2026-09-17T04:54:59.728Z,O1_CRASH,broker sonlandi
2026-09-17T04:55:01.855Z,O1_CRASH,broker sonlandi
2026-09-17T04:55:03.985Z,O1_CRASH,broker sonlandi
2026-09-17T04:55:06.115Z,O1_CRASH,broker sonlandi
2026-09-17T04:55:08.249Z,O1_CRASH,broker sonlandi
2026-09-17T04:55:10.377Z,O1_CRASH,broker sonlandi
2026-09-17T04:55:12.530Z,O1_CRASH,broker sonlandi
2026-09-17T04:55:14.701Z,O1_CRASH,broker sonlandi
2026-09-17T04:56:41.487Z,O1_CRASH,broker sonlandi
2026-09-17T04:56:47.164Z,O1_CRASH,broker sonlandi
2026-09-17T04:56:49.290Z,O1_CRASH,broker sonlandi
2026-09-17T04:56:51.428Z,O1_CRASH,broker sonlandi
2026-09-17T04:56:53.558Z,O1_CRASH,broker sonlandi
2026-09-17T04:56:55.691Z,O1_CRASH,broker sonlandi
2026-09-17T04:56:57.821Z,O1_CRASH,broker sonlandi
2026-09-17T04:56:59.949Z,O1_CRASH,broker sonlandi
2026-09-17T04:57:02.075Z,O1_CRASH,broker sonlandi
2026-09-17T04:57:04.205Z,O1_CRASH,broker sonlandi
2026-09-17T04:57:06.336Z,O1_CRASH,broker sonlandi
2026-09-17T04:57:08.490Z,O1_CRASH,broker sonlandi
2026-09-17T04:57:10.661Z,O1_CRASH,broker sonlandi
2026-09-17T04:57:13.060Z,O1_CRASH,broker sonlandi
2026-09-17T04:58:39.078Z,O1_CRASH,broker sonlandi
2026-09-17T04:58:44.724Z,O1_CRASH,broker sonlandi
2026-09-17T04:58:46.849Z,O1_CRASH,broker sonlandi
2026-09-17T04:58:48.977Z,O1_CRASH,broker sonlandi
2026-09-17T04:58:52.115Z,O1_CRASH,broker sonlandi
2026-09-17T04:58:54.243Z,O1_CRASH,broker sonlandi
2026-09-17T04:58:56.373Z,O1_CRASH,broker sonlandi
2026-09-17T04:58:58.502Z,O1_CRASH,broker sonlandi
2026-09-17T04:59:00.634Z,O1_CRASH,broker sonlandi
2026-09-17T04:59:02.765Z,O1_CRASH,broker sonlandi
2026-09-17T04:59:04.892Z,O1_CRASH,broker sonlandi
2026-09-17T04:59:07.026Z,O1_CRASH,broker sonlandi
2026-09-17T04:59:09.178Z,O1_CRASH,broker sonlandi
2026-09-17T04:59:11.350Z,O1_CRASH,broker sonlandi
2026-09-17T05:00:38.194Z,O1_CRASH,broker sonlandi
2026-09-17T05:00:43.779Z,O1_CRASH,broker sonlandi
2026-09-17T05:00:45.905Z,O1_CRASH,broker sonlandi
2026-09-17T05:00:48.029Z,O1_CRASH,broker sonlandi
2026-09-17T05:00:50.154Z,O1_CRASH,broker sonlandi
2026-09-17T05:00:52.282Z,O1_CRASH,broker sonlandi
2026-09-17T05:00:54.415Z,O1_CRASH,broker sonlandi
2026-09-17T05:00:56.542Z,O1_CRASH,broker sonlandi
2026-09-17T05:00:58.676Z,O1_CRASH,broker sonlandi
2026-09-17T05:01:00.809Z,O1_CRASH,broker sonlandi
2026-09-17T05:01:02.944Z,O1_CRASH,broker sonlandi
2026-09-17T05:01:05.094Z,O1_CRASH,broker sonlandi
2026-09-17T05:01:07.261Z,O1_CRASH,broker sonlandi
2026-09-17T05:01:09.657Z,O1_CRASH,broker sonlandi
2026-09-17T05:02:36.463Z,O1_CRASH,broker sonlandi
2026-09-17T05:02:42.089Z,O1_CRASH,broker sonlandi
2026-09-17T05:02:44.213Z,O1_CRASH,broker sonlandi
2026-09-17T05:02:46.340Z,O1_CRASH,broker sonlandi
2026-09-17T05:02:48.470Z,O1_CRASH,broker sonlandi
2026-09-17T05:02:50.598Z,O1_CRASH,broker sonlandi
2026-09-17T05:02:52.725Z,O1_CRASH,broker sonlandi
2026-09-17T05:02:54.855Z,O1_CRASH,broker sonlandi
2026-09-17T05:02:56.983Z,O1_CRASH,broker sonlandi
2026-09-17T05:02:59.113Z,O1_CRASH,broker sonlandi
2026-09-17T05:03:01.242Z,O1_CRASH,broker sonlandi
2026-09-17T05:03:03.371Z,O1_CRASH,broker sonlandi
2026-09-17T05:03:05.518Z,O1_CRASH,broker sonlandi
2026-09-17T05:03:07.687Z,O1_CRASH,broker sonlandi
2026-09-17T05:04:33.530Z,O1_CRASH,broker sonlandi
2026-09-17T05:04:39.147Z,O1_CRASH,broker sonlandi
2026-09-17T05:04:41.275Z,O1_CRASH,broker sonlandi
2026-09-17T05:04:43.403Z,O1_CRASH,broker sonlandi
2026-09-17T05:04:45.531Z,O1_CRASH,broker sonlandi
2026-09-17T05:04:47.661Z,O1_CRASH,broker sonlandi
2026-09-17T05:04:49.788Z,O1_CRASH,broker sonlandi
2026-09-17T05:04:51.918Z,O1_CRASH,broker sonlandi
2026-09-17T05:04:54.049Z,O1_CRASH,broker sonlandi
2026-09-17T05:04:56.177Z,O1_CRASH,broker sonlandi
2026-09-17T05:04:58.305Z,O1_CRASH,broker sonlandi
2026-09-17T05:05:00.443Z,O1_CRASH,broker sonlandi
2026-09-17T05:05:02.597Z,O1_CRASH,broker sonlandi
2026-09-17T05:05:04.773Z,O1_CRASH,broker sonlandi
2026-09-17T05:06:31.205Z,O1_CRASH,broker sonlandi
2026-09-17T05:06:36.825Z,O1_CRASH,broker sonlandi
2026-09-17T05:06:38.947Z,O1_CRASH,broker sonlandi
2026-09-17T05:06:41.074Z,O1_CRASH,broker sonlandi
2026-09-17T05:06:43.202Z,O1_CRASH,broker sonlandi
2026-09-17T05:06:45.329Z,O1_CRASH,broker sonlandi
2026-09-17T05:06:47.452Z,O1_CRASH,broker sonlandi
2026-09-17T05:06:49.588Z,O1_CRASH,broker sonlandi
2026-09-17T05:06:51.713Z,O1_CRASH,broker sonlandi
2026-09-17T05:06:53.841Z,O1_CRASH,broker sonlandi
2026-09-17T05:06:55.977Z,O1_CRASH,broker sonlandi
2026-09-17T05:06:58.116Z,O1_CRASH,broker sonlandi
2026-09-17T05:07:00.265Z,O1_CRASH,broker sonlandi
2026-09-17T05:07:02.438Z,O1_CRASH,broker sonlandi
2026-09-17T05:08:28.455Z,O1_CRASH,broker sonlandi
2026-09-17T05:08:34.089Z,O1_CRASH,broker sonlandi
2026-09-17T05:08:36.214Z,O1_CRASH,broker sonlandi
2026-09-17T05:08:38.345Z,O1_CRASH,broker sonlandi
2026-09-17T05:08:40.479Z,O1_CRASH,broker sonlandi
2026-09-17T05:08:42.606Z,O1_CRASH,broker sonlandi
2026-09-17T05:08:44.734Z,O1_CRASH,broker sonlandi
2026-09-17T05:08:46.864Z,O1_CRASH,broker sonlandi
2026-09-17T05:08:48.992Z,O1_CRASH,broker sonlandi
2026-09-17T05:08:51.122Z,O1_CRASH,broker sonlandi
2026-09-17T05:08:53.250Z,O1_CRASH,broker sonlandi
2026-09-17T05:08:55.399Z,O1_CRASH,broker sonlandi
2026-09-17T05:08:57.568Z,O1_CRASH,broker sonlandi
2026-09-17T05:08:59.965Z,O1_CRASH,broker sonlandi
2026-09-17T05:10:25.478Z,O1_CRASH,broker sonlandi
2026-09-17T05:10:31.149Z,O1_CRASH,broker sonlandi
2026-09-17T05:10:33.272Z,O1_CRASH,broker sonlandi
2026-09-17T05:10:35.395Z,O1_CRASH,broker sonlandi
2026-09-17T05:10:37.518Z,O1_CRASH,broker sonlandi
2026-09-17T05:10:39.646Z,O1_CRASH,broker sonlandi
2026-09-17T05:10:41.773Z,O1_CRASH,broker sonlandi
2026-09-17T05:10:43.906Z,O1_CRASH,broker sonlandi
2026-09-17T05:10:46.038Z,O1_CRASH,broker sonlandi
2026-09-17T05:10:48.166Z,O1_CRASH,broker sonlandi
2026-09-17T05:10:50.303Z,O1_CRASH,broker sonlandi
2026-09-17T05:10:52.451Z,O1_CRASH,broker sonlandi
2026-09-17T05:10:54.614Z,O1_CRASH,broker sonlandi
2026-09-17T05:10:57.002Z,O1_CRASH,broker sonlandi
2026-09-17T05:12:24.936Z,O1_CRASH,broker sonlandi
2026-09-17T05:12:30.589Z,O1_CRASH,broker sonlandi
2026-09-17T05:12:32.713Z,O1_CRASH,broker sonlandi
2026-09-17T05:12:34.843Z,O1_CRASH,broker sonlandi
2026-09-17T05:12:36.971Z,O1_CRASH,broker sonlandi
2026-09-17T05:12:39.099Z,O1_CRASH,broker sonlandi
2026-09-17T05:12:41.225Z,O1_CRASH,broker sonlandi
2026-09-17T05:12:43.355Z,O1_CRASH,broker sonlandi
2026-09-17T05:12:45.481Z,O1_CRASH,broker sonlandi
2026-09-17T05:12:47.608Z,O1_CRASH,broker sonlandi
2026-09-17T05:12:49.734Z,O1_CRASH,broker sonlandi
2026-09-17T05:12:51.863Z,O1_CRASH,broker sonlandi
2026-09-17T05:12:54.017Z,O1_CRASH,broker sonlandi
2026-09-17T05:12:56.194Z,O1_CRASH,broker sonlandi
2026-09-17T05:14:22.274Z,O1_CRASH,broker sonlandi
2026-09-17T05:14:27.857Z,O1_CRASH,broker sonlandi
2026-09-17T05:14:29.982Z,O1_CRASH,broker sonlandi
2026-09-17T05:14:32.111Z,O1_CRASH,broker sonlandi
2026-09-17T05:14:34.240Z,O1_CRASH,broker sonlandi
2026-09-17T05:14:36.369Z,O1_CRASH,broker sonlandi
2026-09-17T05:14:38.497Z,O1_CRASH,broker sonlandi
2026-09-17T05:14:40.623Z,O1_CRASH,broker sonlandi
2026-09-17T05:14:42.751Z,O1_CRASH,broker sonlandi
2026-09-17T05:14:44.876Z,O1_CRASH,broker sonlandi
2026-09-17T05:14:47.003Z,O1_CRASH,broker sonlandi
2026-09-17T05:14:49.134Z,O1_CRASH,broker sonlandi
2026-09-17T05:14:51.282Z,O1_CRASH,broker sonlandi
2026-09-17T05:14:53.452Z,O1_CRASH,broker sonlandi
2026-09-17T05:14:55.848Z,O1_CRASH,broker sonlandi
2026-09-17T05:16:25.089Z,O1_CRASH,broker sonlandi
2026-09-17T05:16:30.645Z,O1_CRASH,broker sonlandi
2026-09-17T05:16:32.772Z,O1_CRASH,broker sonlandi
2026-09-17T05:16:34.904Z,O1_CRASH,broker sonlandi
2026-09-17T05:16:37.030Z,O1_CRASH,broker sonlandi
2026-09-17T05:16:39.161Z,O1_CRASH,broker sonlandi
2026-09-17T05:16:41.286Z,O1_CRASH,broker sonlandi
2026-09-17T05:16:43.415Z,O1_CRASH,broker sonlandi
2026-09-17T05:16:45.543Z,O1_CRASH,broker sonlandi
2026-09-17T05:16:47.680Z,O1_CRASH,broker sonlandi
2026-09-17T05:16:49.809Z,O1_CRASH,broker sonlandi
2026-09-17T05:16:51.947Z,O1_CRASH,broker sonlandi
2026-09-17T05:16:54.094Z,O1_CRASH,broker sonlandi
2026-09-17T05:16:56.269Z,O1_CRASH,broker sonlandi
2026-09-17T05:18:22.026Z,O1_CRASH,broker sonlandi
2026-09-17T05:18:28.651Z,O1_CRASH,broker sonlandi
2026-09-17T05:18:30.773Z,O1_CRASH,broker sonlandi
2026-09-17T05:18:32.905Z,O1_CRASH,broker sonlandi
2026-09-17T05:18:35.031Z,O1_CRASH,broker sonlandi
2026-09-17T05:18:37.158Z,O1_CRASH,broker sonlandi
2026-09-17T05:18:39.285Z,O1_CRASH,broker sonlandi
2026-09-17T05:18:41.415Z,O1_CRASH,broker sonlandi
2026-09-17T05:18:43.545Z,O1_CRASH,broker sonlandi
2026-09-17T05:18:45.674Z,O1_CRASH,broker sonlandi
2026-09-17T05:18:47.804Z,O1_CRASH,broker sonlandi
2026-09-17T05:18:49.933Z,O1_CRASH,broker sonlandi
2026-09-17T05:18:52.079Z,O1_CRASH,broker sonlandi
2026-09-17T05:18:54.248Z,O1_CRASH,broker sonlandi
2026-09-17T05:20:22.590Z,O1_CRASH,broker sonlandi
2026-09-17T05:20:28.252Z,O1_CRASH,broker sonlandi
2026-09-17T05:20:30.379Z,O1_CRASH,broker sonlandi
2026-09-17T05:20:32.509Z,O1_CRASH,broker sonlandi
2026-09-17T05:20:34.636Z,O1_CRASH,broker sonlandi
2026-09-17T05:20:37.777Z,O1_CRASH,broker sonlandi
2026-09-17T05:20:39.904Z,O1_CRASH,broker sonlandi
2026-09-17T05:20:42.033Z,O1_CRASH,broker sonlandi
2026-09-17T05:20:44.161Z,O1_CRASH,broker sonlandi
2026-09-17T05:20:46.297Z,O1_CRASH,broker sonlandi
2026-09-17T05:20:48.433Z,O1_CRASH,broker sonlandi
2026-09-17T05:20:50.581Z,O1_CRASH,broker sonlandi
2026-09-17T05:20:52.747Z,O1_CRASH,broker sonlandi
2026-09-17T05:20:55.140Z,O1_CRASH,broker sonlandi
2026-09-17T05:22:21.970Z,O1_CRASH,broker sonlandi
2026-09-17T05:22:27.604Z,O1_CRASH,broker sonlandi
2026-09-17T05:22:29.728Z,O1_CRASH,broker sonlandi
2026-09-17T05:22:31.865Z,O1_CRASH,broker sonlandi
2026-09-17T05:22:33.989Z,O1_CRASH,broker sonlandi
2026-09-17T05:22:36.118Z,O1_CRASH,broker sonlandi
2026-09-17T05:22:38.249Z,O1_CRASH,broker sonlandi
2026-09-17T05:22:40.373Z,O1_CRASH,broker sonlandi
2026-09-17T05:22:42.503Z,O1_CRASH,broker sonlandi
2026-09-17T05:22:44.640Z,O1_CRASH,broker sonlandi
2026-09-17T05:22:46.779Z,O1_CRASH,broker sonlandi
2026-09-17T05:22:48.926Z,O1_CRASH,broker sonlandi
2026-09-17T05:22:51.099Z,O1_CRASH,broker sonlandi
2026-09-17T05:24:16.863Z,O1_CRASH,broker sonlandi
2026-09-17T05:24:22.458Z,O1_CRASH,broker sonlandi
2026-09-17T05:24:24.586Z,O1_CRASH,broker sonlandi
2026-09-17T05:24:26.712Z,O1_CRASH,broker sonlandi
2026-09-17T05:24:28.837Z,O1_CRASH,broker sonlandi
2026-09-17T05:24:30.965Z,O1_CRASH,broker sonlandi
2026-09-17T05:24:33.099Z,O1_CRASH,broker sonlandi
2026-09-17T05:24:35.232Z,O1_CRASH,broker sonlandi
2026-09-17T05:24:37.357Z,O1_CRASH,broker sonlandi
2026-09-17T05:24:39.484Z,O1_CRASH,broker sonlandi
2026-09-17T05:24:41.617Z,O1_CRASH,broker sonlandi
2026-09-17T05:24:43.766Z,O1_CRASH,broker sonlandi
2026-09-17T05:24:45.928Z,O1_CRASH,broker sonlandi
2026-09-17T05:24:48.327Z,O1_CRASH,broker sonlandi
2026-09-17T05:26:14.792Z,O1_CRASH,broker sonlandi
2026-09-17T05:26:20.441Z,O1_CRASH,broker sonlandi
2026-09-17T05:26:22.564Z,O1_CRASH,broker sonlandi
2026-09-17T05:26:24.690Z,O1_CRASH,broker sonlandi
2026-09-17T05:26:26.819Z,O1_CRASH,broker sonlandi
2026-09-17T05:26:28.943Z,O1_CRASH,broker sonlandi
2026-09-17T05:26:31.075Z,O1_CRASH,broker sonlandi
2026-09-17T05:26:33.214Z,O1_CRASH,broker sonlandi
2026-09-17T05:26:35.352Z,O1_CRASH,broker sonlandi
2026-09-17T05:26:37.486Z,O1_CRASH,broker sonlandi
2026-09-17T05:26:39.622Z,O1_CRASH,broker sonlandi
2026-09-17T05:26:41.767Z,O1_CRASH,broker sonlandi
2026-09-17T05:26:43.937Z,O1_CRASH,broker sonlandi
2026-09-17T05:28:12.157Z,O1_CRASH,broker sonlandi
2026-09-17T05:28:18.787Z,O1_CRASH,broker sonlandi
2026-09-17T05:28:20.914Z,O1_CRASH,broker sonlandi
2026-09-17T05:28:23.044Z,O1_CRASH,broker sonlandi
2026-09-17T05:28:25.172Z,O1_CRASH,broker sonlandi
2026-09-17T05:28:27.296Z,O1_CRASH,broker sonlandi
2026-09-17T05:28:29.429Z,O1_CRASH,broker sonlandi
2026-09-17T05:28:31.567Z,O1_CRASH,broker sonlandi
2026-09-17T05:28:33.701Z,O1_CRASH,broker sonlandi
2026-09-17T05:28:35.835Z,O1_CRASH,broker sonlandi
2026-09-17T05:28:37.963Z,O1_CRASH,broker sonlandi
2026-09-17T05:28:40.114Z,O1_CRASH,broker sonlandi
2026-09-17T05:28:42.290Z,O1_CRASH,broker sonlandi
2026-09-17T05:30:08.243Z,O1_CRASH,broker sonlandi
2026-09-17T05:30:13.870Z,O1_CRASH,broker sonlandi
2026-09-17T05:30:15.994Z,O1_CRASH,broker sonlandi
2026-09-17T05:30:18.126Z,O1_CRASH,broker sonlandi
2026-09-17T05:30:20.255Z,O1_CRASH,broker sonlandi
2026-09-17T05:30:22.381Z,O1_CRASH,broker sonlandi
2026-09-17T05:30:24.509Z,O1_CRASH,broker sonlandi
2026-09-17T05:30:26.637Z,O1_CRASH,broker sonlandi
2026-09-17T05:30:28.764Z,O1_CRASH,broker sonlandi
2026-09-17T05:30:30.893Z,O1_CRASH,broker sonlandi
2026-09-17T05:30:33.019Z,O1_CRASH,broker sonlandi
2026-09-17T05:30:35.154Z,O1_CRASH,broker sonlandi
2026-09-17T05:30:37.302Z,O1_CRASH,broker sonlandi
2026-09-17T05:30:39.471Z,O1_CRASH,broker sonlandi
2026-09-17T05:32:05.819Z,O1_CRASH,broker sonlandi
2026-09-17T05:32:11.502Z,O1_CRASH,broker sonlandi
2026-09-17T05:32:13.633Z,O1_CRASH,broker sonlandi
2026-09-17T05:32:15.760Z,O1_CRASH,broker sonlandi
2026-09-17T05:32:17.890Z,O1_CRASH,broker sonlandi
2026-09-17T05:32:20.017Z,O1_CRASH,broker sonlandi
2026-09-17T05:32:22.145Z,O1_CRASH,broker sonlandi
2026-09-17T05:32:24.273Z,O1_CRASH,broker sonlandi
2026-09-17T05:32:26.407Z,O1_CRASH,broker sonlandi
2026-09-17T05:32:28.542Z,O1_CRASH,broker sonlandi
2026-09-17T05:32:30.678Z,O1_CRASH,broker sonlandi
2026-09-17T05:32:32.825Z,O1_CRASH,broker sonlandi
2026-09-17T05:32:34.990Z,O1_CRASH,broker sonlandi
2026-09-17T05:34:00.907Z,O1_CRASH,broker sonlandi
2026-09-17T05:34:06.478Z,O1_CRASH,broker sonlandi
2026-09-17T05:34:08.608Z,O1_CRASH,broker sonlandi
2026-09-17T05:34:10.737Z,O1_CRASH,broker sonlandi
2026-09-17T05:34:12.864Z,O1_CRASH,broker sonlandi
2026-09-17T05:34:14.994Z,O1_CRASH,broker sonlandi
2026-09-17T05:34:17.121Z,O1_CRASH,broker sonlandi
2026-09-17T05:34:19.248Z,O1_CRASH,broker sonlandi
2026-09-17T05:34:21.380Z,O1_CRASH,broker sonlandi
2026-09-17T05:34:23.513Z,O1_CRASH,broker sonlandi
2026-09-17T05:34:25.640Z,O1_CRASH,broker sonlandi
2026-09-17T05:34:27.777Z,O1_CRASH,broker sonlandi
2026-09-17T05:34:29.931Z,O1_CRASH,broker sonlandi
2026-09-17T05:34:32.113Z,O1_CRASH,broker sonlandi
2026-09-17T05:36:00.053Z,O1_CRASH,broker sonlandi
2026-09-17T05:36:05.694Z,O1_CRASH,broker sonlandi
2026-09-17T05:36:07.819Z,O1_CRASH,broker sonlandi
2026-09-17T05:36:09.947Z,O1_CRASH,broker sonlandi
2026-09-17T05:36:12.074Z,O1_CRASH,broker sonlandi
2026-09-17T05:36:14.201Z,O1_CRASH,broker sonlandi
2026-09-17T05:36:16.328Z,O1_CRASH,broker sonlandi
2026-09-17T05:36:18.457Z,O1_CRASH,broker sonlandi
2026-09-17T05:36:20.588Z,O1_CRASH,broker sonlandi
2026-09-17T05:36:22.714Z,O1_CRASH,broker sonlandi
2026-09-17T05:36:24.847Z,O1_CRASH,broker sonlandi
2026-09-17T05:36:26.981Z,O1_CRASH,broker sonlandi
2026-09-17T05:36:29.121Z,O1_CRASH,broker sonlandi
2026-09-17T05:36:31.291Z,O1_CRASH,broker sonlandi
2026-09-17T05:37:58.485Z,O1_CRASH,broker sonlandi
2026-09-17T05:38:04.086Z,O1_CRASH,broker sonlandi
2026-09-17T05:38:06.210Z,O1_CRASH,broker sonlandi
2026-09-17T05:38:08.338Z,O1_CRASH,broker sonlandi
2026-09-17T05:38:10.475Z,O1_CRASH,broker sonlandi
2026-09-17T05:38:12.601Z,O1_CRASH,broker sonlandi
2026-09-17T05:38:14.728Z,O1_CRASH,broker sonlandi
2026-09-17T05:38:16.858Z,O1_CRASH,broker sonlandi
2026-09-17T05:38:18.988Z,O1_CRASH,broker sonlandi
2026-09-17T05:38:21.124Z,O1_CRASH,broker sonlandi
2026-09-17T05:38:23.252Z,O1_CRASH,broker sonlandi
2026-09-17T05:38:25.398Z,O1_CRASH,broker sonlandi
2026-09-17T05:38:27.562Z,O1_CRASH,broker sonlandi
2026-09-17T05:38:29.957Z,O1_CRASH,broker sonlandi
2026-09-17T05:39:57.021Z,O1_CRASH,broker sonlandi
2026-09-17T05:40:02.670Z,O1_CRASH,broker sonlandi
2026-09-17T05:40:04.792Z,O1_CRASH,broker sonlandi
2026-09-17T05:40:06.919Z,O1_CRASH,broker sonlandi
2026-09-17T05:40:09.051Z,O1_CRASH,broker sonlandi
2026-09-17T05:40:11.181Z,O1_CRASH,broker sonlandi
2026-09-17T05:40:13.307Z,O1_CRASH,broker sonlandi
2026-09-17T05:40:15.437Z,O1_CRASH,broker sonlandi
2026-09-17T05:40:17.563Z,O1_CRASH,broker sonlandi
2026-09-17T05:40:19.695Z,O1_CRASH,broker sonlandi
2026-09-17T05:40:21.823Z,O1_CRASH,broker sonlandi
2026-09-17T05:40:23.957Z,O1_CRASH,broker sonlandi
2026-09-17T05:40:26.103Z,O1_CRASH,broker sonlandi
2026-09-17T05:40:28.275Z,O1_CRASH,broker sonlandi
2026-09-17T05:41:54.447Z,O1_CRASH,broker sonlandi
2026-09-17T05:42:00.055Z,O1_CRASH,broker sonlandi
2026-09-17T05:42:02.183Z,O1_CRASH,broker sonlandi
2026-09-17T05:42:04.310Z,O1_CRASH,broker sonlandi
2026-09-17T05:42:06.438Z,O1_CRASH,broker sonlandi
2026-09-17T05:42:08.563Z,O1_CRASH,broker sonlandi
2026-09-17T05:42:11.702Z,O1_CRASH,broker sonlandi
2026-09-17T05:42:13.830Z,O1_CRASH,broker sonlandi
2026-09-17T05:42:15.958Z,O1_CRASH,broker sonlandi
2026-09-17T05:42:18.096Z,O1_CRASH,broker sonlandi
2026-09-17T05:42:20.224Z,O1_CRASH,broker sonlandi
2026-09-17T05:42:22.360Z,O1_CRASH,broker sonlandi
2026-09-17T05:42:24.514Z,O1_CRASH,broker sonlandi
2026-09-17T05:42:26.701Z,O1_CRASH,broker sonlandi
2026-09-17T05:43:52.835Z,O1_CRASH,broker sonlandi
2026-09-17T05:43:58.517Z,O1_CRASH,broker sonlandi
2026-09-17T05:44:00.649Z,O1_CRASH,broker sonlandi
2026-09-17T05:44:02.774Z,O1_CRASH,broker sonlandi
2026-09-17T05:44:04.898Z,O1_CRASH,broker sonlandi
2026-09-17T05:44:07.027Z,O1_CRASH,broker sonlandi
2026-09-17T05:44:09.151Z,O1_CRASH,broker sonlandi
2026-09-17T05:44:11.278Z,O1_CRASH,broker sonlandi
2026-09-17T05:44:13.408Z,O1_CRASH,broker sonlandi
2026-09-17T05:44:15.538Z,O1_CRASH,broker sonlandi
2026-09-17T05:44:17.672Z,O1_CRASH,broker sonlandi
2026-09-17T05:44:19.819Z,O1_CRASH,broker sonlandi
2026-09-17T05:44:21.994Z,O1_CRASH,broker sonlandi
2026-09-17T05:44:24.392Z,O1_CRASH,broker sonlandi
2026-09-17T05:45:50.414Z,O1_CRASH,broker sonlandi
2026-09-17T05:45:56.035Z,O1_CRASH,broker sonlandi
2026-09-17T05:45:58.161Z,O1_CRASH,broker sonlandi
2026-09-17T05:46:00.296Z,O1_CRASH,broker sonlandi
2026-09-17T05:46:02.422Z,O1_CRASH,broker sonlandi
2026-09-17T05:46:04.554Z,O1_CRASH,broker sonlandi
2026-09-17T05:46:06.685Z,O1_CRASH,broker sonlandi
2026-09-17T05:46:08.820Z,O1_CRASH,broker sonlandi
2026-09-17T05:46:10.950Z,O1_CRASH,broker sonlandi
2026-09-17T05:46:13.078Z,O1_CRASH,broker sonlandi
2026-09-17T05:46:15.218Z,O1_CRASH,broker sonlandi
2026-09-17T05:46:17.367Z,O1_CRASH,broker sonlandi
2026-09-17T05:46:19.534Z,O1_CRASH,broker sonlandi
2026-09-17T05:47:45.642Z,O1_CRASH,broker sonlandi
2026-09-17T05:47:51.274Z,O1_CRASH,broker sonlandi
2026-09-17T05:47:53.402Z,O1_CRASH,broker sonlandi
2026-09-17T05:47:55.534Z,O1_CRASH,broker sonlandi
2026-09-17T05:47:57.662Z,O1_CRASH,broker sonlandi
2026-09-17T05:47:59.790Z,O1_CRASH,broker sonlandi
2026-09-17T05:48:01.919Z,O1_CRASH,broker sonlandi
2026-09-17T05:48:04.047Z,O1_CRASH,broker sonlandi
2026-09-17T05:48:06.179Z,O1_CRASH,broker sonlandi
2026-09-17T05:48:08.311Z,O1_CRASH,broker sonlandi
2026-09-17T05:48:10.448Z,O1_CRASH,broker sonlandi
2026-09-17T05:48:12.578Z,O1_CRASH,broker sonlandi
2026-09-17T05:48:14.722Z,O1_CRASH,broker sonlandi
2026-09-17T05:48:16.885Z,O1_CRASH,broker sonlandi
2026-09-17T05:48:19.275Z,O1_CRASH,broker sonlandi
2026-09-17T05:49:45.956Z,O1_CRASH,broker sonlandi
2026-09-17T05:49:51.541Z,O1_CRASH,broker sonlandi
2026-09-17T05:49:53.666Z,O1_CRASH,broker sonlandi
2026-09-17T05:49:55.794Z,O1_CRASH,broker sonlandi
2026-09-17T05:49:57.927Z,O1_CRASH,broker sonlandi
2026-09-17T05:50:00.055Z,O1_CRASH,broker sonlandi
2026-09-17T05:50:02.181Z,O1_CRASH,broker sonlandi
2026-09-17T05:50:04.307Z,O1_CRASH,broker sonlandi
2026-09-17T05:50:06.446Z,O1_CRASH,broker sonlandi
2026-09-17T05:50:08.573Z,O1_CRASH,broker sonlandi
2026-09-17T05:50:10.704Z,O1_CRASH,broker sonlandi
2026-09-17T05:50:12.850Z,O1_CRASH,broker sonlandi
2026-09-17T05:50:15.017Z,O1_CRASH,broker sonlandi
2026-09-17T05:50:17.408Z,O1_CRASH,broker sonlandi
2026-09-17T05:51:43.336Z,O1_CRASH,broker sonlandi
2026-09-17T05:51:48.939Z,O1_CRASH,broker sonlandi
2026-09-17T05:51:51.064Z,O1_CRASH,broker sonlandi
2026-09-17T05:51:53.191Z,O1_CRASH,broker sonlandi
2026-09-17T05:51:55.321Z,O1_CRASH,broker sonlandi
2026-09-17T05:51:57.448Z,O1_CRASH,broker sonlandi
2026-09-17T05:51:59.576Z,O1_CRASH,broker sonlandi
2026-09-17T05:52:01.704Z,O1_CRASH,broker sonlandi
2026-09-17T05:52:03.833Z,O1_CRASH,broker sonlandi
2026-09-17T05:52:05.960Z,O1_CRASH,broker sonlandi
2026-09-17T05:52:08.090Z,O1_CRASH,broker sonlandi
2026-09-17T05:52:10.222Z,O1_CRASH,broker sonlandi
2026-09-17T05:52:12.367Z,O1_CRASH,broker sonlandi
2026-09-17T05:52:14.528Z,O1_CRASH,broker sonlandi
2026-09-17T05:52:16.920Z,O1_CRASH,broker sonlandi
2026-09-17T05:53:42.757Z,O1_CRASH,broker sonlandi
2026-09-17T05:53:48.389Z,O1_CRASH,broker sonlandi
2026-09-17T05:53:50.513Z,O1_CRASH,broker sonlandi
2026-09-17T05:53:52.642Z,O1_CRASH,broker sonlandi
2026-09-17T05:53:54.773Z,O1_CRASH,broker sonlandi
2026-09-17T05:53:56.899Z,O1_CRASH,broker sonlandi
2026-09-17T05:53:59.028Z,O1_CRASH,broker sonlandi
2026-09-17T05:54:01.158Z,O1_CRASH,broker sonlandi
2026-09-17T05:54:03.293Z,O1_CRASH,broker sonlandi
2026-09-17T05:54:05.428Z,O1_CRASH,broker sonlandi
2026-09-17T05:54:07.555Z,O1_CRASH,broker sonlandi
2026-09-17T05:54:09.704Z,O1_CRASH,broker sonlandi
2026-09-17T05:54:11.873Z,O1_CRASH,broker sonlandi
2026-09-17T05:54:14.266Z,O1_CRASH,broker sonlandi
2026-09-17T05:55:41.067Z,O1_CRASH,broker sonlandi
2026-09-17T05:55:46.659Z,O1_CRASH,broker sonlandi
2026-09-17T05:55:48.781Z,O1_CRASH,broker sonlandi
2026-09-17T05:55:50.906Z,O1_CRASH,broker sonlandi
2026-09-17T05:55:53.041Z,O1_CRASH,broker sonlandi
2026-09-17T05:55:55.177Z,O1_CRASH,broker sonlandi
2026-09-17T05:55:57.301Z,O1_CRASH,broker sonlandi
2026-09-17T05:55:59.436Z,O1_CRASH,broker sonlandi
2026-09-17T05:56:01.571Z,O1_CRASH,broker sonlandi
2026-09-17T05:56:03.707Z,O1_CRASH,broker sonlandi
2026-09-17T05:56:05.837Z,O1_CRASH,broker sonlandi
2026-09-17T05:56:07.986Z,O1_CRASH,broker sonlandi
2026-09-17T05:56:10.156Z,O1_CRASH,broker sonlandi
2026-09-17T05:57:36.016Z,O1_CRASH,broker sonlandi
2026-09-17T05:57:41.600Z,O1_CRASH,broker sonlandi
2026-09-17T05:57:43.732Z,O1_CRASH,broker sonlandi
2026-09-17T05:57:45.858Z,O1_CRASH,broker sonlandi
2026-09-17T05:57:47.982Z,O1_CRASH,broker sonlandi
2026-09-17T05:57:50.113Z,O1_CRASH,broker sonlandi
2026-09-17T05:57:52.241Z,O1_CRASH,broker sonlandi
2026-09-17T05:57:54.370Z,O1_CRASH,broker sonlandi
2026-09-17T05:57:56.502Z,O1_CRASH,broker sonlandi
2026-09-17T05:57:58.626Z,O1_CRASH,broker sonlandi
2026-09-17T05:58:00.766Z,O1_CRASH,broker sonlandi
2026-09-17T05:58:02.917Z,O1_CRASH,broker sonlandi
2026-09-17T05:58:05.076Z,O1_CRASH,broker sonlandi
2026-09-17T05:58:07.478Z,O1_CRASH,broker sonlandi
2026-09-17T05:59:34.365Z,O1_CRASH,broker sonlandi
2026-09-17T05:59:40.042Z,O1_CRASH,broker sonlandi
2026-09-17T05:59:42.165Z,O1_CRASH,broker sonlandi
2026-09-17T05:59:44.291Z,O1_CRASH,broker sonlandi
2026-09-17T05:59:46.420Z,O1_CRASH,broker sonlandi
2026-09-17T05:59:48.552Z,O1_CRASH,broker sonlandi
2026-09-17T05:59:50.678Z,O1_CRASH,broker sonlandi
2026-09-17T05:59:52.805Z,O1_CRASH,broker sonlandi
2026-09-17T05:59:54.937Z,O1_CRASH,broker sonlandi
2026-09-17T05:59:57.066Z,O1_CRASH,broker sonlandi
2026-09-17T05:59:59.194Z,O1_CRASH,broker sonlandi
2026-09-17T06:00:01.336Z,O1_CRASH,broker sonlandi
2026-09-17T06:00:03.475Z,O1_CRASH,broker sonlandi
2026-09-17T06:00:05.647Z,O1_CRASH,broker sonlandi
2026-09-17T06:01:31.568Z,O1_CRASH,broker sonlandi
2026-09-17T06:01:37.253Z,O1_CRASH,broker sonlandi
2026-09-17T06:01:39.379Z,O1_CRASH,broker sonlandi
2026-09-17T06:01:41.510Z,O1_CRASH,broker sonlandi
2026-09-17T06:01:43.637Z,O1_CRASH,broker sonlandi
2026-09-17T06:01:45.763Z,O1_CRASH,broker sonlandi
2026-09-17T06:01:47.890Z,O1_CRASH,broker sonlandi
2026-09-17T06:01:50.021Z,O1_CRASH,broker sonlandi
2026-09-17T06:01:52.149Z,O1_CRASH,broker sonlandi
2026-09-17T06:01:54.278Z,O1_CRASH,broker sonlandi
2026-09-17T06:01:56.405Z,O1_CRASH,broker sonlandi
2026-09-17T06:01:58.535Z,O1_CRASH,broker sonlandi
2026-09-17T06:02:00.689Z,O1_CRASH,broker sonlandi
2026-09-17T06:02:02.862Z,O1_CRASH,broker sonlandi
2026-09-17T06:03:30.393Z,O1_CRASH,broker sonlandi
2026-09-17T06:03:36.052Z,O1_CRASH,broker sonlandi
2026-09-17T06:03:38.188Z,O1_CRASH,broker sonlandi
2026-09-17T06:03:40.314Z,O1_CRASH,broker sonlandi
2026-09-17T06:03:42.437Z,O1_CRASH,broker sonlandi
2026-09-17T06:03:44.563Z,O1_CRASH,broker sonlandi
2026-09-17T06:03:46.692Z,O1_CRASH,broker sonlandi
2026-09-17T06:03:49.831Z,O1_CRASH,broker sonlandi
2026-09-17T06:03:51.962Z,O1_CRASH,broker sonlandi
2026-09-17T06:03:54.095Z,O1_CRASH,broker sonlandi
2026-09-17T06:03:56.220Z,O1_CRASH,broker sonlandi
2026-09-17T06:03:58.372Z,O1_CRASH,broker sonlandi
2026-09-17T06:04:00.546Z,O1_CRASH,broker sonlandi
2026-09-17T06:04:02.940Z,O1_CRASH,broker sonlandi
2026-09-17T06:05:29.743Z,O1_CRASH,broker sonlandi
2026-09-17T06:05:35.401Z,O1_CRASH,broker sonlandi
2026-09-17T06:05:37.525Z,O1_CRASH,broker sonlandi
2026-09-17T06:05:39.650Z,O1_CRASH,broker sonlandi
2026-09-17T06:05:41.775Z,O1_CRASH,broker sonlandi
2026-09-17T06:05:43.903Z,O1_CRASH,broker sonlandi
2026-09-17T06:05:46.028Z,O1_CRASH,broker sonlandi
2026-09-17T06:05:48.153Z,O1_CRASH,broker sonlandi
2026-09-17T06:05:50.284Z,O1_CRASH,broker sonlandi
2026-09-17T06:05:52.415Z,O1_CRASH,broker sonlandi
2026-09-17T06:05:54.542Z,O1_CRASH,broker sonlandi
2026-09-17T06:05:56.693Z,O1_CRASH,broker sonlandi
2026-09-17T06:05:58.861Z,O1_CRASH,broker sonlandi
2026-09-17T06:06:01.254Z,O1_CRASH,broker sonlandi
2026-09-17T06:07:29.178Z,O1_CRASH,broker sonlandi
2026-09-17T06:07:34.841Z,O1_CRASH,broker sonlandi
2026-09-17T06:07:36.964Z,O1_CRASH,broker sonlandi
2026-09-17T06:07:39.087Z,O1_CRASH,broker sonlandi
2026-09-17T06:07:41.214Z,O1_CRASH,broker sonlandi
2026-09-17T06:07:43.340Z,O1_CRASH,broker sonlandi
2026-09-17T06:07:45.467Z,O1_CRASH,broker sonlandi
2026-09-17T06:07:47.598Z,O1_CRASH,broker sonlandi
2026-09-17T06:07:49.722Z,O1_CRASH,broker sonlandi
2026-09-17T06:07:51.850Z,O1_CRASH,broker sonlandi
2026-09-17T06:07:53.977Z,O1_CRASH,broker sonlandi
2026-09-17T06:07:56.125Z,O1_CRASH,broker sonlandi
2026-09-17T06:07:58.297Z,O1_CRASH,broker sonlandi
2026-09-17T06:08:00.687Z,O1_CRASH,broker sonlandi
2026-09-17T06:09:26.241Z,O1_CRASH,broker sonlandi
2026-09-17T06:09:31.843Z,O1_CRASH,broker sonlandi
2026-09-17T06:09:33.966Z,O1_CRASH,broker sonlandi
2026-09-17T06:09:36.094Z,O1_CRASH,broker sonlandi
2026-09-17T06:09:38.218Z,O1_CRASH,broker sonlandi
2026-09-17T06:09:40.341Z,O1_CRASH,broker sonlandi
2026-09-17T06:09:42.466Z,O1_CRASH,broker sonlandi
2026-09-17T06:09:44.590Z,O1_CRASH,broker sonlandi
2026-09-17T06:09:46.721Z,O1_CRASH,broker sonlandi
2026-09-17T06:09:48.857Z,O1_CRASH,broker sonlandi
2026-09-17T06:09:50.985Z,O1_CRASH,broker sonlandi
2026-09-17T06:09:53.113Z,O1_CRASH,broker sonlandi
2026-09-17T06:09:55.264Z,O1_CRASH,broker sonlandi
2026-09-17T06:09:57.437Z,O1_CRASH,broker sonlandi
2026-09-17T06:11:23.447Z,O1_CRASH,broker sonlandi
2026-09-17T06:11:29.052Z,O1_CRASH,broker sonlandi
2026-09-17T06:11:31.181Z,O1_CRASH,broker sonlandi
2026-09-17T06:11:33.308Z,O1_CRASH,broker sonlandi
2026-09-17T06:11:35.435Z,O1_CRASH,broker sonlandi
2026-09-17T06:11:37.561Z,O1_CRASH,broker sonlandi
2026-09-17T06:11:39.688Z,O1_CRASH,broker sonlandi
2026-09-17T06:11:41.817Z,O1_CRASH,broker sonlandi
2026-09-17T06:11:43.943Z,O1_CRASH,broker sonlandi
2026-09-17T06:11:46.070Z,O1_CRASH,broker sonlandi
2026-09-17T06:11:48.207Z,O1_CRASH,broker sonlandi
2026-09-17T06:11:50.355Z,O1_CRASH,broker sonlandi
2026-09-17T06:11:52.510Z,O1_CRASH,broker sonlandi
2026-09-17T06:11:54.824Z,O1_CRASH,broker sonlandi
2026-09-17T06:13:20.820Z,O1_CRASH,broker sonlandi
2026-09-17T06:13:26.441Z,O1_CRASH,broker sonlandi
2026-09-17T06:13:28.568Z,O1_CRASH,broker sonlandi
2026-09-17T06:13:30.694Z,O1_CRASH,broker sonlandi
2026-09-17T06:13:32.822Z,O1_CRASH,broker sonlandi
2026-09-17T06:13:34.948Z,O1_CRASH,broker sonlandi
2026-09-17T06:13:37.074Z,O1_CRASH,broker sonlandi
2026-09-17T06:13:39.206Z,O1_CRASH,broker sonlandi
2026-09-17T06:13:41.336Z,O1_CRASH,broker sonlandi
2026-09-17T06:13:43.460Z,O1_CRASH,broker sonlandi
2026-09-17T06:13:45.596Z,O1_CRASH,broker sonlandi
2026-09-17T06:13:47.741Z,O1_CRASH,broker sonlandi
2026-09-17T06:13:49.897Z,O1_CRASH,broker sonlandi
2026-09-17T06:13:52.204Z,O1_CRASH,broker sonlandi
2026-09-17T06:15:19.343Z,O1_CRASH,broker sonlandi
2026-09-17T06:15:25.005Z,O1_CRASH,broker sonlandi
2026-09-17T06:15:27.131Z,O1_CRASH,broker sonlandi
2026-09-17T06:15:29.260Z,O1_CRASH,broker sonlandi
2026-09-17T06:15:31.389Z,O1_CRASH,broker sonlandi
2026-09-17T06:15:33.514Z,O1_CRASH,broker sonlandi
2026-09-17T06:15:35.645Z,O1_CRASH,broker sonlandi
2026-09-17T06:15:37.777Z,O1_CRASH,broker sonlandi
2026-09-17T06:15:39.904Z,O1_CRASH,broker sonlandi
2026-09-17T06:15:42.034Z,O1_CRASH,broker sonlandi
2026-09-17T06:15:44.161Z,O1_CRASH,broker sonlandi
2026-09-17T06:15:46.298Z,O1_CRASH,broker sonlandi
2026-09-17T06:15:48.444Z,O1_CRASH,broker sonlandi
2026-09-17T06:15:50.615Z,O1_CRASH,broker sonlandi
2026-09-17T06:17:18.841Z,O1_CRASH,broker sonlandi
2026-09-17T06:17:24.491Z,O1_CRASH,broker sonlandi
2026-09-17T06:17:26.616Z,O1_CRASH,broker sonlandi
2026-09-17T06:17:28.742Z,O1_CRASH,broker sonlandi
2026-09-17T06:17:30.867Z,O1_CRASH,broker sonlandi
2026-09-17T06:17:32.995Z,O1_CRASH,broker sonlandi
2026-09-17T06:17:35.124Z,O1_CRASH,broker sonlandi
2026-09-17T06:17:37.251Z,O1_CRASH,broker sonlandi
2026-09-17T06:17:39.379Z,O1_CRASH,broker sonlandi
2026-09-17T06:17:41.510Z,O1_CRASH,broker sonlandi
2026-09-17T06:17:43.638Z,O1_CRASH,broker sonlandi
2026-09-17T06:17:45.773Z,O1_CRASH,broker sonlandi
2026-09-17T06:17:47.922Z,O1_CRASH,broker sonlandi
2026-09-17T06:17:50.101Z,O1_CRASH,broker sonlandi
2026-09-17T06:19:16.467Z,O1_CRASH,broker sonlandi
2026-09-17T06:19:22.076Z,O1_CRASH,broker sonlandi
2026-09-17T06:19:24.197Z,O1_CRASH,broker sonlandi
2026-09-17T06:19:26.325Z,O1_CRASH,broker sonlandi
2026-09-17T06:19:28.450Z,O1_CRASH,broker sonlandi
2026-09-17T06:19:30.577Z,O1_CRASH,broker sonlandi
2026-09-17T06:19:32.702Z,O1_CRASH,broker sonlandi
2026-09-17T06:19:34.829Z,O1_CRASH,broker sonlandi
2026-09-17T06:19:36.960Z,O1_CRASH,broker sonlandi
2026-09-17T06:19:39.089Z,O1_CRASH,broker sonlandi
2026-09-17T06:19:41.217Z,O1_CRASH,broker sonlandi
2026-09-17T06:19:43.348Z,O1_CRASH,broker sonlandi
2026-09-17T06:19:45.495Z,O1_CRASH,broker sonlandi
2026-09-17T06:19:47.671Z,O1_CRASH,broker sonlandi
2026-09-17T06:21:14.856Z,O1_CRASH,broker sonlandi
2026-09-17T06:21:20.537Z,O1_CRASH,broker sonlandi
2026-09-17T06:21:22.668Z,O1_CRASH,broker sonlandi
2026-09-17T06:21:24.803Z,O1_CRASH,broker sonlandi
2026-09-17T06:21:26.928Z,O1_CRASH,broker sonlandi
2026-09-17T06:21:29.056Z,O1_CRASH,broker sonlandi
2026-09-17T06:21:31.182Z,O1_CRASH,broker sonlandi
2026-09-17T06:21:33.311Z,O1_CRASH,broker sonlandi
2026-09-17T06:21:35.438Z,O1_CRASH,broker sonlandi
2026-09-17T06:21:37.577Z,O1_CRASH,broker sonlandi
2026-09-17T06:21:39.714Z,O1_CRASH,broker sonlandi
2026-09-17T06:21:41.860Z,O1_CRASH,broker sonlandi
2026-09-17T06:21:44.040Z,O1_CRASH,broker sonlandi
2026-09-17T06:23:09.804Z,O1_CRASH,broker sonlandi
2026-09-17T06:23:15.330Z,O1_CRASH,broker sonlandi
2026-09-17T06:23:17.453Z,O1_CRASH,broker sonlandi
2026-09-17T06:23:19.581Z,O1_CRASH,broker sonlandi
2026-09-17T06:23:21.712Z,O1_CRASH,broker sonlandi
2026-09-17T06:23:23.840Z,O1_CRASH,broker sonlandi
2026-09-17T06:23:25.968Z,O1_CRASH,broker sonlandi
2026-09-17T06:23:28.097Z,O1_CRASH,broker sonlandi
2026-09-17T06:23:30.226Z,O1_CRASH,broker sonlandi
2026-09-17T06:23:32.356Z,O1_CRASH,broker sonlandi
2026-09-17T06:23:34.482Z,O1_CRASH,broker sonlandi
2026-09-17T06:23:36.617Z,O1_CRASH,broker sonlandi
2026-09-17T06:23:38.766Z,O1_CRASH,broker sonlandi
2026-09-17T06:23:40.939Z,O1_CRASH,broker sonlandi
2026-09-17T06:25:09.696Z,O1_CRASH,broker sonlandi
2026-09-17T06:25:11.824Z,O1_CRASH,broker sonlandi
2026-09-17T06:25:13.960Z,O1_CRASH,broker sonlandi
2026-09-17T06:25:19.737Z,O1_CRASH,broker sonlandi
2026-09-17T06:25:21.861Z,O1_CRASH,broker sonlandi
2026-09-17T06:25:23.995Z,O1_CRASH,broker sonlandi
2026-09-17T06:25:26.122Z,O1_CRASH,broker sonlandi
2026-09-17T06:25:28.255Z,O1_CRASH,broker sonlandi
2026-09-17T06:25:30.382Z,O1_CRASH,broker sonlandi
2026-09-17T06:25:32.509Z,O1_CRASH,broker sonlandi
2026-09-17T06:25:35.651Z,O1_CRASH,broker sonlandi
2026-09-17T06:25:37.777Z,O1_CRASH,broker sonlandi
2026-09-17T06:25:39.911Z,O1_CRASH,broker sonlandi
2026-09-17T06:25:42.042Z,O1_CRASH,broker sonlandi
2026-09-17T06:25:44.194Z,O1_CRASH,broker sonlandi
2026-09-17T06:25:46.365Z,O1_CRASH,broker sonlandi
2026-09-17T06:27:12.317Z,O1_CRASH,broker sonlandi
2026-09-17T06:27:17.955Z,O1_CRASH,broker sonlandi
2026-09-17T06:27:20.080Z,O1_CRASH,broker sonlandi
2026-09-17T06:27:22.208Z,O1_CRASH,broker sonlandi
2026-09-17T06:27:24.333Z,O1_CRASH,broker sonlandi
2026-09-17T06:27:26.461Z,O1_CRASH,broker sonlandi
2026-09-17T06:27:28.595Z,O1_CRASH,broker sonlandi
2026-09-17T06:27:30.722Z,O1_CRASH,broker sonlandi
2026-09-17T06:27:32.849Z,O1_CRASH,broker sonlandi
2026-09-17T06:27:34.977Z,O1_CRASH,broker sonlandi
2026-09-17T06:27:37.113Z,O1_CRASH,broker sonlandi
2026-09-17T06:27:39.257Z,O1_CRASH,broker sonlandi
2026-09-17T06:27:41.423Z,O1_CRASH,broker sonlandi
2026-09-17T06:27:43.809Z,O1_CRASH,broker sonlandi
2026-09-17T06:29:11.551Z,O1_CRASH,broker sonlandi
2026-09-17T06:29:17.144Z,O1_CRASH,broker sonlandi
2026-09-17T06:29:19.270Z,O1_CRASH,broker sonlandi
2026-09-17T06:29:21.398Z,O1_CRASH,broker sonlandi
2026-09-17T06:29:23.526Z,O1_CRASH,broker sonlandi
2026-09-17T06:29:25.653Z,O1_CRASH,broker sonlandi
2026-09-17T06:29:27.783Z,O1_CRASH,broker sonlandi
2026-09-17T06:29:29.911Z,O1_CRASH,broker sonlandi
2026-09-17T06:29:32.036Z,O1_CRASH,broker sonlandi
2026-09-17T06:29:34.167Z,O1_CRASH,broker sonlandi
2026-09-17T06:29:36.302Z,O1_CRASH,broker sonlandi
2026-09-17T06:29:38.444Z,O1_CRASH,broker sonlandi
2026-09-17T06:29:40.613Z,O1_CRASH,broker sonlandi
2026-09-17T06:29:43.008Z,O1_CRASH,broker sonlandi
2026-09-17T06:31:08.966Z,O1_CRASH,broker sonlandi
2026-09-17T06:31:14.607Z,O1_CRASH,broker sonlandi
2026-09-17T06:31:16.735Z,O1_CRASH,broker sonlandi
2026-09-17T06:31:18.870Z,O1_CRASH,broker sonlandi
2026-09-17T06:31:21.000Z,O1_CRASH,broker sonlandi
2026-09-17T06:31:23.133Z,O1_CRASH,broker sonlandi
2026-09-17T06:31:25.260Z,O1_CRASH,broker sonlandi
2026-09-17T06:31:27.385Z,O1_CRASH,broker sonlandi
2026-09-17T06:31:29.511Z,O1_CRASH,broker sonlandi
2026-09-17T06:31:31.645Z,O1_CRASH,broker sonlandi
2026-09-17T06:31:33.770Z,O1_CRASH,broker sonlandi
2026-09-17T06:31:35.918Z,O1_CRASH,broker sonlandi
2026-09-17T06:31:38.086Z,O1_CRASH,broker sonlandi
2026-09-17T06:31:40.472Z,O1_CRASH,broker sonlandi
2026-09-17T06:33:07.593Z,O1_CRASH,broker sonlandi
2026-09-17T06:33:13.233Z,O1_CRASH,broker sonlandi
2026-09-17T06:33:15.357Z,O1_CRASH,broker sonlandi
2026-09-17T06:33:17.484Z,O1_CRASH,broker sonlandi
2026-09-17T06:33:19.613Z,O1_CRASH,broker sonlandi
2026-09-17T06:33:21.746Z,O1_CRASH,broker sonlandi
2026-09-17T06:33:23.877Z,O1_CRASH,broker sonlandi
2026-09-17T06:33:26.012Z,O1_CRASH,broker sonlandi
2026-09-17T06:33:28.146Z,O1_CRASH,broker sonlandi
2026-09-17T06:33:30.273Z,O1_CRASH,broker sonlandi
2026-09-17T06:33:32.406Z,O1_CRASH,broker sonlandi
2026-09-17T06:33:34.551Z,O1_CRASH,broker sonlandi
2026-09-17T06:33:36.710Z,O1_CRASH,broker sonlandi
2026-09-17T06:33:39.100Z,O1_CRASH,broker sonlandi
2026-09-17T06:35:06.015Z,O1_CRASH,broker sonlandi
2026-09-17T06:35:11.687Z,O1_CRASH,broker sonlandi
2026-09-17T06:35:13.809Z,O1_CRASH,broker sonlandi
2026-09-17T06:35:15.937Z,O1_CRASH,broker sonlandi
2026-09-17T06:35:18.063Z,O1_CRASH,broker sonlandi
2026-09-17T06:35:20.207Z,O1_CRASH,broker sonlandi
2026-09-17T06:35:22.333Z,O1_CRASH,broker sonlandi
2026-09-17T06:35:24.460Z,O1_CRASH,broker sonlandi
2026-09-17T06:35:26.592Z,O1_CRASH,broker sonlandi
2026-09-17T06:35:28.720Z,O1_CRASH,broker sonlandi
2026-09-17T06:35:30.846Z,O1_CRASH,broker sonlandi
2026-09-17T06:35:33.000Z,O1_CRASH,broker sonlandi
2026-09-17T06:35:35.177Z,O1_CRASH,broker sonlandi
2026-09-17T06:35:37.570Z,O1_CRASH,broker sonlandi
2026-09-17T06:37:03.550Z,O1_CRASH,broker sonlandi
2026-09-17T06:37:09.201Z,O1_CRASH,broker sonlandi
2026-09-17T06:37:11.326Z,O1_CRASH,broker sonlandi
2026-09-17T06:37:13.454Z,O1_CRASH,broker sonlandi
2026-09-17T06:37:15.584Z,O1_CRASH,broker sonlandi
2026-09-17T06:37:17.714Z,O1_CRASH,broker sonlandi
2026-09-17T06:37:19.843Z,O1_CRASH,broker sonlandi
2026-09-17T06:37:21.969Z,O1_CRASH,broker sonlandi
2026-09-17T06:37:24.104Z,O1_CRASH,broker sonlandi
2026-09-17T06:37:26.233Z,O1_CRASH,broker sonlandi
2026-09-17T06:37:28.366Z,O1_CRASH,broker sonlandi
2026-09-17T06:37:30.513Z,O1_CRASH,broker sonlandi
2026-09-17T06:37:32.669Z,O1_CRASH,broker sonlandi
2026-09-17T06:37:34.979Z,O1_CRASH,broker sonlandi
2026-09-17T06:39:02.080Z,O1_CRASH,broker sonlandi
2026-09-17T06:39:07.693Z,O1_CRASH,broker sonlandi
2026-09-17T06:39:09.817Z,O1_CRASH,broker sonlandi
2026-09-17T06:39:11.941Z,O1_CRASH,broker sonlandi
2026-09-17T06:39:14.069Z,O1_CRASH,broker sonlandi
2026-09-17T06:39:16.195Z,O1_CRASH,broker sonlandi
2026-09-17T06:39:18.326Z,O1_CRASH,broker sonlandi
2026-09-17T06:39:20.453Z,O1_CRASH,broker sonlandi
2026-09-17T06:39:22.589Z,O1_CRASH,broker sonlandi
2026-09-17T06:39:24.713Z,O1_CRASH,broker sonlandi
2026-09-17T06:39:26.843Z,O1_CRASH,broker sonlandi
2026-09-17T06:39:28.976Z,O1_CRASH,broker sonlandi
2026-09-17T06:39:31.119Z,O1_CRASH,broker sonlandi
2026-09-17T06:39:33.295Z,O1_CRASH,broker sonlandi
2026-09-17T06:40:59.312Z,O1_CRASH,broker sonlandi
2026-09-17T06:41:04.947Z,O1_CRASH,broker sonlandi
2026-09-17T06:41:07.074Z,O1_CRASH,broker sonlandi
2026-09-17T06:41:09.210Z,O1_CRASH,broker sonlandi
2026-09-17T06:41:11.341Z,O1_CRASH,broker sonlandi
2026-09-17T06:41:13.469Z,O1_CRASH,broker sonlandi
2026-09-17T06:41:15.599Z,O1_CRASH,broker sonlandi
2026-09-17T06:41:17.729Z,O1_CRASH,broker sonlandi
2026-09-17T06:41:19.853Z,O1_CRASH,broker sonlandi
2026-09-17T06:41:21.979Z,O1_CRASH,broker sonlandi
2026-09-17T06:41:24.109Z,O1_CRASH,broker sonlandi
2026-09-17T06:41:26.244Z,O1_CRASH,broker sonlandi
2026-09-17T06:41:28.394Z,O1_CRASH,broker sonlandi
2026-09-17T06:41:30.568Z,O1_CRASH,broker sonlandi
2026-09-17T06:42:57.629Z,O1_CRASH,broker sonlandi
2026-09-17T06:43:03.250Z,O1_CRASH,broker sonlandi
2026-09-17T06:43:05.375Z,O1_CRASH,broker sonlandi
2026-09-17T06:43:07.500Z,O1_CRASH,broker sonlandi
2026-09-17T06:43:09.630Z,O1_CRASH,broker sonlandi
2026-09-17T06:43:11.758Z,O1_CRASH,broker sonlandi
2026-09-17T06:43:13.889Z,O1_CRASH,broker sonlandi
2026-09-17T06:43:16.018Z,O1_CRASH,broker sonlandi
2026-09-17T06:43:18.142Z,O1_CRASH,broker sonlandi
2026-09-17T06:43:20.269Z,O1_CRASH,broker sonlandi
2026-09-17T06:43:22.395Z,O1_CRASH,broker sonlandi
2026-09-17T06:43:24.533Z,O1_CRASH,broker sonlandi
2026-09-17T06:43:26.684Z,O1_CRASH,broker sonlandi
2026-09-17T06:43:28.859Z,O1_CRASH,broker sonlandi
2026-09-17T06:44:54.939Z,O1_CRASH,broker sonlandi
2026-09-17T06:45:00.584Z,O1_CRASH,broker sonlandi
2026-09-17T06:45:02.711Z,O1_CRASH,broker sonlandi
2026-09-17T06:45:04.838Z,O1_CRASH,broker sonlandi
2026-09-17T06:45:06.965Z,O1_CRASH,broker sonlandi
2026-09-17T06:45:09.090Z,O1_CRASH,broker sonlandi
2026-09-17T06:45:11.224Z,O1_CRASH,broker sonlandi
2026-09-17T06:45:13.350Z,O1_CRASH,broker sonlandi
2026-09-17T06:45:15.479Z,O1_CRASH,broker sonlandi
2026-09-17T06:45:17.606Z,O1_CRASH,broker sonlandi
2026-09-17T06:45:19.742Z,O1_CRASH,broker sonlandi
2026-09-17T06:45:21.891Z,O1_CRASH,broker sonlandi
2026-09-17T06:45:24.060Z,O1_CRASH,broker sonlandi
2026-09-17T06:45:26.459Z,O1_CRASH,broker sonlandi
2026-09-17T06:46:54.747Z,O1_CRASH,broker sonlandi
2026-09-17T06:46:56.882Z,O1_CRASH,broker sonlandi
2026-09-17T06:47:02.713Z,O1_CRASH,broker sonlandi
2026-09-17T06:47:04.839Z,O1_CRASH,broker sonlandi
2026-09-17T06:47:06.967Z,O1_CRASH,broker sonlandi
2026-09-17T06:47:09.098Z,O1_CRASH,broker sonlandi
2026-09-17T06:47:11.225Z,O1_CRASH,broker sonlandi
2026-09-17T06:47:13.351Z,O1_CRASH,broker sonlandi
2026-09-17T06:47:15.477Z,O1_CRASH,broker sonlandi
2026-09-17T06:47:17.604Z,O1_CRASH,broker sonlandi
2026-09-17T06:47:20.741Z,O1_CRASH,broker sonlandi
2026-09-17T06:47:22.874Z,O1_CRASH,broker sonlandi
2026-09-17T06:47:25.002Z,O1_CRASH,broker sonlandi
2026-09-17T06:47:27.155Z,O1_CRASH,broker sonlandi
2026-09-17T06:47:29.327Z,O1_CRASH,broker sonlandi
2026-09-17T06:48:56.295Z,O1_CRASH,broker sonlandi
2026-09-17T06:49:01.865Z,O1_CRASH,broker sonlandi
2026-09-17T06:49:03.989Z,O1_CRASH,broker sonlandi
2026-09-17T06:49:06.114Z,O1_CRASH,broker sonlandi
2026-09-17T06:49:08.244Z,O1_CRASH,broker sonlandi
2026-09-17T06:49:10.380Z,O1_CRASH,broker sonlandi
2026-09-17T06:49:12.510Z,O1_CRASH,broker sonlandi
2026-09-17T06:49:14.641Z,O1_CRASH,broker sonlandi
2026-09-17T06:49:16.778Z,O1_CRASH,broker sonlandi
2026-09-17T06:49:18.911Z,O1_CRASH,broker sonlandi
2026-09-17T06:49:21.038Z,O1_CRASH,broker sonlandi
2026-09-17T06:49:23.186Z,O1_CRASH,broker sonlandi
2026-09-17T06:49:25.358Z,O1_CRASH,broker sonlandi
2026-09-17T06:49:27.755Z,O1_CRASH,broker sonlandi
2026-09-17T06:50:53.124Z,O1_CRASH,broker sonlandi
2026-09-17T06:50:58.715Z,O1_CRASH,broker sonlandi
2026-09-17T06:51:00.840Z,O1_CRASH,broker sonlandi
2026-09-17T06:51:02.968Z,O1_CRASH,broker sonlandi
2026-09-17T06:51:05.101Z,O1_CRASH,broker sonlandi
2026-09-17T06:51:07.226Z,O1_CRASH,broker sonlandi
2026-09-17T06:51:09.354Z,O1_CRASH,broker sonlandi
2026-09-17T06:51:11.485Z,O1_CRASH,broker sonlandi
2026-09-17T06:51:13.611Z,O1_CRASH,broker sonlandi
2026-09-17T06:51:15.745Z,O1_CRASH,broker sonlandi
2026-09-17T06:51:17.874Z,O1_CRASH,broker sonlandi
2026-09-17T06:51:20.021Z,O1_CRASH,broker sonlandi
2026-09-17T06:51:22.191Z,O1_CRASH,broker sonlandi
2026-09-17T06:51:24.580Z,O1_CRASH,broker sonlandi
2026-09-17T06:52:52.582Z,O1_CRASH,broker sonlandi
2026-09-17T06:52:58.173Z,O1_CRASH,broker sonlandi
2026-09-17T06:53:00.298Z,O1_CRASH,broker sonlandi
2026-09-17T06:53:02.432Z,O1_CRASH,broker sonlandi
2026-09-17T06:53:04.557Z,O1_CRASH,broker sonlandi
2026-09-17T06:53:06.682Z,O1_CRASH,broker sonlandi
2026-09-17T06:53:08.811Z,O1_CRASH,broker sonlandi
2026-09-17T06:53:10.938Z,O1_CRASH,broker sonlandi
2026-09-17T06:53:13.064Z,O1_CRASH,broker sonlandi
2026-09-17T06:53:15.192Z,O1_CRASH,broker sonlandi
2026-09-17T06:53:17.318Z,O1_CRASH,broker sonlandi
2026-09-17T06:53:19.453Z,O1_CRASH,broker sonlandi
2026-09-17T06:53:21.606Z,O1_CRASH,broker sonlandi
2026-09-17T06:53:23.775Z,O1_CRASH,broker sonlandi
2026-09-17T06:54:49.775Z,O1_CRASH,broker sonlandi
2026-09-17T06:54:55.402Z,O1_CRASH,broker sonlandi
2026-09-17T06:54:57.526Z,O1_CRASH,broker sonlandi
2026-09-17T06:54:59.652Z,O1_CRASH,broker sonlandi
2026-09-17T06:55:01.780Z,O1_CRASH,broker sonlandi
2026-09-17T06:55:03.902Z,O1_CRASH,broker sonlandi
2026-09-17T06:55:06.032Z,O1_CRASH,broker sonlandi
2026-09-17T06:55:08.158Z,O1_CRASH,broker sonlandi
2026-09-17T06:55:10.284Z,O1_CRASH,broker sonlandi
2026-09-17T06:55:12.414Z,O1_CRASH,broker sonlandi
2026-09-17T06:55:14.540Z,O1_CRASH,broker sonlandi
2026-09-17T06:55:16.666Z,O1_CRASH,broker sonlandi
2026-09-17T06:55:18.811Z,O1_CRASH,broker sonlandi
2026-09-17T06:55:20.978Z,O1_CRASH,broker sonlandi
2026-09-17T06:55:23.372Z,O1_CRASH,broker sonlandi
2026-09-17T06:56:49.908Z,O1_CRASH,broker sonlandi
2026-09-17T06:56:55.565Z,O1_CRASH,broker sonlandi
2026-09-17T06:56:57.696Z,O1_CRASH,broker sonlandi
2026-09-17T06:56:59.830Z,O1_CRASH,broker sonlandi
2026-09-17T06:57:01.965Z,O1_CRASH,broker sonlandi
2026-09-17T06:57:04.090Z,O1_CRASH,broker sonlandi
2026-09-17T06:57:06.220Z,O1_CRASH,broker sonlandi
2026-09-17T06:57:08.356Z,O1_CRASH,broker sonlandi
2026-09-17T06:57:10.487Z,O1_CRASH,broker sonlandi
2026-09-17T06:57:12.620Z,O1_CRASH,broker sonlandi
2026-09-17T06:57:14.768Z,O1_CRASH,broker sonlandi
2026-09-17T06:57:16.935Z,O1_CRASH,broker sonlandi
2026-09-17T06:57:19.330Z,O1_CRASH,broker sonlandi
2026-09-17T06:58:44.980Z,O1_CRASH,broker sonlandi
2026-09-17T06:58:50.616Z,O1_CRASH,broker sonlandi
2026-09-17T06:58:52.741Z,O1_CRASH,broker sonlandi
2026-09-17T06:58:54.876Z,O1_CRASH,broker sonlandi
2026-09-17T06:58:57.009Z,O1_CRASH,broker sonlandi
2026-09-17T06:58:59.135Z,O1_CRASH,broker sonlandi
2026-09-17T06:59:01.264Z,O1_CRASH,broker sonlandi
2026-09-17T06:59:03.390Z,O1_CRASH,broker sonlandi
2026-09-17T06:59:05.518Z,O1_CRASH,broker sonlandi
2026-09-17T06:59:07.647Z,O1_CRASH,broker sonlandi
2026-09-17T06:59:09.782Z,O1_CRASH,broker sonlandi
2026-09-17T06:59:11.931Z,O1_CRASH,broker sonlandi
2026-09-17T06:59:14.107Z,O1_CRASH,broker sonlandi
2026-09-17T07:00:40.225Z,O1_CRASH,broker sonlandi
2026-09-17T07:00:45.853Z,O1_CRASH,broker sonlandi
2026-09-17T07:00:47.980Z,O1_CRASH,broker sonlandi
2026-09-17T07:00:50.106Z,O1_CRASH,broker sonlandi
2026-09-17T07:00:52.234Z,O1_CRASH,broker sonlandi
2026-09-17T07:00:54.364Z,O1_CRASH,broker sonlandi
2026-09-17T07:00:56.491Z,O1_CRASH,broker sonlandi
2026-09-17T07:00:58.631Z,O1_CRASH,broker sonlandi
2026-09-17T07:01:00.757Z,O1_CRASH,broker sonlandi
2026-09-17T07:01:02.887Z,O1_CRASH,broker sonlandi
2026-09-17T07:01:05.020Z,O1_CRASH,broker sonlandi
2026-09-17T07:01:07.168Z,O1_CRASH,broker sonlandi
2026-09-17T07:01:09.342Z,O1_CRASH,broker sonlandi
2026-09-17T07:01:11.737Z,O1_CRASH,broker sonlandi
2026-09-17T07:02:38.682Z,O1_CRASH,broker sonlandi
2026-09-17T07:02:44.332Z,O1_CRASH,broker sonlandi
2026-09-17T07:02:46.457Z,O1_CRASH,broker sonlandi
2026-09-17T07:02:48.584Z,O1_CRASH,broker sonlandi
2026-09-17T07:02:50.709Z,O1_CRASH,broker sonlandi
2026-09-17T07:02:52.833Z,O1_CRASH,broker sonlandi
2026-09-17T07:02:54.962Z,O1_CRASH,broker sonlandi
2026-09-17T07:02:57.091Z,O1_CRASH,broker sonlandi
2026-09-17T07:02:59.218Z,O1_CRASH,broker sonlandi
2026-09-17T07:03:01.357Z,O1_CRASH,broker sonlandi
2026-09-17T07:03:03.485Z,O1_CRASH,broker sonlandi
2026-09-17T07:03:05.618Z,O1_CRASH,broker sonlandi
2026-09-17T07:03:07.770Z,O1_CRASH,broker sonlandi
2026-09-17T07:03:09.935Z,O1_CRASH,broker sonlandi
2026-09-17T07:04:36.117Z,O1_CRASH,broker sonlandi
2026-09-17T07:04:41.760Z,O1_CRASH,broker sonlandi
2026-09-17T07:04:43.884Z,O1_CRASH,broker sonlandi
2026-09-17T07:04:46.014Z,O1_CRASH,broker sonlandi
2026-09-17T07:04:48.144Z,O1_CRASH,broker sonlandi
2026-09-17T07:04:50.272Z,O1_CRASH,broker sonlandi
2026-09-17T07:04:52.405Z,O1_CRASH,broker sonlandi
2026-09-17T07:04:54.532Z,O1_CRASH,broker sonlandi
2026-09-17T07:04:56.660Z,O1_CRASH,broker sonlandi
2026-09-17T07:04:58.790Z,O1_CRASH,broker sonlandi
2026-09-17T07:05:00.926Z,O1_CRASH,broker sonlandi
2026-09-17T07:05:03.071Z,O1_CRASH,broker sonlandi
2026-09-17T07:05:05.245Z,O1_CRASH,broker sonlandi
2026-09-17T07:05:07.648Z,O1_CRASH,broker sonlandi
2026-09-17T07:06:34.496Z,O1_CRASH,broker sonlandi
2026-09-17T07:06:40.197Z,O1_CRASH,broker sonlandi
2026-09-17T07:06:42.321Z,O1_CRASH,broker sonlandi
2026-09-17T07:06:44.446Z,O1_CRASH,broker sonlandi
2026-09-17T07:06:46.574Z,O1_CRASH,broker sonlandi
2026-09-17T07:06:48.701Z,O1_CRASH,broker sonlandi
2026-09-17T07:06:50.830Z,O1_CRASH,broker sonlandi
2026-09-17T07:06:52.961Z,O1_CRASH,broker sonlandi
2026-09-17T07:06:55.091Z,O1_CRASH,broker sonlandi
2026-09-17T07:06:57.221Z,O1_CRASH,broker sonlandi
2026-09-17T07:06:59.353Z,O1_CRASH,broker sonlandi
2026-09-17T07:07:01.489Z,O1_CRASH,broker sonlandi
2026-09-17T07:07:03.635Z,O1_CRASH,broker sonlandi
2026-09-17T07:07:05.809Z,O1_CRASH,broker sonlandi
2026-09-17T07:08:34.742Z,O1_CRASH,broker sonlandi
2026-09-17T07:08:40.477Z,O1_CRASH,broker sonlandi
2026-09-17T07:08:42.602Z,O1_CRASH,broker sonlandi
2026-09-17T07:08:44.733Z,O1_CRASH,broker sonlandi
2026-09-17T07:08:46.861Z,O1_CRASH,broker sonlandi
2026-09-17T07:08:48.990Z,O1_CRASH,broker sonlandi
2026-09-17T07:08:51.114Z,O1_CRASH,broker sonlandi
2026-09-17T07:08:53.241Z,O1_CRASH,broker sonlandi
2026-09-17T07:08:55.369Z,O1_CRASH,broker sonlandi
2026-09-17T07:08:57.496Z,O1_CRASH,broker sonlandi
2026-09-17T07:08:59.624Z,O1_CRASH,broker sonlandi
2026-09-17T07:09:01.757Z,O1_CRASH,broker sonlandi
2026-09-17T07:09:03.902Z,O1_CRASH,broker sonlandi
2026-09-17T07:09:06.072Z,O1_CRASH,broker sonlandi
2026-09-17T07:09:08.468Z,O1_CRASH,broker sonlandi
2026-09-17T07:10:35.637Z,O1_CRASH,broker sonlandi
2026-09-17T07:10:41.307Z,O1_CRASH,broker sonlandi
2026-09-17T07:10:43.432Z,O1_CRASH,broker sonlandi
2026-09-17T07:10:45.557Z,O1_CRASH,broker sonlandi
2026-09-17T07:10:47.685Z,O1_CRASH,broker sonlandi
2026-09-17T07:10:49.813Z,O1_CRASH,broker sonlandi
2026-09-17T07:10:51.943Z,O1_CRASH,broker sonlandi
2026-09-17T07:10:54.073Z,O1_CRASH,broker sonlandi
2026-09-17T07:10:56.209Z,O1_CRASH,broker sonlandi
2026-09-17T07:10:58.336Z,O1_CRASH,broker sonlandi
2026-09-17T07:11:00.462Z,O1_CRASH,broker sonlandi
2026-09-17T07:11:02.610Z,O1_CRASH,broker sonlandi
2026-09-17T07:11:04.770Z,O1_CRASH,broker sonlandi
2026-09-17T07:11:07.168Z,O1_CRASH,broker sonlandi
2026-09-17T07:12:34.047Z,O1_CRASH,broker sonlandi
2026-09-17T07:12:39.683Z,O1_CRASH,broker sonlandi
2026-09-17T07:12:41.806Z,O1_CRASH,broker sonlandi
2026-09-17T07:12:43.933Z,O1_CRASH,broker sonlandi
2026-09-17T07:12:46.061Z,O1_CRASH,broker sonlandi
2026-09-17T07:12:48.187Z,O1_CRASH,broker sonlandi
2026-09-17T07:12:50.318Z,O1_CRASH,broker sonlandi
2026-09-17T07:12:52.453Z,O1_CRASH,broker sonlandi
2026-09-17T07:12:54.582Z,O1_CRASH,broker sonlandi
2026-09-17T07:12:56.710Z,O1_CRASH,broker sonlandi
2026-09-17T07:12:58.838Z,O1_CRASH,broker sonlandi
2026-09-17T07:13:00.973Z,O1_CRASH,broker sonlandi
2026-09-17T07:13:03.122Z,O1_CRASH,broker sonlandi
2026-09-17T07:13:05.304Z,O1_CRASH,broker sonlandi
2026-09-17T07:14:31.366Z,O1_CRASH,broker sonlandi
2026-09-17T07:14:36.948Z,O1_CRASH,broker sonlandi
2026-09-17T07:14:39.079Z,O1_CRASH,broker sonlandi
2026-09-17T07:14:41.208Z,O1_CRASH,broker sonlandi
2026-09-17T07:14:43.335Z,O1_CRASH,broker sonlandi
2026-09-17T07:14:45.474Z,O1_CRASH,broker sonlandi
2026-09-17T07:14:47.603Z,O1_CRASH,broker sonlandi
2026-09-17T07:14:49.739Z,O1_CRASH,broker sonlandi
2026-09-17T07:14:51.867Z,O1_CRASH,broker sonlandi
2026-09-17T07:14:53.993Z,O1_CRASH,broker sonlandi
2026-09-17T07:14:56.124Z,O1_CRASH,broker sonlandi
2026-09-17T07:14:58.276Z,O1_CRASH,broker sonlandi
2026-09-17T07:15:00.444Z,O1_CRASH,broker sonlandi
2026-09-17T07:15:02.828Z,O1_CRASH,broker sonlandi
2026-09-17T07:16:28.442Z,O1_CRASH,broker sonlandi
2026-09-17T07:16:35.050Z,O1_CRASH,broker sonlandi
2026-09-17T07:16:37.180Z,O1_CRASH,broker sonlandi
2026-09-17T07:16:39.304Z,O1_CRASH,broker sonlandi
2026-09-17T07:16:41.433Z,O1_CRASH,broker sonlandi
2026-09-17T07:16:43.562Z,O1_CRASH,broker sonlandi
2026-09-17T07:16:45.689Z,O1_CRASH,broker sonlandi
2026-09-17T07:16:47.817Z,O1_CRASH,broker sonlandi
2026-09-17T07:16:49.941Z,O1_CRASH,broker sonlandi
2026-09-17T07:16:52.070Z,O1_CRASH,broker sonlandi
2026-09-17T07:16:54.198Z,O1_CRASH,broker sonlandi
2026-09-17T07:16:56.324Z,O1_CRASH,broker sonlandi
2026-09-17T07:16:58.456Z,O1_CRASH,broker sonlandi
2026-09-17T07:17:00.587Z,O1_CRASH,broker sonlandi
2026-09-17T07:17:02.736Z,O1_CRASH,broker sonlandi
2026-09-17T07:17:04.910Z,O1_CRASH,broker sonlandi
2026-09-17T07:18:33.976Z,O1_CRASH,broker sonlandi
2026-09-17T07:18:39.595Z,O1_CRASH,broker sonlandi
2026-09-17T07:18:41.719Z,O1_CRASH,broker sonlandi
2026-09-17T07:18:43.845Z,O1_CRASH,broker sonlandi
2026-09-17T07:18:45.979Z,O1_CRASH,broker sonlandi
2026-09-17T07:18:48.108Z,O1_CRASH,broker sonlandi
2026-09-17T07:18:50.236Z,O1_CRASH,broker sonlandi
2026-09-17T07:18:52.362Z,O1_CRASH,broker sonlandi
2026-09-17T07:18:54.493Z,O1_CRASH,broker sonlandi
2026-09-17T07:18:56.622Z,O1_CRASH,broker sonlandi
2026-09-17T07:18:58.755Z,O1_CRASH,broker sonlandi
2026-09-17T07:19:00.902Z,O1_CRASH,broker sonlandi
2026-09-17T07:19:03.072Z,O1_CRASH,broker sonlandi
2026-09-17T07:19:05.459Z,O1_CRASH,broker sonlandi
2026-09-17T07:20:31.467Z,O1_CRASH,broker sonlandi
2026-09-17T07:20:37.074Z,O1_CRASH,broker sonlandi
2026-09-17T07:20:39.197Z,O1_CRASH,broker sonlandi
2026-09-17T07:20:41.329Z,O1_CRASH,broker sonlandi
2026-09-17T07:20:43.454Z,O1_CRASH,broker sonlandi
2026-09-17T07:20:45.579Z,O1_CRASH,broker sonlandi
2026-09-17T07:20:47.705Z,O1_CRASH,broker sonlandi
2026-09-17T07:20:49.831Z,O1_CRASH,broker sonlandi
2026-09-17T07:20:51.965Z,O1_CRASH,broker sonlandi
2026-09-17T07:20:54.096Z,O1_CRASH,broker sonlandi
2026-09-17T07:20:56.228Z,O1_CRASH,broker sonlandi
2026-09-17T07:20:58.373Z,O1_CRASH,broker sonlandi
2026-09-17T07:21:00.528Z,O1_CRASH,broker sonlandi
2026-09-17T07:21:02.832Z,O1_CRASH,broker sonlandi
2026-09-17T07:22:28.384Z,O1_CRASH,broker sonlandi
2026-09-17T07:22:33.992Z,O1_CRASH,broker sonlandi
2026-09-17T07:22:36.116Z,O1_CRASH,broker sonlandi
2026-09-17T07:22:38.241Z,O1_CRASH,broker sonlandi
2026-09-17T07:22:40.369Z,O1_CRASH,broker sonlandi
2026-09-17T07:22:42.496Z,O1_CRASH,broker sonlandi
2026-09-17T07:22:44.629Z,O1_CRASH,broker sonlandi
2026-09-17T07:22:46.767Z,O1_CRASH,broker sonlandi
2026-09-17T07:22:48.894Z,O1_CRASH,broker sonlandi
2026-09-17T07:22:51.025Z,O1_CRASH,broker sonlandi
2026-09-17T07:22:53.160Z,O1_CRASH,broker sonlandi
2026-09-17T07:22:55.310Z,O1_CRASH,broker sonlandi
2026-09-17T07:22:57.485Z,O1_CRASH,broker sonlandi
2026-09-17T07:23:00.894Z,O1_CRASH,broker sonlandi
2026-09-17T07:24:26.560Z,O1_CRASH,broker sonlandi
2026-09-17T07:24:32.177Z,O1_CRASH,broker sonlandi
2026-09-17T07:24:34.302Z,O1_CRASH,broker sonlandi
2026-09-17T07:24:36.433Z,O1_CRASH,broker sonlandi
2026-09-17T07:24:38.557Z,O1_CRASH,broker sonlandi
2026-09-17T07:24:40.691Z,O1_CRASH,broker sonlandi
2026-09-17T07:24:42.822Z,O1_CRASH,broker sonlandi
2026-09-17T07:24:44.952Z,O1_CRASH,broker sonlandi
2026-09-17T07:24:47.080Z,O1_CRASH,broker sonlandi
2026-09-17T07:24:49.208Z,O1_CRASH,broker sonlandi
2026-09-17T07:24:51.343Z,O1_CRASH,broker sonlandi
2026-09-17T07:24:53.493Z,O1_CRASH,broker sonlandi
2026-09-17T07:24:55.657Z,O1_CRASH,broker sonlandi
2026-09-17T07:24:58.056Z,O1_CRASH,broker sonlandi
2026-09-17T07:26:24.376Z,O1_CRASH,broker sonlandi
2026-09-17T07:26:31.073Z,O1_CRASH,broker sonlandi
2026-09-17T07:26:33.199Z,O1_CRASH,broker sonlandi
2026-09-17T07:26:35.326Z,O1_CRASH,broker sonlandi
2026-09-17T07:26:37.457Z,O1_CRASH,broker sonlandi
2026-09-17T07:26:39.585Z,O1_CRASH,broker sonlandi
2026-09-17T07:26:41.712Z,O1_CRASH,broker sonlandi
2026-09-17T07:26:43.841Z,O1_CRASH,broker sonlandi
2026-09-17T07:26:45.965Z,O1_CRASH,broker sonlandi
2026-09-17T07:26:48.093Z,O1_CRASH,broker sonlandi
2026-09-17T07:26:50.222Z,O1_CRASH,broker sonlandi
2026-09-17T07:26:52.358Z,O1_CRASH,broker sonlandi
2026-09-17T07:26:54.507Z,O1_CRASH,broker sonlandi
2026-09-17T07:26:56.677Z,O1_CRASH,broker sonlandi
2026-09-17T07:28:23.234Z,O1_CRASH,broker sonlandi
2026-09-17T07:28:28.892Z,O1_CRASH,broker sonlandi
2026-09-17T07:28:31.017Z,O1_CRASH,broker sonlandi
2026-09-17T07:28:33.150Z,O1_CRASH,broker sonlandi
2026-09-17T07:28:35.277Z,O1_CRASH,broker sonlandi
2026-09-17T07:28:37.405Z,O1_CRASH,broker sonlandi
2026-09-17T07:28:39.541Z,O1_CRASH,broker sonlandi
2026-09-17T07:28:41.668Z,O1_CRASH,broker sonlandi
2026-09-17T07:28:43.792Z,O1_CRASH,broker sonlandi
2026-09-17T07:28:45.923Z,O1_CRASH,broker sonlandi
2026-09-17T07:28:48.055Z,O1_CRASH,broker sonlandi
2026-09-17T07:28:50.202Z,O1_CRASH,broker sonlandi
2026-09-17T07:28:52.370Z,O1_CRASH,broker sonlandi
2026-09-17T07:28:54.761Z,O1_CRASH,broker sonlandi
2026-09-17T07:30:22.959Z,O1_CRASH,broker sonlandi
2026-09-17T07:30:28.779Z,O1_CRASH,broker sonlandi
2026-09-17T07:30:30.901Z,O1_CRASH,broker sonlandi
2026-09-17T07:30:33.030Z,O1_CRASH,broker sonlandi
2026-09-17T07:30:35.165Z,O1_CRASH,broker sonlandi
2026-09-17T07:30:37.294Z,O1_CRASH,broker sonlandi
2026-09-17T07:30:39.420Z,O1_CRASH,broker sonlandi
2026-09-17T07:30:41.545Z,O1_CRASH,broker sonlandi
2026-09-17T07:30:43.678Z,O1_CRASH,broker sonlandi
2026-09-17T07:30:45.815Z,O1_CRASH,broker sonlandi
2026-09-17T07:30:47.944Z,O1_CRASH,broker sonlandi
2026-09-17T07:30:50.101Z,O1_CRASH,broker sonlandi
2026-09-17T07:30:52.271Z,O1_CRASH,broker sonlandi
2026-09-17T07:30:54.670Z,O1_CRASH,broker sonlandi
2026-09-17T07:32:20.570Z,O1_CRASH,broker sonlandi
2026-09-17T07:32:26.145Z,O1_CRASH,broker sonlandi
2026-09-17T07:32:28.269Z,O1_CRASH,broker sonlandi
2026-09-17T07:32:30.401Z,O1_CRASH,broker sonlandi
2026-09-17T07:32:32.529Z,O1_CRASH,broker sonlandi
2026-09-17T07:32:34.661Z,O1_CRASH,broker sonlandi
2026-09-17T07:32:36.788Z,O1_CRASH,broker sonlandi
2026-09-17T07:32:38.917Z,O1_CRASH,broker sonlandi
2026-09-17T07:32:41.049Z,O1_CRASH,broker sonlandi
2026-09-17T07:32:43.188Z,O1_CRASH,broker sonlandi
2026-09-17T07:32:45.325Z,O1_CRASH,broker sonlandi
2026-09-17T07:32:47.471Z,O1_CRASH,broker sonlandi
2026-09-17T07:32:49.631Z,O1_CRASH,broker sonlandi
2026-09-17T07:32:52.031Z,O1_CRASH,broker sonlandi
2026-09-17T07:34:18.977Z,O1_CRASH,broker sonlandi
2026-09-17T07:34:24.664Z,O1_CRASH,broker sonlandi
2026-09-17T07:34:26.790Z,O1_CRASH,broker sonlandi
2026-09-17T07:34:28.918Z,O1_CRASH,broker sonlandi
2026-09-17T07:34:31.047Z,O1_CRASH,broker sonlandi
2026-09-17T07:34:33.172Z,O1_CRASH,broker sonlandi
2026-09-17T07:34:35.306Z,O1_CRASH,broker sonlandi
2026-09-17T07:34:37.434Z,O1_CRASH,broker sonlandi
2026-09-17T07:34:39.561Z,O1_CRASH,broker sonlandi
2026-09-17T07:34:41.697Z,O1_CRASH,broker sonlandi
2026-09-17T07:34:43.835Z,O1_CRASH,broker sonlandi
2026-09-17T07:34:45.986Z,O1_CRASH,broker sonlandi
2026-09-17T07:34:48.149Z,O1_CRASH,broker sonlandi
2026-09-17T07:34:50.549Z,O1_CRASH,broker sonlandi
2026-09-17T07:36:17.436Z,O1_CRASH,broker sonlandi
2026-09-17T07:36:23.071Z,O1_CRASH,broker sonlandi
2026-09-17T07:36:25.195Z,O1_CRASH,broker sonlandi
2026-09-17T07:36:27.322Z,O1_CRASH,broker sonlandi
2026-09-17T07:36:29.447Z,O1_CRASH,broker sonlandi
2026-09-17T07:36:31.576Z,O1_CRASH,broker sonlandi
2026-09-17T07:36:33.702Z,O1_CRASH,broker sonlandi
2026-09-17T07:36:35.838Z,O1_CRASH,broker sonlandi
2026-09-17T07:36:37.965Z,O1_CRASH,broker sonlandi
2026-09-17T07:36:40.094Z,O1_CRASH,broker sonlandi
2026-09-17T07:36:42.224Z,O1_CRASH,broker sonlandi
2026-09-17T07:36:44.352Z,O1_CRASH,broker sonlandi
2026-09-17T07:36:46.502Z,O1_CRASH,broker sonlandi
2026-09-17T07:36:48.660Z,O1_CRASH,broker sonlandi
2026-09-17T07:36:51.056Z,O1_CRASH,broker sonlandi
2026-09-17T07:38:18.015Z,O1_CRASH,broker sonlandi
2026-09-17T07:38:24.635Z,O1_CRASH,broker sonlandi
2026-09-17T07:38:26.762Z,O1_CRASH,broker sonlandi
2026-09-17T07:38:28.890Z,O1_CRASH,broker sonlandi
2026-09-17T07:38:31.019Z,O1_CRASH,broker sonlandi
2026-09-17T07:38:33.147Z,O1_CRASH,broker sonlandi
2026-09-17T07:38:35.272Z,O1_CRASH,broker sonlandi
2026-09-17T07:38:37.399Z,O1_CRASH,broker sonlandi
2026-09-17T07:38:39.526Z,O1_CRASH,broker sonlandi
2026-09-17T07:38:41.659Z,O1_CRASH,broker sonlandi
2026-09-17T07:38:43.793Z,O1_CRASH,broker sonlandi
2026-09-17T07:38:45.928Z,O1_CRASH,broker sonlandi
2026-09-17T07:38:48.075Z,O1_CRASH,broker sonlandi
2026-09-17T07:38:50.244Z,O1_CRASH,broker sonlandi
2026-09-17T07:38:52.637Z,O1_CRASH,broker sonlandi
2026-09-17T07:40:18.219Z,O1_CRASH,broker sonlandi
2026-09-17T07:40:23.852Z,O1_CRASH,broker sonlandi
2026-09-17T07:40:25.976Z,O1_CRASH,broker sonlandi
2026-09-17T07:40:28.104Z,O1_CRASH,broker sonlandi
2026-09-17T07:40:30.232Z,O1_CRASH,broker sonlandi
2026-09-17T07:40:32.364Z,O1_CRASH,broker sonlandi
2026-09-17T07:40:34.493Z,O1_CRASH,broker sonlandi
2026-09-17T07:40:36.620Z,O1_CRASH,broker sonlandi
2026-09-17T07:40:38.747Z,O1_CRASH,broker sonlandi
2026-09-17T07:40:40.874Z,O1_CRASH,broker sonlandi
2026-09-17T07:40:43.001Z,O1_CRASH,broker sonlandi
2026-09-17T07:40:45.129Z,O1_CRASH,broker sonlandi
2026-09-17T07:40:47.275Z,O1_CRASH,broker sonlandi
2026-09-17T07:40:49.453Z,O1_CRASH,broker sonlandi
2026-09-17T07:42:16.347Z,O1_CRASH,broker sonlandi
2026-09-17T07:42:22.018Z,O1_CRASH,broker sonlandi
2026-09-17T07:42:24.144Z,O1_CRASH,broker sonlandi
2026-09-17T07:42:26.278Z,O1_CRASH,broker sonlandi
2026-09-17T07:42:28.412Z,O1_CRASH,broker sonlandi
2026-09-17T07:42:30.549Z,O1_CRASH,broker sonlandi
2026-09-17T07:42:32.676Z,O1_CRASH,broker sonlandi
2026-09-17T07:42:34.807Z,O1_CRASH,broker sonlandi
2026-09-17T07:42:36.936Z,O1_CRASH,broker sonlandi
2026-09-17T07:42:39.072Z,O1_CRASH,broker sonlandi
2026-09-17T07:42:41.202Z,O1_CRASH,broker sonlandi
2026-09-17T07:42:43.354Z,O1_CRASH,broker sonlandi
2026-09-17T07:42:45.533Z,O1_CRASH,broker sonlandi
2026-09-17T07:44:13.018Z,O1_CRASH,broker sonlandi
2026-09-17T07:44:18.662Z,O1_CRASH,broker sonlandi
2026-09-17T07:44:20.789Z,O1_CRASH,broker sonlandi
2026-09-17T07:44:22.913Z,O1_CRASH,broker sonlandi
2026-09-17T07:44:25.043Z,O1_CRASH,broker sonlandi
2026-09-17T07:44:27.168Z,O1_CRASH,broker sonlandi
2026-09-17T07:44:29.298Z,O1_CRASH,broker sonlandi
2026-09-17T07:44:31.429Z,O1_CRASH,broker sonlandi
2026-09-17T07:44:33.561Z,O1_CRASH,broker sonlandi
2026-09-17T07:44:35.685Z,O1_CRASH,broker sonlandi
2026-09-17T07:44:37.817Z,O1_CRASH,broker sonlandi
2026-09-17T07:44:39.949Z,O1_CRASH,broker sonlandi
2026-09-17T07:44:42.098Z,O1_CRASH,broker sonlandi
2026-09-17T07:44:44.263Z,O1_CRASH,broker sonlandi
2026-09-17T07:46:12.386Z,O1_CRASH,broker sonlandi
2026-09-17T07:46:18.039Z,O1_CRASH,broker sonlandi
2026-09-17T07:46:20.166Z,O1_CRASH,broker sonlandi
2026-09-17T07:46:22.292Z,O1_CRASH,broker sonlandi
2026-09-17T07:46:24.419Z,O1_CRASH,broker sonlandi
2026-09-17T07:46:26.549Z,O1_CRASH,broker sonlandi
2026-09-17T07:46:28.684Z,O1_CRASH,broker sonlandi
2026-09-17T07:46:30.817Z,O1_CRASH,broker sonlandi
2026-09-17T07:46:32.943Z,O1_CRASH,broker sonlandi
2026-09-17T07:46:35.073Z,O1_CRASH,broker sonlandi
2026-09-17T07:46:37.215Z,O1_CRASH,broker sonlandi
2026-09-17T07:46:39.370Z,O1_CRASH,broker sonlandi
2026-09-17T07:46:41.538Z,O1_CRASH,broker sonlandi
2026-09-17T07:46:43.940Z,O1_CRASH,broker sonlandi
2026-09-17T07:48:10.946Z,O1_CRASH,broker sonlandi
2026-09-17T07:48:16.597Z,O1_CRASH,broker sonlandi
2026-09-17T07:48:18.726Z,O1_CRASH,broker sonlandi
2026-09-17T07:48:20.853Z,O1_CRASH,broker sonlandi
2026-09-17T07:48:22.979Z,O1_CRASH,broker sonlandi
2026-09-17T07:48:25.105Z,O1_CRASH,broker sonlandi
2026-09-17T07:48:27.230Z,O1_CRASH,broker sonlandi
2026-09-17T07:48:29.361Z,O1_CRASH,broker sonlandi
2026-09-17T07:48:31.496Z,O1_CRASH,broker sonlandi
2026-09-17T07:48:33.623Z,O1_CRASH,broker sonlandi
2026-09-17T07:48:35.757Z,O1_CRASH,broker sonlandi
2026-09-17T07:48:37.905Z,O1_CRASH,broker sonlandi
2026-09-17T07:48:40.075Z,O1_CRASH,broker sonlandi
2026-09-17T07:48:42.474Z,O1_CRASH,broker sonlandi
2026-09-17T07:50:08.427Z,O1_CRASH,broker sonlandi
2026-09-17T07:50:14.014Z,O1_CRASH,broker sonlandi
2026-09-17T07:50:16.137Z,O1_CRASH,broker sonlandi
2026-09-17T07:50:18.264Z,O1_CRASH,broker sonlandi
2026-09-17T07:50:20.390Z,O1_CRASH,broker sonlandi
2026-09-17T07:50:22.521Z,O1_CRASH,broker sonlandi
2026-09-17T07:50:24.650Z,O1_CRASH,broker sonlandi
2026-09-17T07:50:26.777Z,O1_CRASH,broker sonlandi
2026-09-17T07:50:28.908Z,O1_CRASH,broker sonlandi
2026-09-17T07:50:31.041Z,O1_CRASH,broker sonlandi
2026-09-17T07:50:33.174Z,O1_CRASH,broker sonlandi
2026-09-17T07:50:35.315Z,O1_CRASH,broker sonlandi
2026-09-17T07:50:37.477Z,O1_CRASH,broker sonlandi
2026-09-17T07:50:39.874Z,O1_CRASH,broker sonlandi
2026-09-17T07:52:06.537Z,O1_CRASH,broker sonlandi
2026-09-17T07:52:12.301Z,O1_CRASH,broker sonlandi
2026-09-17T07:52:14.425Z,O1_CRASH,broker sonlandi
2026-09-17T07:52:16.554Z,O1_CRASH,broker sonlandi
2026-09-17T07:52:18.679Z,O1_CRASH,broker sonlandi
2026-09-17T07:52:20.808Z,O1_CRASH,broker sonlandi
2026-09-17T07:52:22.935Z,O1_CRASH,broker sonlandi
2026-09-17T07:52:25.069Z,O1_CRASH,broker sonlandi
2026-09-17T07:52:27.200Z,O1_CRASH,broker sonlandi
2026-09-17T07:52:29.326Z,O1_CRASH,broker sonlandi
2026-09-17T07:52:31.453Z,O1_CRASH,broker sonlandi
2026-09-17T07:52:34.607Z,O1_CRASH,broker sonlandi
2026-09-17T07:52:36.762Z,O1_CRASH,broker sonlandi
2026-09-17T07:52:39.085Z,O1_CRASH,broker sonlandi
2026-09-17T07:54:06.151Z,O1_CRASH,broker sonlandi
2026-09-17T07:54:11.774Z,O1_CRASH,broker sonlandi
2026-09-17T07:54:13.898Z,O1_CRASH,broker sonlandi
2026-09-17T07:54:16.025Z,O1_CRASH,broker sonlandi
2026-09-17T07:54:18.153Z,O1_CRASH,broker sonlandi
2026-09-17T07:54:20.288Z,O1_CRASH,broker sonlandi
2026-09-17T07:54:22.419Z,O1_CRASH,broker sonlandi
2026-09-17T07:54:24.548Z,O1_CRASH,broker sonlandi
2026-09-17T07:54:26.685Z,O1_CRASH,broker sonlandi
2026-09-17T07:54:28.813Z,O1_CRASH,broker sonlandi
2026-09-17T07:54:30.945Z,O1_CRASH,broker sonlandi
2026-09-17T07:54:33.089Z,O1_CRASH,broker sonlandi
2026-09-17T07:54:35.260Z,O1_CRASH,broker sonlandi
2026-09-17T07:54:37.652Z,O1_CRASH,broker sonlandi
2026-09-17T07:56:03.471Z,O1_CRASH,broker sonlandi
2026-09-17T07:56:09.123Z,O1_CRASH,broker sonlandi
2026-09-17T07:56:11.248Z,O1_CRASH,broker sonlandi
2026-09-17T07:56:13.376Z,O1_CRASH,broker sonlandi
2026-09-17T07:56:15.501Z,O1_CRASH,broker sonlandi
2026-09-17T07:56:17.628Z,O1_CRASH,broker sonlandi
2026-09-17T07:56:19.756Z,O1_CRASH,broker sonlandi
2026-09-17T07:56:21.882Z,O1_CRASH,broker sonlandi
2026-09-17T07:56:24.011Z,O1_CRASH,broker sonlandi
2026-09-17T07:56:26.147Z,O1_CRASH,broker sonlandi
2026-09-17T07:56:28.281Z,O1_CRASH,broker sonlandi
2026-09-17T07:56:30.427Z,O1_CRASH,broker sonlandi
2026-09-17T07:56:32.595Z,O1_CRASH,broker sonlandi
2026-09-17T07:56:34.985Z,O1_CRASH,broker sonlandi
2026-09-17T07:58:03.195Z,O1_CRASH,broker sonlandi
2026-09-17T07:58:08.816Z,O1_CRASH,broker sonlandi
2026-09-17T07:58:10.938Z,O1_CRASH,broker sonlandi
2026-09-17T07:58:13.065Z,O1_CRASH,broker sonlandi
2026-09-17T07:58:15.193Z,O1_CRASH,broker sonlandi
2026-09-17T07:58:17.329Z,O1_CRASH,broker sonlandi
2026-09-17T07:58:19.455Z,O1_CRASH,broker sonlandi
2026-09-17T07:58:21.586Z,O1_CRASH,broker sonlandi
2026-09-17T07:58:23.714Z,O1_CRASH,broker sonlandi
2026-09-17T07:58:25.842Z,O1_CRASH,broker sonlandi
2026-09-17T07:58:27.979Z,O1_CRASH,broker sonlandi
2026-09-17T07:58:30.127Z,O1_CRASH,broker sonlandi
2026-09-17T07:58:32.296Z,O1_CRASH,broker sonlandi
2026-09-17T07:58:34.693Z,O1_CRASH,broker sonlandi
2026-09-17T08:00:01.412Z,O1_CRASH,broker sonlandi
2026-09-17T08:00:07.009Z,O1_CRASH,broker sonlandi
2026-09-17T08:00:10.146Z,O1_CRASH,broker sonlandi
2026-09-17T08:00:12.281Z,O1_CRASH,broker sonlandi
2026-09-17T08:00:14.408Z,O1_CRASH,broker sonlandi
2026-09-17T08:00:16.541Z,O1_CRASH,broker sonlandi
2026-09-17T08:00:18.668Z,O1_CRASH,broker sonlandi
2026-09-17T08:00:20.793Z,O1_CRASH,broker sonlandi
2026-09-17T08:00:22.920Z,O1_CRASH,broker sonlandi
2026-09-17T08:00:25.044Z,O1_CRASH,broker sonlandi
2026-09-17T08:00:27.174Z,O1_CRASH,broker sonlandi
2026-09-17T08:00:29.311Z,O1_CRASH,broker sonlandi
2026-09-17T08:00:31.461Z,O1_CRASH,broker sonlandi
2026-09-17T08:00:33.630Z,O1_CRASH,broker sonlandi
2026-09-17T08:00:36.038Z,O1_CRASH,broker sonlandi
2026-09-17T08:02:01.622Z,O1_CRASH,broker sonlandi
2026-09-17T08:02:07.246Z,O1_CRASH,broker sonlandi
2026-09-17T08:02:09.373Z,O1_CRASH,broker sonlandi
2026-09-17T08:02:11.498Z,O1_CRASH,broker sonlandi
2026-09-17T08:02:13.630Z,O1_CRASH,broker sonlandi
2026-09-17T08:02:15.758Z,O1_CRASH,broker sonlandi
2026-09-17T08:02:17.891Z,O1_CRASH,broker sonlandi
2026-09-17T08:02:20.026Z,O1_CRASH,broker sonlandi
2026-09-17T08:02:22.153Z,O1_CRASH,broker sonlandi
2026-09-17T08:02:24.281Z,O1_CRASH,broker sonlandi
2026-09-17T08:02:26.415Z,O1_CRASH,broker sonlandi
2026-09-17T08:02:28.553Z,O1_CRASH,broker sonlandi
2026-09-17T08:02:30.702Z,O1_CRASH,broker sonlandi
2026-09-17T08:02:32.876Z,O1_CRASH,broker sonlandi
2026-09-17T08:04:01.604Z,O1_CRASH,broker sonlandi
2026-09-17T08:04:07.203Z,O1_CRASH,broker sonlandi
2026-09-17T08:04:09.338Z,O1_CRASH,broker sonlandi
2026-09-17T08:04:11.467Z,O1_CRASH,broker sonlandi
2026-09-17T08:04:13.595Z,O1_CRASH,broker sonlandi
2026-09-17T08:04:15.720Z,O1_CRASH,broker sonlandi
2026-09-17T08:04:17.849Z,O1_CRASH,broker sonlandi
2026-09-17T08:04:19.974Z,O1_CRASH,broker sonlandi
2026-09-17T08:04:22.109Z,O1_CRASH,broker sonlandi
2026-09-17T08:04:24.235Z,O1_CRASH,broker sonlandi
2026-09-17T08:04:26.373Z,O1_CRASH,broker sonlandi
2026-09-17T08:04:28.526Z,O1_CRASH,broker sonlandi
2026-09-17T08:04:30.698Z,O1_CRASH,broker sonlandi
2026-09-17T08:04:33.091Z,O1_CRASH,broker sonlandi
2026-09-17T08:05:59.009Z,O1_CRASH,broker sonlandi
2026-09-17T08:06:04.657Z,O1_CRASH,broker sonlandi
2026-09-17T08:06:06.783Z,O1_CRASH,broker sonlandi
2026-09-17T08:06:08.917Z,O1_CRASH,broker sonlandi
2026-09-17T08:06:11.042Z,O1_CRASH,broker sonlandi
2026-09-17T08:06:13.177Z,O1_CRASH,broker sonlandi
2026-09-17T08:06:15.302Z,O1_CRASH,broker sonlandi
2026-09-17T08:06:17.433Z,O1_CRASH,broker sonlandi
2026-09-17T08:06:19.563Z,O1_CRASH,broker sonlandi
2026-09-17T08:06:21.692Z,O1_CRASH,broker sonlandi
2026-09-17T08:06:23.825Z,O1_CRASH,broker sonlandi
2026-09-17T08:06:25.977Z,O1_CRASH,broker sonlandi
2026-09-17T08:06:28.156Z,O1_CRASH,broker sonlandi
2026-09-17T08:07:53.990Z,O1_CRASH,broker sonlandi
2026-09-17T08:07:59.564Z,O1_CRASH,broker sonlandi
2026-09-17T08:08:01.688Z,O1_CRASH,broker sonlandi
2026-09-17T08:08:03.818Z,O1_CRASH,broker sonlandi
2026-09-17T08:08:05.943Z,O1_CRASH,broker sonlandi
2026-09-17T08:08:08.071Z,O1_CRASH,broker sonlandi
2026-09-17T08:08:10.211Z,O1_CRASH,broker sonlandi
2026-09-17T08:08:12.336Z,O1_CRASH,broker sonlandi
2026-09-17T08:08:14.463Z,O1_CRASH,broker sonlandi
2026-09-17T08:08:16.599Z,O1_CRASH,broker sonlandi
2026-09-17T08:08:18.734Z,O1_CRASH,broker sonlandi
2026-09-17T08:08:20.883Z,O1_CRASH,broker sonlandi
2026-09-17T08:08:23.050Z,O1_CRASH,broker sonlandi
2026-09-17T08:08:25.453Z,O1_CRASH,broker sonlandi
2026-09-17T08:09:52.378Z,O1_CRASH,broker sonlandi
2026-09-17T08:09:58.006Z,O1_CRASH,broker sonlandi
2026-09-17T08:10:00.130Z,O1_CRASH,broker sonlandi
2026-09-17T08:10:02.257Z,O1_CRASH,broker sonlandi
2026-09-17T08:10:04.387Z,O1_CRASH,broker sonlandi
2026-09-17T08:10:06.513Z,O1_CRASH,broker sonlandi
2026-09-17T08:10:08.643Z,O1_CRASH,broker sonlandi
2026-09-17T08:10:10.772Z,O1_CRASH,broker sonlandi
2026-09-17T08:10:12.901Z,O1_CRASH,broker sonlandi
2026-09-17T08:10:15.030Z,O1_CRASH,broker sonlandi
2026-09-17T08:10:17.159Z,O1_CRASH,broker sonlandi
2026-09-17T08:10:19.294Z,O1_CRASH,broker sonlandi
2026-09-17T08:10:21.443Z,O1_CRASH,broker sonlandi
2026-09-17T08:10:23.611Z,O1_CRASH,broker sonlandi
2026-09-17T08:11:49.965Z,O1_CRASH,broker sonlandi
2026-09-17T08:11:55.631Z,O1_CRASH,broker sonlandi
2026-09-17T08:11:57.757Z,O1_CRASH,broker sonlandi
2026-09-17T08:11:59.884Z,O1_CRASH,broker sonlandi
2026-09-17T08:12:02.013Z,O1_CRASH,broker sonlandi
2026-09-17T08:12:04.140Z,O1_CRASH,broker sonlandi
2026-09-17T08:12:06.268Z,O1_CRASH,broker sonlandi
2026-09-17T08:12:08.397Z,O1_CRASH,broker sonlandi
2026-09-17T08:12:10.524Z,O1_CRASH,broker sonlandi
2026-09-17T08:12:12.659Z,O1_CRASH,broker sonlandi
2026-09-17T08:12:14.793Z,O1_CRASH,broker sonlandi
2026-09-17T08:12:16.937Z,O1_CRASH,broker sonlandi
2026-09-17T08:12:19.109Z,O1_CRASH,broker sonlandi
2026-09-17T08:12:21.510Z,O1_CRASH,broker sonlandi
2026-09-17T08:13:49.292Z,O1_CRASH,broker sonlandi
2026-09-17T08:13:54.968Z,O1_CRASH,broker sonlandi
2026-09-17T08:13:57.092Z,O1_CRASH,broker sonlandi
2026-09-17T08:13:59.218Z,O1_CRASH,broker sonlandi
2026-09-17T08:14:01.348Z,O1_CRASH,broker sonlandi
2026-09-17T08:14:03.481Z,O1_CRASH,broker sonlandi
2026-09-17T08:14:05.607Z,O1_CRASH,broker sonlandi
2026-09-17T08:14:07.734Z,O1_CRASH,broker sonlandi
2026-09-17T08:14:09.860Z,O1_CRASH,broker sonlandi
2026-09-17T08:14:11.991Z,O1_CRASH,broker sonlandi
2026-09-17T08:14:14.120Z,O1_CRASH,broker sonlandi
2026-09-17T08:14:16.254Z,O1_CRASH,broker sonlandi
2026-09-17T08:14:18.398Z,O1_CRASH,broker sonlandi
2026-09-17T08:14:20.577Z,O1_CRASH,broker sonlandi
2026-09-17T08:15:47.774Z,O1_CRASH,broker sonlandi
2026-09-17T08:15:53.395Z,O1_CRASH,broker sonlandi
2026-09-17T08:15:55.521Z,O1_CRASH,broker sonlandi
2026-09-17T08:15:57.652Z,O1_CRASH,broker sonlandi
2026-09-17T08:15:59.781Z,O1_CRASH,broker sonlandi
2026-09-17T08:16:01.907Z,O1_CRASH,broker sonlandi
2026-09-17T08:16:04.036Z,O1_CRASH,broker sonlandi
2026-09-17T08:16:06.166Z,O1_CRASH,broker sonlandi
2026-09-17T08:16:08.300Z,O1_CRASH,broker sonlandi
2026-09-17T08:16:10.427Z,O1_CRASH,broker sonlandi
2026-09-17T08:16:12.553Z,O1_CRASH,broker sonlandi
2026-09-17T08:16:14.682Z,O1_CRASH,broker sonlandi
2026-09-17T08:16:16.834Z,O1_CRASH,broker sonlandi
2026-09-17T08:16:19.008Z,O1_CRASH,broker sonlandi
2026-09-17T08:17:45.356Z,O1_CRASH,broker sonlandi
2026-09-17T08:17:50.974Z,O1_CRASH,broker sonlandi
2026-09-17T08:17:53.098Z,O1_CRASH,broker sonlandi
2026-09-17T08:17:55.229Z,O1_CRASH,broker sonlandi
2026-09-17T08:17:57.356Z,O1_CRASH,broker sonlandi
2026-09-17T08:17:59.483Z,O1_CRASH,broker sonlandi
2026-09-17T08:18:01.614Z,O1_CRASH,broker sonlandi
2026-09-17T08:18:03.742Z,O1_CRASH,broker sonlandi
2026-09-17T08:18:05.874Z,O1_CRASH,broker sonlandi
2026-09-17T08:18:08.012Z,O1_CRASH,broker sonlandi
2026-09-17T08:18:10.146Z,O1_CRASH,broker sonlandi
2026-09-17T08:18:12.295Z,O1_CRASH,broker sonlandi
2026-09-17T08:18:14.465Z,O1_CRASH,broker sonlandi
2026-09-17T08:18:16.856Z,O1_CRASH,broker sonlandi
2026-09-17T08:19:42.847Z,O1_CRASH,broker sonlandi
2026-09-17T08:19:48.496Z,O1_CRASH,broker sonlandi
2026-09-17T08:19:50.621Z,O1_CRASH,broker sonlandi
2026-09-17T08:19:52.751Z,O1_CRASH,broker sonlandi
2026-09-17T08:19:54.877Z,O1_CRASH,broker sonlandi
2026-09-17T08:19:57.010Z,O1_CRASH,broker sonlandi
2026-09-17T08:19:59.138Z,O1_CRASH,broker sonlandi
2026-09-17T08:20:01.272Z,O1_CRASH,broker sonlandi
2026-09-17T08:20:03.397Z,O1_CRASH,broker sonlandi
2026-09-17T08:20:05.536Z,O1_CRASH,broker sonlandi
2026-09-17T08:20:07.672Z,O1_CRASH,broker sonlandi
2026-09-17T08:20:09.822Z,O1_CRASH,broker sonlandi
2026-09-17T08:20:11.989Z,O1_CRASH,broker sonlandi
2026-09-17T08:20:14.387Z,O1_CRASH,broker sonlandi
2026-09-17T08:21:25.237Z,CAMPAIGN_END,sent=1695532 anomalies=2126
