timestamp,cpu_pct,rss_kb,threads,swap_kb,temp_c
2026-09-17T03:21:25.266Z,7.1,30444,7,0,51.5
2026-09-17T03:21:30.326Z,56.3,180520,7,0,53.7
2026-09-17T03:21:35.371Z,74.5,308856,7,0,54.8
2026-09-17T03:21:40.411Z,79.8,407156,7,0,54.8
2026-09-17T03:21:45.452Z,76.2,446680,7,0,54.2
2026-09-17T03:21:50.491Z,76.7,440984,7,0,54.8
2026-09-17T03:21:55.532Z,79.2,462708,7,0,55.8
2026-09-17T03:22:00.577Z,81.3,476960,7,0,55.3
2026-09-17T03:22:05.611Z,,,,,53.7
2026-09-17T03:22:10.646Z,,,,,54.2
2026-09-17T03:22:15.680Z,,,,,52.6
2026-09-17T03:22:20.714Z,,,,,52.6
2026-09-17T03:22:25.748Z,,,,,51.5
2026-09-17T03:22:30.787Z,,,,,51.5
2026-09-17T03:22:35.825Z,,,,,51.5
2026-09-17T03:22:40.898Z,75.2,191996,7,0,53.7
2026-09-17T03:22:45.947Z,87.2,306380,7,0,53.7
2026-09-17T03:22:50.989Z,88.7,432324,7,0,54.8
2026-09-17T03:22:56.029Z,92.9,445244,7,0,55.3
2026-09-17T03:23:01.069Z,96.0,443628,7,0,55.3
2026-09-17T03:23:06.114Z,90.4,436284,7,0,54.2
2026-09-17T03:23:11.166Z,90.4,463064,7,0,55.3
2026-09-17T03:23:16.211Z,90.7,477260,7,0,55.8
2026-09-17T03:23:21.289Z,89.7,481144,7,0,54.8
2026-09-17T03:23:26.338Z,87.1,485212,7,0,55.3
2026-09-17T03:23:31.382Z,87.4,509920,7,0,55.8
2026-09-17T03:23:36.424Z,87.5,508252,7,0,55.8
2026-09-17T03:23:41.465Z,85.3,489968,7,0,54.8
2026-09-17T03:23:46.505Z,84.1,503108,7,0,55.3
2026-09-17T03:23:51.549Z,84.8,517260,7,0,55.3
2026-09-17T03:23:56.584Z,85.6,520888,7,0,55.3
2026-09-17T03:24:01.617Z,,,,,54.8
2026-09-17T03:24:06.659Z,62.8,164568,7,0,54.8
2026-09-17T03:24:11.694Z,,,,,53.7
2026-09-17T03:24:16.732Z,,,,,52.6
2026-09-17T03:24:21.772Z,,,,,51.5
2026-09-17T03:24:26.811Z,,,,,51.5
2026-09-17T03:24:31.849Z,,,,,52.1
2026-09-17T03:24:36.897Z,67.4,167544,7,0,53.7
2026-09-17T03:24:41.953Z,88.8,283844,7,0,54.8
2026-09-17T03:24:46.990Z,86.5,407812,7,0,54.8
2026-09-17T03:24:52.034Z,90.3,441132,7,0,54.8
2026-09-17T03:24:57.077Z,94.4,447772,7,0,55.3
2026-09-17T03:25:02.116Z,91.4,446140,7,0,54.8
2026-09-17T03:25:07.176Z,89.0,463328,7,0,55.3
2026-09-17T03:25:12.234Z,90.0,465480,7,0,55.8
2026-09-17T03:25:17.274Z,90.3,493292,7,0,55.3
2026-09-17T03:25:22.319Z,86.4,492148,7,0,55.3
2026-09-17T03:25:27.373Z,86.9,502864,7,0,55.3
2026-09-17T03:25:32.414Z,87.3,509360,7,0,55.8
2026-09-17T03:25:37.454Z,85.3,506140,7,0,54.8
2026-09-17T03:25:42.494Z,82.8,511644,7,0,55.3
2026-09-17T03:25:47.535Z,83.3,514848,7,0,55.3
2026-09-17T03:25:52.573Z,84.3,513272,7,0,55.8
2026-09-17T03:25:57.615Z,83.4,503792,7,0,54.8
2026-09-17T03:26:02.658Z,52.7,136812,7,0,54.8
2026-09-17T03:26:07.700Z,,,,,53.7
2026-09-17T03:26:12.734Z,,,,,53.7
2026-09-17T03:26:17.773Z,,,,,52.6
2026-09-17T03:26:22.809Z,,,,,52.1
2026-09-17T03:26:27.847Z,,,,,51.5
2026-09-17T03:26:32.890Z,57.8,140748,7,0,53.2
2026-09-17T03:26:37.930Z,90.5,272468,7,0,54.8
2026-09-17T03:26:42.974Z,89.7,406384,7,0,55.3
2026-09-17T03:26:48.017Z,93.6,450104,7,0,55.8
2026-09-17T03:26:53.069Z,95.5,443956,7,0,55.3
2026-09-17T03:26:58.111Z,94.8,444328,7,0,55.3
2026-09-17T03:27:03.153Z,90.9,450676,7,0,55.3
2026-09-17T03:27:08.194Z,91.8,465592,7,0,55.8
2026-09-17T03:27:13.233Z,91.7,488840,7,0,55.3
2026-09-17T03:27:18.274Z,88.1,494312,7,0,54.8
2026-09-17T03:27:23.331Z,88.7,514208,7,0,55.3
2026-09-17T03:27:28.384Z,88.6,506464,7,0,55.8
2026-09-17T03:27:33.426Z,87.8,508780,7,0,55.8
2026-09-17T03:27:38.468Z,85.0,515628,7,0,54.2
2026-09-17T03:27:43.508Z,85.2,508476,7,0,55.3
2026-09-17T03:27:48.546Z,85.5,506512,7,0,56.4
2026-09-17T03:27:53.586Z,84.5,504268,7,0,55.8
2026-09-17T03:27:58.631Z,54.2,146824,7,0,55.3
2026-09-17T03:28:03.667Z,,,,,53.7
2026-09-17T03:28:08.706Z,,,,,52.6
2026-09-17T03:28:13.745Z,,,,,52.6
2026-09-17T03:28:18.782Z,,,,,52.6
2026-09-17T03:28:23.826Z,,,,,52.1
2026-09-17T03:28:28.865Z,35.4,109564,7,0,52.6
2026-09-17T03:28:33.906Z,86.0,248096,7,0,54.8
2026-09-17T03:28:38.950Z,89.7,368388,7,0,54.8
2026-09-17T03:28:43.989Z,87.4,433616,7,0,55.8
2026-09-17T03:28:49.029Z,92.2,425424,7,0,56.4
2026-09-17T03:28:54.079Z,94.1,441048,7,0,55.8
2026-09-17T03:28:59.119Z,87.6,444096,7,0,55.3
2026-09-17T03:29:04.166Z,88.7,460600,7,0,55.3
2026-09-17T03:29:09.222Z,90.0,473416,7,0,55.8
2026-09-17T03:29:14.264Z,87.9,482772,7,0,54.8
2026-09-17T03:29:19.305Z,85.9,479820,7,0,55.3
2026-09-17T03:29:24.348Z,86.8,516172,7,0,55.3
2026-09-17T03:29:29.389Z,87.3,510820,7,0,55.8
2026-09-17T03:29:34.431Z,85.5,524184,7,0,55.3
2026-09-17T03:29:39.489Z,84.8,512384,7,0,55.8
2026-09-17T03:29:44.552Z,85.0,507220,7,0,55.8
2026-09-17T03:29:49.605Z,85.9,518968,7,0,56.4
2026-09-17T03:29:54.639Z,,,,,54.8
2026-09-17T03:29:59.678Z,,,,,54.8
2026-09-17T03:30:04.717Z,,,,,53.2
2026-09-17T03:30:09.757Z,,,,,52.6
2026-09-17T03:30:14.932Z,,,,,52.6
2026-09-17T03:30:19.969Z,,,,,52.6
2026-09-17T03:30:25.003Z,,,,,52.1
2026-09-17T03:30:30.059Z,53.3,140568,7,0,53.7
2026-09-17T03:30:35.100Z,93.7,297912,7,0,55.3
2026-09-17T03:30:40.142Z,92.3,386860,7,0,55.3
2026-09-17T03:30:45.193Z,95.6,426988,7,0,56.4
2026-09-17T03:30:50.244Z,99.4,431352,7,0,55.8
2026-09-17T03:30:55.283Z,97.8,457164,7,0,55.8
2026-09-17T03:31:00.324Z,93.2,460964,7,0,55.8
2026-09-17T03:31:05.362Z,93.2,468140,7,0,55.8
2026-09-17T03:31:10.405Z,94.0,482060,7,0,55.8
2026-09-17T03:31:15.445Z,90.3,472068,7,0,55.3
2026-09-17T03:31:20.488Z,90.1,485652,7,0,55.8
2026-09-17T03:31:25.529Z,90.1,496412,7,0,56.4
2026-09-17T03:31:30.573Z,89.4,510884,7,0,55.8
2026-09-17T03:31:35.619Z,86.7,490740,7,0,54.8
2026-09-17T03:31:40.665Z,86.6,487688,7,0,55.8
2026-09-17T03:31:45.714Z,86.7,508756,7,0,55.8
2026-09-17T03:31:50.757Z,85.9,507172,7,0,55.8
2026-09-17T03:31:55.794Z,46.7,118324,7,0,55.8
2026-09-17T03:32:00.829Z,,,,,53.7
2026-09-17T03:32:05.868Z,,,,,53.2
2026-09-17T03:32:10.908Z,,,,,52.6
2026-09-17T03:32:15.994Z,,,,,52.6
2026-09-17T03:32:21.028Z,,,,,52.1
2026-09-17T03:32:26.065Z,,,,,51.5
2026-09-17T03:32:31.137Z,61.9,155836,7,0,54.2
2026-09-17T03:32:36.178Z,92.9,302320,7,0,54.8
2026-09-17T03:32:41.229Z,89.8,431772,7,0,54.8
2026-09-17T03:32:46.275Z,93.3,432336,7,0,55.8
2026-09-17T03:32:51.326Z,95.1,429752,7,0,55.8
2026-09-17T03:32:56.373Z,92.4,428752,7,0,55.8
2026-09-17T03:33:01.414Z,89.6,447580,7,0,55.8
2026-09-17T03:33:06.450Z,91.4,461892,7,0,56.4
2026-09-17T03:33:11.488Z,91.4,487132,7,0,55.8
2026-09-17T03:33:16.529Z,87.1,483300,7,0,54.8
2026-09-17T03:33:21.566Z,87.7,506976,7,0,55.8
2026-09-17T03:33:26.609Z,88.2,500552,7,0,56.4
2026-09-17T03:33:31.649Z,87.1,492400,7,0,55.8
2026-09-17T03:33:36.691Z,84.6,502016,7,0,54.8
2026-09-17T03:33:41.733Z,84.9,502860,7,0,55.8
2026-09-17T03:33:46.773Z,85.6,520284,7,0,56.4
2026-09-17T03:33:51.813Z,84.7,551840,7,0,55.8
2026-09-17T03:33:56.856Z,55.3,147704,7,0,55.8
2026-09-17T03:34:01.890Z,,,,,54.2
2026-09-17T03:34:06.938Z,,,,,53.7
2026-09-17T03:34:11.971Z,,,,,53.2
2026-09-17T03:34:17.007Z,,,,,52.6
2026-09-17T03:34:22.048Z,,,,,52.1
2026-09-17T03:34:27.092Z,38.9,102656,7,0,52.6
2026-09-17T03:34:32.151Z,81.5,244652,7,0,54.8
2026-09-17T03:34:37.196Z,86.0,355260,7,0,55.3
2026-09-17T03:34:42.237Z,90.6,421712,7,0,55.8
2026-09-17T03:34:47.277Z,92.5,425208,7,0,56.4
2026-09-17T03:34:52.320Z,93.6,456424,7,0,56.4
2026-09-17T03:34:57.366Z,88.8,442872,7,0,55.8
2026-09-17T03:35:02.410Z,89.0,463272,7,0,55.8
2026-09-17T03:35:07.453Z,89.6,472748,7,0,56.4
2026-09-17T03:35:12.503Z,86.7,485344,7,0,55.8
2026-09-17T03:35:17.546Z,85.1,483700,7,0,55.8
2026-09-17T03:35:22.615Z,86.7,513204,7,0,56.4
2026-09-17T03:35:27.673Z,87.5,522596,7,0,56.9
2026-09-17T03:35:32.713Z,85.5,538116,7,0,56.4
2026-09-17T03:35:37.758Z,85.3,518928,7,0,55.8
2026-09-17T03:35:42.799Z,85.7,510332,7,0,56.4
2026-09-17T03:35:47.861Z,85.8,528444,7,0,56.4
2026-09-17T03:35:52.897Z,,,,,54.2
2026-09-17T03:35:57.938Z,,,,,54.8
2026-09-17T03:36:02.979Z,,,,,53.7
2026-09-17T03:36:08.016Z,,,,,53.2
2026-09-17T03:36:13.055Z,,,,,53.2
2026-09-17T03:36:18.142Z,,,,,52.1
2026-09-17T03:36:23.177Z,,,,,52.6
2026-09-17T03:36:28.220Z,60.4,199100,7,0,54.2
2026-09-17T03:36:33.272Z,89.6,325672,7,0,55.8
2026-09-17T03:36:38.309Z,86.4,423940,7,0,55.3
2026-09-17T03:36:43.347Z,91.5,448832,7,0,55.8
2026-09-17T03:36:48.406Z,95.6,448168,7,0,55.8
2026-09-17T03:36:53.453Z,92.1,444996,7,0,55.8
2026-09-17T03:36:58.496Z,89.8,453268,7,0,55.8
2026-09-17T03:37:03.537Z,90.9,471824,7,0,56.4
2026-09-17T03:37:08.577Z,91.6,475944,7,0,55.8
2026-09-17T03:37:13.626Z,87.2,492492,7,0,54.8
2026-09-17T03:37:18.663Z,87.4,500108,7,0,55.8
2026-09-17T03:37:23.717Z,87.5,503448,7,0,55.8
2026-09-17T03:37:28.758Z,86.2,492744,7,0,55.8
2026-09-17T03:37:33.798Z,83.8,501680,7,0,55.3
2026-09-17T03:37:38.843Z,83.9,503804,7,0,55.8
2026-09-17T03:37:43.885Z,84.9,516076,7,0,55.8
2026-09-17T03:37:48.925Z,83.5,511488,7,0,55.8
2026-09-17T03:37:53.972Z,62.6,164000,7,0,54.8
2026-09-17T03:37:59.008Z,,,,,54.2
2026-09-17T03:38:04.041Z,,,,,53.7
2026-09-17T03:38:09.075Z,,,,,52.1
2026-09-17T03:38:14.109Z,,,,,52.1
2026-09-17T03:38:19.148Z,,,,,52.1
2026-09-17T03:38:24.190Z,42.1,110196,7,0,53.2
2026-09-17T03:38:29.226Z,84.7,261096,7,0,54.8
2026-09-17T03:38:34.269Z,88.2,410276,7,0,54.8
2026-09-17T03:38:39.311Z,91.8,439300,7,0,55.8
2026-09-17T03:38:44.359Z,93.2,448216,7,0,55.8
2026-09-17T03:38:49.401Z,93.5,439400,7,0,55.8
2026-09-17T03:38:54.438Z,89.4,446072,7,0,55.8
2026-09-17T03:38:59.477Z,90.5,469060,7,0,55.8
2026-09-17T03:39:04.518Z,91.1,484768,7,0,56.4
2026-09-17T03:39:09.562Z,88.4,505720,7,0,55.3
2026-09-17T03:39:14.609Z,88.0,509956,7,0,55.8
2026-09-17T03:39:19.653Z,88.1,506824,7,0,56.9
2026-09-17T03:39:24.700Z,88.7,536208,7,0,56.9
2026-09-17T03:39:29.749Z,85.7,542324,7,0,56.4
2026-09-17T03:39:34.789Z,85.6,528684,7,0,56.4
2026-09-17T03:39:39.829Z,86.2,514936,7,0,56.9
2026-09-17T03:39:44.871Z,85.3,512484,7,0,55.8
2026-09-17T03:39:49.926Z,44.5,120280,7,0,55.3
2026-09-17T03:39:54.960Z,,,,,54.8
2026-09-17T03:39:59.994Z,,,,,53.2
2026-09-17T03:40:05.031Z,,,,,52.6
2026-09-17T03:40:10.071Z,,,,,53.2
2026-09-17T03:40:15.110Z,,,,,52.1
2026-09-17T03:40:20.148Z,,,,,52.1
2026-09-17T03:40:25.192Z,84.4,232128,7,0,55.3
2026-09-17T03:40:30.231Z,97.2,381460,7,0,55.8
2026-09-17T03:40:35.283Z,92.0,432664,7,0,55.8
2026-09-17T03:40:40.337Z,96.6,444416,7,0,55.8
2026-09-17T03:40:45.386Z,98.1,445812,7,0,55.8
2026-09-17T03:40:50.427Z,90.6,448688,7,0,55.3
2026-09-17T03:40:55.468Z,91.8,465672,7,0,55.8
2026-09-17T03:41:00.507Z,92.9,481988,7,0,55.8
2026-09-17T03:41:05.550Z,91.3,497012,7,0,55.8
2026-09-17T03:41:10.592Z,88.8,487272,7,0,55.8
2026-09-17T03:41:15.642Z,88.0,508716,7,0,55.3
2026-09-17T03:41:20.698Z,88.1,508188,7,0,55.8
2026-09-17T03:41:25.737Z,86.0,501892,7,0,55.3
2026-09-17T03:41:30.779Z,84.6,500260,7,0,55.8
2026-09-17T03:41:35.822Z,83.5,498644,7,0,55.8
2026-09-17T03:41:40.862Z,84.1,512532,7,0,55.3
2026-09-17T03:41:45.920Z,83.0,0,2,0,55.3
2026-09-17T03:41:50.970Z,67.7,174636,7,0,55.8
2026-09-17T03:41:56.008Z,,,,,53.7
2026-09-17T03:42:01.043Z,,,,,53.2
2026-09-17T03:42:06.081Z,,,,,52.6
2026-09-17T03:42:11.119Z,,,,,52.6
2026-09-17T03:42:16.160Z,,,,,52.1
2026-09-17T03:42:21.202Z,52.4,132000,7,0,53.2
2026-09-17T03:42:26.260Z,93.6,298328,7,0,55.8
2026-09-17T03:42:31.302Z,93.0,407440,7,0,55.3
2026-09-17T03:42:36.351Z,95.0,439728,7,0,55.8
2026-09-17T03:42:41.386Z,98.1,443108,7,0,56.4
2026-09-17T03:42:46.431Z,97.1,440384,7,0,55.8
2026-09-17T03:42:51.495Z,92.5,449852,7,0,55.3
2026-09-17T03:42:56.551Z,93.7,479940,7,0,56.4
2026-09-17T03:43:01.607Z,94.0,484212,7,0,55.8
2026-09-17T03:43:06.648Z,90.3,489240,7,0,54.8
2026-09-17T03:43:11.690Z,89.9,503576,7,0,55.3
2026-09-17T03:43:16.727Z,90.2,495472,7,0,56.4
2026-09-17T03:43:21.779Z,89.9,517036,7,0,56.4
2026-09-17T03:43:26.821Z,87.0,507236,7,0,55.8
2026-09-17T03:43:31.870Z,87.1,513220,7,0,55.8
2026-09-17T03:43:36.911Z,87.3,514868,7,0,56.4
2026-09-17T03:43:41.949Z,87.1,531620,7,0,56.4
2026-09-17T03:43:47.002Z,41.7,108312,7,0,55.3
2026-09-17T03:43:52.037Z,,,,,54.8
2026-09-17T03:43:57.071Z,,,,,53.2
2026-09-17T03:44:02.112Z,,,,,52.6
2026-09-17T03:44:07.152Z,,,,,52.6
2026-09-17T03:44:12.189Z,,,,,52.6
2026-09-17T03:44:17.247Z,19.9,76024,7,0,52.1
2026-09-17T03:44:22.295Z,89.6,249744,7,0,54.8
2026-09-17T03:44:27.352Z,98.7,413980,7,0,55.8
2026-09-17T03:44:32.394Z,95.7,440368,7,0,55.8
2026-09-17T03:44:37.438Z,98.0,443092,7,0,56.4
2026-09-17T03:44:42.485Z,99.7,452248,7,0,56.4
2026-09-17T03:44:47.525Z,92.5,463744,7,0,55.3
2026-09-17T03:44:52.566Z,92.7,475756,7,0,55.8
2026-09-17T03:44:57.604Z,93.5,490024,7,0,56.4
2026-09-17T03:45:02.644Z,90.6,493728,7,0,55.8
2026-09-17T03:45:07.685Z,89.3,503268,7,0,55.8
2026-09-17T03:45:12.721Z,89.8,507448,7,0,56.4
2026-09-17T03:45:17.765Z,89.4,517860,7,0,56.4
2026-09-17T03:45:22.806Z,86.4,499220,7,0,55.8
2026-09-17T03:45:27.858Z,86.0,516408,7,0,56.4
2026-09-17T03:45:32.901Z,86.7,524724,7,0,56.4
2026-09-17T03:45:37.945Z,86.5,525976,7,0,56.4
2026-09-17T03:45:42.980Z,,,,,54.2
2026-09-17T03:45:48.021Z,,,,,55.8
2026-09-17T03:45:53.059Z,,,,,53.7
2026-09-17T03:45:58.093Z,,,,,53.7
2026-09-17T03:46:03.131Z,,,,,52.6
2026-09-17T03:46:08.171Z,,,,,52.6
2026-09-17T03:46:13.211Z,,,,,52.6
2026-09-17T03:46:18.259Z,54.1,140488,7,0,53.7
2026-09-17T03:46:23.326Z,95.7,298036,7,0,55.8
2026-09-17T03:46:28.366Z,89.5,374072,7,0,54.8
2026-09-17T03:46:33.408Z,95.3,427800,7,0,56.4
2026-09-17T03:46:38.452Z,99.5,436356,7,0,56.4
2026-09-17T03:46:43.493Z,96.5,455696,7,0,55.8
2026-09-17T03:46:48.541Z,92.5,461368,7,0,54.8
2026-09-17T03:46:53.594Z,93.7,474680,7,0,56.4
2026-09-17T03:46:58.638Z,94.4,485864,7,0,55.8
2026-09-17T03:47:03.681Z,90.1,490752,7,0,55.8
2026-09-17T03:47:08.728Z,89.9,500608,7,0,56.4
2026-09-17T03:47:13.767Z,90.8,499880,7,0,56.4
2026-09-17T03:47:18.808Z,89.7,502480,7,0,55.8
2026-09-17T03:47:23.847Z,86.9,509664,7,0,55.8
2026-09-17T03:47:28.886Z,87.7,513484,7,0,56.4
2026-09-17T03:47:33.933Z,88.3,516776,7,0,56.9
2026-09-17T03:47:38.973Z,87.0,506724,7,0,55.8
2026-09-17T03:47:44.015Z,58.5,156928,7,0,55.8
2026-09-17T03:47:49.050Z,,,,,54.8
2026-09-17T03:47:54.084Z,,,,,53.7
2026-09-17T03:47:59.118Z,,,,,52.6
2026-09-17T03:48:04.151Z,,,,,52.6
2026-09-17T03:48:09.186Z,,,,,52.6
2026-09-17T03:48:14.224Z,,,,,52.6
2026-09-17T03:48:19.271Z,85.2,244964,7,0,54.8
2026-09-17T03:48:24.312Z,95.2,370608,7,0,55.8
2026-09-17T03:48:29.393Z,91.6,430028,7,0,55.8
2026-09-17T03:48:34.435Z,97.3,423388,7,0,56.9
2026-09-17T03:48:39.485Z,95.3,428320,7,0,56.4
2026-09-17T03:48:44.533Z,89.6,433868,7,0,55.8
2026-09-17T03:48:49.580Z,89.8,455220,7,0,55.8
2026-09-17T03:48:54.622Z,90.8,465580,7,0,56.4
2026-09-17T03:48:59.661Z,91.4,498004,7,0,56.4
2026-09-17T03:49:04.705Z,88.3,483412,7,0,55.8
2026-09-17T03:49:09.744Z,88.7,502436,7,0,56.4
2026-09-17T03:49:14.785Z,88.8,507808,7,0,56.4
2026-09-17T03:49:19.826Z,86.7,494200,7,0,55.8
2026-09-17T03:49:24.873Z,85.4,484000,7,0,55.8
2026-09-17T03:49:29.921Z,86.1,519796,7,0,56.9
2026-09-17T03:49:34.998Z,86.3,515740,7,0,56.9
2026-09-17T03:49:40.038Z,,,,,55.3
2026-09-17T03:49:45.081Z,,,,,55.8
2026-09-17T03:49:50.115Z,,,,,54.2
2026-09-17T03:49:55.154Z,,,,,53.7
2026-09-17T03:50:00.193Z,,,,,53.2
2026-09-17T03:50:05.232Z,,,,,52.6
2026-09-17T03:50:10.271Z,,,,,52.6
2026-09-17T03:50:15.321Z,76.7,203516,7,0,54.8
2026-09-17T03:50:20.361Z,88.7,364208,7,0,55.8
2026-09-17T03:50:25.421Z,90.4,449392,7,0,56.4
2026-09-17T03:50:30.490Z,95.0,440984,7,0,56.9
2026-09-17T03:50:35.531Z,96.7,441632,7,0,56.4
2026-09-17T03:50:40.584Z,89.6,437016,7,0,55.8
2026-09-17T03:50:45.628Z,89.3,460980,7,0,56.4
2026-09-17T03:50:50.690Z,90.2,481936,7,0,56.4
2026-09-17T03:50:55.729Z,89.0,496916,7,0,55.8
2026-09-17T03:51:00.770Z,86.9,503060,7,0,56.9
2026-09-17T03:51:05.809Z,87.8,506856,7,0,56.9
2026-09-17T03:51:10.848Z,88.1,518780,7,0,56.9
2026-09-17T03:51:15.887Z,85.2,510040,7,0,55.8
2026-09-17T03:51:20.951Z,85.0,518352,7,0,56.4
2026-09-17T03:51:26.015Z,85.5,515624,7,0,56.9
2026-09-17T03:51:31.057Z,85.8,540016,7,0,56.9
2026-09-17T03:51:36.094Z,,,,,54.8
2026-09-17T03:51:41.127Z,,,,,55.8
2026-09-17T03:51:46.166Z,,,,,53.7
2026-09-17T03:51:51.199Z,,,,,53.7
2026-09-17T03:51:56.237Z,,,,,53.2
2026-09-17T03:52:01.275Z,,,,,52.6
2026-09-17T03:52:06.312Z,,,,,52.6
2026-09-17T03:52:11.364Z,81.1,210412,7,0,54.8
2026-09-17T03:52:16.408Z,97.4,342616,7,0,55.8
2026-09-17T03:52:21.467Z,92.6,421348,7,0,55.3
2026-09-17T03:52:26.507Z,95.0,428304,7,0,55.8
2026-09-17T03:52:31.546Z,95.8,426572,7,0,56.4
2026-09-17T03:52:36.586Z,91.2,458296,7,0,55.8
2026-09-17T03:52:41.629Z,90.6,458144,7,0,55.8
2026-09-17T03:52:46.673Z,90.5,470260,7,0,56.4
2026-09-17T03:52:51.713Z,90.3,480680,7,0,56.4
2026-09-17T03:52:56.757Z,87.7,468852,7,0,56.4
2026-09-17T03:53:01.802Z,88.2,503592,7,0,55.8
2026-09-17T03:53:06.845Z,88.7,509584,7,0,56.4
2026-09-17T03:53:11.885Z,86.5,494964,7,0,56.4
2026-09-17T03:53:16.926Z,85.2,505108,7,0,55.8
2026-09-17T03:53:21.970Z,85.8,520856,7,0,56.4
2026-09-17T03:53:27.020Z,84.9,509508,7,0,56.4
2026-09-17T03:53:32.058Z,83.5,0,2,0,55.3
2026-09-17T03:53:37.113Z,65.5,173040,7,0,55.8
2026-09-17T03:53:42.148Z,,,,,53.7
2026-09-17T03:53:47.183Z,,,,,52.6
2026-09-17T03:53:52.223Z,,,,,53.2
2026-09-17T03:53:57.262Z,,,,,52.6
2026-09-17T03:54:02.313Z,,,,,52.6
2026-09-17T03:54:07.351Z,71.8,185688,7,0,54.2
2026-09-17T03:54:12.403Z,99.4,330724,7,0,55.8
2026-09-17T03:54:17.444Z,94.1,426884,7,0,55.8
2026-09-17T03:54:22.486Z,96.8,454296,7,0,55.8
2026-09-17T03:54:27.527Z,100,442944,7,0,56.9
2026-09-17T03:54:32.569Z,97.1,444012,7,0,55.3
2026-09-17T03:54:37.631Z,93.8,459048,7,0,55.8
2026-09-17T03:54:42.682Z,95.0,474072,7,0,56.4
2026-09-17T03:54:47.737Z,94.9,500672,7,0,56.4
2026-09-17T03:54:52.780Z,90.3,501036,7,0,55.8
2026-09-17T03:54:57.822Z,90.8,509512,7,0,56.4
2026-09-17T03:55:02.864Z,91.0,510972,7,0,56.4
2026-09-17T03:55:07.910Z,89.4,504828,7,0,55.8
2026-09-17T03:55:12.971Z,87.1,502136,7,0,55.3
2026-09-17T03:55:18.034Z,87.4,516672,7,0,55.8
2026-09-17T03:55:23.083Z,87.9,520116,7,0,56.4
2026-09-17T03:55:28.126Z,86.4,508120,7,0,55.8
2026-09-17T03:55:33.171Z,63.9,166604,7,0,55.8
2026-09-17T03:55:38.208Z,,,,,54.2
2026-09-17T03:55:43.243Z,,,,,53.7
2026-09-17T03:55:48.280Z,,,,,52.6
2026-09-17T03:55:53.321Z,,,,,52.1
2026-09-17T03:55:58.359Z,,,,,52.1
2026-09-17T03:56:03.403Z,44.7,122568,7,0,53.2
2026-09-17T03:56:08.443Z,91.1,262128,7,0,55.8
2026-09-17T03:56:13.485Z,88.6,348800,7,0,55.3
2026-09-17T03:56:18.528Z,86.7,416692,7,0,54.8
2026-09-17T03:56:23.580Z,91.0,420428,7,0,55.8
2026-09-17T03:56:28.660Z,91.1,425376,7,0,55.8
2026-09-17T03:56:33.702Z,85.6,428876,7,0,54.8
2026-09-17T03:56:38.744Z,87.5,443276,7,0,55.8
2026-09-17T03:56:43.778Z,86.8,465832,7,0,55.3
2026-09-17T03:56:48.818Z,85.9,480284,7,0,55.3
2026-09-17T03:56:53.864Z,84.0,487976,7,0,55.8
2026-09-17T03:56:58.908Z,84.7,484788,7,0,55.8
2026-09-17T03:57:03.952Z,84.6,493856,7,0,55.8
2026-09-17T03:57:08.994Z,82.5,478016,7,0,55.3
2026-09-17T03:57:14.039Z,81.9,489624,7,0,55.8
2026-09-17T03:57:19.083Z,83.1,490504,7,0,56.4
2026-09-17T03:57:24.126Z,83.6,509536,7,0,55.8
2026-09-17T03:57:29.161Z,,,,,54.8
2026-09-17T03:57:34.196Z,,,,,55.3
2026-09-17T03:57:39.235Z,,,,,53.7
2026-09-17T03:57:44.266Z,,,,,53.7
2026-09-17T03:57:49.300Z,,,,,52.1
2026-09-17T03:57:54.338Z,,,,,52.1
2026-09-17T03:57:59.383Z,,,,,52.6
2026-09-17T03:58:04.420Z,75.4,195960,7,0,53.7
2026-09-17T03:58:09.470Z,96.3,323324,7,0,55.8
2026-09-17T03:58:14.516Z,89.5,401864,7,0,55.3
2026-09-17T03:58:19.558Z,94.5,422376,7,0,55.8
2026-09-17T03:58:24.604Z,97.1,426760,7,0,55.8
2026-09-17T03:58:29.647Z,91.4,417880,7,0,54.8
2026-09-17T03:58:34.688Z,90.1,426292,7,0,55.8
2026-09-17T03:58:39.729Z,90.2,445768,7,0,55.8
2026-09-17T03:58:44.768Z,91.2,494812,7,0,55.8
2026-09-17T03:58:49.804Z,87.7,482716,7,0,55.3
2026-09-17T03:58:54.849Z,87.8,506300,7,0,55.8
2026-09-17T03:58:59.898Z,88.3,504908,7,0,55.8
2026-09-17T03:59:04.941Z,86.4,493720,7,0,55.8
2026-09-17T03:59:09.987Z,84.6,488104,7,0,55.8
2026-09-17T03:59:15.028Z,85.3,512424,7,0,56.4
2026-09-17T03:59:20.067Z,86.2,518624,7,0,56.9
2026-09-17T03:59:25.097Z,,,,,55.8
2026-09-17T03:59:30.137Z,74.0,189068,7,0,56.4
2026-09-17T03:59:35.172Z,,,,,54.2
2026-09-17T03:59:40.206Z,,,,,53.7
2026-09-17T03:59:45.241Z,,,,,52.6
2026-09-17T03:59:50.280Z,,,,,52.6
2026-09-17T03:59:55.319Z,,,,,52.1
2026-09-17T04:00:00.373Z,77.5,208956,7,0,54.8
2026-09-17T04:00:05.437Z,91.3,332476,7,0,54.8
2026-09-17T04:00:10.481Z,85.5,407768,7,0,55.3
2026-09-17T04:00:15.520Z,92.2,426132,7,0,55.8
2026-09-17T04:00:20.562Z,94.7,429184,7,0,56.9
2026-09-17T04:00:25.603Z,88.8,433988,7,0,55.8
2026-09-17T04:00:30.639Z,88.9,445672,7,0,55.8
2026-09-17T04:00:35.710Z,89.8,456412,7,0,55.8
2026-09-17T04:00:40.750Z,89.0,481152,7,0,55.8
2026-09-17T04:00:45.798Z,86.3,480828,7,0,55.8
2026-09-17T04:00:50.837Z,87.5,489284,7,0,56.9
2026-09-17T04:00:55.883Z,86.5,487412,7,0,55.8
2026-09-17T04:01:00.923Z,84.6,498340,7,0,55.8
2026-09-17T04:01:05.977Z,82.9,487464,7,0,55.8
2026-09-17T04:01:11.027Z,83.5,506392,7,0,56.9
2026-09-17T04:01:16.077Z,83.2,503936,7,0,56.4
2026-09-17T04:01:21.117Z,82.1,504384,7,0,55.8
2026-09-17T04:01:26.154Z,58.0,153040,7,0,55.8
2026-09-17T04:01:31.189Z,,,,,54.2
2026-09-17T04:01:36.229Z,,,,,53.2
2026-09-17T04:01:41.268Z,,,,,53.2
2026-09-17T04:01:46.308Z,,,,,52.6
2026-09-17T04:01:51.342Z,,,,,52.6
2026-09-17T04:01:56.394Z,44.2,121384,7,0,53.2
2026-09-17T04:02:01.438Z,87.1,266628,7,0,54.8
2026-09-17T04:02:06.479Z,94.2,415148,7,0,55.8
2026-09-17T04:02:11.514Z,87.9,432916,7,0,54.8
2026-09-17T04:02:16.577Z,90.4,435756,7,0,56.4
2026-09-17T04:02:21.621Z,91.3,424856,7,0,55.8
2026-09-17T04:02:26.663Z,85.2,432824,7,0,55.3
2026-09-17T04:02:31.706Z,85.8,457392,7,0,55.3
2026-09-17T04:02:36.749Z,86.6,468424,7,0,56.4
2026-09-17T04:02:41.790Z,85.0,473476,7,0,55.8
2026-09-17T04:02:46.837Z,84.1,482852,7,0,55.8
2026-09-17T04:02:51.888Z,84.8,506876,7,0,55.8
2026-09-17T04:02:56.938Z,85.2,522292,7,0,56.4
2026-09-17T04:03:01.981Z,82.8,507144,7,0,55.3
2026-09-17T04:03:07.021Z,82.3,499936,7,0,55.3
2026-09-17T04:03:12.063Z,83.2,506668,7,0,55.8
2026-09-17T04:03:17.102Z,83.6,501320,7,0,55.8
2026-09-17T04:03:22.136Z,,,,,54.8
2026-09-17T04:03:27.170Z,,,,,54.8
2026-09-17T04:03:32.217Z,,,,,53.7
2026-09-17T04:03:37.258Z,,,,,53.7
2026-09-17T04:03:42.296Z,,,,,52.6
2026-09-17T04:03:47.328Z,,,,,52.6
2026-09-17T04:03:52.362Z,,,,,52.6
2026-09-17T04:03:57.416Z,72.3,197696,7,0,54.2
2026-09-17T04:04:02.466Z,90.6,331304,7,0,55.8
2026-09-17T04:04:07.509Z,89.4,425792,7,0,55.8
2026-09-17T04:04:12.555Z,91.8,435704,7,0,56.4
2026-09-17T04:04:17.594Z,94.9,437832,7,0,55.8
2026-09-17T04:04:22.635Z,89.8,425560,7,0,55.3
2026-09-17T04:04:27.674Z,90.3,457520,7,0,55.8
2026-09-17T04:04:32.712Z,90.4,478700,7,0,55.8
2026-09-17T04:04:37.770Z,89.4,487868,7,0,55.8
2026-09-17T04:04:42.821Z,86.5,487108,7,0,55.8
2026-09-17T04:04:47.866Z,87.2,491696,7,0,56.4
2026-09-17T04:04:52.907Z,88.0,500524,7,0,56.4
2026-09-17T04:04:57.948Z,86.4,529228,7,0,55.8
2026-09-17T04:05:02.988Z,85.3,509324,7,0,55.3
2026-09-17T04:05:08.029Z,85.8,506532,7,0,56.9
2026-09-17T04:05:13.070Z,86.1,527460,7,0,56.4
2026-09-17T04:05:18.107Z,,,,,55.3
2026-09-17T04:05:23.175Z,,,,,56.4
2026-09-17T04:05:28.214Z,,,,,53.7
2026-09-17T04:05:33.248Z,,,,,53.2
2026-09-17T04:05:38.280Z,,,,,53.2
2026-09-17T04:05:43.315Z,,,,,52.6
2026-09-17T04:05:48.352Z,,,,,52.1
2026-09-17T04:05:53.392Z,67.5,167976,7,0,54.2
2026-09-17T04:05:58.446Z,93.8,306772,7,0,55.8
2026-09-17T04:06:03.489Z,85.1,425656,7,0,55.3
2026-09-17T04:06:08.523Z,88.9,453612,7,0,56.4
2026-09-17T04:06:13.558Z,91.2,435572,7,0,56.4
2026-09-17T04:06:18.597Z,91.3,449020,7,0,55.8
2026-09-17T04:06:23.648Z,87.2,455600,7,0,55.8
2026-09-17T04:06:28.705Z,88.0,479948,7,0,55.8
2026-09-17T04:06:33.748Z,87.4,488664,7,0,56.4
2026-09-17T04:06:38.791Z,85.3,497076,7,0,54.8
2026-09-17T04:06:43.834Z,84.7,505496,7,0,56.9
2026-09-17T04:06:48.877Z,86.1,511540,7,0,56.9
2026-09-17T04:06:53.924Z,86.2,526344,7,0,56.4
2026-09-17T04:06:58.968Z,83.5,509928,7,0,55.8
2026-09-17T04:07:04.013Z,83.4,511596,7,0,56.4
2026-09-17T04:07:09.056Z,83.9,516100,7,0,56.4
2026-09-17T04:07:14.095Z,83.6,530448,7,0,56.4
2026-09-17T04:07:19.133Z,,,,,54.8
2026-09-17T04:07:24.167Z,,,,,56.4
2026-09-17T04:07:29.201Z,,,,,53.7
2026-09-17T04:07:34.235Z,,,,,53.7
2026-09-17T04:07:39.273Z,,,,,52.6
2026-09-17T04:07:44.311Z,,,,,53.2
2026-09-17T04:07:49.350Z,,,,,52.6
2026-09-17T04:07:54.400Z,60.9,156568,7,0,53.7
2026-09-17T04:07:59.442Z,86.6,275340,7,0,55.3
2026-09-17T04:08:04.485Z,86.0,404860,7,0,55.3
2026-09-17T04:08:09.532Z,91.2,444472,7,0,55.8
2026-09-17T04:08:14.575Z,95.0,437080,7,0,56.4
2026-09-17T04:08:19.620Z,92.0,442824,7,0,56.4
2026-09-17T04:08:24.661Z,89.2,457828,7,0,55.8
2026-09-17T04:08:29.700Z,90.9,463772,7,0,55.8
2026-09-17T04:08:34.743Z,91.3,491968,7,0,56.4
2026-09-17T04:08:39.778Z,86.5,493460,7,0,55.8
2026-09-17T04:08:44.829Z,86.2,507672,7,0,55.8
2026-09-17T04:08:49.871Z,86.6,513496,7,0,56.4
2026-09-17T04:08:54.913Z,86.5,505312,7,0,55.8
2026-09-17T04:08:59.953Z,83.8,513336,7,0,55.3
2026-09-17T04:09:04.991Z,84.1,509012,7,0,56.4
2026-09-17T04:09:10.029Z,83.4,514264,7,0,55.8
2026-09-17T04:09:15.081Z,83.7,513288,7,0,56.4
2026-09-17T04:09:20.121Z,17.3,73384,7,0,55.3
2026-09-17T04:09:25.156Z,,,,,55.8
2026-09-17T04:09:30.232Z,,,,,53.7
2026-09-17T04:09:35.271Z,,,,,53.7
2026-09-17T04:09:40.311Z,,,,,52.6
2026-09-17T04:09:45.353Z,,,,,52.6
2026-09-17T04:09:50.391Z,,,,,52.1
2026-09-17T04:09:55.459Z,85.4,235276,7,0,54.8
2026-09-17T04:10:00.503Z,95.6,359856,7,0,55.8
2026-09-17T04:10:05.550Z,90.2,423140,7,0,55.3
2026-09-17T04:10:10.596Z,94.7,431764,7,0,56.4
2026-09-17T04:10:15.646Z,97.5,428472,7,0,56.9
2026-09-17T04:10:20.687Z,91.1,427108,7,0,55.3
2026-09-17T04:10:25.731Z,91.5,450372,7,0,55.8
2026-09-17T04:10:30.774Z,92.0,456992,7,0,56.9
2026-09-17T04:10:35.817Z,91.2,483884,7,0,55.8
2026-09-17T04:10:40.858Z,88.5,486752,7,0,55.8
2026-09-17T04:10:45.896Z,88.6,503472,7,0,55.8
2026-09-17T04:10:50.955Z,89.0,497404,7,0,55.8
2026-09-17T04:10:55.998Z,86.5,488272,7,0,55.8
2026-09-17T04:11:01.038Z,85.5,503240,7,0,56.4
2026-09-17T04:11:06.083Z,86.2,491456,7,0,56.4
2026-09-17T04:11:11.126Z,85.4,489928,7,0,55.8
2026-09-17T04:11:16.169Z,83.8,0,2,0,55.8
2026-09-17T04:11:21.223Z,65.0,173192,7,0,56.4
2026-09-17T04:11:26.271Z,,,,,54.2
2026-09-17T04:11:31.306Z,,,,,53.7
2026-09-17T04:11:36.340Z,,,,,52.6
2026-09-17T04:11:41.368Z,,,,,53.7
2026-09-17T04:11:46.403Z,,,,,52.6
2026-09-17T04:11:51.445Z,79.3,213908,7,0,54.8
2026-09-17T04:11:56.489Z,90.9,314404,7,0,55.8
2026-09-17T04:12:01.525Z,89.0,422360,7,0,55.3
2026-09-17T04:12:06.566Z,92.4,449976,7,0,55.8
2026-09-17T04:12:11.608Z,95.9,452156,7,0,56.4
2026-09-17T04:12:16.651Z,89.9,440272,7,0,54.8
2026-09-17T04:12:21.714Z,90.0,459768,7,0,56.4
2026-09-17T04:12:26.758Z,90.6,483120,7,0,56.4
2026-09-17T04:12:31.809Z,89.2,488176,7,0,55.8
2026-09-17T04:12:36.912Z,86.4,479660,7,0,55.3
2026-09-17T04:12:41.956Z,87.1,515236,7,0,55.8
2026-09-17T04:12:47.001Z,88.0,521540,7,0,56.4
2026-09-17T04:12:52.044Z,86.0,515996,7,0,55.8
2026-09-17T04:12:57.084Z,84.5,523460,7,0,55.8
2026-09-17T04:13:02.136Z,84.9,508644,7,0,55.8
2026-09-17T04:13:07.183Z,85.0,523244,7,0,56.4
2026-09-17T04:13:12.219Z,,,,,54.8
2026-09-17T04:13:17.256Z,,,,,55.3
2026-09-17T04:13:22.290Z,,,,,53.7
2026-09-17T04:13:27.325Z,,,,,53.2
2026-09-17T04:13:32.353Z,,,,,53.2
2026-09-17T04:13:37.391Z,,,,,52.6
2026-09-17T04:13:42.429Z,,,,,52.1
2026-09-17T04:13:47.501Z,66.2,171976,7,0,53.7
2026-09-17T04:13:52.548Z,93.6,306744,7,0,55.3
2026-09-17T04:13:57.595Z,87.5,382388,7,0,54.8
2026-09-17T04:14:02.639Z,92.5,427212,7,0,55.8
2026-09-17T04:14:07.701Z,95.8,426448,7,0,56.4
2026-09-17T04:14:12.741Z,91.4,432652,7,0,55.3
2026-09-17T04:14:17.786Z,89.3,443356,7,0,55.8
2026-09-17T04:14:22.832Z,90.6,460784,7,0,56.4
2026-09-17T04:14:27.877Z,92.1,488040,7,0,56.9
2026-09-17T04:14:32.919Z,88.1,514576,7,0,55.8
2026-09-17T04:14:37.964Z,88.0,501156,7,0,55.8
2026-09-17T04:14:43.005Z,87.6,498684,7,0,55.8
2026-09-17T04:14:48.046Z,87.3,513400,7,0,55.8
2026-09-17T04:14:53.086Z,84.9,477200,7,0,55.8
2026-09-17T04:14:58.125Z,85.7,510856,7,0,56.4
2026-09-17T04:15:03.166Z,86.2,526088,7,0,56.9
2026-09-17T04:15:08.205Z,85.1,519188,7,0,55.3
2026-09-17T04:15:13.247Z,62.1,161716,7,0,55.8
2026-09-17T04:15:18.282Z,,,,,53.7
2026-09-17T04:15:23.316Z,,,,,53.7
2026-09-17T04:15:28.352Z,,,,,52.1
2026-09-17T04:15:33.388Z,,,,,52.6
2026-09-17T04:15:38.427Z,,,,,52.1
2026-09-17T04:15:43.472Z,17.4,72648,7,0,52.1
2026-09-17T04:15:48.516Z,80.4,228660,7,0,54.8
2026-09-17T04:15:53.564Z,90.1,383052,7,0,55.8
2026-09-17T04:15:58.605Z,89.6,434876,7,0,55.8
2026-09-17T04:16:03.646Z,91.8,443572,7,0,55.8
2026-09-17T04:16:08.694Z,92.0,431000,7,0,56.4
2026-09-17T04:16:13.738Z,86.4,442000,7,0,55.8
2026-09-17T04:16:18.776Z,86.6,468732,7,0,55.3
2026-09-17T04:16:23.828Z,87.0,482216,7,0,55.8
2026-09-17T04:16:28.874Z,87.1,511632,7,0,55.8
2026-09-17T04:16:33.920Z,84.7,498644,7,0,55.8
2026-09-17T04:16:38.962Z,85.4,525636,7,0,56.4
2026-09-17T04:16:44.007Z,85.9,518036,7,0,56.4
2026-09-17T04:16:49.047Z,83.8,512760,7,0,55.8
2026-09-17T04:16:54.100Z,82.8,499400,7,0,55.8
2026-09-17T04:16:59.155Z,83.5,519516,7,0,55.8
2026-09-17T04:17:04.203Z,83.7,522344,7,0,56.4
2026-09-17T04:17:09.240Z,,,,,55.3
2026-09-17T04:17:14.280Z,,,,,55.8
2026-09-17T04:17:19.320Z,,,,,53.7
2026-09-17T04:17:24.361Z,,,,,53.7
2026-09-17T04:17:29.399Z,,,,,52.6
2026-09-17T04:17:34.437Z,,,,,52.6
2026-09-17T04:17:39.490Z,,,,,52.1
2026-09-17T04:17:44.536Z,67.1,167092,7,0,53.7
2026-09-17T04:17:49.587Z,81.1,299744,7,0,54.8
2026-09-17T04:17:54.629Z,84.6,419268,7,0,54.8
2026-09-17T04:17:59.674Z,89.0,443904,7,0,55.8
2026-09-17T04:18:04.718Z,92.8,439328,7,0,56.9
2026-09-17T04:18:09.760Z,92.1,433848,7,0,55.8
2026-09-17T04:18:14.796Z,89.2,450880,7,0,55.8
2026-09-17T04:18:19.841Z,90.8,465052,7,0,56.4
2026-09-17T04:18:24.886Z,90.6,489076,7,0,56.4
2026-09-17T04:18:29.926Z,87.2,488648,7,0,55.3
2026-09-17T04:18:34.964Z,87.2,499880,7,0,55.8
2026-09-17T04:18:40.010Z,87.4,505636,7,0,55.8
2026-09-17T04:18:45.050Z,86.9,500004,7,0,56.4
2026-09-17T04:18:50.094Z,84.4,505324,7,0,55.8
2026-09-17T04:18:55.138Z,84.5,507912,7,0,55.8
2026-09-17T04:19:00.166Z,85.1,502132,7,0,56.9
2026-09-17T04:19:05.213Z,83.9,525468,7,0,55.8
2026-09-17T04:19:10.266Z,24.0,78640,7,0,54.8
2026-09-17T04:19:15.304Z,,,,,54.8
2026-09-17T04:19:20.338Z,,,,,53.7
2026-09-17T04:19:25.376Z,,,,,52.6
2026-09-17T04:19:30.422Z,,,,,52.6
2026-09-17T04:19:35.456Z,,,,,52.6
2026-09-17T04:19:40.490Z,,,,,52.6
2026-09-17T04:19:45.551Z,80.2,219352,7,0,55.3
2026-09-17T04:19:50.593Z,95.2,350780,7,0,55.8
2026-09-17T04:19:55.666Z,91.1,429832,7,0,55.8
2026-09-17T04:20:00.705Z,94.9,426984,7,0,56.4
2026-09-17T04:20:05.759Z,96.4,446904,7,0,56.9
2026-09-17T04:20:10.805Z,89.4,451504,7,0,55.8
2026-09-17T04:20:15.850Z,91.2,463692,7,0,55.8
2026-09-17T04:20:20.897Z,89.5,479384,7,0,55.8
2026-09-17T04:20:25.937Z,89.5,498200,7,0,55.8
2026-09-17T04:20:30.979Z,86.2,497044,7,0,54.8
2026-09-17T04:20:36.022Z,86.9,510484,7,0,56.4
2026-09-17T04:20:41.060Z,87.3,500184,7,0,56.4
2026-09-17T04:20:46.100Z,85.2,515780,7,0,55.3
2026-09-17T04:20:51.150Z,83.8,510044,7,0,55.8
2026-09-17T04:20:56.202Z,84.6,504200,7,0,55.8
2026-09-17T04:21:01.244Z,84.9,516040,7,0,56.9
2026-09-17T04:21:06.280Z,,,,,56.4
2026-09-17T04:21:11.322Z,,,,,55.8
2026-09-17T04:21:16.357Z,,,,,54.8
2026-09-17T04:21:21.395Z,,,,,53.7
2026-09-17T04:21:26.443Z,,,,,53.2
2026-09-17T04:21:31.477Z,,,,,52.6
2026-09-17T04:21:36.516Z,,,,,53.2
2026-09-17T04:21:41.593Z,64.5,157360,7,0,53.7
2026-09-17T04:21:46.638Z,90.7,283572,7,0,55.8
2026-09-17T04:21:51.691Z,85.3,362672,7,0,55.8
2026-09-17T04:21:56.740Z,92.1,420720,7,0,55.8
2026-09-17T04:22:01.791Z,95.5,429428,7,0,56.4
2026-09-17T04:22:06.832Z,92.5,465968,7,0,55.8
2026-09-17T04:22:11.874Z,90.2,450104,7,0,56.4
2026-09-17T04:22:16.921Z,90.6,473136,7,0,56.4
2026-09-17T04:22:21.966Z,91.4,480876,7,0,55.8
2026-09-17T04:22:27.008Z,87.0,484960,7,0,55.8
2026-09-17T04:22:32.049Z,88.0,501968,7,0,55.8
2026-09-17T04:22:37.104Z,88.7,498792,7,0,56.9
2026-09-17T04:22:42.148Z,86.7,517888,7,0,55.8
2026-09-17T04:22:47.192Z,84.4,501824,7,0,55.8
2026-09-17T04:22:52.237Z,84.5,507624,7,0,55.8
2026-09-17T04:22:57.282Z,85.4,505588,7,0,56.9
2026-09-17T04:23:02.324Z,84.0,517388,7,0,55.8
2026-09-17T04:23:07.374Z,65.7,168108,7,0,56.4
2026-09-17T04:23:12.409Z,,,,,54.2
2026-09-17T04:23:17.443Z,,,,,53.7
2026-09-17T04:23:22.482Z,,,,,52.6
2026-09-17T04:23:27.521Z,,,,,52.6
2026-09-17T04:23:32.566Z,,,,,52.6
2026-09-17T04:23:37.608Z,49.3,124904,7,0,53.7
2026-09-17T04:23:42.648Z,86.6,271080,7,0,55.8
2026-09-17T04:23:47.685Z,90.1,391228,7,0,55.3
2026-09-17T04:23:52.724Z,92.3,437016,7,0,56.4
2026-09-17T04:23:57.773Z,95.4,433048,7,0,56.9
2026-09-17T04:24:02.820Z,94.1,440020,7,0,55.8
2026-09-17T04:24:07.861Z,89.1,440800,7,0,55.8
2026-09-17T04:24:12.903Z,90.6,462004,7,0,56.4
2026-09-17T04:24:17.946Z,92.3,475628,7,0,56.9
2026-09-17T04:24:22.986Z,88.8,482264,7,0,55.8
2026-09-17T04:24:28.044Z,86.8,487596,7,0,55.3
2026-09-17T04:24:33.090Z,87.4,493880,7,0,55.8
2026-09-17T04:24:38.136Z,88.1,498308,7,0,56.9
2026-09-17T04:24:43.182Z,85.3,515264,7,0,56.4
2026-09-17T04:24:48.222Z,84.9,505908,7,0,55.8
2026-09-17T04:24:53.262Z,85.5,500912,7,0,56.9
2026-09-17T04:24:58.302Z,85.3,505368,7,0,56.4
2026-09-17T04:25:03.344Z,19.2,73888,7,0,54.2
2026-09-17T04:25:08.378Z,,,,,55.3
2026-09-17T04:25:13.411Z,,,,,53.7
2026-09-17T04:25:18.445Z,,,,,53.7
2026-09-17T04:25:23.484Z,,,,,52.1
2026-09-17T04:25:28.523Z,,,,,52.6
2026-09-17T04:25:33.563Z,,,,,52.1
2026-09-17T04:25:38.633Z,80.6,210752,7,0,55.8
2026-09-17T04:25:43.681Z,96.6,342760,7,0,55.8
2026-09-17T04:25:48.755Z,92.9,433016,7,0,56.4
2026-09-17T04:25:53.793Z,95.8,445500,7,0,56.4
2026-09-17T04:25:58.835Z,93.9,452392,7,0,55.8
2026-09-17T04:26:03.881Z,90.5,454688,7,0,55.8
2026-09-17T04:26:08.922Z,89.4,474016,7,0,55.8
2026-09-17T04:26:13.964Z,89.8,479572,7,0,55.8
2026-09-17T04:26:19.005Z,89.9,507464,7,0,55.8
2026-09-17T04:26:24.046Z,86.3,502680,7,0,55.3
2026-09-17T04:26:29.089Z,87.4,518908,7,0,56.4
2026-09-17T04:26:34.141Z,86.6,511796,7,0,55.8
2026-09-17T04:26:39.193Z,85.5,516992,7,0,55.8
2026-09-17T04:26:44.243Z,83.1,522516,7,0,54.8
2026-09-17T04:26:49.289Z,83.4,520640,7,0,55.8
2026-09-17T04:26:54.334Z,84.2,513988,7,0,55.8
2026-09-17T04:26:59.376Z,83.8,514060,7,0,55.8
2026-09-17T04:27:04.429Z,60.5,161388,7,0,55.8
2026-09-17T04:27:09.464Z,,,,,54.2
2026-09-17T04:27:14.513Z,,,,,53.2
2026-09-17T04:27:19.547Z,,,,,52.6
2026-09-17T04:27:24.584Z,,,,,52.1
2026-09-17T04:27:29.642Z,,,,,51.5
2026-09-17T04:27:34.695Z,42.7,115392,7,0,53.2
2026-09-17T04:27:39.746Z,82.2,251152,7,0,54.8
2026-09-17T04:27:44.795Z,90.4,410156,7,0,55.3
2026-09-17T04:27:49.837Z,86.9,440284,7,0,55.8
2026-09-17T04:27:54.879Z,93.4,446536,7,0,55.8
2026-09-17T04:27:59.924Z,96.0,462592,7,0,56.4
2026-09-17T04:28:04.964Z,89.2,461328,7,0,54.8
2026-09-17T04:28:10.008Z,89.5,475048,7,0,55.8
2026-09-17T04:28:15.049Z,90.3,491700,7,0,55.8
2026-09-17T04:28:20.090Z,89.0,504724,7,0,55.3
2026-09-17T04:28:25.140Z,87.2,492264,7,0,55.8
2026-09-17T04:28:30.185Z,88.0,515492,7,0,55.8
2026-09-17T04:28:35.227Z,87.9,505712,7,0,55.8
2026-09-17T04:28:40.270Z,85.6,511400,7,0,54.8
2026-09-17T04:28:45.313Z,84.8,510344,7,0,55.8
2026-09-17T04:28:50.397Z,85.7,509860,7,0,56.4
2026-09-17T04:28:55.461Z,86.2,546364,7,0,56.9
2026-09-17T04:29:00.497Z,,,,,55.3
2026-09-17T04:29:05.538Z,,,,,55.8
2026-09-17T04:29:10.573Z,,,,,53.7
2026-09-17T04:29:15.607Z,,,,,52.6
2026-09-17T04:29:20.638Z,,,,,52.6
2026-09-17T04:29:25.678Z,,,,,52.1
2026-09-17T04:29:30.717Z,,,,,52.1
2026-09-17T04:29:35.801Z,63.6,157804,7,0,53.7
2026-09-17T04:29:40.840Z,94.4,295104,7,0,55.3
2026-09-17T04:29:45.885Z,90.1,420576,7,0,55.3
2026-09-17T04:29:50.951Z,95.1,438212,7,0,55.3
2026-09-17T04:29:56.001Z,97.5,443264,7,0,55.8
2026-09-17T04:30:01.042Z,94.9,444124,7,0,55.8
2026-09-17T04:30:06.084Z,93.1,460036,7,0,55.8
2026-09-17T04:30:11.126Z,93.3,472764,7,0,56.4
2026-09-17T04:30:16.165Z,93.2,500436,7,0,56.4
2026-09-17T04:30:21.204Z,88.7,500512,7,0,54.8
2026-09-17T04:30:26.257Z,89.3,510896,7,0,55.8
2026-09-17T04:30:31.299Z,89.3,507720,7,0,56.4
2026-09-17T04:30:36.340Z,87.8,503616,7,0,55.8
2026-09-17T04:30:41.382Z,85.3,511524,7,0,54.8
2026-09-17T04:30:46.418Z,86.0,525484,7,0,55.8
2026-09-17T04:30:51.458Z,86.5,520276,7,0,55.8
2026-09-17T04:30:56.501Z,85.2,509856,7,0,55.8
2026-09-17T04:31:01.543Z,53.3,130724,7,0,55.3
2026-09-17T04:31:06.578Z,,,,,54.2
2026-09-17T04:31:11.665Z,,,,,53.7
2026-09-17T04:31:16.699Z,,,,,52.6
2026-09-17T04:31:21.736Z,,,,,52.6
2026-09-17T04:31:26.774Z,,,,,52.1
2026-09-17T04:31:31.836Z,78.3,211068,7,0,53.7
2026-09-17T04:31:36.876Z,99.5,345464,7,0,55.8
2026-09-17T04:31:41.925Z,93.6,427996,7,0,55.3
2026-09-17T04:31:46.989Z,97.2,452000,7,0,55.8
2026-09-17T04:31:52.042Z,99.0,446740,7,0,56.4
2026-09-17T04:31:57.081Z,94.9,442184,7,0,55.8
2026-09-17T04:32:02.127Z,93.1,457208,7,0,55.8
2026-09-17T04:32:07.169Z,92.8,466552,7,0,56.4
2026-09-17T04:32:12.208Z,92.1,492228,7,0,56.4
2026-09-17T04:32:17.245Z,88.3,483920,7,0,55.3
2026-09-17T04:32:22.305Z,88.6,502808,7,0,55.8
2026-09-17T04:32:27.347Z,89.2,502840,7,0,56.4
2026-09-17T04:32:32.389Z,87.8,499620,7,0,55.8
2026-09-17T04:32:37.427Z,85.6,511976,7,0,55.8
2026-09-17T04:32:42.466Z,85.9,509220,7,0,55.8
2026-09-17T04:32:47.506Z,86.3,505940,7,0,56.4
2026-09-17T04:32:52.549Z,85.1,537892,7,0,55.8
2026-09-17T04:32:57.592Z,70.3,191776,7,0,55.8
2026-09-17T04:33:02.630Z,,,,,53.7
2026-09-17T04:33:07.669Z,,,,,53.7
2026-09-17T04:33:12.707Z,,,,,52.6
2026-09-17T04:33:17.743Z,,,,,52.1
2026-09-17T04:33:22.777Z,,,,,52.1
2026-09-17T04:33:27.829Z,51.8,131824,7,0,52.6
2026-09-17T04:33:32.868Z,88.7,279456,7,0,55.3
2026-09-17T04:33:37.913Z,90.6,393728,7,0,55.3
2026-09-17T04:33:42.957Z,93.6,446260,7,0,56.4
2026-09-17T04:33:48.008Z,95.6,436384,7,0,56.4
2026-09-17T04:33:53.050Z,94.0,435684,7,0,55.8
2026-09-17T04:33:58.088Z,86.8,446280,7,0,55.3
2026-09-17T04:34:03.129Z,86.6,464168,7,0,55.3
2026-09-17T04:34:08.173Z,87.8,484480,7,0,56.4
2026-09-17T04:34:13.214Z,86.7,495460,7,0,55.8
2026-09-17T04:34:18.264Z,84.9,483584,7,0,55.8
2026-09-17T04:34:23.311Z,85.5,504536,7,0,56.4
2026-09-17T04:34:28.353Z,85.9,501408,7,0,55.8
2026-09-17T04:34:33.393Z,83.9,514368,7,0,55.3
2026-09-17T04:34:38.436Z,83.0,501388,7,0,55.3
2026-09-17T04:34:43.475Z,83.8,507228,7,0,56.9
2026-09-17T04:34:48.514Z,84.0,521628,7,0,56.4
2026-09-17T04:34:53.550Z,,,,,55.3
2026-09-17T04:34:58.591Z,,,,,55.3
2026-09-17T04:35:03.631Z,,,,,53.7
2026-09-17T04:35:08.678Z,,,,,53.7
2026-09-17T04:35:13.712Z,,,,,52.6
2026-09-17T04:35:18.749Z,,,,,52.6
2026-09-17T04:35:23.786Z,,,,,52.1
2026-09-17T04:35:28.829Z,71.8,193992,7,0,54.2
2026-09-17T04:35:33.873Z,90.3,311756,7,0,55.3
2026-09-17T04:35:38.912Z,84.8,396284,7,0,55.8
2026-09-17T04:35:43.952Z,89.1,412880,7,0,55.8
2026-09-17T04:35:48.994Z,92.1,420800,7,0,56.4
2026-09-17T04:35:54.036Z,86.1,426420,7,0,55.3
2026-09-17T04:35:59.095Z,84.2,434028,7,0,55.8
2026-09-17T04:36:04.147Z,85.9,449888,7,0,56.4
2026-09-17T04:36:09.219Z,86.8,476680,7,0,55.8
2026-09-17T04:36:14.262Z,83.9,496920,7,0,55.8
2026-09-17T04:36:19.302Z,83.9,501812,7,0,55.8
2026-09-17T04:36:24.368Z,84.8,501168,7,0,56.4
2026-09-17T04:36:29.409Z,85.1,519844,7,0,56.9
2026-09-17T04:36:34.449Z,82.6,527160,7,0,55.3
2026-09-17T04:36:39.494Z,83.1,505312,7,0,56.4
2026-09-17T04:36:44.533Z,83.5,504420,7,0,55.8
2026-09-17T04:36:49.572Z,83.0,529984,7,0,55.8
2026-09-17T04:36:54.613Z,52.8,146612,7,0,55.8
2026-09-17T04:36:59.647Z,,,,,54.2
2026-09-17T04:37:04.683Z,,,,,53.2
2026-09-17T04:37:09.718Z,,,,,53.2
2026-09-17T04:37:14.759Z,,,,,52.6
2026-09-17T04:37:19.794Z,,,,,52.6
2026-09-17T04:37:24.832Z,,,,,52.1
2026-09-17T04:37:29.911Z,62.9,158664,7,0,54.2
2026-09-17T04:37:34.956Z,90.1,294096,7,0,55.8
2026-09-17T04:37:40.010Z,85.7,394948,7,0,55.3
2026-09-17T04:37:45.061Z,91.2,430080,7,0,55.3
2026-09-17T04:37:50.121Z,93.6,433308,7,0,55.8
2026-09-17T04:37:55.161Z,89.9,433280,7,0,54.8
2026-09-17T04:38:00.203Z,87.6,436876,7,0,55.8
2026-09-17T04:38:05.261Z,88.0,450180,7,0,56.4
2026-09-17T04:38:10.300Z,89.1,486836,7,0,56.4
2026-09-17T04:38:15.340Z,85.0,478264,7,0,55.8
2026-09-17T04:38:20.375Z,85.1,492544,7,0,55.8
2026-09-17T04:38:25.431Z,85.8,493420,7,0,56.4
2026-09-17T04:38:30.474Z,84.6,482840,7,0,56.4
2026-09-17T04:38:35.514Z,82.4,494660,7,0,55.8
2026-09-17T04:38:40.562Z,82.9,490864,7,0,56.4
2026-09-17T04:38:45.602Z,83.6,499300,7,0,56.9
2026-09-17T04:38:50.640Z,82.7,487420,7,0,55.8
2026-09-17T04:38:55.686Z,64.4,166376,7,0,55.8
2026-09-17T04:39:00.721Z,,,,,54.2
2026-09-17T04:39:05.757Z,,,,,53.7
2026-09-17T04:39:10.796Z,,,,,52.6
2026-09-17T04:39:15.832Z,,,,,53.2
2026-09-17T04:39:20.874Z,,,,,52.6
2026-09-17T04:39:25.914Z,49.3,123780,7,0,53.7
2026-09-17T04:39:30.967Z,94.8,285152,7,0,54.8
2026-09-17T04:39:36.007Z,99.8,431208,7,0,55.8
2026-09-17T04:39:41.059Z,97.7,445124,7,0,56.4
2026-09-17T04:39:46.101Z,98.3,447988,7,0,56.4
2026-09-17T04:39:51.145Z,98.7,448772,7,0,56.4
2026-09-17T04:39:56.189Z,92.8,455300,7,0,55.8
2026-09-17T04:40:01.231Z,93.2,468468,7,0,56.9
2026-09-17T04:40:06.272Z,93.9,478152,7,0,56.4
2026-09-17T04:40:11.313Z,90.7,479500,7,0,55.8
2026-09-17T04:40:16.351Z,89.5,498712,7,0,55.8
2026-09-17T04:40:21.398Z,89.7,495060,7,0,56.9
2026-09-17T04:40:26.443Z,89.8,524412,7,0,56.9
2026-09-17T04:40:31.484Z,86.9,509972,7,0,55.3
2026-09-17T04:40:36.526Z,86.9,519492,7,0,56.4
2026-09-17T04:40:41.568Z,87.0,504712,7,0,56.4
2026-09-17T04:40:46.606Z,85.9,518784,7,0,55.8
2026-09-17T04:40:51.642Z,,,,,54.8
2026-09-17T04:40:56.682Z,,,,,54.8
2026-09-17T04:41:01.730Z,,,,,53.7
2026-09-17T04:41:06.765Z,,,,,53.2
2026-09-17T04:41:11.803Z,,,,,53.2
2026-09-17T04:41:16.855Z,,,,,52.6
2026-09-17T04:41:21.889Z,,,,,52.6
2026-09-17T04:41:26.932Z,83.6,212352,7,0,54.8
2026-09-17T04:41:31.968Z,96.5,340304,7,0,55.8
2026-09-17T04:41:37.015Z,90.2,413312,7,0,55.8
2026-09-17T04:41:42.058Z,94.9,448364,7,0,55.8
2026-09-17T04:41:47.099Z,95.8,437580,7,0,55.8
2026-09-17T04:41:52.142Z,91.0,432132,7,0,55.8
2026-09-17T04:41:57.198Z,90.0,458412,7,0,55.3
2026-09-17T04:42:02.247Z,91.2,463880,7,0,55.8
2026-09-17T04:42:07.290Z,90.3,493328,7,0,55.8
2026-09-17T04:42:12.325Z,86.2,480472,7,0,54.8
2026-09-17T04:42:17.373Z,86.3,502060,7,0,55.8
2026-09-17T04:42:22.414Z,86.2,494700,7,0,55.8
2026-09-17T04:42:27.460Z,86.0,512236,7,0,56.4
2026-09-17T04:42:32.506Z,84.0,520300,7,0,55.8
2026-09-17T04:42:37.552Z,84.3,534124,7,0,55.8
2026-09-17T04:42:42.596Z,85.1,516484,7,0,56.4
2026-09-17T04:42:47.636Z,83.8,520608,7,0,55.8
2026-09-17T04:42:52.678Z,60.0,160988,7,0,55.8
2026-09-17T04:42:57.713Z,,,,,53.7
2026-09-17T04:43:02.753Z,,,,,53.7
2026-09-17T04:43:07.791Z,,,,,53.2
2026-09-17T04:43:12.826Z,,,,,52.6
2026-09-17T04:43:17.865Z,,,,,52.1
2026-09-17T04:43:22.917Z,17.2,80580,7,0,52.6
2026-09-17T04:43:27.957Z,74.9,254036,7,0,54.8
2026-09-17T04:43:32.998Z,85.3,359720,7,0,54.8
2026-09-17T04:43:38.035Z,88.6,421860,7,0,55.8
2026-09-17T04:43:43.078Z,92.1,428472,7,0,56.4
2026-09-17T04:43:48.119Z,92.7,421180,7,0,55.8
2026-09-17T04:43:53.171Z,86.8,429040,7,0,54.8
2026-09-17T04:43:58.216Z,87.5,449316,7,0,55.8
2026-09-17T04:44:03.274Z,88.4,468208,7,0,55.8
2026-09-17T04:44:08.317Z,86.4,483428,7,0,55.3
2026-09-17T04:44:13.361Z,85.1,482472,7,0,55.3
2026-09-17T04:44:18.401Z,85.9,494848,7,0,55.8
2026-09-17T04:44:23.453Z,86.6,493092,7,0,56.9
2026-09-17T04:44:28.497Z,83.8,493832,7,0,55.3
2026-09-17T04:44:33.551Z,83.7,499824,7,0,56.4
2026-09-17T04:44:38.592Z,83.7,513160,7,0,55.8
2026-09-17T04:44:43.633Z,84.2,508688,7,0,56.4
2026-09-17T04:44:48.672Z,,,,,53.7
2026-09-17T04:44:53.711Z,,,,,54.8
2026-09-17T04:44:58.749Z,,,,,53.7
2026-09-17T04:45:03.787Z,,,,,52.6
2026-09-17T04:45:08.825Z,,,,,52.6
2026-09-17T04:45:13.861Z,,,,,52.6
2026-09-17T04:45:18.900Z,,,,,52.1
2026-09-17T04:45:23.958Z,80.4,227008,7,0,54.2
2026-09-17T04:45:29.008Z,96.8,361480,7,0,55.3
2026-09-17T04:45:34.052Z,91.0,421740,7,0,55.8
2026-09-17T04:45:39.094Z,95.8,434996,7,0,55.8
2026-09-17T04:45:44.133Z,98.1,437544,7,0,56.9
2026-09-17T04:45:49.172Z,93.2,456388,7,0,55.8
2026-09-17T04:45:54.216Z,91.5,457652,7,0,55.3
2026-09-17T04:45:59.259Z,92.2,465308,7,0,55.8
2026-09-17T04:46:04.300Z,92.0,493556,7,0,55.8
2026-09-17T04:46:09.339Z,88.4,485304,7,0,54.8
2026-09-17T04:46:14.399Z,88.5,500924,7,0,55.8
2026-09-17T04:46:19.474Z,88.7,497736,7,0,55.8
2026-09-17T04:46:24.519Z,87.0,514480,7,0,55.8
2026-09-17T04:46:29.563Z,85.5,508100,7,0,55.8
2026-09-17T04:46:34.601Z,86.0,502352,7,0,56.4
2026-09-17T04:46:39.645Z,86.4,516672,7,0,56.4
2026-09-17T04:46:44.674Z,,,,,55.8
2026-09-17T04:46:49.723Z,73.8,208836,7,0,55.8
2026-09-17T04:46:54.759Z,,,,,54.2
2026-09-17T04:46:59.793Z,,,,,53.2
2026-09-17T04:47:04.832Z,,,,,52.6
2026-09-17T04:47:09.869Z,,,,,52.6
2026-09-17T04:47:14.905Z,,,,,52.6
2026-09-17T04:47:19.954Z,60.4,148708,7,0,53.7
2026-09-17T04:47:25.006Z,92.9,279944,7,0,55.3
2026-09-17T04:47:30.046Z,90.1,381616,7,0,55.3
2026-09-17T04:47:35.107Z,95.4,432088,7,0,55.8
2026-09-17T04:47:40.160Z,98.0,432324,7,0,55.8
2026-09-17T04:47:45.199Z,94.7,426812,7,0,55.8
2026-09-17T04:47:50.243Z,90.9,434572,7,0,56.4
2026-09-17T04:47:55.288Z,91.9,463596,7,0,55.8
2026-09-17T04:48:00.329Z,93.3,488100,7,0,56.9
2026-09-17T04:48:05.371Z,90.3,504988,7,0,55.8
2026-09-17T04:48:10.416Z,89.8,505132,7,0,56.4
2026-09-17T04:48:15.457Z,89.7,505884,7,0,55.8
2026-09-17T04:48:20.498Z,88.7,521404,7,0,55.8
2026-09-17T04:48:25.540Z,86.0,500000,7,0,55.3
2026-09-17T04:48:30.579Z,86.8,516420,7,0,55.8
2026-09-17T04:48:35.638Z,87.1,511044,7,0,55.8
2026-09-17T04:48:40.686Z,86.3,523432,7,0,55.8
2026-09-17T04:48:45.737Z,54.0,142776,7,0,55.8
2026-09-17T04:48:50.772Z,,,,,54.8
2026-09-17T04:48:55.807Z,,,,,53.7
2026-09-17T04:49:00.843Z,,,,,53.2
2026-09-17T04:49:05.883Z,,,,,52.6
2026-09-17T04:49:10.922Z,,,,,52.6
2026-09-17T04:49:15.974Z,22.9,80388,7,0,53.2
2026-09-17T04:49:21.015Z,89.3,243508,7,0,55.3
2026-09-17T04:49:26.058Z,99.5,415528,7,0,55.8
2026-09-17T04:49:31.101Z,98.3,444020,7,0,56.4
2026-09-17T04:49:36.147Z,100,446712,7,0,56.4
2026-09-17T04:49:41.225Z,100,457984,7,0,56.4
2026-09-17T04:49:46.265Z,93.2,460872,7,0,55.3
2026-09-17T04:49:51.306Z,93.1,475840,7,0,55.8
2026-09-17T04:49:56.347Z,93.1,482428,7,0,56.9
2026-09-17T04:50:01.388Z,90.3,511092,7,0,55.8
2026-09-17T04:50:06.424Z,89.4,505772,7,0,56.9
2026-09-17T04:50:11.478Z,89.9,521896,7,0,56.4
2026-09-17T04:50:16.516Z,90.5,534788,7,0,56.9
2026-09-17T04:50:21.558Z,87.4,535192,7,0,55.8
2026-09-17T04:50:26.598Z,87.0,527372,7,0,56.4
2026-09-17T04:50:31.818Z,87.1,522852,7,0,56.4
2026-09-17T04:50:36.859Z,86.4,524468,7,0,56.4
2026-09-17T04:50:41.895Z,,,,,54.8
2026-09-17T04:50:46.930Z,,,,,55.8
2026-09-17T04:50:51.963Z,,,,,53.7
2026-09-17T04:50:56.998Z,,,,,53.2
2026-09-17T04:51:02.035Z,,,,,53.2
2026-09-17T04:51:07.079Z,,,,,53.2
2026-09-17T04:51:12.122Z,,,,,52.6
2026-09-17T04:51:17.166Z,70.5,176804,7,0,53.7
2026-09-17T04:51:22.209Z,94.2,309756,7,0,55.8
2026-09-17T04:51:27.252Z,88.3,390812,7,0,55.8
2026-09-17T04:51:32.297Z,94.7,436608,7,0,56.4
2026-09-17T04:51:37.351Z,97.5,436752,7,0,56.9
2026-09-17T04:51:42.395Z,93.9,456300,7,0,55.8
2026-09-17T04:51:47.432Z,91.4,449448,7,0,55.8
2026-09-17T04:51:52.475Z,89.6,466604,7,0,55.8
2026-09-17T04:51:57.521Z,88.6,477560,7,0,55.8
2026-09-17T04:52:02.568Z,86.3,516964,7,0,55.8
2026-09-17T04:52:07.603Z,85.4,504776,7,0,55.8
2026-09-17T04:52:12.643Z,84.1,510044,7,0,55.8
2026-09-17T04:52:17.685Z,84.6,518808,7,0,56.4
2026-09-17T04:52:22.728Z,82.5,524448,7,0,55.8
2026-09-17T04:52:27.762Z,81.7,521168,7,0,56.4
2026-09-17T04:52:32.804Z,81.6,532628,7,0,55.8
2026-09-17T04:52:37.859Z,81.6,537172,7,0,56.4
2026-09-17T04:52:42.895Z,,,,,55.3
2026-09-17T04:52:47.936Z,,,,,56.4
2026-09-17T04:52:52.970Z,,,,,53.7
2026-09-17T04:52:58.005Z,,,,,53.2
2026-09-17T04:53:03.037Z,,,,,52.6
2026-09-17T04:53:08.075Z,,,,,52.6
2026-09-17T04:53:13.114Z,,,,,52.6
2026-09-17T04:53:18.194Z,64.3,163600,7,0,53.7
2026-09-17T04:53:23.237Z,83.6,296060,7,0,55.8
2026-09-17T04:53:28.277Z,83.8,402004,7,0,55.8
2026-09-17T04:53:33.328Z,85.7,445272,7,0,55.8
2026-09-17T04:53:38.376Z,90.2,446900,7,0,56.4
2026-09-17T04:53:43.417Z,90.6,455776,7,0,56.4
2026-09-17T04:53:48.466Z,85.7,443960,7,0,55.8
2026-09-17T04:53:53.523Z,86.9,476000,7,0,56.9
2026-09-17T04:53:58.577Z,89.0,474096,7,0,56.9
2026-09-17T04:54:03.619Z,87.6,501828,7,0,56.4
2026-09-17T04:54:08.661Z,86.1,495000,7,0,56.9
2026-09-17T04:54:13.701Z,86.7,490540,7,0,56.9
2026-09-17T04:54:18.741Z,87.1,510988,7,0,56.4
2026-09-17T04:54:23.786Z,84.4,496924,7,0,55.8
2026-09-17T04:54:28.840Z,83.0,491536,7,0,54.8
2026-09-17T04:54:33.886Z,82.6,504636,7,0,55.3
2026-09-17T04:54:38.927Z,83.3,508116,7,0,56.9
2026-09-17T04:54:43.964Z,,,,,55.8
2026-09-17T04:54:49.024Z,74.8,0,2,0,56.9
2026-09-17T04:54:54.059Z,,,,,54.2
2026-09-17T04:54:59.093Z,,,,,53.7
2026-09-17T04:55:04.175Z,,,,,53.7
2026-09-17T04:55:09.212Z,,,,,53.2
2026-09-17T04:55:14.250Z,,,,,52.6
2026-09-17T04:55:19.334Z,61.9,165916,7,0,54.2
2026-09-17T04:55:24.370Z,93.0,306404,7,0,55.8
2026-09-17T04:55:29.413Z,89.6,413840,7,0,55.3
2026-09-17T04:55:34.461Z,94.0,442540,7,0,55.8
2026-09-17T04:55:39.505Z,95.9,440412,7,0,56.4
2026-09-17T04:55:44.545Z,92.7,427824,7,0,55.8
2026-09-17T04:55:49.589Z,89.7,440372,7,0,55.8
2026-09-17T04:55:54.634Z,90.5,464600,7,0,56.4
2026-09-17T04:55:59.678Z,91.0,481004,7,0,56.4
2026-09-17T04:56:04.723Z,86.8,474540,7,0,55.8
2026-09-17T04:56:09.770Z,87.4,494760,7,0,55.8
2026-09-17T04:56:14.808Z,87.7,489000,7,0,55.8
2026-09-17T04:56:19.849Z,86.9,530400,7,0,56.4
2026-09-17T04:56:24.901Z,84.8,505968,7,0,55.8
2026-09-17T04:56:29.962Z,85.0,516252,7,0,55.8
2026-09-17T04:56:35.016Z,84.7,517304,7,0,55.8
2026-09-17T04:56:40.056Z,84.3,520228,7,0,55.3
2026-09-17T04:56:45.119Z,56.0,146544,7,0,55.8
2026-09-17T04:56:50.154Z,,,,,54.2
2026-09-17T04:56:55.188Z,,,,,53.7
2026-09-17T04:57:00.221Z,,,,,53.2
2026-09-17T04:57:05.260Z,,,,,52.6
2026-09-17T04:57:10.299Z,,,,,51.5
2026-09-17T04:57:15.347Z,21.4,78592,7,0,52.6
2026-09-17T04:57:20.387Z,82.6,231072,7,0,54.8
2026-09-17T04:57:25.430Z,94.4,399132,7,0,55.8
2026-09-17T04:57:30.478Z,92.6,446176,7,0,55.8
2026-09-17T04:57:35.523Z,95.4,443212,7,0,55.8
2026-09-17T04:57:40.565Z,97.7,445236,7,0,55.8
2026-09-17T04:57:45.609Z,91.0,450828,7,0,55.3
2026-09-17T04:57:50.650Z,91.1,465088,7,0,55.8
2026-09-17T04:57:55.695Z,92.0,477460,7,0,55.8
2026-09-17T04:58:00.735Z,89.3,482064,7,0,55.3
2026-09-17T04:58:05.811Z,88.2,500888,7,0,55.8
2026-09-17T04:58:10.874Z,88.8,503776,7,0,55.8
2026-09-17T04:58:15.914Z,88.6,515560,7,0,55.8
2026-09-17T04:58:20.955Z,85.7,497192,7,0,55.8
2026-09-17T04:58:25.993Z,85.3,497492,7,0,55.8
2026-09-17T04:58:31.047Z,85.4,504876,7,0,55.8
2026-09-17T04:58:36.089Z,85.7,526240,7,0,56.4
2026-09-17T04:58:41.131Z,,,,,53.7
2026-09-17T04:58:46.166Z,,,,,54.8
2026-09-17T04:58:51.204Z,,,,,53.7
2026-09-17T04:58:56.243Z,,,,,52.6
2026-09-17T04:59:01.283Z,,,,,52.6
2026-09-17T04:59:06.324Z,,,,,52.1
2026-09-17T04:59:11.369Z,,,,,51.5
2026-09-17T04:59:16.426Z,62.2,153800,7,0,53.7
2026-09-17T04:59:21.469Z,88.2,281632,7,0,54.8
2026-09-17T04:59:26.530Z,83.7,362548,7,0,54.8
2026-09-17T04:59:31.574Z,85.7,422444,7,0,55.3
2026-09-17T04:59:36.613Z,89.3,428964,7,0,55.8
2026-09-17T04:59:41.655Z,87.6,425284,7,0,55.8
2026-09-17T04:59:46.703Z,85.2,440912,7,0,55.3
2026-09-17T04:59:51.752Z,87.8,463304,7,0,55.8
2026-09-17T04:59:56.806Z,88.3,477796,7,0,55.8
2026-09-17T05:00:01.846Z,85.6,502604,7,0,54.8
2026-09-17T05:00:06.887Z,86.1,494268,7,0,55.8
2026-09-17T05:00:11.931Z,86.3,494836,7,0,55.8
2026-09-17T05:00:16.977Z,85.5,498648,7,0,55.3
2026-09-17T05:00:22.025Z,83.1,505216,7,0,54.8
2026-09-17T05:00:27.069Z,83.9,505512,7,0,55.8
2026-09-17T05:00:32.114Z,84.3,505456,7,0,55.8
2026-09-17T05:00:37.166Z,83.5,504676,7,0,55.8
2026-09-17T05:00:42.222Z,54.2,139664,7,0,55.8
2026-09-17T05:00:47.258Z,,,,,54.2
2026-09-17T05:00:52.296Z,,,,,52.6
2026-09-17T05:00:57.332Z,,,,,52.6
2026-09-17T05:01:02.373Z,,,,,52.1
2026-09-17T05:01:07.463Z,,,,,52.1
2026-09-17T05:01:12.515Z,37.8,100268,7,0,52.6
2026-09-17T05:01:17.568Z,87.9,258084,7,0,54.2
2026-09-17T05:01:22.610Z,91.1,377344,7,0,54.8
2026-09-17T05:01:27.653Z,94.3,436948,7,0,55.8
2026-09-17T05:01:32.716Z,95.6,435776,7,0,55.3
2026-09-17T05:01:37.759Z,95.5,454056,7,0,54.8
2026-09-17T05:01:42.798Z,89.9,449920,7,0,54.8
2026-09-17T05:01:47.837Z,90.4,471504,7,0,55.3
2026-09-17T05:01:52.879Z,91.5,482464,7,0,55.8
2026-09-17T05:01:57.923Z,88.0,497292,7,0,55.3
2026-09-17T05:02:02.975Z,88.3,506832,7,0,55.8
2026-09-17T05:02:08.037Z,87.0,509852,7,0,55.8
2026-09-17T05:02:13.092Z,87.6,505840,7,0,56.4
2026-09-17T05:02:18.134Z,85.1,512684,7,0,54.8
2026-09-17T05:02:23.174Z,84.4,510660,7,0,55.8
2026-09-17T05:02:28.220Z,85.1,501712,7,0,56.4
2026-09-17T05:02:33.261Z,85.4,522332,7,0,55.8
2026-09-17T05:02:38.297Z,,,,,54.2
2026-09-17T05:02:43.331Z,,,,,54.8
2026-09-17T05:02:48.372Z,,,,,53.2
2026-09-17T05:02:53.417Z,,,,,52.6
2026-09-17T05:02:58.455Z,,,,,52.6
2026-09-17T05:03:03.490Z,,,,,52.6
2026-09-17T05:03:08.525Z,,,,,52.1
2026-09-17T05:03:13.571Z,81.8,217020,7,0,54.8
2026-09-17T05:03:18.626Z,96.6,344080,7,0,55.3
2026-09-17T05:03:23.669Z,92.5,434380,7,0,55.3
2026-09-17T05:03:28.706Z,96.2,468952,7,0,56.4
2026-09-17T05:03:33.743Z,98.0,450400,7,0,56.4
2026-09-17T05:03:38.787Z,92.2,463784,7,0,55.8
2026-09-17T05:03:43.829Z,91.4,488264,7,0,55.8
2026-09-17T05:03:48.869Z,91.8,488064,7,0,56.4
2026-09-17T05:03:53.945Z,90.8,485976,7,0,55.8
2026-09-17T05:03:58.998Z,88.0,499196,7,0,55.8
2026-09-17T05:04:04.060Z,88.2,505008,7,0,55.8
2026-09-17T05:04:09.100Z,89.1,514084,7,0,56.4
2026-09-17T05:04:14.141Z,86.8,523396,7,0,54.8
2026-09-17T05:04:19.184Z,85.4,517340,7,0,56.4
2026-09-17T05:04:24.230Z,86.0,504344,7,0,55.8
2026-09-17T05:04:29.271Z,86.4,524004,7,0,56.4
2026-09-17T05:04:34.306Z,,,,,55.8
2026-09-17T05:04:39.351Z,,,,,56.4
2026-09-17T05:04:44.384Z,,,,,53.7
2026-09-17T05:04:49.418Z,,,,,53.7
2026-09-17T05:04:54.452Z,,,,,52.6
2026-09-17T05:04:59.492Z,,,,,52.1
2026-09-17T05:05:04.532Z,,,,,52.1
2026-09-17T05:05:09.601Z,73.7,185884,7,0,53.7
2026-09-17T05:05:14.650Z,95.4,309496,7,0,55.8
2026-09-17T05:05:19.715Z,92.2,420712,7,0,55.3
2026-09-17T05:05:24.760Z,95.3,456088,7,0,56.4
2026-09-17T05:05:29.815Z,97.0,450936,7,0,56.4
2026-09-17T05:05:34.859Z,93.8,446908,7,0,55.8
2026-09-17T05:05:39.899Z,91.5,450356,7,0,55.8
2026-09-17T05:05:44.941Z,91.9,467708,7,0,55.8
2026-09-17T05:05:49.982Z,91.5,489740,7,0,55.8
2026-09-17T05:05:55.023Z,87.2,482952,7,0,55.8
2026-09-17T05:06:00.065Z,87.9,508616,7,0,55.8
2026-09-17T05:06:05.104Z,88.6,508416,7,0,55.8
2026-09-17T05:06:10.145Z,87.5,505104,7,0,55.8
2026-09-17T05:06:15.183Z,85.0,513916,7,0,55.3
2026-09-17T05:06:20.224Z,85.5,514676,7,0,55.8
2026-09-17T05:06:25.287Z,86.1,518620,7,0,55.8
2026-09-17T05:06:30.328Z,85.1,506812,7,0,55.8
2026-09-17T05:06:35.369Z,56.6,145636,7,0,55.8
2026-09-17T05:06:40.403Z,,,,,54.2
2026-09-17T05:06:45.435Z,,,,,53.2
2026-09-17T05:06:50.470Z,,,,,52.6
2026-09-17T05:06:55.508Z,,,,,52.6
2026-09-17T05:07:00.548Z,,,,,52.6
2026-09-17T05:07:05.606Z,47.5,123628,7,0,53.2
2026-09-17T05:07:10.660Z,90.2,276380,7,0,54.8
2026-09-17T05:07:15.700Z,95.0,415432,7,0,54.8
2026-09-17T05:07:20.743Z,93.4,433760,7,0,55.8
2026-09-17T05:07:25.793Z,96.0,440936,7,0,56.4
2026-09-17T05:07:30.841Z,93.8,434556,7,0,55.8
2026-09-17T05:07:35.883Z,88.7,437304,7,0,55.8
2026-09-17T05:07:40.926Z,89.4,458732,7,0,55.8
2026-09-17T05:07:45.968Z,90.5,465260,7,0,56.4
2026-09-17T05:07:51.013Z,88.1,495236,7,0,55.8
2026-09-17T05:07:56.051Z,87.8,504904,7,0,56.4
2026-09-17T05:08:01.101Z,87.8,507648,7,0,55.8
2026-09-17T05:08:06.142Z,87.5,492820,7,0,56.4
2026-09-17T05:08:11.186Z,84.7,505216,7,0,55.8
2026-09-17T05:08:16.229Z,84.3,507356,7,0,55.8
2026-09-17T05:08:21.277Z,84.8,506752,7,0,56.4
2026-09-17T05:08:26.318Z,85.0,525824,7,0,56.4
2026-09-17T05:08:31.387Z,32.5,91832,7,0,55.3
2026-09-17T05:08:36.427Z,,,,,54.8
2026-09-17T05:08:41.461Z,,,,,54.2
2026-09-17T05:08:46.498Z,,,,,53.2
2026-09-17T05:08:51.540Z,,,,,52.6
2026-09-17T05:08:56.577Z,,,,,52.6
2026-09-17T05:09:01.617Z,,,,,52.6
2026-09-17T05:09:06.666Z,86.3,229868,7,0,54.8
2026-09-17T05:09:11.703Z,99.6,385360,7,0,55.8
2026-09-17T05:09:16.742Z,93.6,431416,7,0,55.8
2026-09-17T05:09:21.778Z,96.3,433464,7,0,56.4
2026-09-17T05:09:26.820Z,97.2,422508,7,0,56.4
2026-09-17T05:09:31.864Z,89.8,429956,7,0,55.8
2026-09-17T05:09:36.917Z,90.2,458624,7,0,56.4
2026-09-17T05:09:41.959Z,90.8,464540,7,0,56.9
2026-09-17T05:09:47.004Z,89.0,482044,7,0,55.8
2026-09-17T05:09:52.057Z,87.0,490340,7,0,55.8
2026-09-17T05:09:57.105Z,87.7,499556,7,0,55.8
2026-09-17T05:10:02.146Z,87.8,506052,7,0,56.4
2026-09-17T05:10:07.189Z,85.4,512120,7,0,55.8
2026-09-17T05:10:12.229Z,84.5,498264,7,0,56.4
2026-09-17T05:10:17.268Z,84.9,491124,7,0,56.4
2026-09-17T05:10:22.308Z,85.1,516008,7,0,56.4
2026-09-17T05:10:27.345Z,,,,,54.8
2026-09-17T05:10:32.379Z,,,,,54.8
2026-09-17T05:10:37.422Z,,,,,53.7
2026-09-17T05:10:42.463Z,,,,,53.7
2026-09-17T05:10:47.501Z,,,,,52.6
2026-09-17T05:10:52.545Z,,,,,52.6
2026-09-17T05:10:57.584Z,,,,,52.6
2026-09-17T05:11:02.628Z,77.7,202476,7,0,54.8
2026-09-17T05:11:07.675Z,99.9,344624,7,0,55.8
2026-09-17T05:11:12.721Z,92.4,403996,7,0,55.3
2026-09-17T05:11:17.758Z,96.4,435528,7,0,55.8
2026-09-17T05:11:22.799Z,97.9,432788,7,0,55.8
2026-09-17T05:11:27.841Z,93.0,441972,7,0,55.8
2026-09-17T05:11:32.886Z,92.4,451888,7,0,56.4
2026-09-17T05:11:37.929Z,92.6,461976,7,0,56.9
2026-09-17T05:11:42.968Z,92.5,496888,7,0,56.4
2026-09-17T05:11:48.010Z,89.3,487620,7,0,55.8
2026-09-17T05:11:53.051Z,89.6,509848,7,0,56.4
2026-09-17T05:11:58.092Z,90.0,514676,7,0,56.9
2026-09-17T05:12:03.133Z,87.9,505468,7,0,55.8
2026-09-17T05:12:08.179Z,85.1,489640,7,0,54.8
2026-09-17T05:12:13.232Z,85.6,511052,7,0,55.8
2026-09-17T05:12:18.281Z,86.2,527260,7,0,56.9
2026-09-17T05:12:23.320Z,85.3,543024,7,0,55.8
2026-09-17T05:12:28.376Z,49.7,124580,7,0,55.3
2026-09-17T05:12:33.411Z,,,,,54.2
2026-09-17T05:12:38.448Z,,,,,53.7
2026-09-17T05:12:43.494Z,,,,,53.2
2026-09-17T05:12:48.540Z,,,,,52.6
2026-09-17T05:12:53.574Z,,,,,52.6
2026-09-17T05:12:58.620Z,21.0,76648,7,0,52.6
2026-09-17T05:13:03.661Z,83.6,233680,7,0,54.8
2026-09-17T05:13:08.714Z,95.9,409752,7,0,56.4
2026-09-17T05:13:13.772Z,94.1,458184,7,0,56.4
2026-09-17T05:13:18.824Z,95.9,452964,7,0,56.4
2026-09-17T05:13:23.865Z,96.9,437120,7,0,56.9
2026-09-17T05:13:28.930Z,90.3,447584,7,0,55.8
2026-09-17T05:13:33.992Z,92.0,471560,7,0,56.4
2026-09-17T05:13:39.032Z,92.9,478116,7,0,56.9
2026-09-17T05:13:44.072Z,91.0,496360,7,0,55.8
2026-09-17T05:13:49.116Z,89.1,508188,7,0,56.4
2026-09-17T05:13:54.158Z,89.5,505836,7,0,55.8
2026-09-17T05:13:59.197Z,90.0,518540,7,0,56.9
2026-09-17T05:14:04.238Z,86.9,509148,7,0,55.8
2026-09-17T05:14:09.297Z,86.8,507984,7,0,56.4
2026-09-17T05:14:14.349Z,87.1,512184,7,0,56.4
2026-09-17T05:14:19.399Z,87.1,506116,7,0,55.8
2026-09-17T05:14:24.447Z,16.4,72988,7,0,54.8
2026-09-17T05:14:29.482Z,,,,,54.8
2026-09-17T05:14:34.522Z,,,,,53.7
2026-09-17T05:14:39.560Z,,,,,53.7
2026-09-17T05:14:44.598Z,,,,,52.6
2026-09-17T05:14:49.636Z,,,,,52.6
2026-09-17T05:14:54.674Z,,,,,52.6
2026-09-17T05:14:59.731Z,57.4,142344,7,0,53.7
2026-09-17T05:15:04.769Z,93.0,293952,7,0,55.8
2026-09-17T05:15:09.838Z,87.2,425528,7,0,55.3
2026-09-17T05:15:14.883Z,90.6,439232,7,0,56.9
2026-09-17T05:15:19.923Z,94.2,448360,7,0,56.4
2026-09-17T05:15:24.963Z,94.3,434960,7,0,55.8
2026-09-17T05:15:30.019Z,89.2,447932,7,0,56.4
2026-09-17T05:15:35.066Z,89.8,480404,7,0,56.4
2026-09-17T05:15:40.113Z,88.3,481932,7,0,55.8
2026-09-17T05:15:45.154Z,87.8,520176,7,0,55.8
2026-09-17T05:15:50.197Z,85.7,516944,7,0,56.4
2026-09-17T05:15:55.243Z,84.9,522164,7,0,55.8
2026-09-17T05:16:00.281Z,85.0,528176,7,0,55.8
2026-09-17T05:16:05.325Z,83.3,532344,7,0,55.8
2026-09-17T05:16:10.370Z,82.0,520572,7,0,55.8
2026-09-17T05:16:15.411Z,82.6,510444,7,0,56.4
2026-09-17T05:16:20.457Z,82.9,526844,7,0,55.8
2026-09-17T05:16:25.491Z,,,,,55.8
2026-09-17T05:16:30.554Z,60.7,155924,7,0,55.8
2026-09-17T05:16:35.595Z,,,,,54.2
2026-09-17T05:16:40.631Z,,,,,53.2
2026-09-17T05:16:45.667Z,,,,,53.7
2026-09-17T05:16:50.703Z,,,,,52.6
2026-09-17T05:16:55.743Z,,,,,53.2
2026-09-17T05:17:00.797Z,60.8,165896,7,0,54.2
2026-09-17T05:17:05.844Z,94.7,312236,7,0,56.4
2026-09-17T05:17:10.885Z,88.4,390024,7,0,55.8
2026-09-17T05:17:15.929Z,92.6,436868,7,0,55.8
2026-09-17T05:17:20.970Z,95.4,438292,7,0,56.4
2026-09-17T05:17:26.014Z,91.6,426040,7,0,55.3
2026-09-17T05:17:31.073Z,89.5,444104,7,0,55.8
2026-09-17T05:17:36.114Z,91.0,460724,7,0,56.9
2026-09-17T05:17:41.152Z,91.6,472056,7,0,56.9
2026-09-17T05:17:46.191Z,87.3,482636,7,0,55.8
2026-09-17T05:17:51.234Z,87.4,495152,7,0,56.4
2026-09-17T05:17:56.282Z,87.5,494420,7,0,56.9
2026-09-17T05:18:01.326Z,86.4,507616,7,0,56.4
2026-09-17T05:18:06.365Z,84.1,485280,7,0,55.8
2026-09-17T05:18:11.410Z,84.4,493252,7,0,56.4
2026-09-17T05:18:16.451Z,85.0,492008,7,0,56.9
2026-09-17T05:18:21.494Z,83.7,507440,7,0,55.8
2026-09-17T05:18:26.564Z,36.2,128124,7,0,55.3
2026-09-17T05:18:31.600Z,,,,,54.8
2026-09-17T05:18:36.634Z,,,,,53.7
2026-09-17T05:18:41.817Z,,,,,52.6
2026-09-17T05:18:46.850Z,,,,,52.6
2026-09-17T05:18:51.889Z,,,,,52.6
2026-09-17T05:18:56.956Z,35.3,102672,7,0,53.7
2026-09-17T05:19:01.991Z,77.4,225412,7,0,54.8
2026-09-17T05:19:07.042Z,92.3,377148,7,0,56.9
2026-09-17T05:19:12.091Z,87.6,430472,7,0,55.8
2026-09-17T05:19:17.143Z,87.7,446948,7,0,55.8
2026-09-17T05:19:22.200Z,91.4,438388,7,0,56.9
2026-09-17T05:19:27.240Z,88.4,448848,7,0,56.4
2026-09-17T05:19:32.283Z,87.9,469100,7,0,56.4
2026-09-17T05:19:37.325Z,88.9,476156,7,0,56.9
2026-09-17T05:19:42.363Z,89.4,509272,7,0,56.9
2026-09-17T05:19:47.402Z,86.6,507864,7,0,56.4
2026-09-17T05:19:52.470Z,86.6,504696,7,0,56.4
2026-09-17T05:19:57.514Z,87.0,502980,7,0,56.9
2026-09-17T05:20:02.561Z,85.7,520944,7,0,56.4
2026-09-17T05:20:07.605Z,84.0,520988,7,0,55.8
2026-09-17T05:20:12.654Z,85.2,524756,7,0,56.9
2026-09-17T05:20:17.699Z,85.6,524360,7,0,56.9
2026-09-17T05:20:22.779Z,,,,,56.9
2026-09-17T05:20:27.820Z,72.0,184864,7,0,56.9
2026-09-17T05:20:32.854Z,,,,,54.8
2026-09-17T05:20:37.886Z,,,,,53.7
2026-09-17T05:20:42.920Z,,,,,53.7
2026-09-17T05:20:47.955Z,,,,,53.2
2026-09-17T05:20:52.990Z,,,,,52.6
2026-09-17T05:20:58.049Z,41.6,110248,7,0,53.7
2026-09-17T05:21:03.104Z,86.8,262616,7,0,55.8
2026-09-17T05:21:08.144Z,91.8,407632,7,0,56.4
2026-09-17T05:21:13.194Z,93.4,452144,7,0,56.4
2026-09-17T05:21:18.235Z,94.9,445548,7,0,55.8
2026-09-17T05:21:23.280Z,94.3,439292,7,0,56.4
2026-09-17T05:21:28.325Z,89.5,449340,7,0,56.4
2026-09-17T05:21:33.374Z,90.9,462744,7,0,56.9
2026-09-17T05:21:38.414Z,92.3,488580,7,0,57.5
2026-09-17T05:21:43.458Z,89.3,493828,7,0,56.4
2026-09-17T05:21:48.497Z,89.0,504468,7,0,56.9
2026-09-17T05:21:53.538Z,88.8,503900,7,0,56.9
2026-09-17T05:21:58.586Z,88.5,517336,7,0,57.5
2026-09-17T05:22:03.630Z,85.7,505920,7,0,55.8
2026-09-17T05:22:08.665Z,84.0,508672,7,0,55.8
2026-09-17T05:22:13.709Z,84.8,515700,7,0,56.9
2026-09-17T05:22:18.750Z,84.9,516396,7,0,56.9
2026-09-17T05:22:23.787Z,,,,,54.8
2026-09-17T05:22:28.827Z,,,,,55.8
2026-09-17T05:22:33.868Z,,,,,54.2
2026-09-17T05:22:38.906Z,,,,,53.7
2026-09-17T05:22:43.946Z,,,,,53.7
2026-09-17T05:22:48.988Z,,,,,53.7
2026-09-17T05:22:54.041Z,33.5,97088,7,0,53.7
2026-09-17T05:22:59.085Z,81.2,244056,7,0,55.8
2026-09-17T05:23:04.168Z,89.2,383964,7,0,56.4
2026-09-17T05:23:09.210Z,90.7,424544,7,0,56.4
2026-09-17T05:23:14.270Z,93.0,431248,7,0,56.9
2026-09-17T05:23:19.318Z,93.2,429656,7,0,56.4
2026-09-17T05:23:24.360Z,88.1,433260,7,0,55.8
2026-09-17T05:23:29.402Z,89.0,459492,7,0,56.4
2026-09-17T05:23:34.446Z,90.5,468544,7,0,56.9
2026-09-17T05:23:39.486Z,87.5,493736,7,0,56.4
2026-09-17T05:23:44.524Z,87.2,491844,7,0,56.9
2026-09-17T05:23:49.565Z,87.4,500064,7,0,56.9
2026-09-17T05:23:54.607Z,87.5,493440,7,0,57.5
2026-09-17T05:23:59.646Z,84.6,502548,7,0,55.8
2026-09-17T05:24:04.691Z,84.8,499824,7,0,56.9
2026-09-17T05:24:09.741Z,85.2,501964,7,0,56.9
2026-09-17T05:24:14.780Z,84.7,500316,7,0,56.9
2026-09-17T05:24:19.842Z,35.2,98232,7,0,55.8
2026-09-17T05:24:24.875Z,,,,,55.8
2026-09-17T05:24:29.910Z,,,,,54.8
2026-09-17T05:24:34.948Z,,,,,53.7
2026-09-17T05:24:39.989Z,,,,,53.7
2026-09-17T05:24:45.027Z,,,,,52.6
2026-09-17T05:24:50.066Z,,,,,53.2
2026-09-17T05:24:55.115Z,91.5,236752,7,0,55.8
2026-09-17T05:25:00.167Z,101,390540,7,0,56.9
2026-09-17T05:25:05.210Z,96.4,439052,7,0,56.9
2026-09-17T05:25:10.252Z,99.8,436560,7,0,57.5
2026-09-17T05:25:15.290Z,102,441272,7,0,58.0
2026-09-17T05:25:20.333Z,94.4,444184,7,0,56.4
2026-09-17T05:25:25.369Z,94.7,466960,7,0,56.9
2026-09-17T05:25:30.411Z,94.6,470384,7,0,56.9
2026-09-17T05:25:35.454Z,92.9,503448,7,0,56.4
2026-09-17T05:25:40.490Z,90.6,513676,7,0,56.9
2026-09-17T05:25:45.535Z,89.0,524216,7,0,56.4
2026-09-17T05:25:50.589Z,89.2,515028,7,0,56.9
2026-09-17T05:25:55.633Z,86.7,505964,7,0,56.4
2026-09-17T05:26:00.679Z,85.3,512088,7,0,56.9
2026-09-17T05:26:05.726Z,86.1,506672,7,0,56.9
2026-09-17T05:26:10.769Z,86.2,525868,7,0,56.9
2026-09-17T05:26:15.806Z,,,,,56.4
2026-09-17T05:26:20.845Z,,,,,56.9
2026-09-17T05:26:25.884Z,,,,,54.8
2026-09-17T05:26:30.929Z,,,,,54.2
2026-09-17T05:26:35.967Z,,,,,53.7
2026-09-17T05:26:41.005Z,,,,,53.7
2026-09-17T05:26:46.046Z,,,,,53.7
2026-09-17T05:26:51.083Z,71.5,211920,7,0,54.8
2026-09-17T05:26:56.128Z,83.6,338956,7,0,56.4
2026-09-17T05:27:01.171Z,77.5,426740,7,0,55.8
2026-09-17T05:27:06.240Z,85.1,443048,7,0,56.9
2026-09-17T05:27:11.306Z,89.5,445768,7,0,57.5
2026-09-17T05:27:16.349Z,86.1,456960,7,0,55.8
2026-09-17T05:27:21.390Z,85.6,466688,7,0,56.9
2026-09-17T05:27:26.432Z,87.3,482508,7,0,57.5
2026-09-17T05:27:31.474Z,88.0,499876,7,0,56.9
2026-09-17T05:27:36.518Z,84.5,509264,7,0,56.4
2026-09-17T05:27:41.558Z,85.2,513036,7,0,56.9
2026-09-17T05:27:46.605Z,85.4,516152,7,0,57.5
2026-09-17T05:27:51.648Z,84.4,524956,7,0,56.9
2026-09-17T05:27:56.687Z,82.6,510588,7,0,56.9
2026-09-17T05:28:01.729Z,82.9,513644,7,0,57.5
2026-09-17T05:28:06.766Z,84.0,512764,7,0,56.9
2026-09-17T05:28:11.806Z,82.9,540512,7,0,56.9
2026-09-17T05:28:16.840Z,64.5,161960,7,0,56.9
2026-09-17T05:28:21.875Z,,,,,55.8
2026-09-17T05:28:26.913Z,,,,,53.7
2026-09-17T05:28:31.952Z,,,,,53.7
2026-09-17T05:28:36.991Z,,,,,53.7
2026-09-17T05:28:42.029Z,,,,,53.7
2026-09-17T05:28:47.104Z,68.0,177464,7,0,55.8
2026-09-17T05:28:52.163Z,95.7,312940,7,0,56.9
2026-09-17T05:28:57.207Z,91.1,416820,7,0,56.9
2026-09-17T05:29:02.251Z,94.3,438988,7,0,56.9
2026-09-17T05:29:07.290Z,98.9,421064,7,0,58.0
2026-09-17T05:29:12.330Z,94.9,430892,7,0,56.9
2026-09-17T05:29:17.387Z,92.6,441432,7,0,57.5
2026-09-17T05:29:22.446Z,92.8,455316,7,0,56.9
2026-09-17T05:29:27.488Z,92.6,479128,7,0,57.5
2026-09-17T05:29:32.535Z,88.4,477552,7,0,56.9
2026-09-17T05:29:37.578Z,88.9,487808,7,0,57.5
2026-09-17T05:29:42.619Z,89.1,486148,7,0,57.5
2026-09-17T05:29:47.657Z,87.5,478280,7,0,56.4
2026-09-17T05:29:52.698Z,85.2,488024,7,0,56.9
2026-09-17T05:29:57.737Z,85.6,489084,7,0,56.9
2026-09-17T05:30:02.787Z,86.2,504636,7,0,58.0
2026-09-17T05:30:07.835Z,85.0,536580,7,0,56.9
2026-09-17T05:30:12.879Z,63.3,172956,7,0,57.5
2026-09-17T05:30:17.915Z,,,,,55.8
2026-09-17T05:30:22.950Z,,,,,54.8
2026-09-17T05:30:27.983Z,,,,,53.7
2026-09-17T05:30:33.027Z,,,,,54.2
2026-09-17T05:30:38.063Z,,,,,53.7
2026-09-17T05:30:43.120Z,54.4,136560,7,0,54.8
2026-09-17T05:30:48.168Z,87.9,268120,7,0,56.4
2026-09-17T05:30:53.209Z,92.1,410568,7,0,56.9
2026-09-17T05:30:58.253Z,94.1,440520,7,0,56.9
2026-09-17T05:31:03.298Z,95.7,436664,7,0,56.9
2026-09-17T05:31:08.338Z,94.4,431304,7,0,56.9
2026-09-17T05:31:13.384Z,90.3,442404,7,0,56.9
2026-09-17T05:31:18.422Z,90.2,458136,7,0,56.9
2026-09-17T05:31:23.460Z,90.8,480000,7,0,58.0
2026-09-17T05:31:28.502Z,87.8,479140,7,0,56.9
2026-09-17T05:31:33.543Z,87.1,497472,7,0,56.9
2026-09-17T05:31:38.588Z,87.5,499116,7,0,58.0
2026-09-17T05:31:43.630Z,87.9,498460,7,0,56.9
2026-09-17T05:31:48.672Z,85.0,506176,7,0,56.9
2026-09-17T05:31:53.718Z,85.1,511200,7,0,57.5
2026-09-17T05:31:58.765Z,85.7,506520,7,0,57.5
2026-09-17T05:32:03.805Z,85.1,496288,7,0,56.9
2026-09-17T05:32:08.864Z,38.1,108064,7,0,56.4
2026-09-17T05:32:13.898Z,,,,,56.4
2026-09-17T05:32:18.931Z,,,,,54.8
2026-09-17T05:32:23.971Z,,,,,53.7
2026-09-17T05:32:29.017Z,,,,,54.2
2026-09-17T05:32:34.056Z,,,,,53.7
2026-09-17T05:32:39.122Z,60.4,159272,7,0,54.8
2026-09-17T05:32:44.165Z,96.1,304380,7,0,56.9
2026-09-17T05:32:49.206Z,89.4,380104,7,0,55.8
2026-09-17T05:32:54.251Z,93.8,427792,7,0,56.9
2026-09-17T05:32:59.295Z,96.3,429744,7,0,58.0
2026-09-17T05:33:04.336Z,94.8,453008,7,0,56.9
2026-09-17T05:33:09.382Z,91.3,440364,7,0,57.5
2026-09-17T05:33:14.421Z,92.2,471140,7,0,57.5
2026-09-17T05:33:19.458Z,92.7,484408,7,0,58.0
2026-09-17T05:33:24.496Z,88.8,486232,7,0,56.9
2026-09-17T05:33:29.541Z,88.8,496608,7,0,56.9
2026-09-17T05:33:34.586Z,89.3,494248,7,0,56.9
2026-09-17T05:33:39.630Z,88.2,498832,7,0,58.0
2026-09-17T05:33:44.677Z,85.5,504784,7,0,56.9
2026-09-17T05:33:49.718Z,85.4,501764,7,0,56.9
2026-09-17T05:33:54.755Z,86.4,503888,7,0,58.0
2026-09-17T05:33:59.797Z,85.4,497240,7,0,57.5
2026-09-17T05:34:04.850Z,50.1,128228,7,0,56.9
2026-09-17T05:34:09.889Z,,,,,55.8
2026-09-17T05:34:14.927Z,,,,,54.8
2026-09-17T05:34:19.962Z,,,,,53.7
2026-09-17T05:34:25.002Z,,,,,53.7
2026-09-17T05:34:30.040Z,,,,,53.7
2026-09-17T05:34:35.085Z,39.2,115684,7,0,54.2
2026-09-17T05:34:40.130Z,84.1,248024,7,0,55.8
2026-09-17T05:34:45.171Z,87.5,375656,7,0,56.9
2026-09-17T05:34:50.218Z,85.3,431428,7,0,56.9
2026-09-17T05:34:55.256Z,91.3,430064,7,0,56.9
2026-09-17T05:35:00.296Z,90.8,429900,7,0,56.9
2026-09-17T05:35:05.337Z,86.1,440748,7,0,55.8
2026-09-17T05:35:10.374Z,86.1,454720,7,0,56.9
2026-09-17T05:35:15.418Z,88.2,474720,7,0,57.5
2026-09-17T05:35:20.470Z,87.4,485092,7,0,56.9
2026-09-17T05:35:25.523Z,85.1,495444,7,0,56.9
2026-09-17T05:35:30.570Z,85.6,498328,7,0,57.5
2026-09-17T05:35:35.611Z,86.2,499716,7,0,57.5
2026-09-17T05:35:40.654Z,84.3,513576,7,0,56.9
2026-09-17T05:35:45.693Z,83.1,493872,7,0,56.9
2026-09-17T05:35:50.734Z,83.9,500148,7,0,58.0
2026-09-17T05:35:55.773Z,84.2,500328,7,0,57.5
2026-09-17T05:36:00.811Z,,,,,56.9
2026-09-17T05:36:05.891Z,,,,,56.9
2026-09-17T05:36:10.925Z,,,,,55.8
2026-09-17T05:36:15.959Z,,,,,54.2
2026-09-17T05:36:21.004Z,,,,,53.7
2026-09-17T05:36:26.041Z,,,,,53.7
2026-09-17T05:36:31.078Z,,,,,53.7
2026-09-17T05:36:36.123Z,63.5,160432,7,0,54.8
2026-09-17T05:36:41.166Z,93.0,309344,7,0,57.5
2026-09-17T05:36:46.210Z,88.0,407620,7,0,56.9
2026-09-17T05:36:51.252Z,93.2,448460,7,0,57.5
2026-09-17T05:36:56.288Z,96.5,449024,7,0,58.0
2026-09-17T05:37:01.331Z,92.0,444172,7,0,56.9
2026-09-17T05:37:06.374Z,89.8,459376,7,0,57.5
2026-09-17T05:37:11.418Z,91.2,469972,7,0,58.0
2026-09-17T05:37:16.460Z,92.9,507828,7,0,58.0
2026-09-17T05:37:21.503Z,88.4,510936,7,0,56.9
2026-09-17T05:37:26.546Z,87.2,510688,7,0,56.9
2026-09-17T05:37:31.596Z,87.5,522084,7,0,56.9
2026-09-17T05:37:36.642Z,87.6,510496,7,0,57.5
2026-09-17T05:37:41.682Z,84.9,521952,7,0,56.9
2026-09-17T05:37:46.723Z,85.1,514268,7,0,58.0
2026-09-17T05:37:51.759Z,86.0,522360,7,0,58.5
2026-09-17T05:37:56.802Z,85.3,517016,7,0,57.5
2026-09-17T05:38:01.851Z,42.5,107856,7,0,56.9
2026-09-17T05:38:06.887Z,,,,,56.4
2026-09-17T05:38:11.922Z,,,,,55.3
2026-09-17T05:38:16.961Z,,,,,54.2
2026-09-17T05:38:21.996Z,,,,,54.2
2026-09-17T05:38:27.036Z,,,,,53.7
2026-09-17T05:38:32.084Z,16.8,74712,7,0,53.7
2026-09-17T05:38:37.133Z,75.8,234144,7,0,55.8
2026-09-17T05:38:42.207Z,91.3,362224,7,0,57.5
2026-09-17T05:38:47.251Z,87.6,424760,7,0,56.9
2026-09-17T05:38:52.293Z,92.5,431340,7,0,58.0
2026-09-17T05:38:57.340Z,93.5,426084,7,0,58.0
2026-09-17T05:39:02.386Z,87.9,436672,7,0,56.4
2026-09-17T05:39:07.439Z,88.3,448752,7,0,56.9
2026-09-17T05:39:12.507Z,89.2,460740,7,0,58.0
2026-09-17T05:39:17.555Z,88.2,470448,7,0,56.9
2026-09-17T05:39:22.598Z,85.6,474040,7,0,56.9
2026-09-17T05:39:27.638Z,86.6,507540,7,0,57.5
2026-09-17T05:39:32.687Z,87.1,507308,7,0,58.0
2026-09-17T05:39:37.729Z,85.1,504148,7,0,56.4
2026-09-17T05:39:42.774Z,83.8,507664,7,0,56.9
2026-09-17T05:39:47.814Z,84.3,491200,7,0,58.0
2026-09-17T05:39:52.861Z,84.5,497908,7,0,56.9
2026-09-17T05:39:57.895Z,,,,,56.9
2026-09-17T05:40:02.925Z,,,,,57.5
2026-09-17T05:40:07.958Z,,,,,55.3
2026-09-17T05:40:12.992Z,,,,,54.8
2026-09-17T05:40:18.030Z,,,,,54.2
2026-09-17T05:40:23.067Z,,,,,53.7
2026-09-17T05:40:28.105Z,,,,,53.7
2026-09-17T05:40:33.173Z,74.3,193716,7,0,55.8
2026-09-17T05:40:38.235Z,94.7,292548,7,0,56.9
2026-09-17T05:40:43.293Z,92.8,417976,7,0,56.4
2026-09-17T05:40:48.332Z,95.9,447376,7,0,57.5
2026-09-17T05:40:53.401Z,98.0,439492,7,0,57.5
2026-09-17T05:40:58.438Z,94.4,438524,7,0,56.9
2026-09-17T05:41:03.480Z,90.5,445984,7,0,56.9
2026-09-17T05:41:08.521Z,92.3,465992,7,0,57.5
2026-09-17T05:41:13.561Z,91.9,487892,7,0,58.0
2026-09-17T05:41:18.605Z,87.7,484984,7,0,56.9
2026-09-17T05:41:23.645Z,88.7,506336,7,0,58.0
2026-09-17T05:41:28.685Z,89.1,507220,7,0,58.0
2026-09-17T05:41:33.728Z,87.7,506528,7,0,56.9
2026-09-17T05:41:38.775Z,85.5,498628,7,0,57.5
2026-09-17T05:41:43.826Z,85.6,506368,7,0,58.0
2026-09-17T05:41:48.871Z,86.5,515556,7,0,58.0
2026-09-17T05:41:53.911Z,85.9,527348,7,0,56.9
2026-09-17T05:41:58.964Z,68.4,175984,7,0,56.9
2026-09-17T05:42:03.999Z,,,,,55.8
2026-09-17T05:42:09.033Z,,,,,54.8
2026-09-17T05:42:14.066Z,,,,,54.2
2026-09-17T05:42:19.107Z,,,,,53.7
2026-09-17T05:42:24.148Z,,,,,53.7
2026-09-17T05:42:29.197Z,22.8,78156,7,0,54.2
2026-09-17T05:42:34.239Z,91.4,268460,7,0,56.4
2026-09-17T05:42:39.302Z,101,426596,7,0,56.9
2026-09-17T05:42:44.345Z,95.8,433208,7,0,56.9
2026-09-17T05:42:49.387Z,97.7,437896,7,0,58.0
2026-09-17T05:42:54.428Z,97.7,448868,7,0,57.5
2026-09-17T05:42:59.474Z,91.5,451804,7,0,56.9
2026-09-17T05:43:04.521Z,91.1,462360,7,0,58.0
2026-09-17T05:43:09.561Z,92.1,477416,7,0,58.0
2026-09-17T05:43:14.605Z,89.4,480740,7,0,56.9
2026-09-17T05:43:19.655Z,87.7,491004,7,0,56.9
2026-09-17T05:43:24.695Z,88.7,497008,7,0,58.0
2026-09-17T05:43:29.732Z,89.0,518436,7,0,58.0
2026-09-17T05:43:34.772Z,86.0,498604,7,0,56.9
2026-09-17T05:43:39.825Z,85.7,499388,7,0,58.0
2026-09-17T05:43:44.884Z,86.2,507180,7,0,57.5
2026-09-17T05:43:49.938Z,86.4,507788,7,0,58.0
2026-09-17T05:43:54.980Z,15.7,72796,7,0,56.9
2026-09-17T05:44:00.015Z,,,,,56.9
2026-09-17T05:44:05.096Z,,,,,54.8
2026-09-17T05:44:10.130Z,,,,,55.3
2026-09-17T05:44:15.171Z,,,,,53.7
2026-09-17T05:44:20.212Z,,,,,54.2
2026-09-17T05:44:25.250Z,,,,,54.8
2026-09-17T05:44:30.312Z,75.2,191384,7,0,55.8
2026-09-17T05:44:35.359Z,92.5,341020,7,0,56.9
2026-09-17T05:44:40.409Z,89.9,429872,7,0,56.9
2026-09-17T05:44:45.468Z,94.0,454076,7,0,57.5
2026-09-17T05:44:50.515Z,95.1,448340,7,0,57.5
2026-09-17T05:44:55.556Z,89.3,439104,7,0,56.9
2026-09-17T05:45:00.594Z,89.9,458572,7,0,56.9
2026-09-17T05:45:05.635Z,90.8,477092,7,0,58.0
2026-09-17T05:45:10.679Z,89.8,494196,7,0,56.9
2026-09-17T05:45:15.737Z,86.8,489444,7,0,56.9
2026-09-17T05:45:20.783Z,87.0,509936,7,0,58.0
2026-09-17T05:45:25.826Z,88.0,509732,7,0,57.5
2026-09-17T05:45:30.868Z,86.5,517496,7,0,57.5
2026-09-17T05:45:35.920Z,85.2,513504,7,0,57.5
2026-09-17T05:45:40.961Z,85.6,509664,7,0,58.0
2026-09-17T05:45:46.008Z,86.1,523444,7,0,58.0
2026-09-17T05:45:51.044Z,,,,,56.9
2026-09-17T05:45:56.080Z,,,,,58.0
2026-09-17T05:46:01.114Z,,,,,55.8
2026-09-17T05:46:06.150Z,,,,,54.8
2026-09-17T05:46:11.178Z,,,,,54.8
2026-09-17T05:46:16.216Z,,,,,54.2
2026-09-17T05:46:21.256Z,,,,,53.7
2026-09-17T05:46:26.317Z,82.8,222576,7,0,56.4
2026-09-17T05:46:31.356Z,99.6,382052,7,0,58.0
2026-09-17T05:46:36.413Z,91.6,437732,7,0,56.9
2026-09-17T05:46:41.478Z,95.4,417952,7,0,58.0
2026-09-17T05:46:46.527Z,96.4,440100,7,0,58.0
2026-09-17T05:46:51.571Z,90.0,423960,7,0,56.9
2026-09-17T05:46:56.612Z,89.8,458664,7,0,57.5
2026-09-17T05:47:01.649Z,91.2,471936,7,0,58.0
2026-09-17T05:47:06.691Z,89.9,491476,7,0,58.0
2026-09-17T05:47:11.729Z,87.9,492032,7,0,57.5
2026-09-17T05:47:16.784Z,87.8,500972,7,0,58.0
2026-09-17T05:47:21.833Z,88.0,510404,7,0,58.0
2026-09-17T05:47:26.876Z,85.9,490368,7,0,57.5
2026-09-17T05:47:31.918Z,85.0,494012,7,0,58.0
2026-09-17T05:47:36.958Z,85.7,499212,7,0,58.5
2026-09-17T05:47:41.999Z,85.9,512556,7,0,58.0
2026-09-17T05:47:47.037Z,,,,,56.4
2026-09-17T05:47:52.072Z,,,,,56.9
2026-09-17T05:47:57.111Z,,,,,55.8
2026-09-17T05:48:02.144Z,,,,,54.8
2026-09-17T05:48:07.183Z,,,,,54.8
2026-09-17T05:48:12.223Z,,,,,54.2
2026-09-17T05:48:17.263Z,,,,,54.2
2026-09-17T05:48:22.309Z,49.4,125532,7,0,55.3
2026-09-17T05:48:27.360Z,76.6,248728,7,0,56.4
2026-09-17T05:48:32.414Z,87.7,366360,7,0,56.9
2026-09-17T05:48:37.457Z,88.0,427152,7,0,57.5
2026-09-17T05:48:42.493Z,92.5,423868,7,0,58.0
2026-09-17T05:48:47.535Z,93.7,430392,7,0,58.0
2026-09-17T05:48:52.592Z,87.5,424092,7,0,56.9
2026-09-17T05:48:57.635Z,87.8,443708,7,0,56.9
2026-09-17T05:49:02.683Z,89.2,460084,7,0,58.0
2026-09-17T05:49:07.723Z,87.7,500580,7,0,58.0
2026-09-17T05:49:12.775Z,85.9,495684,7,0,57.5
2026-09-17T05:49:17.818Z,86.7,495908,7,0,58.0
2026-09-17T05:49:22.855Z,87.3,515408,7,0,58.0
2026-09-17T05:49:27.897Z,84.5,500556,7,0,56.9
2026-09-17T05:49:32.957Z,84.3,510168,7,0,57.5
2026-09-17T05:49:38.013Z,84.8,508748,7,0,58.0
2026-09-17T05:49:43.057Z,84.7,503344,7,0,58.0
2026-09-17T05:49:48.098Z,16.2,74268,7,0,55.8
2026-09-17T05:49:53.133Z,,,,,56.9
2026-09-17T05:49:58.166Z,,,,,55.3
2026-09-17T05:50:03.203Z,,,,,54.8
2026-09-17T05:50:08.242Z,,,,,54.8
2026-09-17T05:50:13.286Z,,,,,53.7
2026-09-17T05:50:18.325Z,,,,,53.7
2026-09-17T05:50:23.384Z,88.3,239044,7,0,56.4
2026-09-17T05:50:28.424Z,99.9,372632,7,0,56.9
2026-09-17T05:50:33.494Z,96.0,439464,7,0,57.5
2026-09-17T05:50:38.553Z,100,450964,7,0,58.0
2026-09-17T05:50:43.614Z,102,437716,7,0,58.5
2026-09-17T05:50:48.658Z,95.5,448408,7,0,58.0
2026-09-17T05:50:53.699Z,94.7,464760,7,0,58.0
2026-09-17T05:50:58.740Z,95.1,483876,7,0,57.5
2026-09-17T05:51:03.781Z,94.1,495328,7,0,56.9
2026-09-17T05:51:08.819Z,90.8,497968,7,0,57.5
2026-09-17T05:51:13.861Z,91.1,506152,7,0,58.0
2026-09-17T05:51:18.904Z,91.4,510172,7,0,58.0
2026-09-17T05:51:23.953Z,89.0,509088,7,0,56.9
2026-09-17T05:51:29.005Z,87.2,511748,7,0,57.5
2026-09-17T05:51:34.048Z,87.7,500152,7,0,58.0
2026-09-17T05:51:39.089Z,87.9,522612,7,0,58.0
2026-09-17T05:51:44.126Z,,,,,56.4
2026-09-17T05:51:49.154Z,,,,,57.5
2026-09-17T05:51:54.188Z,,,,,55.3
2026-09-17T05:51:59.223Z,,,,,54.8
2026-09-17T05:52:04.263Z,,,,,54.8
2026-09-17T05:52:09.301Z,,,,,54.2
2026-09-17T05:52:14.340Z,,,,,53.7
2026-09-17T05:52:19.393Z,33.3,100684,7,0,54.2
2026-09-17T05:52:24.445Z,86.6,245796,7,0,55.8
2026-09-17T05:52:29.488Z,91.6,359468,7,0,56.4
2026-09-17T05:52:34.525Z,94.0,426508,7,0,58.0
2026-09-17T05:52:39.568Z,97.7,431052,7,0,58.0
2026-09-17T05:52:44.607Z,97.2,433692,7,0,56.9
2026-09-17T05:52:49.663Z,91.4,436652,7,0,56.9
2026-09-17T05:52:54.727Z,92.0,460552,7,0,57.5
2026-09-17T05:52:59.774Z,92.9,469128,7,0,58.0
2026-09-17T05:53:04.818Z,90.9,507492,7,0,56.9
2026-09-17T05:53:09.860Z,89.1,496204,7,0,57.5
2026-09-17T05:53:14.911Z,89.8,502804,7,0,58.0
2026-09-17T05:53:19.952Z,90.4,500368,7,0,58.0
2026-09-17T05:53:24.993Z,87.1,515888,7,0,56.9
2026-09-17T05:53:30.037Z,86.5,497136,7,0,56.9
2026-09-17T05:53:35.075Z,86.6,510260,7,0,58.0
2026-09-17T05:53:40.117Z,86.7,504240,7,0,58.0
2026-09-17T05:53:45.160Z,19.5,76348,7,0,56.9
2026-09-17T05:53:50.196Z,,,,,56.9
2026-09-17T05:53:55.236Z,,,,,54.8
2026-09-17T05:54:00.275Z,,,,,54.8
2026-09-17T05:54:05.321Z,,,,,54.2
2026-09-17T05:54:10.363Z,,,,,54.8
2026-09-17T05:54:15.402Z,,,,,54.2
2026-09-17T05:54:20.445Z,85.8,222816,7,0,56.4
2026-09-17T05:54:25.499Z,98.6,351220,7,0,56.9
2026-09-17T05:54:30.544Z,93.2,433424,7,0,56.9
2026-09-17T05:54:35.586Z,97.5,437296,7,0,58.0
2026-09-17T05:54:40.630Z,98.2,428804,7,0,57.5
2026-09-17T05:54:45.674Z,91.6,438696,7,0,56.9
2026-09-17T05:54:50.717Z,91.8,454192,7,0,57.5
2026-09-17T05:54:55.761Z,92.1,466752,7,0,58.0
2026-09-17T05:55:00.805Z,90.5,475404,7,0,56.9
2026-09-17T05:55:05.860Z,87.9,481032,7,0,56.9
2026-09-17T05:55:10.902Z,87.7,501980,7,0,58.0
2026-09-17T05:55:15.943Z,87.8,512152,7,0,57.5
2026-09-17T05:55:20.984Z,84.8,518652,7,0,56.4
2026-09-17T05:55:26.026Z,83.2,500428,7,0,56.9
2026-09-17T05:55:31.071Z,83.7,497856,7,0,58.0
2026-09-17T05:55:36.118Z,84.5,501128,7,0,58.5
2026-09-17T05:55:41.160Z,,,,,58.0
2026-09-17T05:55:46.196Z,71.4,189280,7,0,57.5
2026-09-17T05:55:51.229Z,,,,,55.8
2026-09-17T05:55:56.264Z,,,,,54.8
2026-09-17T05:56:01.304Z,,,,,54.8
2026-09-17T05:56:06.343Z,,,,,53.7
2026-09-17T05:56:11.380Z,,,,,53.7
2026-09-17T05:56:16.436Z,80.2,207408,7,0,56.9
2026-09-17T05:56:21.507Z,95.2,334948,7,0,57.5
2026-09-17T05:56:26.548Z,90.1,413220,7,0,56.9
2026-09-17T05:56:31.588Z,95.6,417036,7,0,58.0
2026-09-17T05:56:36.629Z,97.5,429136,7,0,58.0
2026-09-17T05:56:41.680Z,92.5,446672,7,0,56.9
2026-09-17T05:56:46.716Z,91.9,447468,7,0,57.5
2026-09-17T05:56:51.758Z,92.4,480192,7,0,58.0
2026-09-17T05:56:56.803Z,90.8,493568,7,0,57.5
2026-09-17T05:57:01.855Z,88.2,489992,7,0,58.0
2026-09-17T05:57:06.899Z,88.7,514968,7,0,57.5
2026-09-17T05:57:11.946Z,89.2,514216,7,0,58.0
2026-09-17T05:57:16.988Z,86.9,507892,7,0,56.9
2026-09-17T05:57:22.033Z,85.8,497880,7,0,56.9
2026-09-17T05:57:27.078Z,86.1,500940,7,0,57.5
2026-09-17T05:57:32.141Z,86.8,523960,7,0,58.0
2026-09-17T05:57:37.176Z,,,,,56.9
2026-09-17T05:57:42.211Z,,,,,58.0
2026-09-17T05:57:47.252Z,,,,,55.8
2026-09-17T05:57:52.290Z,,,,,54.8
2026-09-17T05:57:57.331Z,,,,,54.8
2026-09-17T05:58:02.369Z,,,,,53.7
2026-09-17T05:58:07.426Z,27.9,105244,7,0,54.2
2026-09-17T05:58:12.498Z,76.0,191824,7,0,55.8
2026-09-17T05:58:17.546Z,87.1,293048,7,0,56.9
2026-09-17T05:58:22.585Z,88.5,436824,7,0,56.9
2026-09-17T05:58:27.644Z,93.4,451432,7,0,58.0
2026-09-17T05:58:32.693Z,96.6,446548,7,0,58.0
2026-09-17T05:58:37.733Z,93.8,442316,7,0,56.9
2026-09-17T05:58:42.777Z,90.3,452540,7,0,57.5
2026-09-17T05:58:47.817Z,90.7,457492,7,0,57.5
2026-09-17T05:58:52.860Z,91.0,489596,7,0,57.5
2026-09-17T05:58:57.901Z,87.5,488736,7,0,56.9
2026-09-17T05:59:02.945Z,87.6,501640,7,0,57.5
2026-09-17T05:59:08.001Z,88.2,508616,7,0,58.0
2026-09-17T05:59:13.043Z,86.8,502648,7,0,56.9
2026-09-17T05:59:18.083Z,84.2,508888,7,0,56.4
2026-09-17T05:59:23.128Z,85.1,512292,7,0,58.0
2026-09-17T05:59:28.170Z,85.4,515360,7,0,58.0
2026-09-17T05:59:33.212Z,84.5,510348,7,0,56.9
2026-09-17T05:59:38.264Z,55.3,148484,7,0,57.5
2026-09-17T05:59:43.299Z,,,,,55.8
2026-09-17T05:59:48.334Z,,,,,55.3
2026-09-17T05:59:53.371Z,,,,,54.2
2026-09-17T05:59:58.409Z,,,,,54.2
2026-09-17T06:00:03.458Z,,,,,53.7
2026-09-17T06:00:08.497Z,37.8,112072,7,0,53.7
2026-09-17T06:00:13.540Z,87.1,256508,7,0,56.9
2026-09-17T06:00:18.611Z,89.1,372704,7,0,56.9
2026-09-17T06:00:23.652Z,93.2,438520,7,0,58.0
2026-09-17T06:00:28.702Z,95.6,422336,7,0,57.5
2026-09-17T06:00:33.743Z,96.3,448852,7,0,57.5
2026-09-17T06:00:38.783Z,90.5,446828,7,0,57.5
2026-09-17T06:00:43.825Z,92.1,464204,7,0,58.0
2026-09-17T06:00:48.865Z,92.4,473752,7,0,58.0
2026-09-17T06:00:53.908Z,90.1,501080,7,0,56.9
2026-09-17T06:00:58.954Z,89.4,506592,7,0,58.0
2026-09-17T06:01:03.993Z,89.3,508728,7,0,58.0
2026-09-17T06:01:09.038Z,89.1,515800,7,0,58.0
2026-09-17T06:01:14.079Z,86.2,519708,7,0,57.5
2026-09-17T06:01:19.123Z,85.8,506456,7,0,58.0
2026-09-17T06:01:24.173Z,86.3,519504,7,0,58.0
2026-09-17T06:01:29.214Z,86.4,522912,7,0,57.5
2026-09-17T06:01:34.255Z,23.4,79276,7,0,56.9
2026-09-17T06:01:39.292Z,,,,,56.4
2026-09-17T06:01:44.326Z,,,,,55.8
2026-09-17T06:01:49.367Z,,,,,54.8
2026-09-17T06:01:54.400Z,,,,,54.8
2026-09-17T06:01:59.434Z,,,,,54.2
2026-09-17T06:02:04.474Z,,,,,53.7
2026-09-17T06:02:09.525Z,83.3,227580,7,0,56.9
2026-09-17T06:02:14.580Z,97.5,391908,7,0,58.0
2026-09-17T06:02:19.637Z,92.5,435904,7,0,56.9
2026-09-17T06:02:24.698Z,96.0,448152,7,0,58.0
2026-09-17T06:02:29.761Z,97.4,429364,7,0,58.0
2026-09-17T06:02:34.806Z,91.7,459044,7,0,56.9
2026-09-17T06:02:39.846Z,88.9,457184,7,0,56.9
2026-09-17T06:02:44.885Z,90.1,477680,7,0,58.0
2026-09-17T06:02:49.945Z,91.0,502240,7,0,58.0
2026-09-17T06:02:54.993Z,87.5,500200,7,0,57.5
2026-09-17T06:03:00.100Z,88.1,522196,7,0,57.5
2026-09-17T06:03:05.142Z,88.6,511956,7,0,58.0
2026-09-17T06:03:10.211Z,87.5,510812,7,0,57.5
2026-09-17T06:03:15.257Z,85.7,531896,7,0,58.0
2026-09-17T06:03:20.309Z,86.2,532648,7,0,58.0
2026-09-17T06:03:25.355Z,86.6,533424,7,0,58.0
2026-09-17T06:03:30.391Z,,,,,58.0
2026-09-17T06:03:35.448Z,70.8,185160,7,0,58.0
2026-09-17T06:03:40.519Z,,,,,56.4
2026-09-17T06:03:45.553Z,,,,,54.8
2026-09-17T06:03:50.588Z,,,,,54.8
2026-09-17T06:03:55.622Z,,,,,53.7
2026-09-17T06:04:00.659Z,,,,,54.8
2026-09-17T06:04:05.702Z,32.7,95148,7,0,54.8
2026-09-17T06:04:10.741Z,85.0,265404,7,0,56.9
2026-09-17T06:04:15.809Z,91.8,413020,7,0,56.9
2026-09-17T06:04:20.852Z,94.7,445932,7,0,58.0
2026-09-17T06:04:25.898Z,92.8,460364,7,0,57.5
2026-09-17T06:04:30.946Z,95.2,454328,7,0,58.0
2026-09-17T06:04:35.986Z,88.6,452664,7,0,56.9
2026-09-17T06:04:41.026Z,89.7,479380,7,0,56.9
2026-09-17T06:04:46.086Z,90.7,489712,7,0,57.5
2026-09-17T06:04:51.126Z,89.0,514384,7,0,57.5
2026-09-17T06:04:56.175Z,87.1,492456,7,0,56.9
2026-09-17T06:05:01.217Z,87.1,515800,7,0,57.5
2026-09-17T06:05:06.258Z,87.0,516608,7,0,58.0
2026-09-17T06:05:11.300Z,84.8,526456,7,0,57.5
2026-09-17T06:05:16.339Z,84.4,514144,7,0,58.0
2026-09-17T06:05:21.378Z,85.4,528708,7,0,58.0
2026-09-17T06:05:26.417Z,86.0,541088,7,0,59.1
2026-09-17T06:05:31.452Z,,,,,56.9
2026-09-17T06:05:36.486Z,,,,,56.9
2026-09-17T06:05:41.526Z,,,,,55.8
2026-09-17T06:05:46.565Z,,,,,55.3
2026-09-17T06:05:51.607Z,,,,,54.8
2026-09-17T06:05:56.649Z,,,,,54.8
2026-09-17T06:06:01.684Z,,,,,54.2
2026-09-17T06:06:06.744Z,75.0,195616,7,0,56.4
2026-09-17T06:06:11.787Z,91.8,337708,7,0,57.5
2026-09-17T06:06:16.841Z,88.6,425456,7,0,57.5
2026-09-17T06:06:21.906Z,92.0,437680,7,0,57.5
2026-09-17T06:06:26.964Z,94.3,439380,7,0,58.0
2026-09-17T06:06:32.004Z,90.1,437036,7,0,56.9
2026-09-17T06:06:37.045Z,89.3,448760,7,0,58.0
2026-09-17T06:06:42.079Z,88.8,466728,7,0,56.9
2026-09-17T06:06:47.115Z,89.8,481328,7,0,58.5
2026-09-17T06:06:52.156Z,85.6,497556,7,0,56.9
2026-09-17T06:06:57.211Z,86.4,504720,7,0,58.0
2026-09-17T06:07:02.245Z,86.8,506136,7,0,58.0
2026-09-17T06:07:07.285Z,85.7,534232,7,0,58.0
2026-09-17T06:07:12.332Z,83.2,527352,7,0,56.9
2026-09-17T06:07:17.372Z,83.7,521496,7,0,57.5
2026-09-17T06:07:22.408Z,84.2,506584,7,0,58.0
2026-09-17T06:07:27.450Z,83.8,507128,7,0,58.0
2026-09-17T06:07:32.495Z,39.4,102188,7,0,56.4
2026-09-17T06:07:37.530Z,,,,,56.9
2026-09-17T06:07:42.564Z,,,,,55.3
2026-09-17T06:07:47.606Z,,,,,54.8
2026-09-17T06:07:52.641Z,,,,,54.2
2026-09-17T06:07:57.716Z,,,,,53.7
2026-09-17T06:08:02.756Z,,,,,54.2
2026-09-17T06:08:07.800Z,85.2,233092,7,0,56.4
2026-09-17T06:08:12.843Z,92.2,368228,7,0,58.0
2026-09-17T06:08:17.919Z,91.4,447696,7,0,58.0
2026-09-17T06:08:22.973Z,95.5,446572,7,0,58.0
2026-09-17T06:08:28.012Z,95.1,433656,7,0,58.0
2026-09-17T06:08:33.054Z,88.0,446528,7,0,56.9
2026-09-17T06:08:38.097Z,90.0,462412,7,0,58.0
2026-09-17T06:08:43.143Z,91.6,480948,7,0,58.0
2026-09-17T06:08:48.191Z,88.9,491252,7,0,58.0
2026-09-17T06:08:53.232Z,87.0,488312,7,0,56.9
2026-09-17T06:08:58.273Z,87.1,499004,7,0,58.0
2026-09-17T06:09:03.310Z,87.6,504588,7,0,58.5
2026-09-17T06:09:08.353Z,84.7,508364,7,0,56.9
2026-09-17T06:09:13.410Z,85.0,510316,7,0,58.0
2026-09-17T06:09:18.449Z,85.3,514356,7,0,58.0
2026-09-17T06:09:23.489Z,85.1,501336,7,0,58.0
2026-09-17T06:09:28.528Z,17.8,73660,7,0,56.9
2026-09-17T06:09:33.562Z,,,,,56.4
2026-09-17T06:09:38.603Z,,,,,55.8
2026-09-17T06:09:43.640Z,,,,,54.8
2026-09-17T06:09:48.677Z,,,,,54.8
2026-09-17T06:09:53.716Z,,,,,54.2
2026-09-17T06:09:58.754Z,,,,,53.7
2026-09-17T06:10:03.817Z,81.0,212784,7,0,56.9
2026-09-17T06:10:08.873Z,91.9,330668,7,0,56.9
2026-09-17T06:10:13.915Z,88.8,432312,7,0,56.9
2026-09-17T06:10:18.955Z,92.5,434188,7,0,57.5
2026-09-17T06:10:23.995Z,95.3,430760,7,0,58.0
2026-09-17T06:10:29.038Z,89.5,444968,7,0,56.9
2026-09-17T06:10:34.102Z,88.7,461352,7,0,58.0
2026-09-17T06:10:39.160Z,90.4,475164,7,0,58.0
2026-09-17T06:10:44.210Z,89.6,484160,7,0,58.0
2026-09-17T06:10:49.254Z,87.3,490060,7,0,57.5
2026-09-17T06:10:54.296Z,87.9,496884,7,0,58.0
2026-09-17T06:10:59.335Z,87.9,510136,7,0,58.5
2026-09-17T06:11:04.378Z,85.5,502888,7,0,58.0
2026-09-17T06:11:09.417Z,84.4,493180,7,0,58.0
2026-09-17T06:11:14.458Z,85.4,506572,7,0,58.0
2026-09-17T06:11:19.509Z,85.5,521908,7,0,57.5
2026-09-17T06:11:24.545Z,,,,,57.5
2026-09-17T06:11:29.585Z,,,,,57.5
2026-09-17T06:11:34.635Z,,,,,55.8
2026-09-17T06:11:39.678Z,,,,,55.3
2026-09-17T06:11:44.713Z,,,,,54.8
2026-09-17T06:11:49.754Z,,,,,54.2
2026-09-17T06:11:54.806Z,29.7,0,2,0,54.2
2026-09-17T06:11:59.866Z,67.3,174540,7,0,55.8
2026-09-17T06:12:04.907Z,94.2,331364,7,0,57.5
2026-09-17T06:12:09.958Z,88.9,416248,7,0,57.5
2026-09-17T06:12:15.034Z,92.7,424300,7,0,58.0
2026-09-17T06:12:20.098Z,94.8,421576,7,0,58.0
2026-09-17T06:12:25.142Z,91.2,439516,7,0,58.0
2026-09-17T06:12:30.181Z,90.3,453240,7,0,58.0
2026-09-17T06:12:35.218Z,91.6,472472,7,0,58.0
2026-09-17T06:12:40.259Z,91.3,489080,7,0,58.0
2026-09-17T06:12:45.298Z,87.4,482808,7,0,57.5
2026-09-17T06:12:50.347Z,88.5,505652,7,0,58.0
2026-09-17T06:12:55.391Z,88.7,504680,7,0,58.0
2026-09-17T06:13:00.434Z,86.9,514876,7,0,58.0
2026-09-17T06:13:05.477Z,84.9,501580,7,0,56.9
2026-09-17T06:13:10.513Z,85.6,518268,7,0,58.0
2026-09-17T06:13:15.550Z,86.2,507900,7,0,58.5
2026-09-17T06:13:20.593Z,84.8,530132,7,0,58.0
2026-09-17T06:13:25.635Z,64.9,185728,7,0,57.5
2026-09-17T06:13:30.671Z,,,,,56.4
2026-09-17T06:13:35.706Z,,,,,55.8
2026-09-17T06:13:40.740Z,,,,,54.8
2026-09-17T06:13:45.811Z,,,,,54.8
2026-09-17T06:13:50.844Z,,,,,53.7
2026-09-17T06:13:55.886Z,54.9,136404,7,0,55.8
2026-09-17T06:14:00.939Z,79.1,267224,7,0,56.9
2026-09-17T06:14:05.981Z,88.6,402876,7,0,56.9
2026-09-17T06:14:11.027Z,91.8,439848,7,0,58.0
2026-09-17T06:14:16.066Z,93.0,435104,7,0,58.0
2026-09-17T06:14:21.110Z,93.3,438612,7,0,58.0
2026-09-17T06:14:26.154Z,87.5,451464,7,0,57.5
2026-09-17T06:14:31.193Z,89.2,467360,7,0,58.0
2026-09-17T06:14:36.236Z,90.7,476496,7,0,58.0
2026-09-17T06:14:41.277Z,89.2,519180,7,0,58.0
2026-09-17T06:14:46.324Z,87.9,506580,7,0,58.0
2026-09-17T06:14:51.379Z,88.0,508080,7,0,58.0
2026-09-17T06:14:56.422Z,88.2,523816,7,0,58.0
2026-09-17T06:15:01.464Z,85.3,511616,7,0,56.9
2026-09-17T06:15:06.505Z,85.1,501504,7,0,58.0
2026-09-17T06:15:11.545Z,85.6,517700,7,0,58.0
2026-09-17T06:15:16.589Z,85.3,535096,7,0,58.0
2026-09-17T06:15:21.628Z,18.3,73696,7,0,56.9
2026-09-17T06:15:26.662Z,,,,,56.9
2026-09-17T06:15:31.699Z,,,,,55.8
2026-09-17T06:15:36.739Z,,,,,54.8
2026-09-17T06:15:41.777Z,,,,,54.2
2026-09-17T06:15:46.817Z,,,,,54.8
2026-09-17T06:15:51.854Z,,,,,54.2
2026-09-17T06:15:56.910Z,78.6,216352,7,0,56.4
2026-09-17T06:16:01.992Z,92.7,338916,7,0,56.9
2026-09-17T06:16:07.034Z,88.8,421796,7,0,57.5
2026-09-17T06:16:12.076Z,93.6,448688,7,0,58.0
2026-09-17T06:16:17.120Z,97.5,436372,7,0,58.5
2026-09-17T06:16:22.162Z,90.7,438372,7,0,56.9
2026-09-17T06:16:27.217Z,90.3,456728,7,0,58.0
2026-09-17T06:16:32.270Z,91.7,475612,7,0,58.0
2026-09-17T06:16:37.317Z,91.5,515652,7,0,58.0
2026-09-17T06:16:42.365Z,88.6,496420,7,0,58.0
2026-09-17T06:16:47.404Z,88.8,519716,7,0,58.0
2026-09-17T06:16:52.441Z,87.8,514496,7,0,58.0
2026-09-17T06:16:57.482Z,85.7,517784,7,0,57.5
2026-09-17T06:17:02.534Z,83.3,524512,7,0,56.9
2026-09-17T06:17:07.577Z,84.4,516668,7,0,58.0
2026-09-17T06:17:12.619Z,85.3,530252,7,0,58.0
2026-09-17T06:17:17.660Z,84.5,520448,7,0,58.0
2026-09-17T06:17:22.700Z,53.4,145192,7,0,57.5
2026-09-17T06:17:27.736Z,,,,,56.9
2026-09-17T06:17:32.775Z,,,,,55.3
2026-09-17T06:17:37.818Z,,,,,54.8
2026-09-17T06:17:42.858Z,,,,,54.2
2026-09-17T06:17:47.909Z,16.2,0,2,0,54.2
2026-09-17T06:17:52.947Z,38.5,112704,7,0,54.8
2026-09-17T06:17:57.998Z,89.6,252012,7,0,57.5
2026-09-17T06:18:03.042Z,93.7,367916,7,0,57.5
2026-09-17T06:18:08.083Z,96.3,436024,7,0,58.0
2026-09-17T06:18:13.128Z,97.0,428508,7,0,58.0
2026-09-17T06:18:18.167Z,98.4,446200,7,0,58.0
2026-09-17T06:18:23.213Z,92.0,443752,7,0,57.5
2026-09-17T06:18:28.256Z,92.5,472604,7,0,58.0
2026-09-17T06:18:33.299Z,93.6,481664,7,0,59.1
2026-09-17T06:18:38.342Z,91.0,497832,7,0,58.0
2026-09-17T06:18:43.382Z,90.4,493812,7,0,58.0
2026-09-17T06:18:48.438Z,90.4,509340,7,0,58.0
2026-09-17T06:18:53.483Z,90.7,515780,7,0,58.0
2026-09-17T06:18:58.525Z,87.6,494948,7,0,56.9
2026-09-17T06:19:03.571Z,87.0,508660,7,0,58.0
2026-09-17T06:19:08.609Z,87.3,498804,7,0,58.0
2026-09-17T06:19:13.670Z,87.4,508796,7,0,58.0
2026-09-17T06:19:18.711Z,17.8,78004,7,0,56.4
2026-09-17T06:19:23.747Z,,,,,56.9
2026-09-17T06:19:28.781Z,,,,,56.4
2026-09-17T06:19:33.816Z,,,,,54.8
2026-09-17T06:19:38.849Z,,,,,54.8
2026-09-17T06:19:43.885Z,,,,,54.2
2026-09-17T06:19:48.920Z,,,,,54.2
2026-09-17T06:19:53.989Z,80.0,222480,7,0,56.9
2026-09-17T06:19:59.037Z,91.0,325028,7,0,58.0
2026-09-17T06:20:04.075Z,86.4,417244,7,0,56.9
2026-09-17T06:20:09.115Z,89.7,422660,7,0,58.0
2026-09-17T06:20:14.157Z,93.6,432992,7,0,58.0
2026-09-17T06:20:19.198Z,88.9,453776,7,0,57.5
2026-09-17T06:20:24.258Z,89.0,457868,7,0,57.5
2026-09-17T06:20:29.310Z,89.1,467288,7,0,58.5
2026-09-17T06:20:34.354Z,88.4,507496,7,0,58.0
2026-09-17T06:20:39.394Z,84.9,485592,7,0,56.9
2026-09-17T06:20:44.437Z,85.8,516900,7,0,58.0
2026-09-17T06:20:49.473Z,86.6,518904,7,0,58.0
2026-09-17T06:20:54.517Z,85.4,517768,7,0,58.0
2026-09-17T06:20:59.560Z,83.4,504076,7,0,58.0
2026-09-17T06:21:04.600Z,84.2,503512,7,0,57.5
2026-09-17T06:21:09.641Z,84.5,519212,7,0,58.0
2026-09-17T06:21:14.682Z,83.6,0,2,0,58.0
2026-09-17T06:21:19.731Z,59.9,164168,7,0,56.9
2026-09-17T06:21:24.767Z,,,,,56.4
2026-09-17T06:21:29.803Z,,,,,55.3
2026-09-17T06:21:34.840Z,,,,,54.8
2026-09-17T06:21:39.918Z,,,,,54.8
2026-09-17T06:21:44.952Z,,,,,54.8
2026-09-17T06:21:49.994Z,76.8,208448,7,0,56.9
2026-09-17T06:21:55.032Z,93.2,333192,7,0,57.5
2026-09-17T06:22:00.077Z,89.3,410752,7,0,58.0
2026-09-17T06:22:05.118Z,94.6,447760,7,0,58.0
2026-09-17T06:22:10.165Z,96.7,425232,7,0,58.0
2026-09-17T06:22:15.203Z,91.9,439616,7,0,58.0
2026-09-17T06:22:20.241Z,91.4,452596,7,0,58.0
2026-09-17T06:22:25.282Z,91.9,465640,7,0,58.5
2026-09-17T06:22:30.324Z,92.4,515648,7,0,58.0
2026-09-17T06:22:35.365Z,89.8,504980,7,0,58.0
2026-09-17T06:22:40.417Z,90.0,503564,7,0,58.0
2026-09-17T06:22:45.474Z,90.2,517032,7,0,58.0
2026-09-17T06:22:50.516Z,88.2,512936,7,0,57.5
2026-09-17T06:22:55.555Z,86.7,489584,7,0,58.0
2026-09-17T06:23:00.596Z,87.8,522592,7,0,58.5
2026-09-17T06:23:05.636Z,88.0,518752,7,0,58.5
2026-09-17T06:23:10.671Z,,,,,57.5
2026-09-17T06:23:15.710Z,,,,,58.0
2026-09-17T06:23:20.749Z,,,,,55.8
2026-09-17T06:23:25.786Z,,,,,55.3
2026-09-17T06:23:30.824Z,,,,,54.8
2026-09-17T06:23:35.863Z,,,,,53.7
2026-09-17T06:23:40.922Z,19.5,0,2,0,54.8
2026-09-17T06:23:45.963Z,68.8,186228,7,0,55.8
2026-09-17T06:23:51.001Z,95.1,311012,7,0,57.5
2026-09-17T06:23:56.044Z,86.2,377168,7,0,56.9
2026-09-17T06:24:01.099Z,92.4,424636,7,0,58.0
2026-09-17T06:24:06.149Z,94.8,423360,7,0,58.0
2026-09-17T06:24:11.192Z,90.2,425796,7,0,56.9
2026-09-17T06:24:16.233Z,89.2,439040,7,0,58.0
2026-09-17T06:24:21.281Z,90.3,456888,7,0,58.0
2026-09-17T06:24:26.323Z,90.5,491924,7,0,58.0
2026-09-17T06:24:31.359Z,87.0,480420,7,0,57.5
2026-09-17T06:24:36.396Z,87.1,489544,7,0,57.5
2026-09-17T06:24:41.441Z,87.5,490320,7,0,58.0
2026-09-17T06:24:46.481Z,85.9,505796,7,0,58.0
2026-09-17T06:24:51.527Z,83.9,480652,7,0,58.0
2026-09-17T06:24:56.570Z,83.0,497248,7,0,58.0
2026-09-17T06:25:01.613Z,84.0,508920,7,0,58.0
2026-09-17T06:25:06.657Z,82.4,503552,7,0,56.9
2026-09-17T06:25:11.693Z,,,,,55.8
2026-09-17T06:25:16.738Z,23.8,76900,7,0,55.8
2026-09-17T06:25:21.774Z,,,,,56.4
2026-09-17T06:25:26.813Z,,,,,54.8
2026-09-17T06:25:31.850Z,,,,,54.8
2026-09-17T06:25:36.888Z,,,,,54.2
2026-09-17T06:25:41.928Z,,,,,53.7
2026-09-17T06:25:46.966Z,,,,,53.7
2026-09-17T06:25:52.022Z,76.4,199216,7,0,55.8
2026-09-17T06:25:57.062Z,95.5,327364,7,0,56.9
2026-09-17T06:26:02.111Z,90.6,422284,7,0,56.9
2026-09-17T06:26:07.171Z,95.8,423152,7,0,58.0
2026-09-17T06:26:12.223Z,99.3,435548,7,0,58.0
2026-09-17T06:26:17.268Z,94.7,458188,7,0,58.0
2026-09-17T06:26:22.309Z,92.3,453572,7,0,57.5
2026-09-17T06:26:27.350Z,91.6,474440,7,0,58.0
2026-09-17T06:26:32.393Z,91.0,486600,7,0,58.0
2026-09-17T06:26:37.429Z,87.9,477776,7,0,58.0
2026-09-17T06:26:42.485Z,89.0,517568,7,0,58.0
2026-09-17T06:26:47.539Z,89.4,523392,7,0,58.0
2026-09-17T06:26:52.582Z,87.6,516676,7,0,56.9
2026-09-17T06:26:57.626Z,85.6,512336,7,0,57.5
2026-09-17T06:27:02.669Z,86.0,527272,7,0,58.5
2026-09-17T06:27:07.712Z,86.3,515024,7,0,58.0
2026-09-17T06:27:12.747Z,,,,,56.9
2026-09-17T06:27:17.807Z,68.5,184260,7,0,58.0
2026-09-17T06:27:22.847Z,,,,,55.8
2026-09-17T06:27:27.881Z,,,,,55.3
2026-09-17T06:27:32.925Z,,,,,54.8
2026-09-17T06:27:37.972Z,,,,,54.8
2026-09-17T06:27:43.011Z,,,,,54.2
2026-09-17T06:27:48.061Z,60.2,148588,7,0,56.4
2026-09-17T06:27:53.110Z,92.7,319788,7,0,56.9
2026-09-17T06:27:58.173Z,86.0,391312,7,0,56.9
2026-09-17T06:28:03.218Z,92.8,426052,7,0,58.0
2026-09-17T06:28:08.283Z,95.5,433040,7,0,58.0
2026-09-17T06:28:13.323Z,91.8,433544,7,0,56.9
2026-09-17T06:28:18.362Z,86.1,439960,7,0,56.9
2026-09-17T06:28:23.398Z,87.8,458972,7,0,58.0
2026-09-17T06:28:28.438Z,88.7,467472,7,0,58.0
2026-09-17T06:28:33.481Z,86.7,488852,7,0,58.0
2026-09-17T06:28:38.522Z,86.4,500908,7,0,58.0
2026-09-17T06:28:43.577Z,86.7,502320,7,0,58.0
2026-09-17T06:28:48.623Z,85.3,491468,7,0,58.0
2026-09-17T06:28:53.665Z,82.6,504168,7,0,58.0
2026-09-17T06:28:58.706Z,82.3,489900,7,0,58.0
2026-09-17T06:29:03.746Z,82.9,520408,7,0,58.0
2026-09-17T06:29:08.785Z,83.1,509652,7,0,58.5
2026-09-17T06:29:13.827Z,18.3,73592,7,0,56.9
2026-09-17T06:29:18.863Z,,,,,56.9
2026-09-17T06:29:23.898Z,,,,,55.8
2026-09-17T06:29:28.934Z,,,,,54.8
2026-09-17T06:29:33.973Z,,,,,54.8
2026-09-17T06:29:39.014Z,,,,,54.8
2026-09-17T06:29:44.051Z,,,,,53.7
2026-09-17T06:29:49.094Z,83.6,217516,7,0,56.9
2026-09-17T06:29:54.150Z,96.6,345008,7,0,56.9
2026-09-17T06:29:59.190Z,91.1,429552,7,0,58.0
2026-09-17T06:30:04.236Z,95.5,435736,7,0,58.0
2026-09-17T06:30:09.280Z,97.3,428560,7,0,58.5
2026-09-17T06:30:14.320Z,91.7,441960,7,0,57.5
2026-09-17T06:30:19.363Z,90.8,450792,7,0,58.5
2026-09-17T06:30:24.417Z,92.7,475248,7,0,58.0
2026-09-17T06:30:29.459Z,92.0,512868,7,0,58.0
2026-09-17T06:30:34.502Z,88.9,487844,7,0,58.0
2026-09-17T06:30:39.541Z,89.1,510060,7,0,58.0
2026-09-17T06:30:44.593Z,90.0,506148,7,0,58.5
2026-09-17T06:30:49.633Z,87.7,509392,7,0,58.0
2026-09-17T06:30:54.674Z,86.1,492300,7,0,58.0
2026-09-17T06:30:59.728Z,86.6,514432,7,0,58.0
2026-09-17T06:31:04.768Z,86.7,527844,7,0,58.5
2026-09-17T06:31:09.804Z,,,,,57.5
2026-09-17T06:31:14.831Z,,,,,58.0
2026-09-17T06:31:19.864Z,,,,,55.8
2026-09-17T06:31:24.903Z,,,,,54.8
2026-09-17T06:31:29.941Z,,,,,54.8
2026-09-17T06:31:34.980Z,,,,,54.8
2026-09-17T06:31:40.020Z,,,,,53.7
2026-09-17T06:31:45.084Z,45.4,157468,7,0,55.8
2026-09-17T06:31:50.149Z,88.3,309336,7,0,58.0
2026-09-17T06:31:55.191Z,92.2,425720,7,0,58.0
2026-09-17T06:32:00.236Z,93.2,443844,7,0,58.0
2026-09-17T06:32:05.299Z,94.8,441172,7,0,58.0
2026-09-17T06:32:10.344Z,93.3,444192,7,0,58.0
2026-09-17T06:32:15.388Z,89.0,449968,7,0,56.9
2026-09-17T06:32:20.427Z,90.3,459028,7,0,58.0
2026-09-17T06:32:25.469Z,90.8,486480,7,0,58.0
2026-09-17T06:32:30.511Z,87.4,488264,7,0,58.0
2026-09-17T06:32:35.552Z,87.1,501924,7,0,58.0
2026-09-17T06:32:40.599Z,87.0,508808,7,0,58.0
2026-09-17T06:32:45.643Z,86.4,496384,7,0,58.0
2026-09-17T06:32:50.685Z,83.7,504408,7,0,57.5
2026-09-17T06:32:55.732Z,84.0,508652,7,0,58.5
2026-09-17T06:33:00.774Z,84.7,507916,7,0,58.0
2026-09-17T06:33:05.810Z,84.5,522324,7,0,58.0
2026-09-17T06:33:10.851Z,44.7,117492,7,0,58.0
2026-09-17T06:33:15.894Z,,,,,56.9
2026-09-17T06:33:20.928Z,,,,,55.8
2026-09-17T06:33:25.966Z,,,,,55.3
2026-09-17T06:33:31.005Z,,,,,54.8
2026-09-17T06:33:36.044Z,,,,,54.2
2026-09-17T06:33:41.083Z,,,,,54.2
2026-09-17T06:33:46.151Z,66.8,209544,7,0,56.4
2026-09-17T06:33:51.211Z,84.7,336932,7,0,56.9
2026-09-17T06:33:56.255Z,84.2,429936,7,0,58.0
2026-09-17T06:34:01.302Z,90.4,446624,7,0,58.0
2026-09-17T06:34:06.347Z,91.9,446332,7,0,58.0
2026-09-17T06:34:11.398Z,87.5,436604,7,0,56.9
2026-09-17T06:34:16.443Z,87.7,461596,7,0,58.0
2026-09-17T06:34:21.501Z,88.8,476060,7,0,58.0
2026-09-17T06:34:26.547Z,89.1,492840,7,0,58.0
2026-09-17T06:34:31.588Z,86.5,493788,7,0,58.0
2026-09-17T06:34:36.625Z,86.8,517184,7,0,58.0
2026-09-17T06:34:41.678Z,87.4,508860,7,0,59.1
2026-09-17T06:34:46.723Z,85.4,502704,7,0,57.5
2026-09-17T06:34:51.765Z,84.3,510760,7,0,58.0
2026-09-17T06:34:56.806Z,85.4,507536,7,0,58.5
2026-09-17T06:35:01.846Z,85.8,527632,7,0,58.5
2026-09-17T06:35:06.883Z,,,,,57.5
2026-09-17T06:35:11.911Z,,,,,58.0
2026-09-17T06:35:16.946Z,,,,,55.8
2026-09-17T06:35:21.981Z,,,,,55.3
2026-09-17T06:35:27.015Z,,,,,54.8
2026-09-17T06:35:32.050Z,,,,,54.8
2026-09-17T06:35:37.084Z,,,,,54.8
2026-09-17T06:35:42.139Z,68.0,174880,7,0,56.4
2026-09-17T06:35:47.187Z,96.9,312680,7,0,58.0
2026-09-17T06:35:52.247Z,90.7,397416,7,0,58.0
2026-09-17T06:35:57.303Z,96.1,441536,7,0,58.0
2026-09-17T06:36:02.370Z,98.1,431444,7,0,59.1
2026-09-17T06:36:07.413Z,93.1,444560,7,0,58.0
2026-09-17T06:36:12.451Z,90.9,444332,7,0,58.0
2026-09-17T06:36:17.494Z,91.9,461908,7,0,58.5
2026-09-17T06:36:22.541Z,92.7,497916,7,0,58.5
2026-09-17T06:36:27.582Z,88.5,503676,7,0,58.0
2026-09-17T06:36:32.642Z,88.4,512648,7,0,58.5
2026-09-17T06:36:37.694Z,88.8,497596,7,0,58.0
2026-09-17T06:36:42.736Z,87.5,497188,7,0,58.0
2026-09-17T06:36:47.779Z,85.1,505668,7,0,57.5
2026-09-17T06:36:52.824Z,85.3,502144,7,0,58.0
2026-09-17T06:36:57.864Z,86.1,519612,7,0,59.1
2026-09-17T06:37:02.914Z,84.8,504548,7,0,58.0
2026-09-17T06:37:07.958Z,64.6,171012,7,0,58.0
2026-09-17T06:37:12.991Z,,,,,55.8
2026-09-17T06:37:18.028Z,,,,,55.8
2026-09-17T06:37:23.065Z,,,,,54.8
2026-09-17T06:37:28.104Z,,,,,54.2
2026-09-17T06:37:33.145Z,,,,,54.8
2026-09-17T06:37:38.188Z,50.0,126956,7,0,55.8
2026-09-17T06:37:43.253Z,91.7,282444,7,0,58.0
2026-09-17T06:37:48.300Z,93.6,405744,7,0,58.0
2026-09-17T06:37:53.341Z,95.6,448004,7,0,58.0
2026-09-17T06:37:58.379Z,97.5,445660,7,0,58.5
2026-09-17T06:38:03.430Z,96.2,442096,7,0,58.0
2026-09-17T06:38:08.474Z,91.0,443684,7,0,58.0
2026-09-17T06:38:13.519Z,91.7,461216,7,0,58.5
2026-09-17T06:38:18.560Z,93.2,481452,7,0,58.5
2026-09-17T06:38:23.602Z,90.0,479116,7,0,58.0
2026-09-17T06:38:28.642Z,89.8,500228,7,0,58.0
2026-09-17T06:38:33.691Z,89.5,500380,7,0,59.1
2026-09-17T06:38:38.749Z,88.1,513024,7,0,58.0
2026-09-17T06:38:43.795Z,85.4,502164,7,0,58.0
2026-09-17T06:38:48.838Z,84.7,496276,7,0,58.0
2026-09-17T06:38:53.884Z,85.4,506868,7,0,58.5
2026-09-17T06:38:58.922Z,86.0,499612,7,0,58.0
2026-09-17T06:39:03.957Z,,,,,56.9
2026-09-17T06:39:08.992Z,,,,,58.0
2026-09-17T06:39:14.031Z,,,,,56.4
2026-09-17T06:39:19.072Z,,,,,55.8
2026-09-17T06:39:24.109Z,,,,,54.8
2026-09-17T06:39:29.180Z,,,,,54.8
2026-09-17T06:39:34.214Z,,,,,54.8
2026-09-17T06:39:39.260Z,73.9,188308,7,0,56.9
2026-09-17T06:39:44.300Z,90.9,313564,7,0,56.9
2026-09-17T06:39:49.345Z,87.1,398712,7,0,58.0
2026-09-17T06:39:54.396Z,92.0,429776,7,0,58.5
2026-09-17T06:39:59.442Z,94.3,433196,7,0,58.0
2026-09-17T06:40:04.485Z,90.4,441892,7,0,57.5
2026-09-17T06:40:09.525Z,90.1,465632,7,0,58.0
2026-09-17T06:40:14.565Z,90.5,483544,7,0,58.5
2026-09-17T06:40:19.605Z,89.3,483996,7,0,58.5
2026-09-17T06:40:24.664Z,86.6,506240,7,0,58.0
2026-09-17T06:40:29.714Z,86.9,495732,7,0,58.5
2026-09-17T06:40:34.760Z,87.4,499984,7,0,58.0
2026-09-17T06:40:39.800Z,85.3,511980,7,0,58.0
2026-09-17T06:40:44.840Z,84.3,502808,7,0,58.5
2026-09-17T06:40:49.883Z,84.8,505152,7,0,58.5
2026-09-17T06:40:54.923Z,85.0,522192,7,0,58.5
2026-09-17T06:40:59.967Z,,,,,58.0
2026-09-17T06:41:05.002Z,,,,,58.0
2026-09-17T06:41:10.038Z,,,,,55.8
2026-09-17T06:41:15.072Z,,,,,55.8
2026-09-17T06:41:20.102Z,,,,,55.8
2026-09-17T06:41:25.140Z,,,,,54.8
2026-09-17T06:41:30.179Z,,,,,54.2
2026-09-17T06:41:35.240Z,63.9,162572,7,0,55.8
2026-09-17T06:41:40.280Z,89.0,313740,7,0,57.5
2026-09-17T06:41:45.338Z,87.4,422616,7,0,56.9
2026-09-17T06:41:50.388Z,92.4,443572,7,0,58.0
2026-09-17T06:41:55.433Z,97.2,442476,7,0,58.0
2026-09-17T06:42:00.474Z,93.1,441520,7,0,58.0
2026-09-17T06:42:05.514Z,90.6,454556,7,0,58.0
2026-09-17T06:42:10.553Z,91.3,469480,7,0,58.5
2026-09-17T06:42:15.588Z,90.5,496748,7,0,56.9
2026-09-17T06:42:20.640Z,86.5,494184,7,0,58.0
2026-09-17T06:42:25.687Z,86.3,498668,7,0,58.0
2026-09-17T06:42:30.735Z,86.7,494764,7,0,58.0
2026-09-17T06:42:35.775Z,86.0,506848,7,0,58.0
2026-09-17T06:42:40.815Z,83.4,516200,7,0,56.9
2026-09-17T06:42:45.858Z,83.5,507440,7,0,57.5
2026-09-17T06:42:50.894Z,84.0,504276,7,0,58.0
2026-09-17T06:42:55.935Z,83.3,498876,7,0,58.0
2026-09-17T06:43:00.981Z,40.0,104560,7,0,56.9
2026-09-17T06:43:06.015Z,,,,,56.9
2026-09-17T06:43:11.049Z,,,,,55.8
2026-09-17T06:43:16.095Z,,,,,55.3
2026-09-17T06:43:21.132Z,,,,,54.2
2026-09-17T06:43:26.171Z,,,,,54.8
2026-09-17T06:43:31.216Z,19.9,74016,7,0,54.8
2026-09-17T06:43:36.254Z,89.6,247844,7,0,56.9
2026-09-17T06:43:41.334Z,96.4,370680,7,0,58.0
2026-09-17T06:43:46.383Z,95.4,439884,7,0,58.0
2026-09-17T06:43:51.428Z,96.6,434364,7,0,58.5
2026-09-17T06:43:56.466Z,98.0,462260,7,0,58.5
2026-09-17T06:44:01.512Z,90.6,461564,7,0,58.0
2026-09-17T06:44:06.559Z,91.4,462000,7,0,58.0
2026-09-17T06:44:11.606Z,92.0,481136,7,0,58.5
2026-09-17T06:44:16.650Z,89.9,485892,7,0,58.0
2026-09-17T06:44:21.691Z,87.8,486656,7,0,58.0
2026-09-17T06:44:26.737Z,88.3,518516,7,0,58.5
2026-09-17T06:44:31.781Z,88.8,503420,7,0,58.0
2026-09-17T06:44:36.824Z,85.6,521100,7,0,58.0
2026-09-17T06:44:41.871Z,85.2,510464,7,0,58.0
2026-09-17T06:44:46.918Z,85.7,507044,7,0,58.5
2026-09-17T06:44:51.962Z,85.9,505408,7,0,58.0
2026-09-17T06:44:57.000Z,,,,,56.4
2026-09-17T06:45:02.035Z,,,,,57.5
2026-09-17T06:45:07.073Z,,,,,54.8
2026-09-17T06:45:12.107Z,,,,,55.8
2026-09-17T06:45:17.146Z,,,,,54.2
2026-09-17T06:45:22.183Z,,,,,54.8
2026-09-17T06:45:27.222Z,,,,,54.8
2026-09-17T06:45:32.271Z,80.2,201644,7,0,56.9
2026-09-17T06:45:37.309Z,99.2,337016,7,0,58.0
2026-09-17T06:45:42.356Z,93.6,416068,7,0,58.0
2026-09-17T06:45:47.398Z,96.0,425996,7,0,58.5
2026-09-17T06:45:52.438Z,97.7,425532,7,0,58.5
2026-09-17T06:45:57.478Z,91.9,417748,7,0,58.0
2026-09-17T06:46:02.532Z,91.5,444396,7,0,58.0
2026-09-17T06:46:07.576Z,91.6,459160,7,0,58.0
2026-09-17T06:46:12.618Z,90.9,473500,7,0,58.0
2026-09-17T06:46:17.657Z,87.7,477240,7,0,58.0
2026-09-17T06:46:22.694Z,88.3,479872,7,0,58.0
2026-09-17T06:46:27.749Z,88.8,492848,7,0,59.1
2026-09-17T06:46:32.789Z,87.4,528164,7,0,58.5
2026-09-17T06:46:37.834Z,85.7,506092,7,0,58.0
2026-09-17T06:46:42.875Z,85.8,514688,7,0,58.0
2026-09-17T06:46:47.914Z,86.6,513012,7,0,59.1
2026-09-17T06:46:52.957Z,84.8,519328,7,0,58.5
2026-09-17T06:46:57.991Z,,,,,56.9
2026-09-17T06:47:03.023Z,,,,,58.0
2026-09-17T06:47:08.062Z,,,,,55.3
2026-09-17T06:47:13.099Z,,,,,55.8
2026-09-17T06:47:18.136Z,,,,,54.8
2026-09-17T06:47:23.178Z,,,,,54.8
2026-09-17T06:47:28.218Z,,,,,54.8
2026-09-17T06:47:33.265Z,55.5,138964,7,0,55.8
2026-09-17T06:47:38.301Z,89.8,285268,7,0,56.9
2026-09-17T06:47:43.345Z,88.8,413472,7,0,56.9
2026-09-17T06:47:48.386Z,93.2,444332,7,0,58.0
2026-09-17T06:47:53.428Z,95.9,452116,7,0,58.5
2026-09-17T06:47:58.473Z,94.7,443028,7,0,58.0
2026-09-17T06:48:03.507Z,88.7,451512,7,0,56.9
2026-09-17T06:48:08.555Z,88.9,464944,7,0,57.5
2026-09-17T06:48:13.608Z,90.2,492724,7,0,58.0
2026-09-17T06:48:18.650Z,87.4,498372,7,0,58.0
2026-09-17T06:48:23.693Z,86.3,506484,7,0,58.0
2026-09-17T06:48:28.735Z,86.7,500428,7,0,58.5
2026-09-17T06:48:33.777Z,86.6,515752,7,0,58.0
2026-09-17T06:48:38.825Z,83.8,495708,7,0,56.9
2026-09-17T06:48:43.873Z,84.0,501672,7,0,58.5
2026-09-17T06:48:48.917Z,84.1,510424,7,0,58.0
2026-09-17T06:48:53.965Z,83.8,521428,7,0,58.0
2026-09-17T06:48:59.007Z,23.6,76596,7,0,56.9
2026-09-17T06:49:04.046Z,,,,,56.9
2026-09-17T06:49:09.080Z,,,,,55.8
2026-09-17T06:49:14.114Z,,,,,55.3
2026-09-17T06:49:19.143Z,,,,,54.8
2026-09-17T06:49:24.178Z,,,,,54.8
2026-09-17T06:49:29.219Z,,,,,54.2
2026-09-17T06:49:34.273Z,81.9,216036,7,0,56.4
2026-09-17T06:49:39.319Z,93.7,348236,7,0,57.5
2026-09-17T06:49:44.357Z,90.2,421284,7,0,57.5
2026-09-17T06:49:49.397Z,93.9,437804,7,0,58.0
2026-09-17T06:49:54.451Z,96.4,460872,7,0,58.5
2026-09-17T06:49:59.493Z,89.2,436960,7,0,58.0
2026-09-17T06:50:04.533Z,90.2,464852,7,0,58.0
2026-09-17T06:50:09.576Z,90.5,482860,7,0,58.5
2026-09-17T06:50:14.616Z,88.7,494568,7,0,58.5
2026-09-17T06:50:19.651Z,86.9,471576,7,0,58.0
2026-09-17T06:50:24.708Z,87.6,511084,7,0,58.0
2026-09-17T06:50:29.754Z,87.5,509692,7,0,59.1
2026-09-17T06:50:34.798Z,85.0,513356,7,0,57.5
2026-09-17T06:50:39.840Z,84.4,500572,7,0,58.0
2026-09-17T06:50:44.882Z,84.8,504316,7,0,58.0
2026-09-17T06:50:49.928Z,85.5,518220,7,0,59.1
2026-09-17T06:50:54.964Z,,,,,56.9
2026-09-17T06:51:00.004Z,,,,,57.5
2026-09-17T06:51:05.044Z,,,,,56.4
2026-09-17T06:51:10.084Z,,,,,54.8
2026-09-17T06:51:15.124Z,,,,,54.8
2026-09-17T06:51:20.207Z,,,,,54.8
2026-09-17T06:51:25.243Z,,,,,54.8
2026-09-17T06:51:30.302Z,61.3,200296,7,0,56.4
2026-09-17T06:51:35.362Z,90.2,329224,7,0,57.5
2026-09-17T06:51:40.414Z,84.4,402004,7,0,57.5
2026-09-17T06:51:45.454Z,90.6,438588,7,0,58.0
2026-09-17T06:51:50.494Z,88.8,421796,7,0,58.0
2026-09-17T06:51:55.534Z,88.8,461244,7,0,58.0
2026-09-17T06:52:00.587Z,85.4,452276,7,0,57.5
2026-09-17T06:52:05.637Z,86.5,463824,7,0,58.0
2026-09-17T06:52:10.675Z,87.5,486588,7,0,58.0
2026-09-17T06:52:15.716Z,84.4,490328,7,0,56.9
2026-09-17T06:52:20.757Z,84.8,498624,7,0,58.5
2026-09-17T06:52:25.798Z,85.4,515180,7,0,58.0
2026-09-17T06:52:30.848Z,85.2,510168,7,0,58.0
2026-09-17T06:52:35.888Z,82.7,513304,7,0,58.0
2026-09-17T06:52:40.927Z,82.8,507764,7,0,58.0
2026-09-17T06:52:45.974Z,83.2,505964,7,0,58.5
2026-09-17T06:52:51.016Z,83.4,517252,7,0,58.5
2026-09-17T06:52:56.079Z,51.8,128072,7,0,58.0
2026-09-17T06:53:01.114Z,,,,,56.4
2026-09-17T06:53:06.148Z,,,,,55.3
2026-09-17T06:53:11.177Z,,,,,55.8
2026-09-17T06:53:16.215Z,,,,,54.8
2026-09-17T06:53:21.254Z,,,,,53.7
2026-09-17T06:53:26.307Z,22.9,83696,7,0,55.3
2026-09-17T06:53:31.350Z,85.6,241096,7,0,56.4
2026-09-17T06:53:36.390Z,88.4,358828,7,0,56.9
2026-09-17T06:53:41.437Z,89.5,434212,7,0,58.0
2026-09-17T06:53:46.483Z,93.9,428488,7,0,58.5
2026-09-17T06:53:51.549Z,93.5,430448,7,0,58.0
2026-09-17T06:53:56.593Z,87.5,437244,7,0,58.0
2026-09-17T06:54:01.633Z,89.0,456120,7,0,58.0
2026-09-17T06:54:06.677Z,89.9,470604,7,0,58.0
2026-09-17T06:54:11.717Z,87.2,474004,7,0,57.5
2026-09-17T06:54:16.755Z,85.9,486152,7,0,58.0
2026-09-17T06:54:21.803Z,87.0,494640,7,0,59.1
2026-09-17T06:54:26.844Z,87.4,525564,7,0,58.0
2026-09-17T06:54:31.889Z,84.5,506044,7,0,58.0
2026-09-17T06:54:36.930Z,84.4,508896,7,0,58.5
2026-09-17T06:54:41.972Z,84.8,512408,7,0,58.0
2026-09-17T06:54:47.016Z,84.5,498652,7,0,58.0
2026-09-17T06:54:52.057Z,18.3,73680,7,0,55.8
2026-09-17T06:54:57.092Z,,,,,56.9
2026-09-17T06:55:02.132Z,,,,,55.8
2026-09-17T06:55:07.172Z,,,,,55.8
2026-09-17T06:55:12.339Z,,,,,55.3
2026-09-17T06:55:17.379Z,,,,,55.3
2026-09-17T06:55:22.419Z,,,,,54.2
2026-09-17T06:55:27.464Z,60.7,147044,7,0,56.4
2026-09-17T06:55:32.516Z,88.1,276084,7,0,57.5
2026-09-17T06:55:37.558Z,84.7,396648,7,0,56.9
2026-09-17T06:55:42.606Z,90.8,441492,7,0,58.0
2026-09-17T06:55:47.660Z,94.0,440352,7,0,58.0
2026-09-17T06:55:52.705Z,90.8,439196,7,0,58.0
2026-09-17T06:55:57.746Z,85.0,442300,7,0,56.9
2026-09-17T06:56:02.789Z,87.0,458920,7,0,58.0
2026-09-17T06:56:07.834Z,87.7,471792,7,0,58.0
2026-09-17T06:56:12.876Z,85.6,505208,7,0,57.5
2026-09-17T06:56:17.915Z,85.5,506124,7,0,58.0
2026-09-17T06:56:22.965Z,85.5,506376,7,0,58.0
2026-09-17T06:56:28.013Z,85.7,517396,7,0,58.5
2026-09-17T06:56:33.053Z,83.0,524456,7,0,58.0
2026-09-17T06:56:38.097Z,83.5,529268,7,0,58.5
2026-09-17T06:56:43.135Z,84.3,521096,7,0,58.5
2026-09-17T06:56:48.174Z,84.2,540960,7,0,58.0
2026-09-17T06:56:53.218Z,46.1,118244,7,0,56.9
2026-09-17T06:56:58.252Z,,,,,56.9
2026-09-17T06:57:03.286Z,,,,,55.8
2026-09-17T06:57:08.322Z,,,,,55.8
2026-09-17T06:57:13.358Z,,,,,54.8
2026-09-17T06:57:18.397Z,,,,,54.8
2026-09-17T06:57:23.442Z,60.1,148340,7,0,55.8
2026-09-17T06:57:28.497Z,95.0,292688,7,0,56.9
2026-09-17T06:57:33.537Z,89.1,380436,7,0,57.5
2026-09-17T06:57:38.583Z,94.6,430740,7,0,57.5
2026-09-17T06:57:43.626Z,96.8,425840,7,0,58.5
2026-09-17T06:57:48.667Z,94.6,444712,7,0,58.0
2026-09-17T06:57:53.707Z,91.3,451920,7,0,58.0
2026-09-17T06:57:58.749Z,92.5,469096,7,0,58.5
2026-09-17T06:58:03.803Z,92.9,493980,7,0,58.5
2026-09-17T06:58:08.844Z,88.6,490552,7,0,58.0
2026-09-17T06:58:13.885Z,89.4,505152,7,0,58.5
2026-09-17T06:58:18.929Z,89.9,501528,7,0,58.5
2026-09-17T06:58:23.968Z,89.5,544728,7,0,58.5
2026-09-17T06:58:29.010Z,86.8,548280,7,0,58.0
2026-09-17T06:58:34.052Z,87.5,526272,7,0,58.5
2026-09-17T06:58:39.093Z,88.2,528576,7,0,58.5
2026-09-17T06:58:44.133Z,86.8,524280,7,0,59.1
2026-09-17T06:58:49.170Z,61.9,166664,7,0,58.0
2026-09-17T06:58:54.204Z,,,,,56.9
2026-09-17T06:58:59.237Z,,,,,55.8
2026-09-17T06:59:04.272Z,,,,,55.8
2026-09-17T06:59:09.312Z,,,,,54.8
2026-09-17T06:59:14.343Z,,,,,54.8
2026-09-17T06:59:19.405Z,70.8,187444,7,0,56.4
2026-09-17T06:59:24.462Z,91.7,314408,7,0,58.5
2026-09-17T06:59:29.507Z,85.4,385884,7,0,58.0
2026-09-17T06:59:34.551Z,92.8,432316,7,0,58.5
2026-09-17T06:59:39.602Z,96.1,427804,7,0,59.1
2026-09-17T06:59:44.644Z,90.8,437652,7,0,58.0
2026-09-17T06:59:49.688Z,89.0,444552,7,0,58.0
2026-09-17T06:59:54.730Z,89.8,463884,7,0,58.5
2026-09-17T06:59:59.772Z,91.0,510104,7,0,58.5
2026-09-17T07:00:04.814Z,87.1,514976,7,0,58.0
2026-09-17T07:00:09.852Z,87.2,503168,7,0,58.5
2026-09-17T07:00:14.899Z,88.1,507636,7,0,58.5
2026-09-17T07:00:19.939Z,86.3,497332,7,0,58.0
2026-09-17T07:00:24.993Z,84.3,471956,7,0,58.0
2026-09-17T07:00:30.044Z,85.3,514856,7,0,58.5
2026-09-17T07:00:35.085Z,85.7,507576,7,0,58.0
2026-09-17T07:00:40.122Z,84.7,0,2,0,58.5
2026-09-17T07:00:45.172Z,67.4,165828,7,0,58.5
2026-09-17T07:00:50.208Z,,,,,56.9
2026-09-17T07:00:55.243Z,,,,,55.8
2026-09-17T07:01:00.281Z,,,,,55.8
2026-09-17T07:01:05.322Z,,,,,55.3
2026-09-17T07:01:10.357Z,,,,,54.8
2026-09-17T07:01:15.405Z,58.0,139544,7,0,56.4
2026-09-17T07:01:20.463Z,95.8,299584,7,0,58.0
2026-09-17T07:01:25.504Z,93.9,431784,7,0,57.5
2026-09-17T07:01:30.542Z,96.4,443984,7,0,58.0
2026-09-17T07:01:35.585Z,97.6,451392,7,0,58.0
2026-09-17T07:01:40.624Z,94.9,436352,7,0,58.0
2026-09-17T07:01:45.681Z,90.7,452256,7,0,58.0
2026-09-17T07:01:50.719Z,91.2,457520,7,0,58.0
2026-09-17T07:01:55.765Z,92.0,492132,7,0,58.5
2026-09-17T07:02:00.804Z,88.9,495156,7,0,56.9
2026-09-17T07:02:05.846Z,88.3,499948,7,0,58.0
2026-09-17T07:02:10.888Z,88.6,504708,7,0,58.5
2026-09-17T07:02:15.931Z,86.9,522564,7,0,58.0
2026-09-17T07:02:20.970Z,84.2,505660,7,0,58.0
2026-09-17T07:02:26.009Z,84.6,515312,7,0,58.0
2026-09-17T07:02:31.051Z,85.4,512076,7,0,58.5
2026-09-17T07:02:36.091Z,86.2,529436,7,0,59.1
2026-09-17T07:02:41.131Z,20.3,74644,7,0,56.9
2026-09-17T07:02:46.167Z,,,,,56.9
2026-09-17T07:02:51.206Z,,,,,55.8
2026-09-17T07:02:56.243Z,,,,,55.3
2026-09-17T07:03:01.283Z,,,,,55.3
2026-09-17T07:03:06.320Z,,,,,54.8
2026-09-17T07:03:11.358Z,,,,,54.8
2026-09-17T07:03:16.405Z,81.6,216476,7,0,57.5
2026-09-17T07:03:21.451Z,95.7,360508,7,0,58.0
2026-09-17T07:03:26.496Z,87.7,410160,7,0,58.0
2026-09-17T07:03:31.540Z,92.6,434376,7,0,58.5
2026-09-17T07:03:36.583Z,94.3,431816,7,0,59.1
2026-09-17T07:03:41.626Z,88.6,435016,7,0,58.0
2026-09-17T07:03:46.666Z,88.5,462512,7,0,58.0
2026-09-17T07:03:51.706Z,89.8,470416,7,0,59.1
2026-09-17T07:03:56.748Z,88.3,473080,7,0,58.0
2026-09-17T07:04:01.798Z,85.9,489316,7,0,58.0
2026-09-17T07:04:06.850Z,86.6,501880,7,0,58.0
2026-09-17T07:04:11.896Z,87.5,498716,7,0,59.1
2026-09-17T07:04:16.937Z,85.7,531308,7,0,58.0
2026-09-17T07:04:21.990Z,84.7,501656,7,0,58.5
2026-09-17T07:04:27.047Z,85.3,503632,7,0,58.0
2026-09-17T07:04:32.097Z,85.3,513428,7,0,58.5
2026-09-17T07:04:37.130Z,,,,,57.5
2026-09-17T07:04:42.165Z,,,,,59.1
2026-09-17T07:04:47.199Z,,,,,56.4
2026-09-17T07:04:52.234Z,,,,,55.8
2026-09-17T07:04:57.268Z,,,,,55.8
2026-09-17T07:05:02.302Z,,,,,55.3
2026-09-17T07:05:07.336Z,,,,,54.8
2026-09-17T07:05:12.377Z,51.4,147056,7,0,55.8
2026-09-17T07:05:17.434Z,84.3,302512,7,0,58.0
2026-09-17T07:05:22.476Z,84.3,406368,7,0,58.0
2026-09-17T07:05:27.516Z,87.8,430016,7,0,58.0
2026-09-17T07:05:32.550Z,91.5,431808,7,0,58.5
2026-09-17T07:05:37.593Z,90.1,441884,7,0,58.0
2026-09-17T07:05:42.640Z,86.7,452276,7,0,58.0
2026-09-17T07:05:47.687Z,88.1,464024,7,0,58.5
2026-09-17T07:05:52.733Z,88.9,493188,7,0,58.5
2026-09-17T07:05:57.774Z,86.5,509680,7,0,58.0
2026-09-17T07:06:02.819Z,86.3,515148,7,0,58.5
2026-09-17T07:06:07.864Z,86.3,509052,7,0,58.0
2026-09-17T07:06:12.907Z,85.6,498288,7,0,58.0
2026-09-17T07:06:17.948Z,83.1,507176,7,0,58.0
2026-09-17T07:06:23.003Z,83.5,511872,7,0,59.1
2026-09-17T07:06:28.063Z,84.1,510084,7,0,59.1
2026-09-17T07:06:33.104Z,83.2,507856,7,0,58.5
2026-09-17T07:06:38.159Z,55.4,144888,7,0,58.0
2026-09-17T07:06:43.194Z,,,,,56.9
2026-09-17T07:06:48.228Z,,,,,55.8
2026-09-17T07:06:53.262Z,,,,,55.8
2026-09-17T07:06:58.301Z,,,,,55.3
2026-09-17T07:07:03.339Z,,,,,54.8
2026-09-17T07:07:08.396Z,27.7,85704,7,0,54.8
2026-09-17T07:07:13.443Z,81.7,246320,7,0,57.5
2026-09-17T07:07:18.485Z,90.2,358292,7,0,58.0
2026-09-17T07:07:23.545Z,85.1,406672,7,0,58.0
2026-09-17T07:07:28.590Z,90.2,424392,7,0,58.0
2026-09-17T07:07:33.638Z,92.9,428560,7,0,59.1
2026-09-17T07:07:38.684Z,87.2,459272,7,0,58.0
2026-09-17T07:07:43.726Z,87.7,459052,7,0,58.5
2026-09-17T07:07:48.772Z,88.9,471184,7,0,58.5
2026-09-17T07:07:53.815Z,88.4,480532,7,0,58.0
2026-09-17T07:07:58.855Z,86.2,480648,7,0,58.5
2026-09-17T07:08:03.891Z,86.7,506804,7,0,59.1
2026-09-17T07:08:08.945Z,86.7,507136,7,0,59.1
2026-09-17T07:08:13.984Z,84.5,486656,7,0,58.0
2026-09-17T07:08:19.026Z,83.6,493144,7,0,58.0
2026-09-17T07:08:24.068Z,84.4,520324,7,0,59.1
2026-09-17T07:08:29.104Z,84.6,515932,7,0,58.0
2026-09-17T07:08:34.137Z,,,,,58.0
2026-09-17T07:08:39.189Z,54.1,132908,7,0,56.9
2026-09-17T07:08:44.223Z,,,,,55.8
2026-09-17T07:08:49.252Z,,,,,55.8
2026-09-17T07:08:54.286Z,,,,,55.8
2026-09-17T07:08:59.320Z,,,,,54.8
2026-09-17T07:09:04.354Z,,,,,54.8
2026-09-17T07:09:09.389Z,,,,,54.8
2026-09-17T07:09:14.450Z,82.7,206228,7,0,56.9
2026-09-17T07:09:19.493Z,89.4,321024,7,0,56.9
2026-09-17T07:09:24.551Z,87.7,435568,7,0,56.9
2026-09-17T07:09:29.611Z,91.7,447464,7,0,58.0
2026-09-17T07:09:34.656Z,96.1,457484,7,0,59.1
2026-09-17T07:09:39.696Z,92.1,447476,7,0,56.9
2026-09-17T07:09:44.740Z,91.0,471060,7,0,58.0
2026-09-17T07:09:49.786Z,92.2,479024,7,0,59.1
2026-09-17T07:09:54.827Z,92.4,489736,7,0,59.1
2026-09-17T07:09:59.871Z,88.1,493500,7,0,58.0
2026-09-17T07:10:04.912Z,88.5,513848,7,0,58.5
2026-09-17T07:10:09.953Z,88.5,511364,7,0,58.0
2026-09-17T07:10:14.996Z,87.0,512196,7,0,58.0
2026-09-17T07:10:20.030Z,84.9,502324,7,0,58.0
2026-09-17T07:10:25.083Z,85.6,522360,7,0,58.5
2026-09-17T07:10:30.134Z,86.3,512268,7,0,59.1
2026-09-17T07:10:35.175Z,85.6,532492,7,0,58.5
2026-09-17T07:10:40.219Z,68.8,175360,7,0,58.5
2026-09-17T07:10:45.255Z,,,,,56.9
2026-09-17T07:10:50.289Z,,,,,56.4
2026-09-17T07:10:55.329Z,,,,,55.3
2026-09-17T07:11:00.368Z,,,,,55.3
2026-09-17T07:11:05.406Z,,,,,54.8
2026-09-17T07:11:10.453Z,50.3,127876,7,0,55.8
2026-09-17T07:11:15.493Z,91.4,284364,7,0,58.0
2026-09-17T07:11:20.533Z,95.8,431136,7,0,58.0
2026-09-17T07:11:25.576Z,98.3,435992,7,0,58.0
2026-09-17T07:11:30.622Z,99.8,438424,7,0,59.1
2026-09-17T07:11:35.662Z,97.3,467128,7,0,58.5
2026-09-17T07:11:40.707Z,90.3,462468,7,0,58.0
2026-09-17T07:11:45.762Z,91.1,475336,7,0,58.0
2026-09-17T07:11:50.825Z,92.6,489348,7,0,59.1
2026-09-17T07:11:55.864Z,90.2,497932,7,0,58.0
2026-09-17T07:12:00.908Z,88.4,501708,7,0,58.5
2026-09-17T07:12:05.944Z,89.1,505944,7,0,59.1
2026-09-17T07:12:10.987Z,89.6,522476,7,0,59.1
2026-09-17T07:12:16.035Z,86.6,508452,7,0,58.0
2026-09-17T07:12:21.071Z,86.6,513324,7,0,58.5
2026-09-17T07:12:26.117Z,86.7,517128,7,0,59.1
2026-09-17T07:12:31.186Z,86.9,513456,7,0,59.1
2026-09-17T07:12:36.231Z,16.4,73108,7,0,57.5
2026-09-17T07:12:41.266Z,,,,,56.9
2026-09-17T07:12:46.301Z,,,,,55.8
2026-09-17T07:12:51.341Z,,,,,55.8
2026-09-17T07:12:56.379Z,,,,,55.3
2026-09-17T07:13:01.421Z,,,,,55.3
2026-09-17T07:13:06.460Z,,,,,54.2
2026-09-17T07:13:11.542Z,84.7,224476,7,0,56.9
2026-09-17T07:13:16.597Z,96.9,351240,7,0,58.5
2026-09-17T07:13:21.638Z,90.4,410040,7,0,58.0
2026-09-17T07:13:26.683Z,95.3,439356,7,0,59.1
2026-09-17T07:13:31.723Z,96.6,436720,7,0,59.1
2026-09-17T07:13:36.766Z,91.7,452592,7,0,58.0
2026-09-17T07:13:41.811Z,90.4,453356,7,0,58.0
2026-09-17T07:13:46.851Z,90.7,464260,7,0,58.5
2026-09-17T07:13:51.893Z,89.4,473216,7,0,58.0
2026-09-17T07:13:56.935Z,87.0,465444,7,0,58.0
2026-09-17T07:14:01.975Z,87.9,495972,7,0,58.0
2026-09-17T07:14:07.021Z,88.0,510736,7,0,58.5
2026-09-17T07:14:12.064Z,86.0,498688,7,0,58.0
2026-09-17T07:14:17.106Z,84.7,501132,7,0,58.0
2026-09-17T07:14:22.150Z,85.5,533000,7,0,59.1
2026-09-17T07:14:27.190Z,86.2,520968,7,0,59.1
2026-09-17T07:14:32.226Z,,,,,58.5
2026-09-17T07:14:37.258Z,,,,,58.0
2026-09-17T07:14:42.298Z,,,,,56.9
2026-09-17T07:14:47.337Z,,,,,55.8
2026-09-17T07:14:52.384Z,,,,,55.3
2026-09-17T07:14:57.423Z,,,,,54.8
2026-09-17T07:15:02.462Z,,,,,54.8
2026-09-17T07:15:07.520Z,70.6,185156,7,0,56.9
2026-09-17T07:15:12.560Z,91.5,304396,7,0,58.0
2026-09-17T07:15:17.605Z,87.7,419868,7,0,56.9
2026-09-17T07:15:22.658Z,91.9,446608,7,0,58.5
2026-09-17T07:15:27.718Z,95.3,448972,7,0,59.1
2026-09-17T07:15:32.764Z,90.9,440516,7,0,58.0
2026-09-17T07:15:37.805Z,89.2,452620,7,0,58.0
2026-09-17T07:15:42.846Z,89.6,472228,7,0,58.0
2026-09-17T07:15:47.889Z,89.4,497492,7,0,58.5
2026-09-17T07:15:52.929Z,85.6,492024,7,0,57.5
2026-09-17T07:15:57.970Z,86.5,507396,7,0,58.0
2026-09-17T07:16:03.019Z,86.7,506788,7,0,58.5
2026-09-17T07:16:08.065Z,85.4,499840,7,0,58.0
2026-09-17T07:16:13.103Z,83.5,499980,7,0,58.0
2026-09-17T07:16:18.141Z,83.8,512012,7,0,58.5
2026-09-17T07:16:23.182Z,84.4,509864,7,0,58.5
2026-09-17T07:16:28.219Z,83.0,499668,7,0,58.0
2026-09-17T07:16:33.264Z,61.5,156200,7,0,58.0
2026-09-17T07:16:38.299Z,,,,,55.8
2026-09-17T07:16:43.333Z,,,,,55.8
2026-09-17T07:16:48.372Z,,,,,55.3
2026-09-17T07:16:53.411Z,,,,,55.3
2026-09-17T07:16:58.455Z,,,,,54.8
2026-09-17T07:17:03.489Z,,,,,54.8
2026-09-17T07:17:08.550Z,50.9,132656,7,0,55.3
2026-09-17T07:17:13.592Z,93.0,283120,7,0,58.0
2026-09-17T07:17:18.634Z,90.6,400820,7,0,56.9
2026-09-17T07:17:23.677Z,90.3,441096,7,0,58.0
2026-09-17T07:17:28.739Z,94.9,435572,7,0,58.0
2026-09-17T07:17:33.794Z,95.7,427780,7,0,58.5
2026-09-17T07:17:38.835Z,89.4,441628,7,0,58.0
2026-09-17T07:17:43.870Z,88.2,465948,7,0,56.9
2026-09-17T07:17:48.915Z,89.3,477852,7,0,58.0
2026-09-17T07:17:53.958Z,88.7,505436,7,0,58.0
2026-09-17T07:17:59.003Z,86.4,502052,7,0,58.0
2026-09-17T07:18:04.059Z,85.1,501572,7,0,58.0
2026-09-17T07:18:09.118Z,85.7,511760,7,0,58.5
2026-09-17T07:18:14.157Z,84.2,515176,7,0,58.0
2026-09-17T07:18:19.198Z,82.7,503268,7,0,58.5
2026-09-17T07:18:24.236Z,83.6,495432,7,0,59.1
2026-09-17T07:18:29.280Z,84.2,514700,7,0,59.1
2026-09-17T07:18:34.315Z,,,,,58.0
2026-09-17T07:18:39.361Z,74.2,200200,7,0,58.5
2026-09-17T07:18:44.396Z,,,,,56.4
2026-09-17T07:18:49.430Z,,,,,55.8
2026-09-17T07:18:54.472Z,,,,,55.3
2026-09-17T07:18:59.508Z,,,,,55.3
2026-09-17T07:19:04.548Z,,,,,54.8
2026-09-17T07:19:09.594Z,55.5,141260,7,0,55.8
2026-09-17T07:19:14.639Z,90.1,276548,7,0,58.0
2026-09-17T07:19:19.680Z,85.6,372808,7,0,56.9
2026-09-17T07:19:24.724Z,89.2,425616,7,0,58.0
2026-09-17T07:19:29.764Z,93.8,419628,7,0,59.1
2026-09-17T07:19:34.807Z,91.6,449548,7,0,58.0
2026-09-17T07:19:39.847Z,88.7,441076,7,0,58.0
2026-09-17T07:19:44.888Z,88.8,459148,7,0,58.0
2026-09-17T07:19:49.955Z,90.3,476224,7,0,58.5
2026-09-17T07:19:54.998Z,86.9,523500,7,0,58.0
2026-09-17T07:20:00.035Z,87.1,506152,7,0,59.1
2026-09-17T07:20:05.076Z,87.6,510124,7,0,58.5
2026-09-17T07:20:10.117Z,86.7,514080,7,0,58.0
2026-09-17T07:20:15.168Z,84.1,512380,7,0,57.5
2026-09-17T07:20:20.213Z,84.6,508896,7,0,58.5
2026-09-17T07:20:25.253Z,85.0,521060,7,0,58.5
2026-09-17T07:20:30.305Z,84.7,536304,7,0,58.0
2026-09-17T07:20:35.350Z,50.2,128792,7,0,58.0
2026-09-17T07:20:40.387Z,,,,,56.4
2026-09-17T07:20:45.421Z,,,,,55.8
2026-09-17T07:20:50.458Z,,,,,55.3
2026-09-17T07:20:55.495Z,,,,,54.8
2026-09-17T07:21:00.538Z,,,,,54.8
2026-09-17T07:21:05.579Z,32.9,95944,7,0,54.8
2026-09-17T07:21:10.619Z,83.9,239684,7,0,57.5
2026-09-17T07:21:15.666Z,92.5,383864,7,0,58.0
2026-09-17T07:21:20.710Z,91.9,421904,7,0,58.0
2026-09-17T07:21:25.753Z,94.7,425592,7,0,58.0
2026-09-17T07:21:30.796Z,96.4,424668,7,0,58.5
2026-09-17T07:21:35.840Z,90.8,433472,7,0,58.0
2026-09-17T07:21:40.878Z,91.6,453832,7,0,58.5
2026-09-17T07:21:45.920Z,92.1,463844,7,0,58.5
2026-09-17T07:21:50.961Z,89.7,512276,7,0,58.5
2026-09-17T07:21:56.000Z,88.6,501936,7,0,58.0
2026-09-17T07:22:01.048Z,88.7,504720,7,0,58.5
2026-09-17T07:22:06.091Z,88.9,497600,7,0,58.5
2026-09-17T07:22:11.132Z,85.9,508912,7,0,58.0
2026-09-17T07:22:16.172Z,86.0,502048,7,0,58.5
2026-09-17T07:22:21.213Z,86.4,505980,7,0,59.1
2026-09-17T07:22:26.253Z,85.8,506064,7,0,58.5
2026-09-17T07:22:31.315Z,30.3,88784,7,0,56.9
2026-09-17T07:22:36.344Z,,,,,56.9
2026-09-17T07:22:41.378Z,,,,,55.8
2026-09-17T07:22:46.419Z,,,,,55.8
2026-09-17T07:22:51.456Z,,,,,55.3
2026-09-17T07:22:56.496Z,,,,,54.8
2026-09-17T07:23:01.534Z,,,,,54.8
2026-09-17T07:23:06.577Z,84.9,210716,7,0,57.5
2026-09-17T07:23:11.636Z,98.8,340204,7,0,58.0
2026-09-17T07:23:16.680Z,92.2,408988,7,0,58.0
2026-09-17T07:23:21.715Z,96.8,423520,7,0,58.0
2026-09-17T07:23:26.757Z,98.1,429624,7,0,59.1
2026-09-17T07:23:31.798Z,92.0,436488,7,0,56.9
2026-09-17T07:23:36.838Z,91.8,451160,7,0,58.0
2026-09-17T07:23:41.897Z,92.7,469812,7,0,58.0
2026-09-17T07:23:46.942Z,92.3,500980,7,0,58.5
2026-09-17T07:23:51.985Z,88.8,484936,7,0,56.9
2026-09-17T07:23:57.025Z,88.8,509840,7,0,59.1
2026-09-17T07:24:02.065Z,89.5,498304,7,0,59.1
2026-09-17T07:24:07.103Z,87.1,499628,7,0,58.0
2026-09-17T07:24:12.145Z,85.8,499564,7,0,58.0
2026-09-17T07:24:17.188Z,86.1,516556,7,0,58.0
2026-09-17T07:24:22.227Z,86.6,520280,7,0,58.0
2026-09-17T07:24:27.263Z,,,,,56.9
2026-09-17T07:24:32.295Z,,,,,58.0
2026-09-17T07:24:37.330Z,,,,,56.4
2026-09-17T07:24:42.364Z,,,,,55.8
2026-09-17T07:24:47.402Z,,,,,55.8
2026-09-17T07:24:52.443Z,,,,,54.8
2026-09-17T07:24:57.483Z,,,,,54.8
2026-09-17T07:25:02.551Z,72.2,173208,7,0,56.4
2026-09-17T07:25:07.593Z,102,316640,7,0,58.5
2026-09-17T07:25:12.650Z,96.6,423264,7,0,58.0
2026-09-17T07:25:17.690Z,94.3,436140,7,0,58.0
2026-09-17T07:25:22.733Z,95.1,444904,7,0,58.5
2026-09-17T07:25:27.774Z,93.9,439236,7,0,58.0
2026-09-17T07:25:32.816Z,89.9,445820,7,0,58.0
2026-09-17T07:25:37.855Z,90.5,467252,7,0,58.0
2026-09-17T07:25:42.898Z,90.7,484772,7,0,59.1
2026-09-17T07:25:47.941Z,87.3,498376,7,0,58.0
2026-09-17T07:25:52.991Z,87.6,504476,7,0,58.5
2026-09-17T07:25:58.038Z,87.3,509364,7,0,58.0
2026-09-17T07:26:03.080Z,86.4,509276,7,0,58.0
2026-09-17T07:26:08.122Z,83.8,515536,7,0,57.5
2026-09-17T07:26:13.164Z,84.3,512584,7,0,58.5
2026-09-17T07:26:18.204Z,84.8,514800,7,0,59.1
2026-09-17T07:26:23.243Z,83.9,506440,7,0,58.0
2026-09-17T07:26:28.294Z,58.5,150740,7,0,58.0
2026-09-17T07:26:33.328Z,,,,,56.9
2026-09-17T07:26:38.368Z,,,,,55.8
2026-09-17T07:26:43.407Z,,,,,54.8
2026-09-17T07:26:48.446Z,,,,,55.8
2026-09-17T07:26:53.485Z,,,,,54.8
2026-09-17T07:26:58.524Z,,,,,54.2
2026-09-17T07:27:03.566Z,81.2,225380,7,0,57.5
2026-09-17T07:27:08.601Z,95.5,384552,7,0,58.5
2026-09-17T07:27:13.646Z,91.5,431456,7,0,58.0
2026-09-17T07:27:18.686Z,96.4,444472,7,0,59.1
2026-09-17T07:27:23.721Z,99.5,446252,7,0,59.1
2026-09-17T07:27:28.761Z,91.7,446132,7,0,58.0
2026-09-17T07:27:33.803Z,92.7,459444,7,0,58.5
2026-09-17T07:27:38.849Z,93.9,477044,7,0,59.1
2026-09-17T07:27:43.887Z,92.4,516456,7,0,59.1
2026-09-17T07:27:48.932Z,89.6,503828,7,0,58.0
2026-09-17T07:27:53.974Z,89.7,499368,7,0,58.5
2026-09-17T07:27:59.016Z,89.7,516392,7,0,59.1
2026-09-17T07:28:04.062Z,87.6,509944,7,0,58.0
2026-09-17T07:28:09.119Z,86.4,511376,7,0,58.5
2026-09-17T07:28:14.180Z,87.1,511528,7,0,58.5
2026-09-17T07:28:19.222Z,87.5,518968,7,0,58.5
2026-09-17T07:28:24.258Z,,,,,58.0
2026-09-17T07:28:29.292Z,,,,,59.1
2026-09-17T07:28:34.332Z,,,,,56.4
2026-09-17T07:28:39.371Z,,,,,55.3
2026-09-17T07:28:44.418Z,,,,,55.8
2026-09-17T07:28:49.456Z,,,,,55.3
2026-09-17T07:28:54.505Z,16.7,76728,7,0,54.8
2026-09-17T07:28:59.549Z,73.6,191616,7,0,56.9
2026-09-17T07:29:04.597Z,100,325880,7,0,58.5
2026-09-17T07:29:09.637Z,92.6,424180,7,0,58.0
2026-09-17T07:29:14.677Z,94.8,452252,7,0,58.0
2026-09-17T07:29:19.717Z,96.6,447708,7,0,58.5
2026-09-17T07:29:24.760Z,92.2,436284,7,0,58.0
2026-09-17T07:29:29.812Z,90.1,462072,7,0,58.0
2026-09-17T07:29:34.881Z,90.8,473324,7,0,59.6
2026-09-17T07:29:39.924Z,92.0,499360,7,0,59.1
2026-09-17T07:29:44.968Z,87.7,488744,7,0,58.0
2026-09-17T07:29:50.010Z,88.7,506196,7,0,58.5
2026-09-17T07:29:55.047Z,89.0,508656,7,0,59.1
2026-09-17T07:30:00.087Z,87.4,520752,7,0,58.5
2026-09-17T07:30:05.132Z,85.1,502724,7,0,58.0
2026-09-17T07:30:10.176Z,85.4,517844,7,0,58.0
2026-09-17T07:30:15.214Z,84.9,511088,7,0,58.0
2026-09-17T07:30:20.253Z,84.7,540916,7,0,58.5
2026-09-17T07:30:25.296Z,19.2,74292,7,0,56.4
2026-09-17T07:30:30.332Z,,,,,56.9
2026-09-17T07:30:35.374Z,,,,,56.9
2026-09-17T07:30:40.408Z,,,,,55.3
2026-09-17T07:30:45.446Z,,,,,54.8
2026-09-17T07:30:50.485Z,,,,,55.3
2026-09-17T07:30:55.525Z,,,,,54.8
2026-09-17T07:31:00.576Z,82.0,213328,7,0,56.9
2026-09-17T07:31:05.624Z,95.2,341940,7,0,58.0
2026-09-17T07:31:10.671Z,90.6,427836,7,0,58.0
2026-09-17T07:31:15.718Z,94.0,459116,7,0,58.0
2026-09-17T07:31:20.761Z,95.4,453488,7,0,58.5
2026-09-17T07:31:25.801Z,89.4,439492,7,0,56.9
2026-09-17T07:31:30.839Z,89.4,454872,7,0,58.0
2026-09-17T07:31:35.879Z,90.3,481552,7,0,58.5
2026-09-17T07:31:40.941Z,89.1,490472,7,0,58.0
2026-09-17T07:31:45.997Z,86.1,490260,7,0,58.0
2026-09-17T07:31:51.038Z,86.8,500008,7,0,58.5
2026-09-17T07:31:56.077Z,87.0,492780,7,0,58.5
2026-09-17T07:32:01.119Z,85.2,488968,7,0,58.5
2026-09-17T07:32:06.156Z,83.9,499668,7,0,58.0
2026-09-17T07:32:11.193Z,84.4,512684,7,0,58.0
2026-09-17T07:32:16.235Z,84.8,512572,7,0,59.1
2026-09-17T07:32:21.270Z,,,,,58.0
2026-09-17T07:32:26.348Z,,,,,59.1
2026-09-17T07:32:31.382Z,,,,,56.4
2026-09-17T07:32:36.416Z,,,,,55.3
2026-09-17T07:32:41.455Z,,,,,54.8
2026-09-17T07:32:46.492Z,,,,,54.8
2026-09-17T07:32:51.532Z,,,,,54.2
2026-09-17T07:32:56.573Z,70.6,172460,7,0,56.4
2026-09-17T07:33:01.619Z,99.4,322272,7,0,58.0
2026-09-17T07:33:06.684Z,93.9,430948,7,0,58.0
2026-09-17T07:33:11.744Z,96.9,438736,7,0,58.0
2026-09-17T07:33:16.811Z,99.3,431052,7,0,58.5
2026-09-17T07:33:21.854Z,94.5,428840,7,0,58.0
2026-09-17T07:33:26.894Z,88.8,439400,7,0,56.9
2026-09-17T07:33:31.945Z,89.3,460932,7,0,58.5
2026-09-17T07:33:36.986Z,91.0,483372,7,0,59.1
2026-09-17T07:33:42.029Z,87.9,487300,7,0,58.0
2026-09-17T07:33:47.071Z,87.6,495780,7,0,58.5
2026-09-17T07:33:52.121Z,88.1,499284,7,0,59.1
2026-09-17T07:33:57.164Z,87.7,504380,7,0,58.5
2026-09-17T07:34:02.205Z,85.0,499648,7,0,58.0
2026-09-17T07:34:07.247Z,85.2,503140,7,0,58.5
2026-09-17T07:34:12.293Z,85.7,508560,7,0,58.5
2026-09-17T07:34:17.333Z,85.4,507108,7,0,58.5
2026-09-17T07:34:22.390Z,48.2,124900,7,0,57.5
2026-09-17T07:34:27.425Z,,,,,57.5
2026-09-17T07:34:32.459Z,,,,,56.4
2026-09-17T07:34:37.495Z,,,,,56.4
2026-09-17T07:34:42.529Z,,,,,55.8
2026-09-17T07:34:47.563Z,,,,,55.3
2026-09-17T07:34:52.602Z,,,,,54.8
2026-09-17T07:34:57.641Z,82.9,230408,7,0,56.9
2026-09-17T07:35:02.701Z,92.8,373584,7,0,58.5
2026-09-17T07:35:07.752Z,91.3,429592,7,0,59.1
2026-09-17T07:35:12.816Z,93.2,448120,7,0,59.1
2026-09-17T07:35:17.862Z,94.2,432112,7,0,59.1
2026-09-17T07:35:22.911Z,87.6,434596,7,0,58.0
2026-09-17T07:35:27.955Z,88.3,452904,7,0,58.5
2026-09-17T07:35:33.006Z,88.9,475652,7,0,58.0
2026-09-17T07:35:38.049Z,85.8,491584,7,0,58.0
2026-09-17T07:35:43.091Z,83.5,487744,7,0,58.0
2026-09-17T07:35:48.126Z,84.5,513624,7,0,58.0
2026-09-17T07:35:53.166Z,85.2,512736,7,0,58.5
2026-09-17T07:35:58.208Z,83.8,520240,7,0,58.0
2026-09-17T07:36:03.264Z,82.7,513148,7,0,58.5
2026-09-17T07:36:08.311Z,83.3,503640,7,0,59.1
2026-09-17T07:36:13.355Z,83.8,525828,7,0,59.1
2026-09-17T07:36:18.392Z,,,,,58.0
2026-09-17T07:36:23.431Z,,,,,58.5
2026-09-17T07:36:28.472Z,,,,,55.8
2026-09-17T07:36:33.511Z,,,,,55.8
2026-09-17T07:36:38.551Z,,,,,55.8
2026-09-17T07:36:43.591Z,,,,,55.3
2026-09-17T07:36:48.646Z,17.6,0,2,0,54.8
2026-09-17T07:36:53.686Z,37.5,109060,7,0,55.3
2026-09-17T07:36:58.737Z,90.4,262252,7,0,58.0
2026-09-17T07:37:03.782Z,98.8,421344,7,0,58.0
2026-09-17T07:37:08.819Z,90.2,437208,7,0,58.0
2026-09-17T07:37:13.857Z,94.6,444116,7,0,58.5
2026-09-17T07:37:18.920Z,96.4,444560,7,0,59.1
2026-09-17T07:37:23.961Z,90.3,463092,7,0,58.5
2026-09-17T07:37:29.002Z,91.5,474980,7,0,58.5
2026-09-17T07:37:34.041Z,92.1,485476,7,0,58.5
2026-09-17T07:37:39.083Z,91.5,504800,7,0,58.0
2026-09-17T07:37:44.120Z,89.7,494820,7,0,58.5
2026-09-17T07:37:49.159Z,89.9,516320,7,0,59.1
2026-09-17T07:37:54.214Z,89.9,520028,7,0,59.1
2026-09-17T07:37:59.257Z,87.2,529656,7,0,58.0
2026-09-17T07:38:04.303Z,86.3,512280,7,0,58.0
2026-09-17T07:38:09.346Z,86.7,516720,7,0,59.1
2026-09-17T07:38:14.387Z,87.1,521984,7,0,59.1
2026-09-17T07:38:19.422Z,,,,,57.5
2026-09-17T07:38:24.455Z,,,,,58.0
2026-09-17T07:38:29.492Z,,,,,56.4
2026-09-17T07:38:34.531Z,,,,,55.8
2026-09-17T07:38:39.573Z,,,,,55.8
2026-09-17T07:38:44.610Z,,,,,55.3
2026-09-17T07:38:49.648Z,,,,,54.8
2026-09-17T07:38:54.692Z,,,,,54.8
2026-09-17T07:38:59.752Z,91.7,262824,7,0,57.5
2026-09-17T07:39:04.796Z,97.6,405808,7,0,58.0
2026-09-17T07:39:09.834Z,93.6,441888,7,0,58.0
2026-09-17T07:39:14.877Z,94.4,432352,7,0,58.0
2026-09-17T07:39:19.916Z,96.0,429644,7,0,58.0
2026-09-17T07:39:24.962Z,89.3,437740,7,0,58.0
2026-09-17T07:39:30.018Z,89.8,463476,7,0,58.5
2026-09-17T07:39:35.069Z,91.1,475084,7,0,58.5
2026-09-17T07:39:40.112Z,89.0,480328,7,0,58.5
2026-09-17T07:39:45.160Z,87.2,494668,7,0,58.0
2026-09-17T07:39:50.204Z,87.9,490084,7,0,59.1
2026-09-17T07:39:55.241Z,88.2,505044,7,0,59.1
2026-09-17T07:40:00.286Z,85.3,491216,7,0,58.0
2026-09-17T07:40:05.326Z,85.2,492508,7,0,58.5
2026-09-17T07:40:10.365Z,85.5,505916,7,0,58.5
2026-09-17T07:40:15.406Z,85.9,517076,7,0,59.1
2026-09-17T07:40:20.479Z,18.5,73552,7,0,56.9
2026-09-17T07:40:25.513Z,,,,,58.0
2026-09-17T07:40:30.551Z,,,,,56.4
2026-09-17T07:40:35.597Z,,,,,55.8
2026-09-17T07:40:40.636Z,,,,,55.8
2026-09-17T07:40:45.674Z,,,,,55.8
2026-09-17T07:40:50.713Z,,,,,55.3
2026-09-17T07:40:55.768Z,84.1,224856,7,0,56.9
2026-09-17T07:41:00.822Z,95.8,347036,7,0,58.5
2026-09-17T07:41:05.862Z,89.9,429428,7,0,58.5
2026-09-17T07:41:10.905Z,88.0,426720,7,0,58.5
2026-09-17T07:41:15.952Z,92.7,436268,7,0,58.5
2026-09-17T07:41:20.996Z,88.7,454648,7,0,58.5
2026-09-17T07:41:26.055Z,88.3,459056,7,0,58.5
2026-09-17T07:41:31.094Z,89.3,475000,7,0,59.1
2026-09-17T07:41:36.148Z,90.1,500284,7,0,59.1
2026-09-17T07:41:41.199Z,86.7,518912,7,0,58.0
2026-09-17T07:41:46.244Z,87.3,521384,7,0,58.5
2026-09-17T07:41:51.285Z,87.9,519416,7,0,58.5
2026-09-17T07:41:56.329Z,86.3,516844,7,0,58.0
2026-09-17T07:42:01.367Z,84.5,499096,7,0,58.0
2026-09-17T07:42:06.421Z,85.3,522536,7,0,59.1
2026-09-17T07:42:11.465Z,85.5,537636,7,0,58.5
2026-09-17T07:42:16.544Z,,,,,58.5
2026-09-17T07:42:21.591Z,73.4,188348,7,0,59.1
2026-09-17T07:42:26.626Z,,,,,56.9
2026-09-17T07:42:31.661Z,,,,,55.8
2026-09-17T07:42:36.699Z,,,,,55.3
2026-09-17T07:42:41.737Z,,,,,55.3
2026-09-17T07:42:46.776Z,,,,,54.8
2026-09-17T07:42:51.837Z,78.8,211636,7,0,56.9
2026-09-17T07:42:56.893Z,92.1,330420,7,0,58.5
2026-09-17T07:43:01.939Z,87.7,421196,7,0,58.0
2026-09-17T07:43:06.994Z,91.8,433776,7,0,58.0
2026-09-17T07:43:12.039Z,94.0,425064,7,0,59.1
2026-09-17T07:43:17.083Z,89.6,429628,7,0,58.5
2026-09-17T07:43:22.122Z,86.9,453424,7,0,58.0
2026-09-17T07:43:27.159Z,87.4,476032,7,0,58.5
2026-09-17T07:43:32.196Z,88.4,499052,7,0,59.1
2026-09-17T07:43:37.239Z,84.6,472596,7,0,58.0
2026-09-17T07:43:42.282Z,85.8,510604,7,0,58.5
2026-09-17T07:43:47.316Z,86.5,515900,7,0,59.1
2026-09-17T07:43:52.357Z,85.4,508712,7,0,58.5
2026-09-17T07:43:57.418Z,83.5,490700,7,0,58.0
2026-09-17T07:44:02.460Z,84.0,516140,7,0,58.5
2026-09-17T07:44:07.534Z,84.7,511576,7,0,59.1
2026-09-17T07:44:12.577Z,83.3,499240,7,0,58.0
2026-09-17T07:44:17.628Z,70.1,175648,7,0,58.5
2026-09-17T07:44:22.663Z,,,,,56.9
2026-09-17T07:44:27.700Z,,,,,55.8
2026-09-17T07:44:32.740Z,,,,,55.8
2026-09-17T07:44:37.780Z,,,,,54.8
2026-09-17T07:44:42.816Z,,,,,55.8
2026-09-17T07:44:47.869Z,50.4,129644,7,0,55.8
2026-09-17T07:44:52.912Z,92.3,282424,7,0,58.0
2026-09-17T07:44:57.952Z,89.1,385468,7,0,58.0
2026-09-17T07:45:02.998Z,90.3,435992,7,0,58.5
2026-09-17T07:45:08.043Z,94.1,434728,7,0,59.1
2026-09-17T07:45:13.083Z,96.6,454344,7,0,59.1
2026-09-17T07:45:18.135Z,90.5,460352,7,0,58.0
2026-09-17T07:45:23.183Z,91.2,473036,7,0,58.5
2026-09-17T07:45:28.223Z,91.6,480904,7,0,59.1
2026-09-17T07:45:33.263Z,89.4,475288,7,0,58.0
2026-09-17T07:45:38.311Z,87.9,483484,7,0,58.0
2026-09-17T07:45:43.348Z,87.9,513276,7,0,58.0
2026-09-17T07:45:48.391Z,87.1,508512,7,0,58.0
2026-09-17T07:45:53.432Z,85.1,493892,7,0,58.0
2026-09-17T07:45:58.481Z,84.1,502304,7,0,58.0
2026-09-17T07:46:03.521Z,84.4,517084,7,0,59.1
2026-09-17T07:46:08.586Z,85.3,513548,7,0,59.1
2026-09-17T07:46:13.621Z,,,,,58.5
2026-09-17T07:46:18.660Z,,,,,58.0
2026-09-17T07:46:23.698Z,,,,,56.4
2026-09-17T07:46:28.737Z,,,,,55.8
2026-09-17T07:46:33.776Z,,,,,55.3
2026-09-17T07:46:38.814Z,,,,,54.8
2026-09-17T07:46:43.872Z,27.5,100044,7,0,54.8
2026-09-17T07:46:48.929Z,74.8,181484,7,0,56.9
2026-09-17T07:46:53.974Z,96.0,338700,7,0,58.0
2026-09-17T07:46:59.021Z,92.2,419876,7,0,58.0
2026-09-17T07:47:04.083Z,96.5,462220,7,0,59.1
2026-09-17T07:47:09.140Z,99.4,446780,7,0,59.1
2026-09-17T07:47:14.181Z,94.8,443988,7,0,58.0
2026-09-17T07:47:19.226Z,92.9,451956,7,0,58.0
2026-09-17T07:47:24.265Z,93.6,475800,7,0,59.1
2026-09-17T07:47:29.300Z,93.8,484184,7,0,58.5
2026-09-17T07:47:34.349Z,89.5,486168,7,0,58.0
2026-09-17T07:47:39.401Z,89.3,506848,7,0,58.5
2026-09-17T07:47:44.448Z,89.4,507980,7,0,59.1
2026-09-17T07:47:49.491Z,87.9,502312,7,0,58.0
2026-09-17T07:47:54.531Z,85.7,496268,7,0,58.5
2026-09-17T07:47:59.574Z,84.7,509204,7,0,58.5
2026-09-17T07:48:04.612Z,85.3,510608,7,0,59.1
2026-09-17T07:48:09.650Z,84.2,506692,7,0,58.0
2026-09-17T07:48:14.689Z,53.3,144956,7,0,58.0
2026-09-17T07:48:19.724Z,,,,,56.9
2026-09-17T07:48:24.762Z,,,,,55.8
2026-09-17T07:48:29.799Z,,,,,55.8
2026-09-17T07:48:34.836Z,,,,,54.8
2026-09-17T07:48:39.877Z,,,,,54.8
2026-09-17T07:48:44.920Z,28.7,98272,7,0,55.8
2026-09-17T07:48:49.966Z,78.5,230548,7,0,56.9
2026-09-17T07:48:55.006Z,89.1,369668,7,0,56.9
2026-09-17T07:49:00.073Z,90.9,445312,7,0,58.5
2026-09-17T07:49:05.116Z,93.1,434388,7,0,59.1
2026-09-17T07:49:10.174Z,94.2,441600,7,0,58.5
2026-09-17T07:49:15.217Z,88.4,434668,7,0,58.0
2026-09-17T07:49:20.261Z,89.0,461480,7,0,58.5
2026-09-17T07:49:25.304Z,90.4,485728,7,0,58.5
2026-09-17T07:49:30.344Z,88.7,517060,7,0,58.5
2026-09-17T07:49:35.392Z,87.4,512036,7,0,58.5
2026-09-17T07:49:40.439Z,87.4,511516,7,0,58.0
2026-09-17T07:49:45.484Z,87.6,527836,7,0,59.1
2026-09-17T07:49:50.527Z,84.7,516336,7,0,58.0
2026-09-17T07:49:55.565Z,84.7,512912,7,0,59.1
2026-09-17T07:50:00.607Z,85.5,524324,7,0,59.1
2026-09-17T07:50:05.645Z,85.5,524136,7,0,59.1
2026-09-17T07:50:10.685Z,17.1,73572,7,0,57.5
2026-09-17T07:50:15.719Z,,,,,57.5
2026-09-17T07:50:20.758Z,,,,,56.4
2026-09-17T07:50:25.795Z,,,,,55.8
2026-09-17T07:50:30.832Z,,,,,54.8
2026-09-17T07:50:35.878Z,,,,,55.3
2026-09-17T07:50:40.917Z,,,,,55.3
2026-09-17T07:50:45.967Z,85.4,217724,7,0,58.0
2026-09-17T07:50:51.032Z,100,355552,7,0,58.5
2026-09-17T07:50:56.071Z,95.0,436864,7,0,58.0
2026-09-17T07:51:01.110Z,98.6,447448,7,0,59.1
2026-09-17T07:51:06.152Z,100,447728,7,0,59.1
2026-09-17T07:51:11.192Z,94.5,454356,7,0,58.0
2026-09-17T07:51:16.241Z,93.6,470780,7,0,58.5
2026-09-17T07:51:21.303Z,92.9,483104,7,0,59.1
2026-09-17T07:51:26.350Z,91.2,509184,7,0,58.5
2026-09-17T07:51:31.390Z,88.6,507808,7,0,58.0
2026-09-17T07:51:36.434Z,89.2,508392,7,0,59.1
2026-09-17T07:51:41.475Z,89.6,509904,7,0,59.1
2026-09-17T07:51:46.516Z,87.2,521736,7,0,58.5
2026-09-17T07:51:51.568Z,85.9,507732,7,0,58.5
2026-09-17T07:51:56.613Z,86.5,511140,7,0,59.1
2026-09-17T07:52:01.666Z,87.1,505940,7,0,59.1
2026-09-17T07:52:06.744Z,,,,,58.0
2026-09-17T07:52:11.801Z,70.3,185928,7,0,58.5
2026-09-17T07:52:16.834Z,,,,,56.9
2026-09-17T07:52:21.868Z,,,,,55.8
2026-09-17T07:52:26.905Z,,,,,55.3
2026-09-17T07:52:31.942Z,,,,,55.3
2026-09-17T07:52:36.974Z,,,,,54.8
2026-09-17T07:52:42.023Z,41.6,112848,7,0,56.4
2026-09-17T07:52:47.070Z,89.2,267760,7,0,58.0
2026-09-17T07:52:52.116Z,90.1,359212,7,0,58.0
2026-09-17T07:52:57.159Z,93.7,425416,7,0,58.0
2026-09-17T07:53:02.213Z,91.6,437220,7,0,58.0
2026-09-17T07:53:07.251Z,94.8,464540,7,0,59.1
2026-09-17T07:53:12.296Z,88.0,450752,7,0,58.0
2026-09-17T07:53:17.342Z,89.4,467380,7,0,58.5
2026-09-17T07:53:22.378Z,90.3,480060,7,0,59.1
2026-09-17T07:53:27.418Z,88.3,492200,7,0,58.0
2026-09-17T07:53:32.475Z,86.9,499868,7,0,58.0
2026-09-17T07:53:37.531Z,87.5,498544,7,0,59.1
2026-09-17T07:53:42.571Z,87.6,519092,7,0,58.0
2026-09-17T07:53:47.612Z,85.8,528808,7,0,58.0
2026-09-17T07:53:52.655Z,85.2,519188,7,0,58.5
2026-09-17T07:53:57.695Z,86.0,521832,7,0,59.1
2026-09-17T07:54:02.738Z,86.5,517320,7,0,59.1
2026-09-17T07:54:07.774Z,,,,,58.0
2026-09-17T07:54:12.814Z,,,,,58.0
2026-09-17T07:54:17.853Z,,,,,55.8
2026-09-17T07:54:22.894Z,,,,,55.8
2026-09-17T07:54:27.934Z,,,,,55.3
2026-09-17T07:54:32.973Z,,,,,55.3
2026-09-17T07:54:38.013Z,,,,,54.8
2026-09-17T07:54:43.058Z,76.1,215124,7,0,56.9
2026-09-17T07:54:48.104Z,97.7,348992,7,0,58.5
2026-09-17T07:54:53.151Z,92.4,428320,7,0,58.0
2026-09-17T07:54:58.209Z,97.5,458084,7,0,59.1
2026-09-17T07:55:03.266Z,100,432728,7,0,59.1
2026-09-17T07:55:08.307Z,94.5,446008,7,0,58.0
2026-09-17T07:55:13.346Z,92.7,454808,7,0,58.5
2026-09-17T07:55:18.386Z,93.2,481704,7,0,59.6
2026-09-17T07:55:23.430Z,93.3,504564,7,0,58.5
2026-09-17T07:55:28.474Z,89.6,498604,7,0,58.0
2026-09-17T07:55:33.524Z,89.3,520176,7,0,59.1
2026-09-17T07:55:38.563Z,89.4,512992,7,0,59.1
2026-09-17T07:55:43.604Z,87.6,507460,7,0,58.0
2026-09-17T07:55:48.645Z,85.8,508756,7,0,58.0
2026-09-17T07:55:53.694Z,86.4,523180,7,0,58.5
2026-09-17T07:55:58.734Z,86.8,520192,7,0,59.1
2026-09-17T07:56:03.768Z,,,,,58.0
2026-09-17T07:56:08.808Z,76.1,211672,7,0,59.1
2026-09-17T07:56:13.845Z,,,,,56.9
2026-09-17T07:56:18.880Z,,,,,56.4
2026-09-17T07:56:23.928Z,,,,,55.8
2026-09-17T07:56:28.968Z,,,,,54.8
2026-09-17T07:56:34.008Z,,,,,54.8
2026-09-17T07:56:39.053Z,65.5,163916,7,0,56.9
2026-09-17T07:56:44.116Z,98.7,313728,7,0,58.0
2026-09-17T07:56:49.157Z,93.9,417500,7,0,58.0
2026-09-17T07:56:54.199Z,91.9,432368,7,0,58.5
2026-09-17T07:56:59.242Z,93.8,426392,7,0,58.5
2026-09-17T07:57:04.283Z,93.6,461848,7,0,59.1
2026-09-17T07:57:09.323Z,87.1,448436,7,0,58.0
2026-09-17T07:57:14.367Z,87.8,465540,7,0,58.5
2026-09-17T07:57:19.408Z,88.9,488768,7,0,58.5
2026-09-17T07:57:24.458Z,88.2,509872,7,0,58.5
2026-09-17T07:57:29.506Z,86.3,504332,7,0,58.0
2026-09-17T07:57:34.555Z,86.8,525764,7,0,58.5
2026-09-17T07:57:39.602Z,87.1,522344,7,0,59.1
2026-09-17T07:57:44.641Z,84.8,516940,7,0,58.0
2026-09-17T07:57:49.682Z,84.3,514072,7,0,59.1
2026-09-17T07:57:54.722Z,85.2,521232,7,0,59.6
2026-09-17T07:57:59.769Z,85.5,534856,7,0,59.1
2026-09-17T07:58:04.804Z,,,,,58.0
2026-09-17T07:58:09.843Z,,,,,58.0
2026-09-17T07:58:14.884Z,,,,,55.8
2026-09-17T07:58:19.921Z,,,,,55.8
2026-09-17T07:58:24.958Z,,,,,54.8
2026-09-17T07:58:29.997Z,,,,,55.3
2026-09-17T07:58:35.036Z,,,,,54.8
2026-09-17T07:58:40.088Z,81.1,207960,7,0,57.5
2026-09-17T07:58:45.128Z,97.2,336668,7,0,58.0
2026-09-17T07:58:50.179Z,89.8,407232,7,0,58.0
2026-09-17T07:58:55.234Z,93.7,425700,7,0,59.1
2026-09-17T07:59:00.278Z,96.0,426992,7,0,59.1
2026-09-17T07:59:05.318Z,91.7,448588,7,0,58.5
2026-09-17T07:59:10.359Z,90.3,460700,7,0,58.5
2026-09-17T07:59:15.401Z,88.4,481172,7,0,58.0
2026-09-17T07:59:20.439Z,89.8,486972,7,0,59.1
2026-09-17T07:59:25.482Z,85.6,484232,7,0,58.0
2026-09-17T07:59:30.529Z,86.7,500780,7,0,59.1
2026-09-17T07:59:35.578Z,86.9,518100,7,0,58.5
2026-09-17T07:59:40.620Z,86.4,532272,7,0,58.5
2026-09-17T07:59:45.657Z,84.3,510080,7,0,58.0
2026-09-17T07:59:50.703Z,84.5,520712,7,0,58.5
2026-09-17T07:59:55.745Z,85.1,522408,7,0,59.1
2026-09-17T08:00:00.786Z,83.9,517076,7,0,58.0
2026-09-17T08:00:05.834Z,54.6,141456,7,0,58.0
2026-09-17T08:00:10.869Z,,,,,56.9
2026-09-17T08:00:15.904Z,,,,,55.8
2026-09-17T08:00:20.993Z,,,,,55.8
2026-09-17T08:00:26.027Z,,,,,55.8
2026-09-17T08:00:31.066Z,,,,,54.8
2026-09-17T08:00:36.111Z,,,,,54.8
2026-09-17T08:00:41.156Z,73.9,182164,7,0,56.9
2026-09-17T08:00:46.211Z,98.1,337020,7,0,58.0
2026-09-17T08:00:51.253Z,90.8,410784,7,0,58.0
2026-09-17T08:00:56.292Z,95.9,425792,7,0,58.5
2026-09-17T08:01:01.333Z,98.5,423464,7,0,59.1
2026-09-17T08:01:06.376Z,93.3,426256,7,0,58.0
2026-09-17T08:01:11.422Z,92.0,439660,7,0,58.5
2026-09-17T08:01:16.467Z,91.5,461388,7,0,58.5
2026-09-17T08:01:21.508Z,92.3,497280,7,0,59.6
2026-09-17T08:01:26.566Z,88.9,486460,7,0,58.5
2026-09-17T08:01:31.628Z,89.4,511412,7,0,59.1
2026-09-17T08:01:36.677Z,89.5,504592,7,0,59.1
2026-09-17T08:01:41.727Z,87.3,506452,7,0,58.0
2026-09-17T08:01:46.765Z,85.7,507520,7,0,58.5
2026-09-17T08:01:51.826Z,86.8,508764,7,0,59.1
2026-09-17T08:01:56.866Z,87.1,520536,7,0,59.1
2026-09-17T08:02:01.897Z,,,,,58.5
2026-09-17T08:02:06.947Z,67.9,189824,7,0,59.1
2026-09-17T08:02:11.981Z,,,,,56.9
2026-09-17T08:02:17.015Z,,,,,55.8
2026-09-17T08:02:22.056Z,,,,,55.3
2026-09-17T08:02:27.096Z,,,,,55.3
2026-09-17T08:02:32.138Z,,,,,54.8
2026-09-17T08:02:37.177Z,58.5,148892,7,0,56.9
2026-09-17T08:02:42.237Z,90.4,278544,7,0,58.0
2026-09-17T08:02:47.284Z,86.0,369532,7,0,58.0
2026-09-17T08:02:52.329Z,84.4,414120,7,0,58.0
2026-09-17T08:02:57.371Z,86.9,423688,7,0,58.0
2026-09-17T08:03:02.413Z,86.4,414472,7,0,58.5
2026-09-17T08:03:07.449Z,82.7,433412,7,0,58.0
2026-09-17T08:03:12.485Z,83.9,445668,7,0,58.5
2026-09-17T08:03:17.523Z,82.6,458596,7,0,58.0
2026-09-17T08:03:22.562Z,82.2,474084,7,0,58.0
2026-09-17T08:03:27.612Z,81.3,495856,7,0,58.5
2026-09-17T08:03:32.660Z,82.2,490860,7,0,58.5
2026-09-17T08:03:37.704Z,83.1,513384,7,0,59.1
2026-09-17T08:03:42.746Z,80.6,492384,7,0,58.0
2026-09-17T08:03:47.791Z,80.8,488992,7,0,59.1
2026-09-17T08:03:52.835Z,80.2,515464,7,0,59.1
2026-09-17T08:03:57.885Z,81.1,512244,7,0,59.1
2026-09-17T08:04:02.921Z,,,,,58.0
2026-09-17T08:04:07.955Z,,,,,58.0
2026-09-17T08:04:12.989Z,,,,,55.8
2026-09-17T08:04:18.055Z,,,,,55.8
2026-09-17T08:04:23.089Z,,,,,55.3
2026-09-17T08:04:28.123Z,,,,,54.8
2026-09-17T08:04:33.158Z,,,,,55.3
2026-09-17T08:04:38.214Z,76.7,200944,7,0,56.9
2026-09-17T08:04:43.263Z,95.9,321164,7,0,58.0
2026-09-17T08:04:48.316Z,91.3,416620,7,0,58.0
2026-09-17T08:04:53.359Z,95.5,439012,7,0,59.1
2026-09-17T08:04:58.412Z,97.1,434596,7,0,59.1
2026-09-17T08:05:03.451Z,92.3,450716,7,0,58.0
2026-09-17T08:05:08.495Z,90.4,449072,7,0,58.5
2026-09-17T08:05:13.540Z,90.5,469552,7,0,59.1
2026-09-17T08:05:18.583Z,89.7,490580,7,0,58.5
2026-09-17T08:05:23.625Z,85.9,483012,7,0,58.0
2026-09-17T08:05:28.668Z,86.3,490800,7,0,58.5
2026-09-17T08:05:33.705Z,86.8,511352,7,0,59.1
2026-09-17T08:05:38.746Z,85.0,503572,7,0,58.0
2026-09-17T08:05:43.809Z,83.2,497112,7,0,58.0
2026-09-17T08:05:48.862Z,83.5,508204,7,0,59.1
2026-09-17T08:05:53.909Z,84.1,512692,7,0,59.1
2026-09-17T08:05:58.947Z,83.2,0,2,0,58.0
2026-09-17T08:06:03.996Z,70.8,180668,7,0,59.1
2026-09-17T08:06:09.032Z,,,,,56.9
2026-09-17T08:06:14.067Z,,,,,55.8
2026-09-17T08:06:19.105Z,,,,,54.8
2026-09-17T08:06:24.143Z,,,,,55.3
2026-09-17T08:06:29.183Z,,,,,54.8
2026-09-17T08:06:34.233Z,78.5,209540,7,0,57.5
2026-09-17T08:06:39.278Z,94.6,336252,7,0,58.0
2026-09-17T08:06:44.330Z,89.5,427324,7,0,58.0
2026-09-17T08:06:49.379Z,93.1,453396,7,0,58.5
2026-09-17T08:06:54.420Z,95.1,450032,7,0,59.1
2026-09-17T08:06:59.460Z,90.7,434600,7,0,58.0
2026-09-17T08:07:04.503Z,89.6,448676,7,0,58.5
2026-09-17T08:07:09.545Z,90.5,471696,7,0,59.1
2026-09-17T08:07:14.594Z,89.9,483420,7,0,59.1
2026-09-17T08:07:19.635Z,87.1,471264,7,0,58.0
2026-09-17T08:07:24.683Z,87.5,503820,7,0,59.1
2026-09-17T08:07:29.729Z,87.9,505660,7,0,59.1
2026-09-17T08:07:34.771Z,85.9,496100,7,0,58.0
2026-09-17T08:07:39.814Z,84.3,496532,7,0,58.0
2026-09-17T08:07:44.964Z,85.0,517156,7,0,59.1
2026-09-17T08:07:50.009Z,85.5,515404,7,0,59.1
2026-09-17T08:07:55.044Z,,,,,58.0
2026-09-17T08:08:00.077Z,,,,,58.0
2026-09-17T08:08:05.116Z,,,,,56.4
2026-09-17T08:08:10.155Z,,,,,55.8
2026-09-17T08:08:15.193Z,,,,,55.8
2026-09-17T08:08:20.231Z,,,,,55.3
2026-09-17T08:08:25.285Z,21.4,89080,7,0,55.3
2026-09-17T08:08:30.339Z,72.9,185208,7,0,56.9
2026-09-17T08:08:35.383Z,98.6,339584,7,0,59.1
2026-09-17T08:08:40.426Z,92.5,420756,7,0,58.0
2026-09-17T08:08:45.481Z,95.4,436888,7,0,58.0
2026-09-17T08:08:50.530Z,97.1,436832,7,0,59.1
2026-09-17T08:08:55.570Z,92.3,436624,7,0,58.5
2026-09-17T08:09:00.613Z,91.5,460372,7,0,59.1
2026-09-17T08:09:05.647Z,92.1,481384,7,0,59.6
2026-09-17T08:09:10.692Z,92.6,489636,7,0,59.1
2026-09-17T08:09:15.731Z,88.6,495372,7,0,58.0
2026-09-17T08:09:20.787Z,87.0,496480,7,0,58.0
2026-09-17T08:09:25.829Z,87.0,504068,7,0,58.5
2026-09-17T08:09:30.895Z,87.3,528012,7,0,59.1
2026-09-17T08:09:35.936Z,84.8,500064,7,0,58.0
2026-09-17T08:09:40.974Z,85.3,520920,7,0,58.0
2026-09-17T08:09:46.027Z,85.6,514244,7,0,59.1
2026-09-17T08:09:51.067Z,84.6,512424,7,0,58.5
2026-09-17T08:09:56.112Z,54.8,142232,7,0,59.1
2026-09-17T08:10:01.147Z,,,,,58.0
2026-09-17T08:10:06.181Z,,,,,56.4
2026-09-17T08:10:11.220Z,,,,,55.8
2026-09-17T08:10:16.258Z,,,,,55.8
2026-09-17T08:10:21.299Z,,,,,54.8
2026-09-17T08:10:26.345Z,31.5,95020,7,0,55.8
2026-09-17T08:10:31.392Z,90.0,251088,7,0,58.0
2026-09-17T08:10:36.434Z,94.2,392624,7,0,58.0
2026-09-17T08:10:41.487Z,92.3,437564,7,0,58.5
2026-09-17T08:10:46.537Z,93.8,436188,7,0,58.5
2026-09-17T08:10:51.578Z,92.7,437040,7,0,58.5
2026-09-17T08:10:56.618Z,86.9,441856,7,0,58.0
2026-09-17T08:11:01.664Z,87.4,459716,7,0,59.1
2026-09-17T08:11:06.705Z,88.6,471972,7,0,58.5
2026-09-17T08:11:11.748Z,86.9,522308,7,0,58.0
2026-09-17T08:11:16.798Z,85.4,495092,7,0,59.1
2026-09-17T08:11:21.840Z,85.9,504104,7,0,59.1
2026-09-17T08:11:26.879Z,86.3,521536,7,0,59.1
2026-09-17T08:11:31.919Z,83.4,507676,7,0,58.0
2026-09-17T08:11:36.984Z,83.5,496188,7,0,58.5
2026-09-17T08:11:42.027Z,83.8,512388,7,0,58.5
2026-09-17T08:11:47.087Z,83.8,521768,7,0,58.5
2026-09-17T08:11:52.128Z,16.1,72892,7,0,56.9
2026-09-17T08:11:57.162Z,,,,,57.5
2026-09-17T08:12:02.219Z,,,,,56.9
2026-09-17T08:12:07.253Z,,,,,55.8
2026-09-17T08:12:12.298Z,,,,,55.3
2026-09-17T08:12:17.336Z,,,,,55.8
2026-09-17T08:12:22.375Z,,,,,55.3
2026-09-17T08:12:27.429Z,78.5,203860,7,0,56.9
2026-09-17T08:12:32.464Z,90.2,321540,7,0,58.0
2026-09-17T08:12:37.515Z,81.1,402056,7,0,58.0
2026-09-17T08:12:42.573Z,87.6,423624,7,0,58.0
2026-09-17T08:12:47.628Z,90.3,419536,7,0,59.1
2026-09-17T08:12:52.672Z,86.7,417540,7,0,58.0
2026-09-17T08:12:57.712Z,85.3,443336,7,0,58.5
2026-09-17T08:13:02.753Z,86.6,446872,7,0,59.1
2026-09-17T08:13:07.792Z,86.9,478932,7,0,58.5
2026-09-17T08:13:12.832Z,83.5,468376,7,0,58.0
2026-09-17T08:13:17.891Z,83.9,482248,7,0,58.0
2026-09-17T08:13:22.945Z,84.5,501748,7,0,59.1
2026-09-17T08:13:27.985Z,83.0,503332,7,0,58.5
2026-09-17T08:13:33.021Z,81.5,490956,7,0,58.0
2026-09-17T08:13:38.065Z,82.0,502540,7,0,58.0
2026-09-17T08:13:43.101Z,82.8,501120,7,0,59.1
2026-09-17T08:13:48.144Z,81.4,0,2,0,58.0
2026-09-17T08:13:53.190Z,48.3,121884,7,0,58.0
2026-09-17T08:13:58.225Z,,,,,56.9
2026-09-17T08:14:03.259Z,,,,,55.8
2026-09-17T08:14:08.297Z,,,,,55.8
2026-09-17T08:14:13.335Z,,,,,55.3
2026-09-17T08:14:18.384Z,16.5,0,2,0,54.8
2026-09-17T08:14:23.425Z,32.5,94776,7,0,54.8
2026-09-17T08:14:28.483Z,79.7,262928,7,0,56.9
2026-09-17T08:14:33.531Z,94.6,405132,7,0,59.1
2026-09-17T08:14:38.569Z,88.4,435032,7,0,58.0
2026-09-17T08:14:43.611Z,93.1,446176,7,0,59.6
2026-09-17T08:14:48.668Z,94.5,427940,7,0,59.1
2026-09-17T08:14:53.711Z,88.7,440540,7,0,58.0
2026-09-17T08:14:58.751Z,88.7,467608,7,0,58.5
2026-09-17T08:15:03.793Z,89.9,468304,7,0,59.1
2026-09-17T08:15:08.836Z,89.5,486868,7,0,59.1
2026-09-17T08:15:13.877Z,87.3,506220,7,0,58.0
2026-09-17T08:15:18.917Z,87.5,513244,7,0,59.1
2026-09-17T08:15:23.963Z,88.1,507240,7,0,59.1
2026-09-17T08:15:29.005Z,85.7,516732,7,0,58.0
2026-09-17T08:15:34.047Z,84.6,506796,7,0,58.0
2026-09-17T08:15:39.088Z,85.2,503572,7,0,59.1
2026-09-17T08:15:44.144Z,85.7,542732,7,0,59.6
2026-09-17T08:15:49.186Z,,,,,58.0
2026-09-17T08:15:54.221Z,,,,,58.5
2026-09-17T08:15:59.260Z,,,,,56.4
2026-09-17T08:16:04.294Z,,,,,55.8
2026-09-17T08:16:09.332Z,,,,,55.8
2026-09-17T08:16:14.370Z,,,,,55.8
2026-09-17T08:16:19.407Z,,,,,54.8
2026-09-17T08:16:24.464Z,72.6,204752,7,0,57.5
2026-09-17T08:16:29.534Z,97.8,341588,7,0,59.1
2026-09-17T08:16:34.577Z,91.1,427016,7,0,58.0
2026-09-17T08:16:39.621Z,93.9,446128,7,0,58.5
2026-09-17T08:16:44.657Z,95.7,441564,7,0,59.1
2026-09-17T08:16:49.697Z,91.0,436448,7,0,58.5
2026-09-17T08:16:54.741Z,90.2,456516,7,0,58.5
2026-09-17T08:16:59.786Z,91.0,481684,7,0,59.1
2026-09-17T08:17:04.861Z,90.6,485916,7,0,58.5
2026-09-17T08:17:09.907Z,86.8,477200,7,0,58.0
2026-09-17T08:17:14.949Z,87.1,502156,7,0,58.5
2026-09-17T08:17:19.994Z,87.6,505788,7,0,59.1
2026-09-17T08:17:25.039Z,86.6,528400,7,0,59.1
2026-09-17T08:17:30.084Z,84.5,516220,7,0,58.5
2026-09-17T08:17:35.129Z,85.0,528808,7,0,58.5
2026-09-17T08:17:40.174Z,85.6,519468,7,0,59.1
2026-09-17T08:17:45.217Z,84.7,0,2,0,59.1
2026-09-17T08:17:50.265Z,64.6,182636,7,0,59.1
2026-09-17T08:17:55.308Z,,,,,56.9
2026-09-17T08:18:00.342Z,,,,,56.4
2026-09-17T08:18:05.382Z,,,,,55.8
2026-09-17T08:18:10.417Z,,,,,55.8
2026-09-17T08:18:15.457Z,,,,,55.8
2026-09-17T08:18:20.501Z,58.3,141228,7,0,55.8
2026-09-17T08:18:25.558Z,96.5,299556,7,0,58.5
2026-09-17T08:18:30.604Z,96.6,415904,7,0,58.0
2026-09-17T08:18:35.645Z,99.3,447152,7,0,59.1
2026-09-17T08:18:40.689Z,100,443092,7,0,59.1
2026-09-17T08:18:45.731Z,97.9,437232,7,0,59.1
2026-09-17T08:18:50.773Z,92.6,439348,7,0,58.0
2026-09-17T08:18:55.817Z,93.7,470068,7,0,59.1
2026-09-17T08:19:00.857Z,93.8,482384,7,0,59.1
2026-09-17T08:19:05.899Z,90.2,487112,7,0,58.0
2026-09-17T08:19:10.942Z,89.6,494404,7,0,59.1
2026-09-17T08:19:15.997Z,89.6,504468,7,0,58.5
2026-09-17T08:19:21.040Z,89.1,503628,7,0,59.1
2026-09-17T08:19:26.081Z,86.2,512444,7,0,58.0
2026-09-17T08:19:31.121Z,86.8,511852,7,0,59.1
2026-09-17T08:19:36.162Z,87.0,512400,7,0,59.1
2026-09-17T08:19:41.202Z,86.2,509664,7,0,59.1
2026-09-17T08:19:46.247Z,46.5,119772,7,0,58.0
2026-09-17T08:19:51.282Z,,,,,58.0
2026-09-17T08:19:56.316Z,,,,,56.4
2026-09-17T08:20:01.357Z,,,,,56.4
2026-09-17T08:20:06.395Z,,,,,55.8
2026-09-17T08:20:11.434Z,,,,,55.3
2026-09-17T08:20:16.471Z,,,,,55.8
2026-09-17T08:20:21.513Z,88.7,236568,7,0,58.0
2026-09-17T08:20:26.557Z,100,410480,7,0,59.1
2026-09-17T08:20:31.616Z,97.6,457020,7,0,58.5
2026-09-17T08:20:36.669Z,99.7,445264,7,0,59.1
2026-09-17T08:20:41.704Z,97.1,435716,7,0,58.0
2026-09-17T08:20:46.748Z,90.7,445948,7,0,58.0
2026-09-17T08:20:51.793Z,90.8,467820,7,0,58.5
2026-09-17T08:20:56.845Z,92.0,484968,7,0,59.1
2026-09-17T08:21:01.886Z,91.1,495440,7,0,58.0
2026-09-17T08:21:06.927Z,88.5,505104,7,0,58.0
2026-09-17T08:21:11.966Z,89.3,509404,7,0,59.1
2026-09-17T08:21:17.009Z,89.5,505360,7,0,59.1
2026-09-17T08:21:22.049Z,87.8,515184,7,0,59.1
