timestamp,cpu_pct,rss_kb,threads,swap_kb,temp_c
2026-09-16T17:16:33.105Z,0.9,16364,1,0,44.0
2026-09-16T17:16:38.144Z,11.0,23416,1,0,44.5
2026-09-16T17:16:43.182Z,13.3,30064,1,0,45.1
2026-09-16T17:16:48.220Z,14.2,35844,1,0,45.6
2026-09-16T17:16:53.258Z,14.7,41812,1,0,45.1
2026-09-16T17:16:58.297Z,15.1,47724,1,0,46.2
2026-09-16T17:17:03.334Z,15.4,53628,1,0,45.1
2026-09-16T17:17:08.373Z,15.6,59716,1,0,46.2
2026-09-16T17:17:13.410Z,16.1,66584,1,0,46.2
2026-09-16T17:17:18.449Z,16.5,77192,1,0,46.2
2026-09-16T17:17:23.488Z,16.7,83556,1,0,46.2
2026-09-16T17:17:28.525Z,17.1,90496,1,0,46.2
2026-09-16T17:17:33.568Z,17.4,97276,1,0,46.2
2026-09-16T17:17:38.606Z,17.5,104328,1,0,46.7
2026-09-16T17:17:43.646Z,17.5,110460,1,0,46.7
2026-09-16T17:17:48.684Z,17.5,116584,1,0,47.2
2026-09-16T17:17:53.723Z,17.5,122620,1,0,46.7
2026-09-16T17:17:58.764Z,17.5,128668,1,0,46.2
2026-09-16T17:18:03.802Z,17.4,134596,1,0,47.2
2026-09-16T17:18:08.856Z,17.4,140244,1,0,46.7
2026-09-16T17:18:13.894Z,17.4,146568,1,0,47.2
2026-09-16T17:18:18.932Z,17.4,152476,1,0,47.2
2026-09-16T17:18:23.969Z,17.4,158376,1,0,46.7
2026-09-16T17:18:29.006Z,17.4,164664,1,0,47.2
2026-09-16T17:18:34.044Z,17.5,171408,1,0,47.2
2026-09-16T17:18:39.083Z,17.5,177916,1,0,47.2
2026-09-16T17:18:44.123Z,17.6,184412,1,0,47.2
2026-09-16T17:18:49.160Z,17.7,191344,1,0,47.2
2026-09-16T17:18:54.198Z,17.8,198140,1,0,47.2
2026-09-16T17:18:59.235Z,17.8,205144,1,0,47.2
2026-09-16T17:19:04.275Z,17.8,211248,1,0,47.8
2026-09-16T17:19:09.313Z,17.8,217304,1,0,47.2
2026-09-16T17:19:14.351Z,17.8,223340,1,0,47.8
2026-09-16T17:19:19.391Z,17.7,229336,1,0,47.2
2026-09-16T17:19:24.429Z,17.7,235212,1,0,47.2
2026-09-16T17:19:29.467Z,17.7,240984,1,0,47.2
2026-09-16T17:19:34.504Z,17.7,247188,1,0,47.2
2026-09-16T17:19:39.542Z,17.6,252972,1,0,47.2
2026-09-16T17:19:44.581Z,17.6,258920,1,0,47.2
2026-09-16T17:19:49.619Z,17.6,265324,1,0,47.8
2026-09-16T17:19:54.660Z,17.7,272020,1,0,47.8
2026-09-16T17:19:59.698Z,17.7,278588,1,0,47.8
2026-09-16T17:20:04.738Z,17.8,285140,1,0,47.8
2026-09-16T17:20:09.777Z,17.8,292012,1,0,47.8
2026-09-16T17:20:14.828Z,17.9,298788,1,0,47.8
2026-09-16T17:20:19.866Z,17.9,305760,1,0,47.8
2026-09-16T17:20:24.905Z,17.9,311880,1,0,47.2
2026-09-16T17:20:29.944Z,17.9,317944,1,0,47.8
2026-09-16T17:20:34.982Z,17.9,324024,1,0,48.3
2026-09-16T17:20:40.019Z,17.8,329928,1,0,47.8
2026-09-16T17:20:45.057Z,17.8,335784,1,0,48.3
2026-09-16T17:20:50.094Z,17.8,341628,1,0,47.2
2026-09-16T17:20:55.132Z,17.8,347744,1,0,48.3
2026-09-16T17:21:00.171Z,17.8,353732,1,0,47.2
2026-09-16T17:21:05.212Z,17.8,359504,1,0,47.8
2026-09-16T17:21:10.251Z,17.8,366068,1,0,47.8
2026-09-16T17:21:15.289Z,17.8,372572,1,0,47.8
2026-09-16T17:21:20.328Z,17.8,379100,1,0,48.3
2026-09-16T17:21:25.368Z,17.9,385720,1,0,48.3
2026-09-16T17:21:30.405Z,17.9,391508,1,0,47.8
2026-09-16T17:21:35.442Z,17.9,391832,1,0,48.3
2026-09-16T17:21:40.481Z,17.9,392140,1,0,48.3
2026-09-16T17:21:45.520Z,17.9,392140,1,0,48.3
2026-09-16T17:21:50.567Z,17.8,392200,1,0,47.8
2026-09-16T17:21:55.607Z,17.8,392396,1,0,47.8
2026-09-16T17:22:00.646Z,17.8,390472,1,0,48.3
2026-09-16T17:22:05.684Z,17.8,390480,1,0,48.3
2026-09-16T17:22:10.723Z,17.7,390500,1,0,48.3
2026-09-16T17:22:15.762Z,17.7,390500,1,0,48.3
2026-09-16T17:22:20.802Z,17.7,390500,1,0,48.3
2026-09-16T17:22:25.840Z,17.6,390504,1,0,48.3
2026-09-16T17:22:30.883Z,17.6,390856,1,0,48.9
2026-09-16T17:22:35.931Z,17.6,391052,1,0,48.3
2026-09-16T17:22:40.985Z,17.6,391320,1,0,48.3
2026-09-16T17:22:46.024Z,17.6,391592,1,0,48.3
2026-09-16T17:22:51.062Z,17.7,391936,1,0,48.3
2026-09-16T17:22:56.098Z,17.7,392464,1,0,48.3
2026-09-16T17:23:01.137Z,17.7,390844,1,0,48.9
2026-09-16T17:23:06.173Z,17.6,390868,1,0,48.3
2026-09-16T17:23:11.212Z,17.6,390872,1,0,48.3
2026-09-16T17:23:16.251Z,17.6,390872,1,0,48.3
2026-09-16T17:23:21.289Z,17.6,390872,1,0,48.3
2026-09-16T17:23:26.329Z,17.5,390884,1,0,48.9
2026-09-16T17:23:31.365Z,17.5,391640,1,0,48.3
2026-09-16T17:23:36.403Z,17.5,391644,1,0,48.3
2026-09-16T17:23:41.442Z,17.5,391652,1,0,48.3
2026-09-16T17:23:46.481Z,17.4,391660,1,0,48.3
2026-09-16T17:23:51.521Z,17.4,391824,1,0,48.9
2026-09-16T17:23:56.561Z,17.5,391824,1,0,48.9
2026-09-16T17:24:01.598Z,17.5,392804,1,0,48.3
2026-09-16T17:24:06.637Z,17.5,392812,1,0,48.3
2026-09-16T17:24:11.674Z,17.5,392944,1,0,49.4
2026-09-16T17:24:16.710Z,17.5,393288,1,0,49.4
2026-09-16T17:24:21.747Z,17.5,393400,1,0,48.9
2026-09-16T17:24:26.785Z,17.5,393564,1,0,48.3
2026-09-16T17:24:31.845Z,17.4,391088,1,0,48.3
2026-09-16T17:24:36.884Z,17.4,391108,1,0,48.3
2026-09-16T17:24:41.923Z,17.4,393300,1,0,48.3
2026-09-16T17:24:46.962Z,17.4,393300,1,0,48.3
2026-09-16T17:24:52.000Z,17.4,393300,1,0,48.9
2026-09-16T17:24:57.037Z,17.3,393300,1,0,48.3
2026-09-16T17:25:02.074Z,17.3,393740,1,0,48.9
2026-09-16T17:25:07.112Z,17.3,393980,1,0,49.4
2026-09-16T17:25:12.151Z,17.3,393996,1,0,48.3
2026-09-16T17:25:17.189Z,17.3,393996,1,0,48.3
2026-09-16T17:25:22.229Z,17.3,394188,1,0,49.4
2026-09-16T17:25:27.274Z,17.3,394464,1,0,49.4
2026-09-16T17:25:32.311Z,17.4,394544,1,0,49.4
2026-09-16T17:25:37.350Z,17.4,394900,1,0,49.4
2026-09-16T17:25:42.389Z,17.4,395052,1,0,49.4
2026-09-16T17:25:47.426Z,17.3,395052,1,0,49.4
2026-09-16T17:25:52.463Z,17.3,395124,1,0,49.4
2026-09-16T17:25:57.502Z,17.3,395188,1,0,49.4
2026-09-16T17:26:02.542Z,17.3,392228,1,0,48.9
2026-09-16T17:26:07.580Z,17.3,392232,1,0,49.4
2026-09-16T17:26:12.619Z,17.3,392612,1,0,49.4
2026-09-16T17:26:17.659Z,17.2,392612,1,0,49.4
2026-09-16T17:26:22.697Z,17.2,392668,1,0,49.4
2026-09-16T17:26:27.736Z,17.2,392832,1,0,49.4
2026-09-16T17:26:32.777Z,17.2,392328,1,0,49.4
2026-09-16T17:26:37.817Z,17.2,392344,1,0,49.4
2026-09-16T17:26:42.854Z,17.2,392428,1,0,49.4
2026-09-16T17:26:47.892Z,17.2,392468,1,0,49.4
2026-09-16T17:26:52.931Z,17.3,392656,1,0,49.4
2026-09-16T17:26:57.969Z,17.3,393080,1,0,49.4
2026-09-16T17:27:03.009Z,17.3,391392,1,0,49.4
2026-09-16T17:27:08.047Z,17.3,391408,1,0,49.4
2026-09-16T17:27:13.087Z,17.2,391408,1,0,49.9
2026-09-16T17:27:18.125Z,17.2,391408,1,0,49.4
2026-09-16T17:27:23.164Z,17.2,391408,1,0,49.4
2026-09-16T17:27:28.201Z,17.2,391420,1,0,49.4
2026-09-16T17:27:33.242Z,17.2,392360,1,0,49.4
2026-09-16T17:27:38.281Z,17.2,392360,1,0,49.4
2026-09-16T17:27:43.321Z,17.2,392732,1,0,49.4
2026-09-16T17:27:48.359Z,17.2,392896,1,0,49.4
2026-09-16T17:27:53.397Z,17.2,392896,1,0,49.4
2026-09-16T17:27:58.436Z,17.2,392896,1,0,49.4
2026-09-16T17:28:03.475Z,17.2,393032,1,0,49.9
2026-09-16T17:28:08.520Z,17.2,393116,1,0,49.4
2026-09-16T17:28:13.558Z,17.2,393312,1,0,49.4
2026-09-16T17:28:18.597Z,17.2,393568,1,0,49.4
2026-09-16T17:28:23.635Z,17.2,393636,1,0,49.4
2026-09-16T17:28:28.678Z,17.2,393796,1,0,49.4
2026-09-16T17:28:33.715Z,17.2,391144,1,0,49.4
2026-09-16T17:28:38.755Z,17.2,391144,1,0,49.9
2026-09-16T17:28:43.792Z,17.1,391160,1,0,49.4
2026-09-16T17:28:48.831Z,17.1,391160,1,0,49.4
2026-09-16T17:28:53.870Z,17.1,391160,1,0,49.4
2026-09-16T17:28:58.907Z,17.1,393256,1,0,49.4
2026-09-16T17:29:03.946Z,17.1,393864,1,0,49.9
2026-09-16T17:29:08.985Z,17.1,394140,1,0,49.4
2026-09-16T17:29:14.025Z,17.1,394140,1,0,49.9
2026-09-16T17:29:19.063Z,17.1,394300,1,0,49.9
2026-09-16T17:29:24.106Z,17.1,394556,1,0,50.5
2026-09-16T17:29:29.145Z,17.1,394852,1,0,49.9
2026-09-16T17:29:34.184Z,17.1,394448,1,0,49.4
2026-09-16T17:29:39.222Z,17.1,394688,1,0,49.9
2026-09-16T17:29:44.261Z,17.1,394692,1,0,49.4
2026-09-16T17:29:49.300Z,17.1,394692,1,0,49.9
2026-09-16T17:29:54.339Z,17.1,394772,1,0,49.9
2026-09-16T17:29:59.377Z,17.1,394936,1,0,49.4
2026-09-16T17:30:04.414Z,17.1,394316,1,0,49.9
2026-09-16T17:30:09.453Z,17.1,394336,1,0,49.4
2026-09-16T17:30:14.492Z,17.1,394356,1,0,49.4
2026-09-16T17:30:19.538Z,17.1,394356,1,0,49.9
2026-09-16T17:30:24.575Z,17.1,394356,1,0,49.9
2026-09-16T17:30:29.612Z,17.1,394760,1,0,50.5
2026-09-16T17:30:34.650Z,17.1,394908,1,0,50.5
2026-09-16T17:30:39.695Z,17.1,394996,1,0,49.9
2026-09-16T17:30:44.733Z,17.1,395024,1,0,50.5
2026-09-16T17:30:49.774Z,17.1,395124,1,0,49.9
2026-09-16T17:30:54.812Z,17.1,395252,1,0,51.0
2026-09-16T17:30:59.852Z,17.1,395664,1,0,49.9
2026-09-16T17:31:04.892Z,17.1,392268,1,0,50.5
2026-09-16T17:31:09.932Z,17.1,392280,1,0,50.5
2026-09-16T17:31:14.970Z,17.1,392280,1,0,49.9
2026-09-16T17:31:20.018Z,17.1,392284,1,0,50.5
2026-09-16T17:31:25.057Z,17.1,392284,1,0,50.5
2026-09-16T17:31:30.098Z,17.0,392284,1,0,50.5
2026-09-16T17:31:35.142Z,17.0,392500,1,0,50.5
2026-09-16T17:31:40.181Z,17.0,392500,1,0,50.5
2026-09-16T17:31:45.220Z,17.0,392524,1,0,49.9
2026-09-16T17:31:50.261Z,17.0,393040,1,0,49.9
2026-09-16T17:31:55.301Z,17.0,393040,1,0,50.5
2026-09-16T17:32:00.344Z,17.0,393040,1,0,50.5
2026-09-16T17:32:05.382Z,17.0,392640,1,0,50.5
2026-09-16T17:32:10.424Z,17.1,392864,1,0,49.9
2026-09-16T17:32:15.460Z,17.1,393192,1,0,49.9
2026-09-16T17:32:20.497Z,17.1,393232,1,0,50.5
2026-09-16T17:32:25.535Z,17.1,393336,1,0,50.5
2026-09-16T17:32:30.574Z,17.0,393500,1,0,50.5
2026-09-16T17:32:35.614Z,17.0,391196,1,0,51.0
2026-09-16T17:32:40.652Z,17.0,391204,1,0,49.4
2026-09-16T17:32:45.691Z,17.0,391208,1,0,50.5
2026-09-16T17:32:50.730Z,17.0,391208,1,0,50.5
2026-09-16T17:32:55.770Z,17.0,391208,1,0,49.9
2026-09-16T17:33:00.809Z,17.0,391208,1,0,50.5
2026-09-16T17:33:05.847Z,17.0,392484,1,0,50.5
2026-09-16T17:33:10.887Z,17.0,394856,1,0,50.5
2026-09-16T17:33:15.925Z,17.0,394948,1,0,50.5
2026-09-16T17:33:20.963Z,17.0,395160,1,0,50.5
2026-09-16T17:33:26.001Z,17.0,395432,1,0,50.5
2026-09-16T17:33:31.040Z,17.0,395724,1,0,50.5
2026-09-16T17:33:36.079Z,17.0,394760,1,0,50.5
2026-09-16T17:33:41.118Z,17.0,394764,1,0,49.9
2026-09-16T17:33:46.157Z,17.0,394764,1,0,50.5
2026-09-16T17:33:51.197Z,17.0,394764,1,0,50.5
2026-09-16T17:33:56.235Z,17.0,394820,1,0,50.5
2026-09-16T17:34:01.271Z,17.0,394900,1,0,50.5
2026-09-16T17:34:06.314Z,17.0,394088,1,0,50.5
2026-09-16T17:34:11.352Z,17.0,394136,1,0,50.5
2026-09-16T17:34:16.398Z,17.0,394184,1,0,51.0
2026-09-16T17:34:21.443Z,17.0,394184,1,0,50.5
2026-09-16T17:34:26.482Z,17.0,394356,1,0,50.5
2026-09-16T17:34:31.521Z,17.0,394356,1,0,50.5
2026-09-16T17:34:36.561Z,17.0,395500,1,0,50.5
2026-09-16T17:34:41.599Z,17.0,395500,1,0,50.5
2026-09-16T17:34:46.639Z,17.0,395560,1,0,50.5
2026-09-16T17:34:51.678Z,17.0,395560,1,0,50.5
2026-09-16T17:34:56.717Z,17.0,395912,1,0,51.0
2026-09-16T17:35:01.755Z,17.0,396048,1,0,51.0
2026-09-16T17:35:06.797Z,17.0,393468,1,0,51.0
2026-09-16T17:35:11.835Z,17.0,393472,1,0,50.5
2026-09-16T17:35:16.874Z,17.0,393672,1,0,51.0
2026-09-16T17:35:21.911Z,17.0,393672,1,0,51.0
2026-09-16T17:35:26.947Z,17.0,393672,1,0,51.5
2026-09-16T17:35:31.993Z,17.0,393672,1,0,51.0
2026-09-16T17:35:37.040Z,17.0,394484,1,0,50.5
2026-09-16T17:35:42.080Z,17.0,394528,1,0,50.5
2026-09-16T17:35:47.121Z,17.0,394692,1,0,50.5
2026-09-16T17:35:52.159Z,17.0,394700,1,0,51.0
2026-09-16T17:35:57.197Z,17.0,394700,1,0,50.5
2026-09-16T17:36:02.237Z,17.0,394700,1,0,51.0
2026-09-16T17:36:07.278Z,17.0,394896,1,0,50.5
2026-09-16T17:36:12.317Z,17.0,395096,1,0,50.5
2026-09-16T17:36:17.355Z,17.0,395332,1,0,50.5
2026-09-16T17:36:22.392Z,17.0,395332,1,0,50.5
2026-09-16T17:36:27.430Z,17.0,395464,1,0,51.0
2026-09-16T17:36:32.470Z,17.0,395624,1,0,50.5
2026-09-16T17:36:37.512Z,17.0,392400,1,0,50.5
2026-09-16T17:36:42.550Z,17.0,392424,1,0,51.0
2026-09-16T17:36:47.587Z,17.0,392424,1,0,51.5
2026-09-16T17:36:52.626Z,16.9,392424,1,0,50.5
2026-09-16T17:36:57.664Z,16.9,393856,1,0,50.5
2026-09-16T17:37:02.702Z,16.9,393856,1,0,51.5
2026-09-16T17:37:07.741Z,16.9,392432,1,0,50.5
2026-09-16T17:37:12.782Z,16.9,392464,1,0,51.0
2026-09-16T17:37:17.821Z,17.0,392668,1,0,51.0
2026-09-16T17:37:22.860Z,17.0,392888,1,0,51.5
2026-09-16T17:37:27.900Z,17.0,393344,1,0,51.0
2026-09-16T17:37:32.942Z,17.0,393596,1,0,51.5
2026-09-16T17:37:37.978Z,17.0,392816,1,0,50.5
2026-09-16T17:37:43.015Z,17.0,392836,1,0,50.5
2026-09-16T17:37:48.053Z,17.0,392836,1,0,51.5
2026-09-16T17:37:53.092Z,17.0,392840,1,0,51.5
2026-09-16T17:37:58.138Z,17.0,392844,1,0,50.5
2026-09-16T17:38:03.175Z,16.9,392920,1,0,50.5
2026-09-16T17:38:08.213Z,16.9,392292,1,0,51.5
2026-09-16T17:38:13.250Z,16.9,392336,1,0,51.0
2026-09-16T17:38:18.289Z,16.9,392348,1,0,51.5
2026-09-16T17:38:23.328Z,16.9,392348,1,0,51.0
2026-09-16T17:38:28.368Z,16.9,392560,1,0,51.0
2026-09-16T17:38:33.406Z,16.9,393064,1,0,51.0
2026-09-16T17:38:38.444Z,16.9,393628,1,0,51.5
2026-09-16T17:38:43.483Z,16.9,393628,1,0,51.5
2026-09-16T17:38:48.522Z,17.0,393832,1,0,51.5
2026-09-16T17:38:53.562Z,17.0,393860,1,0,51.5
2026-09-16T17:38:58.600Z,17.0,394180,1,0,51.5
2026-09-16T17:39:03.640Z,17.0,391444,1,0,51.0
2026-09-16T17:39:08.679Z,17.0,391688,1,0,51.5
2026-09-16T17:39:13.716Z,16.9,391688,1,0,51.5
2026-09-16T17:39:18.755Z,16.9,391688,1,0,51.5
2026-09-16T17:39:23.795Z,16.9,391828,1,0,51.0
2026-09-16T17:39:28.832Z,16.9,391828,1,0,51.0
2026-09-16T17:39:33.872Z,16.9,392532,1,0,51.5
2026-09-16T17:39:38.911Z,16.9,392632,1,0,52.1
2026-09-16T17:39:43.950Z,16.9,392632,1,0,51.0
2026-09-16T17:39:48.988Z,16.9,392796,1,0,50.5
2026-09-16T17:39:54.029Z,16.9,392796,1,0,51.5
2026-09-16T17:39:59.067Z,16.9,392796,1,0,51.5
2026-09-16T17:40:04.105Z,16.9,392888,1,0,50.5
2026-09-16T17:40:09.144Z,16.9,393448,1,0,51.5
2026-09-16T17:40:14.184Z,16.9,393784,1,0,51.0
2026-09-16T17:40:19.222Z,16.9,393812,1,0,51.5
2026-09-16T17:40:24.261Z,16.9,393816,1,0,51.5
2026-09-16T17:40:29.304Z,16.9,393952,1,0,51.5
2026-09-16T17:40:34.345Z,16.9,391748,1,0,51.5
2026-09-16T17:40:39.385Z,16.9,391516,1,0,51.5
2026-09-16T17:40:44.424Z,16.9,391564,1,0,51.0
2026-09-16T17:40:49.467Z,16.9,391564,1,0,51.5
2026-09-16T17:40:54.505Z,16.9,392080,1,0,51.0
2026-09-16T17:40:59.546Z,16.9,392080,1,0,51.5
2026-09-16T17:41:04.585Z,16.9,392448,1,0,51.5
2026-09-16T17:41:09.623Z,16.9,391820,1,0,51.5
2026-09-16T17:41:14.660Z,16.9,392204,1,0,51.5
2026-09-16T17:41:19.706Z,16.9,392348,1,0,51.0
2026-09-16T17:41:24.745Z,16.9,392636,1,0,51.5
2026-09-16T17:41:29.783Z,16.9,392896,1,0,51.5
2026-09-16T17:41:34.821Z,16.9,391396,1,0,51.5
2026-09-16T17:41:39.864Z,16.9,391428,1,0,51.5
2026-09-16T17:41:44.902Z,16.9,391428,1,0,51.5
2026-09-16T17:41:49.941Z,16.9,391428,1,0,51.5
2026-09-16T17:41:54.980Z,16.9,391432,1,0,51.5
2026-09-16T17:42:00.020Z,16.9,391448,1,0,51.5
2026-09-16T17:42:05.058Z,16.9,391860,1,0,51.5
2026-09-16T17:42:10.095Z,16.9,392312,1,0,51.5
2026-09-16T17:42:15.134Z,16.9,392332,1,0,51.5
2026-09-16T17:42:20.171Z,16.9,392332,1,0,51.5
2026-09-16T17:42:25.209Z,16.9,392496,1,0,51.5
2026-09-16T17:42:30.251Z,16.9,392496,1,0,51.5
2026-09-16T17:42:35.291Z,16.9,393056,1,0,51.5
2026-09-16T17:42:40.330Z,16.9,394000,1,0,51.5
2026-09-16T17:42:45.369Z,16.9,394068,1,0,51.5
2026-09-16T17:42:50.408Z,16.9,394092,1,0,51.5
2026-09-16T17:42:55.446Z,16.9,394404,1,0,52.1
2026-09-16T17:43:00.483Z,16.9,394520,1,0,51.5
2026-09-16T17:43:05.522Z,16.9,391604,1,0,51.5
2026-09-16T17:43:10.560Z,16.9,391632,1,0,52.1
2026-09-16T17:43:15.601Z,16.9,391860,1,0,52.1
2026-09-16T17:43:20.640Z,16.9,391860,1,0,51.5
2026-09-16T17:43:25.677Z,16.9,392060,1,0,51.5
2026-09-16T17:43:30.714Z,16.9,392060,1,0,51.5
2026-09-16T17:43:35.751Z,16.9,392948,1,0,51.5
2026-09-16T17:43:40.790Z,16.9,392748,1,0,51.5
2026-09-16T17:43:45.828Z,16.9,392912,1,0,51.5
2026-09-16T17:43:50.867Z,16.9,392916,1,0,52.1
2026-09-16T17:43:55.904Z,16.9,392916,1,0,51.5
2026-09-16T17:44:00.960Z,16.9,392956,1,0,52.1
2026-09-16T17:44:06.006Z,16.9,393180,1,0,51.5
2026-09-16T17:44:11.043Z,16.9,393272,1,0,51.5
2026-09-16T17:44:16.082Z,16.9,393504,1,0,51.5
2026-09-16T17:44:21.121Z,16.9,393508,1,0,51.5
2026-09-16T17:44:26.158Z,16.9,393524,1,0,51.5
2026-09-16T17:44:31.196Z,16.9,393620,1,0,52.1
2026-09-16T17:44:36.237Z,16.9,393728,1,0,51.5
2026-09-16T17:44:41.276Z,16.9,391388,1,0,51.5
2026-09-16T17:44:46.313Z,16.9,391388,1,0,52.1
2026-09-16T17:44:51.351Z,16.9,391764,1,0,51.5
2026-09-16T17:44:56.390Z,16.9,391764,1,0,51.5
2026-09-16T17:45:01.435Z,16.9,391832,1,0,51.5
2026-09-16T17:45:06.474Z,16.9,392080,1,0,51.5
2026-09-16T17:45:11.514Z,16.9,392008,1,0,51.5
2026-09-16T17:45:16.550Z,16.9,392180,1,0,51.5
2026-09-16T17:45:21.597Z,16.9,392364,1,0,52.1
2026-09-16T17:45:26.635Z,16.9,392544,1,0,51.5
2026-09-16T17:45:31.675Z,16.9,392760,1,0,51.5
2026-09-16T17:45:36.714Z,16.9,391352,1,0,51.5
2026-09-16T17:45:41.751Z,16.9,391416,1,0,51.5
2026-09-16T17:45:46.793Z,16.9,391416,1,0,52.1
2026-09-16T17:45:51.831Z,16.9,393572,1,0,51.5
2026-09-16T17:45:56.869Z,16.9,393572,1,0,52.1
2026-09-16T17:46:01.910Z,16.9,393576,1,0,52.1
2026-09-16T17:46:06.948Z,16.9,393676,1,0,51.5
2026-09-16T17:46:11.990Z,16.9,394804,1,0,51.5
2026-09-16T17:46:17.028Z,16.9,394808,1,0,51.5
2026-09-16T17:46:22.065Z,16.9,394808,1,0,51.5
2026-09-16T17:46:27.105Z,16.9,394976,1,0,51.5
2026-09-16T17:46:32.143Z,16.9,394980,1,0,51.5
2026-09-16T17:46:37.180Z,16.9,394980,1,0,51.5
2026-09-16T17:46:42.218Z,16.9,395908,1,0,51.5
2026-09-16T17:46:47.255Z,16.9,395928,1,0,52.1
2026-09-16T17:46:52.294Z,16.9,396160,1,0,51.5
2026-09-16T17:46:57.332Z,16.9,396352,1,0,52.1
2026-09-16T17:47:02.371Z,16.9,396428,1,0,51.5
2026-09-16T17:47:07.407Z,16.9,396524,1,0,51.5
2026-09-16T17:47:12.445Z,16.9,393860,1,0,51.5
2026-09-16T17:47:17.483Z,16.9,393868,1,0,51.5
2026-09-16T17:47:22.524Z,16.9,394004,1,0,52.1
2026-09-16T17:47:27.562Z,16.9,394004,1,0,51.5
2026-09-16T17:47:32.602Z,16.9,394160,1,0,52.1
2026-09-16T17:47:37.641Z,16.8,394160,1,0,52.1
2026-09-16T17:47:42.679Z,16.8,393792,1,0,52.1
2026-09-16T17:47:47.717Z,16.8,393960,1,0,51.5
2026-09-16T17:47:52.757Z,16.9,394204,1,0,51.5
2026-09-16T17:47:57.796Z,16.9,394256,1,0,51.5
2026-09-16T17:48:02.838Z,16.9,394436,1,0,51.5
2026-09-16T17:48:07.877Z,16.9,394620,1,0,51.5
2026-09-16T17:48:12.914Z,16.9,394016,1,0,52.1
2026-09-16T17:48:17.954Z,16.9,394216,1,0,52.1
2026-09-16T17:48:22.991Z,16.9,394216,1,0,51.5
2026-09-16T17:48:28.032Z,16.9,394240,1,0,52.1
2026-09-16T17:48:33.070Z,16.9,394316,1,0,51.5
2026-09-16T17:48:38.109Z,16.9,394424,1,0,51.5
2026-09-16T17:48:43.146Z,16.9,393024,1,0,52.1
2026-09-16T17:48:48.183Z,16.8,393076,1,0,51.5
2026-09-16T17:48:53.222Z,16.8,393080,1,0,51.5
2026-09-16T17:48:58.261Z,16.8,393080,1,0,51.5
2026-09-16T17:49:03.298Z,16.8,393108,1,0,51.5
2026-09-16T17:49:08.337Z,16.8,393272,1,0,51.5
2026-09-16T17:49:13.375Z,16.8,393708,1,0,51.5
2026-09-16T17:49:18.416Z,16.8,393724,1,0,51.5
2026-09-16T17:49:23.453Z,16.8,393752,1,0,51.5
2026-09-16T17:49:28.493Z,16.9,393768,1,0,51.5
2026-09-16T17:49:33.530Z,16.9,393832,1,0,52.6
2026-09-16T17:49:38.567Z,16.9,394136,1,0,52.1
2026-09-16T17:49:43.606Z,16.9,391876,1,0,52.1
2026-09-16T17:49:48.643Z,16.9,391876,1,0,51.5
2026-09-16T17:49:53.687Z,16.8,391884,1,0,51.5
2026-09-16T17:49:58.724Z,16.8,392008,1,0,52.1
2026-09-16T17:50:03.761Z,16.8,392008,1,0,51.5
2026-09-16T17:50:08.799Z,16.8,394768,1,0,52.1
2026-09-16T17:50:13.838Z,16.8,394976,1,0,51.5
2026-09-16T17:50:18.876Z,16.8,394980,1,0,52.1
2026-09-16T17:50:23.914Z,16.8,394984,1,0,51.5
2026-09-16T17:50:28.952Z,16.8,395148,1,0,52.6
2026-09-16T17:50:33.990Z,16.8,395148,1,0,52.1
2026-09-16T17:50:39.029Z,16.8,395148,1,0,52.1
2026-09-16T17:50:44.066Z,16.8,395124,1,0,52.1
2026-09-16T17:50:49.106Z,16.8,395264,1,0,52.1
2026-09-16T17:50:54.146Z,16.8,395364,1,0,52.1
2026-09-16T17:50:59.185Z,16.8,395548,1,0,52.1
2026-09-16T17:51:04.223Z,16.8,395600,1,0,52.1
2026-09-16T17:51:09.261Z,16.8,395764,1,0,51.5
2026-09-16T17:51:14.299Z,16.8,393388,1,0,52.6
2026-09-16T17:51:19.338Z,16.8,393424,1,0,52.6
2026-09-16T17:51:24.377Z,16.8,393424,1,0,52.1
2026-09-16T17:51:29.416Z,16.8,393440,1,0,52.1
2026-09-16T17:51:34.462Z,16.8,393440,1,0,51.5
2026-09-16T17:51:39.508Z,16.8,393460,1,0,51.5
2026-09-16T17:51:44.554Z,16.8,394840,1,0,52.1
2026-09-16T17:51:49.595Z,16.8,395112,1,0,52.1
2026-09-16T17:51:54.637Z,16.8,395152,1,0,52.6
2026-09-16T17:51:59.679Z,16.8,395300,1,0,52.6
2026-09-16T17:52:04.719Z,16.8,395508,1,0,51.5
2026-09-16T17:52:09.758Z,16.8,395816,1,0,52.1
2026-09-16T17:52:14.797Z,16.8,394680,1,0,52.1
2026-09-16T17:52:19.844Z,16.8,394916,1,0,52.6
2026-09-16T17:52:24.883Z,16.8,394916,1,0,53.2
2026-09-16T17:52:29.925Z,16.8,394916,1,0,52.1
2026-09-16T17:52:34.964Z,16.8,394948,1,0,52.1
2026-09-16T17:52:40.006Z,16.8,395036,1,0,52.1
2026-09-16T17:52:45.043Z,16.8,394472,1,0,52.1
2026-09-16T17:52:50.081Z,16.8,394520,1,0,52.1
2026-09-16T17:52:55.119Z,16.8,394528,1,0,51.5
2026-09-16T17:53:00.158Z,16.8,394600,1,0,52.6
2026-09-16T17:53:05.196Z,16.8,394600,1,0,52.1
2026-09-16T17:53:10.246Z,16.8,394768,1,0,52.1
2026-09-16T17:53:15.295Z,16.8,395636,1,0,51.5
2026-09-16T17:53:20.340Z,16.8,395672,1,0,52.6
2026-09-16T17:53:25.377Z,16.8,395672,1,0,52.6
2026-09-16T17:53:30.418Z,16.8,395688,1,0,52.1
2026-09-16T17:53:35.455Z,16.8,395876,1,0,52.1
2026-09-16T17:53:40.493Z,16.8,396028,1,0,52.1
2026-09-16T17:53:45.533Z,16.8,392576,1,0,52.1
2026-09-16T17:53:50.575Z,16.8,392596,1,0,52.6
2026-09-16T17:53:55.613Z,16.8,392596,1,0,52.1
2026-09-16T17:54:00.654Z,16.8,392868,1,0,52.1
2026-09-16T17:54:05.693Z,16.8,392868,1,0,52.1
2026-09-16T17:54:10.731Z,16.8,392868,1,0,51.5
2026-09-16T17:54:15.771Z,16.8,392812,1,0,52.1
2026-09-16T17:54:20.809Z,16.8,392996,1,0,52.1
2026-09-16T17:54:25.899Z,16.8,393012,1,0,52.1
2026-09-16T17:54:30.937Z,16.8,393176,1,0,52.1
2026-09-16T17:54:35.975Z,16.8,393176,1,0,51.5
2026-09-16T17:54:41.013Z,16.8,393176,1,0,51.5
2026-09-16T17:54:46.056Z,16.8,393648,1,0,52.1
2026-09-16T17:54:51.093Z,16.8,393788,1,0,51.5
2026-09-16T17:54:56.131Z,16.8,394032,1,0,52.6
2026-09-16T17:55:01.171Z,16.8,394032,1,0,52.1
2026-09-16T17:55:06.208Z,16.8,394056,1,0,52.1
2026-09-16T17:55:11.247Z,16.8,394188,1,0,52.1
2026-09-16T17:55:16.286Z,16.8,391644,1,0,52.1
2026-09-16T17:55:21.325Z,16.8,391668,1,0,51.5
2026-09-16T17:55:26.362Z,16.8,391728,1,0,52.1
2026-09-16T17:55:31.401Z,16.8,391728,1,0,52.6
2026-09-16T17:55:36.438Z,16.8,391876,1,0,52.6
2026-09-16T17:55:41.476Z,16.8,391876,1,0,52.1
2026-09-16T17:55:46.516Z,16.8,392460,1,0,51.5
2026-09-16T17:55:51.555Z,16.8,392544,1,0,52.6
2026-09-16T17:55:56.593Z,16.8,392644,1,0,52.1
2026-09-16T17:56:01.630Z,16.8,392808,1,0,52.1
2026-09-16T17:56:06.669Z,16.8,393048,1,0,52.1
2026-09-16T17:56:11.707Z,16.8,393228,1,0,52.6
2026-09-16T17:56:16.743Z,16.8,392208,1,0,52.6
2026-09-16T17:56:21.793Z,16.8,392248,1,0,52.1
2026-09-16T17:56:26.835Z,16.8,392388,1,0,52.6
2026-09-16T17:56:31.872Z,16.8,392388,1,0,52.1
2026-09-16T17:56:36.909Z,16.8,392556,1,0,51.5
2026-09-16T17:56:41.951Z,16.8,392612,1,0,52.1
2026-09-16T17:56:46.991Z,16.8,392708,1,0,52.1
2026-09-16T17:56:52.032Z,16.8,392740,1,0,52.1
2026-09-16T17:56:57.069Z,16.8,392760,1,0,52.6
2026-09-16T17:57:02.108Z,16.8,392760,1,0,52.1
2026-09-16T17:57:07.146Z,16.8,393040,1,0,52.6
2026-09-16T17:57:12.183Z,16.8,393040,1,0,52.1
2026-09-16T17:57:17.222Z,16.8,393724,1,0,52.6
2026-09-16T17:57:22.261Z,16.8,393756,1,0,52.1
2026-09-16T17:57:27.304Z,16.8,393756,1,0,52.6
2026-09-16T17:57:32.343Z,16.8,393764,1,0,52.1
2026-09-16T17:57:37.379Z,16.8,394000,1,0,52.6
2026-09-16T17:57:42.417Z,16.8,394104,1,0,52.1
2026-09-16T17:57:47.461Z,16.8,392232,1,0,52.6
2026-09-16T17:57:52.501Z,16.8,392252,1,0,52.1
2026-09-16T17:57:57.539Z,16.8,392284,1,0,52.6
2026-09-16T17:58:02.585Z,16.8,392284,1,0,52.1
2026-09-16T17:58:07.624Z,16.8,392600,1,0,52.6
2026-09-16T17:58:12.663Z,16.8,392600,1,0,52.1
2026-09-16T17:58:17.700Z,16.8,393064,1,0,52.1
2026-09-16T17:58:22.739Z,16.8,392980,1,0,52.1
2026-09-16T17:58:27.777Z,16.8,393140,1,0,52.1
2026-09-16T17:58:32.820Z,16.8,393152,1,0,51.5
2026-09-16T17:58:37.859Z,16.8,393384,1,0,52.1
2026-09-16T17:58:42.898Z,16.8,393436,1,0,52.6
2026-09-16T17:58:47.937Z,16.8,393600,1,0,52.6
2026-09-16T17:58:52.977Z,16.8,393304,1,0,52.1
2026-09-16T17:58:58.016Z,16.8,393524,1,0,52.6
2026-09-16T17:59:03.055Z,16.8,393524,1,0,52.6
2026-09-16T17:59:08.095Z,16.8,393532,1,0,52.1
2026-09-16T17:59:13.138Z,16.8,393644,1,0,52.6
2026-09-16T17:59:18.228Z,16.8,391524,1,0,52.6
2026-09-16T17:59:23.265Z,16.8,391524,1,0,52.6
2026-09-16T17:59:28.302Z,16.8,391564,1,0,52.1
2026-09-16T17:59:33.340Z,16.8,391564,1,0,52.6
2026-09-16T17:59:38.379Z,16.8,391608,1,0,52.1
2026-09-16T17:59:43.417Z,16.8,391608,1,0,52.1
2026-09-16T17:59:48.460Z,16.8,393292,1,0,51.5
2026-09-16T17:59:53.498Z,16.8,392368,1,0,52.1
2026-09-16T17:59:58.537Z,16.8,392520,1,0,52.6
2026-09-16T18:00:03.575Z,16.8,392672,1,0,52.1
2026-09-16T18:00:08.615Z,16.8,392864,1,0,52.1
2026-09-16T18:00:13.654Z,16.8,393076,1,0,51.5
2026-09-16T18:00:18.693Z,16.8,391568,1,0,52.6
2026-09-16T18:00:23.739Z,16.8,391568,1,0,52.1
2026-09-16T18:00:28.778Z,16.8,391764,1,0,52.1
2026-09-16T18:00:33.817Z,16.8,391772,1,0,52.6
2026-09-16T18:00:38.852Z,16.8,392000,1,0,52.6
2026-09-16T18:00:43.891Z,16.8,392064,1,0,52.1
2026-09-16T18:00:48.930Z,16.8,392824,1,0,52.6
2026-09-16T18:00:53.970Z,16.8,392624,1,0,52.1
2026-09-16T18:00:59.011Z,16.8,392632,1,0,52.6
2026-09-16T18:01:04.053Z,16.8,392632,1,0,52.1
2026-09-16T18:01:09.092Z,16.8,392816,1,0,52.6
2026-09-16T18:01:14.139Z,16.8,392816,1,0,52.6
2026-09-16T18:01:19.186Z,16.8,393692,1,0,52.1
2026-09-16T18:01:24.225Z,16.8,393740,1,0,52.1
2026-09-16T18:01:29.265Z,16.8,393748,1,0,52.6
2026-09-16T18:01:34.305Z,16.8,393824,1,0,52.1
2026-09-16T18:01:39.344Z,16.8,394012,1,0,52.1
2026-09-16T18:01:44.381Z,16.8,394092,1,0,52.6
2026-09-16T18:01:49.417Z,16.8,391072,1,0,52.6
2026-09-16T18:01:54.455Z,16.8,391188,1,0,52.1
2026-09-16T18:01:59.500Z,16.8,391188,1,0,52.6
2026-09-16T18:02:04.539Z,16.8,391188,1,0,52.1
2026-09-16T18:02:09.576Z,16.8,391188,1,0,52.1
2026-09-16T18:02:14.615Z,16.8,391188,1,0,52.1
2026-09-16T18:02:19.654Z,16.8,393496,1,0,52.1
2026-09-16T18:02:24.691Z,16.8,393048,1,0,52.6
2026-09-16T18:02:29.728Z,16.8,393216,1,0,52.6
2026-09-16T18:02:34.767Z,16.8,393672,1,0,52.6
2026-09-16T18:02:39.804Z,16.8,393676,1,0,52.1
2026-09-16T18:02:44.842Z,16.8,393832,1,0,52.6
2026-09-16T18:02:49.881Z,16.8,393160,1,0,52.6
2026-09-16T18:02:54.919Z,16.8,395492,1,0,52.6
2026-09-16T18:02:59.959Z,16.8,395676,1,0,52.6
2026-09-16T18:03:04.999Z,16.8,395676,1,0,52.1
2026-09-16T18:03:10.041Z,16.8,395684,1,0,52.6
2026-09-16T18:03:15.078Z,16.8,395712,1,0,51.5
2026-09-16T18:03:20.116Z,16.8,393756,1,0,52.1
2026-09-16T18:03:25.154Z,16.8,393760,1,0,53.2
2026-09-16T18:03:30.192Z,16.8,393764,1,0,52.6
2026-09-16T18:03:35.230Z,16.8,393764,1,0,52.1
2026-09-16T18:03:40.271Z,16.8,393764,1,0,52.6
2026-09-16T18:03:45.308Z,16.8,393764,1,0,52.1
2026-09-16T18:03:50.349Z,16.8,393908,1,0,52.6
2026-09-16T18:03:55.388Z,16.8,394092,1,0,52.6
2026-09-16T18:04:00.432Z,16.8,394208,1,0,52.6
2026-09-16T18:04:05.470Z,16.8,394364,1,0,52.6
2026-09-16T18:04:10.509Z,16.8,394500,1,0,52.6
2026-09-16T18:04:15.548Z,16.8,394828,1,0,52.6
2026-09-16T18:04:20.589Z,16.8,392660,1,0,52.6
2026-09-16T18:04:25.626Z,16.8,392796,1,0,52.6
2026-09-16T18:04:30.671Z,16.8,392796,1,0,52.6
2026-09-16T18:04:35.710Z,16.8,392916,1,0,52.6
2026-09-16T18:04:40.752Z,16.8,392916,1,0,52.6
2026-09-16T18:04:45.792Z,16.8,393112,1,0,52.6
2026-09-16T18:04:50.831Z,16.8,392472,1,0,52.1
2026-09-16T18:04:55.871Z,16.8,392696,1,0,52.6
2026-09-16T18:05:00.909Z,16.8,392696,1,0,52.6
2026-09-16T18:05:05.949Z,16.8,392696,1,0,53.2
2026-09-16T18:05:10.990Z,16.8,392860,1,0,53.2
2026-09-16T18:05:16.027Z,16.8,392860,1,0,52.6
2026-09-16T18:05:21.068Z,16.8,393616,1,0,52.6
2026-09-16T18:05:26.106Z,16.8,393616,1,0,52.6
2026-09-16T18:05:31.146Z,16.8,393696,1,0,52.6
2026-09-16T18:05:36.185Z,16.8,393916,1,0,52.6
2026-09-16T18:05:41.227Z,16.8,393980,1,0,52.6
2026-09-16T18:05:46.265Z,16.8,394100,1,0,53.2
2026-09-16T18:05:51.304Z,16.8,391724,1,0,52.1
2026-09-16T18:05:56.343Z,16.8,391796,1,0,52.6
2026-09-16T18:06:01.382Z,16.8,391796,1,0,52.6
2026-09-16T18:06:06.419Z,16.8,391796,1,0,52.6
2026-09-16T18:06:11.458Z,16.8,391912,1,0,52.6
2026-09-16T18:06:16.495Z,16.8,391912,1,0,52.6
2026-09-16T18:06:21.534Z,16.8,393680,1,0,52.6
2026-09-16T18:06:26.571Z,16.8,392888,1,0,53.2
2026-09-16T18:06:31.611Z,16.8,393052,1,0,52.6
2026-09-16T18:06:36.648Z,16.8,393060,1,0,52.6
2026-09-16T18:06:41.685Z,16.8,393424,1,0,52.6
2026-09-16T18:06:46.723Z,16.8,393552,1,0,52.6
2026-09-16T18:06:51.762Z,16.8,393512,1,0,52.6
2026-09-16T18:06:56.799Z,16.8,393796,1,0,52.6
2026-09-16T18:07:01.840Z,16.8,393804,1,0,52.6
2026-09-16T18:07:06.881Z,16.8,393804,1,0,52.6
2026-09-16T18:07:11.919Z,16.8,395980,1,0,52.6
2026-09-16T18:07:16.959Z,16.8,396024,1,0,52.6
2026-09-16T18:07:21.999Z,16.8,393900,1,0,52.6
2026-09-16T18:07:27.038Z,16.8,393900,1,0,52.6
2026-09-16T18:07:32.076Z,16.8,393900,1,0,52.6
2026-09-16T18:07:37.114Z,16.7,393900,1,0,52.6
2026-09-16T18:07:42.153Z,16.7,393900,1,0,53.2
2026-09-16T18:07:47.191Z,16.7,394064,1,0,52.6
2026-09-16T18:07:52.229Z,16.7,394888,1,0,52.6
2026-09-16T18:07:57.268Z,16.8,394952,1,0,52.6
2026-09-16T18:08:02.306Z,16.8,395028,1,0,52.6
2026-09-16T18:08:07.344Z,16.8,395060,1,0,52.6
2026-09-16T18:08:12.389Z,16.8,395112,1,0,52.6
2026-09-16T18:08:17.429Z,16.8,395340,1,0,52.6
2026-09-16T18:08:22.467Z,16.8,393600,1,0,52.6
2026-09-16T18:08:27.506Z,16.8,393608,1,0,52.6
2026-09-16T18:08:32.543Z,16.8,393724,1,0,53.2
2026-09-16T18:08:37.580Z,16.8,393724,1,0,52.6
2026-09-16T18:08:42.619Z,16.8,393948,1,0,52.6
2026-09-16T18:08:47.658Z,16.7,393952,1,0,52.6
2026-09-16T18:08:52.696Z,16.7,395492,1,0,52.6
2026-09-16T18:08:57.743Z,16.7,394928,1,0,52.6
2026-09-16T18:09:02.781Z,16.7,395080,1,0,52.6
2026-09-16T18:09:07.819Z,16.7,395240,1,0,52.6
2026-09-16T18:09:12.858Z,16.7,395300,1,0,52.6
2026-09-16T18:09:17.897Z,16.7,395300,1,0,52.6
2026-09-16T18:09:22.936Z,16.7,395832,1,0,52.6
2026-09-16T18:09:27.974Z,16.8,395388,1,0,52.6
2026-09-16T18:09:33.013Z,16.8,395460,1,0,52.6
2026-09-16T18:09:38.051Z,16.8,395676,1,0,52.6
2026-09-16T18:09:43.091Z,16.8,395700,1,0,52.6
2026-09-16T18:09:48.132Z,16.8,395820,1,0,52.6
2026-09-16T18:09:53.170Z,16.7,392528,1,0,52.6
2026-09-16T18:09:58.208Z,16.7,392528,1,0,52.6
2026-09-16T18:10:03.249Z,16.7,392528,1,0,52.6
2026-09-16T18:10:08.287Z,16.7,392528,1,0,52.6
2026-09-16T18:10:13.325Z,16.7,392776,1,0,52.6
2026-09-16T18:10:18.364Z,16.7,392776,1,0,52.6
2026-09-16T18:10:23.403Z,16.7,394856,1,0,52.6
2026-09-16T18:10:28.443Z,16.7,393112,1,0,52.6
2026-09-16T18:10:33.482Z,16.7,393164,1,0,53.2
2026-09-16T18:10:38.522Z,16.7,393220,1,0,52.6
2026-09-16T18:10:43.560Z,16.7,393324,1,0,53.2
2026-09-16T18:10:48.598Z,16.7,393436,1,0,52.6
2026-09-16T18:10:53.638Z,16.7,393892,1,0,52.6
2026-09-16T18:10:58.677Z,16.7,393520,1,0,52.6
2026-09-16T18:11:03.717Z,16.7,393548,1,0,52.6
2026-09-16T18:11:08.756Z,16.7,393548,1,0,52.1
2026-09-16T18:11:13.795Z,16.7,393672,1,0,52.6
2026-09-16T18:11:18.833Z,16.7,393716,1,0,52.6
2026-09-16T18:11:23.870Z,16.7,393800,1,0,52.6
2026-09-16T18:11:28.909Z,16.7,392968,1,0,52.6
2026-09-16T18:11:33.959Z,16.7,392972,1,0,52.6
2026-09-16T18:11:38.998Z,16.7,392972,1,0,52.6
2026-09-16T18:11:44.035Z,16.7,392972,1,0,52.6
2026-09-16T18:11:49.074Z,16.7,393132,1,0,52.6
2026-09-16T18:11:54.114Z,16.7,393464,1,0,52.6
2026-09-16T18:11:59.158Z,16.7,393948,1,0,52.6
2026-09-16T18:12:04.197Z,16.7,393948,1,0,52.6
2026-09-16T18:12:09.238Z,16.7,393952,1,0,52.6
2026-09-16T18:12:14.276Z,16.7,393964,1,0,52.6
2026-09-16T18:12:19.315Z,16.7,394224,1,0,52.6
2026-09-16T18:12:24.353Z,16.7,391512,1,0,52.6
2026-09-16T18:12:29.390Z,16.7,391528,1,0,52.6
2026-09-16T18:12:34.428Z,16.7,391536,1,0,52.6
2026-09-16T18:12:39.466Z,16.7,391596,1,0,52.6
2026-09-16T18:12:44.504Z,16.7,391596,1,0,52.6
2026-09-16T18:12:49.543Z,16.7,391632,1,0,52.6
2026-09-16T18:12:54.582Z,16.7,391928,1,0,53.2
2026-09-16T18:12:59.620Z,16.7,392960,1,0,52.6
2026-09-16T18:13:04.661Z,16.7,392980,1,0,52.6
2026-09-16T18:13:09.699Z,16.7,393180,1,0,52.6
2026-09-16T18:13:14.738Z,16.7,393180,1,0,52.6
2026-09-16T18:13:19.777Z,16.7,393368,1,0,53.2
2026-09-16T18:13:24.817Z,16.7,393368,1,0,52.6
2026-09-16T18:13:29.857Z,16.7,393520,1,0,52.6
2026-09-16T18:13:34.898Z,16.7,393576,1,0,52.6
2026-09-16T18:13:39.945Z,16.7,393804,1,0,52.6
2026-09-16T18:13:44.984Z,16.7,393808,1,0,53.2
2026-09-16T18:13:50.021Z,16.7,393900,1,0,52.6
2026-09-16T18:13:55.059Z,16.7,394008,1,0,53.2
2026-09-16T18:14:00.095Z,16.7,391688,1,0,52.6
2026-09-16T18:14:05.134Z,16.7,391688,1,0,52.6
2026-09-16T18:14:10.173Z,16.7,391688,1,0,52.6
2026-09-16T18:14:15.213Z,16.7,391688,1,0,53.2
2026-09-16T18:14:20.250Z,16.7,391688,1,0,52.6
2026-09-16T18:14:25.289Z,16.7,391752,1,0,52.6
2026-09-16T18:14:30.329Z,16.7,393432,1,0,52.6
2026-09-16T18:14:35.368Z,16.7,393444,1,0,52.6
2026-09-16T18:14:40.406Z,16.7,393664,1,0,52.6
2026-09-16T18:14:45.444Z,16.7,393756,1,0,52.6
2026-09-16T18:14:50.485Z,16.7,393880,1,0,52.6
2026-09-16T18:14:55.524Z,16.7,394048,1,0,53.2
2026-09-16T18:15:00.561Z,16.7,392948,1,0,52.6
2026-09-16T18:15:05.600Z,16.7,392968,1,0,52.6
2026-09-16T18:15:10.638Z,16.7,393200,1,0,52.6
2026-09-16T18:15:15.675Z,16.7,393200,1,0,52.6
2026-09-16T18:15:20.712Z,16.7,393324,1,0,52.6
2026-09-16T18:15:25.751Z,16.7,393404,1,0,52.1
2026-09-16T18:15:30.789Z,16.7,392872,1,0,52.6
2026-09-16T18:15:35.828Z,16.7,392896,1,0,53.2
2026-09-16T18:15:40.866Z,16.7,392896,1,0,53.2
2026-09-16T18:15:45.904Z,16.7,392900,1,0,52.6
2026-09-16T18:15:50.943Z,16.7,393064,1,0,52.6
2026-09-16T18:15:55.982Z,16.7,393244,1,0,53.2
2026-09-16T18:16:01.020Z,16.7,393892,1,0,52.6
2026-09-16T18:16:06.058Z,16.7,393892,1,0,52.6
2026-09-16T18:16:11.097Z,16.7,393896,1,0,52.6
2026-09-16T18:16:16.136Z,16.7,393908,1,0,52.6
2026-09-16T18:16:21.178Z,16.7,394184,1,0,52.6
2026-09-16T18:16:26.219Z,16.7,391688,1,0,52.6
2026-09-16T18:16:31.258Z,16.7,391728,1,0,52.6
2026-09-16T18:16:36.295Z,16.7,391732,1,0,52.6
2026-09-16T18:16:41.332Z,16.7,391732,1,0,52.6
2026-09-16T18:16:46.381Z,16.7,391880,1,0,52.6
2026-09-16T18:16:51.419Z,16.7,391880,1,0,52.6
2026-09-16T18:16:56.457Z,16.7,392716,1,0,53.2
2026-09-16T18:17:01.494Z,16.7,393232,1,0,52.6
2026-09-16T18:17:06.540Z,16.7,393292,1,0,52.6
2026-09-16T18:17:11.581Z,16.7,393460,1,0,52.6
2026-09-16T18:17:16.619Z,16.7,393464,1,0,52.6
2026-09-16T18:17:21.659Z,16.7,393464,1,0,53.2
2026-09-16T18:17:26.697Z,16.7,393480,1,0,52.6
2026-09-16T18:17:31.741Z,16.7,393872,1,0,52.6
2026-09-16T18:17:36.780Z,16.7,394176,1,0,53.2
2026-09-16T18:17:41.820Z,16.7,394240,1,0,52.6
2026-09-16T18:17:46.859Z,16.7,394240,1,0,53.7
2026-09-16T18:17:51.895Z,16.7,394316,1,0,52.6
2026-09-16T18:17:56.933Z,16.7,394420,1,0,53.2
2026-09-16T18:18:01.973Z,16.7,391864,1,0,52.6
2026-09-16T18:18:07.011Z,16.7,391952,1,0,52.6
2026-09-16T18:18:12.047Z,16.7,391952,1,0,53.2
2026-09-16T18:18:17.087Z,16.7,392232,1,0,52.6
2026-09-16T18:18:22.125Z,16.7,392232,1,0,52.6
2026-09-16T18:18:27.173Z,16.7,392564,1,0,53.2
2026-09-16T18:18:32.212Z,16.7,392424,1,0,53.2
2026-09-16T18:18:37.251Z,16.7,392596,1,0,52.6
2026-09-16T18:18:42.289Z,16.7,392716,1,0,52.1
2026-09-16T18:18:47.328Z,16.7,392792,1,0,52.6
2026-09-16T18:18:52.366Z,16.7,392912,1,0,52.6
2026-09-16T18:18:57.403Z,16.7,391948,1,0,52.6
2026-09-16T18:19:02.442Z,16.7,391972,1,0,52.6
2026-09-16T18:19:07.480Z,16.7,392028,1,0,52.6
2026-09-16T18:19:12.533Z,16.7,392028,1,0,52.6
2026-09-16T18:19:17.570Z,16.7,392028,1,0,52.6
2026-09-16T18:19:22.609Z,16.7,392084,1,0,53.2
2026-09-16T18:19:27.646Z,16.7,392880,1,0,52.6
2026-09-16T18:19:32.686Z,16.7,392988,1,0,52.6
2026-09-16T18:19:37.723Z,16.7,393040,1,0,53.2
2026-09-16T18:19:42.761Z,16.7,393040,1,0,52.6
2026-09-16T18:19:47.801Z,16.7,393352,1,0,52.6
2026-09-16T18:19:52.838Z,16.7,393352,1,0,52.6
2026-09-16T18:19:57.878Z,16.7,393776,1,0,52.6
2026-09-16T18:20:02.916Z,16.7,394084,1,0,53.2
2026-09-16T18:20:07.957Z,16.7,394088,1,0,53.2
2026-09-16T18:20:12.994Z,16.7,394100,1,0,53.2
2026-09-16T18:20:18.030Z,16.7,394296,1,0,52.6
2026-09-16T18:20:23.069Z,16.7,394372,1,0,53.2
2026-09-16T18:20:28.108Z,16.7,391552,1,0,53.2
2026-09-16T18:20:33.151Z,16.7,391572,1,0,52.6
2026-09-16T18:20:38.189Z,16.7,391572,1,0,52.6
2026-09-16T18:20:43.235Z,16.7,391572,1,0,53.2
2026-09-16T18:20:48.273Z,16.7,391576,1,0,53.2
2026-09-16T18:20:53.311Z,16.7,391576,1,0,52.6
2026-09-16T18:20:58.349Z,16.7,392356,1,0,53.2
2026-09-16T18:21:03.389Z,16.7,393252,1,0,52.6
2026-09-16T18:21:08.426Z,16.7,393468,1,0,53.7
2026-09-16T18:21:13.465Z,16.7,393468,1,0,52.6
2026-09-16T18:21:18.505Z,16.7,393480,1,0,52.6
2026-09-16T18:21:23.543Z,16.7,393492,1,0,52.6
2026-09-16T18:21:28.580Z,16.7,393652,1,0,53.2
2026-09-16T18:21:33.619Z,16.7,393268,1,0,53.2
2026-09-16T18:21:38.665Z,16.7,393484,1,0,53.2
2026-09-16T18:21:43.704Z,16.7,393488,1,0,52.6
2026-09-16T18:21:48.741Z,16.7,393660,1,0,52.6
2026-09-16T18:21:53.778Z,16.7,393780,1,0,52.6
2026-09-16T18:21:58.819Z,16.7,391564,1,0,52.6
2026-09-16T18:22:03.857Z,16.7,391568,1,0,53.2
2026-09-16T18:22:08.896Z,16.7,391616,1,0,52.6
2026-09-16T18:22:13.934Z,16.7,391616,1,0,52.6
2026-09-16T18:22:18.971Z,16.7,391616,1,0,52.6
2026-09-16T18:22:24.010Z,16.7,391616,1,0,53.2
2026-09-16T18:22:29.048Z,16.7,392740,1,0,53.2
2026-09-16T18:22:34.087Z,16.7,392712,1,0,53.2
2026-09-16T18:22:39.125Z,16.7,392772,1,0,53.2
2026-09-16T18:22:44.165Z,16.7,393036,1,0,53.2
2026-09-16T18:22:49.202Z,16.7,393128,1,0,52.6
2026-09-16T18:22:54.243Z,16.7,393536,1,0,53.2
2026-09-16T18:22:59.281Z,16.7,391664,1,0,53.7
2026-09-16T18:23:04.323Z,16.7,391676,1,0,53.2
2026-09-16T18:23:09.366Z,16.7,391676,1,0,52.6
2026-09-16T18:23:14.403Z,16.7,391896,1,0,52.6
2026-09-16T18:23:19.442Z,16.7,391896,1,0,52.6
2026-09-16T18:23:24.482Z,16.7,391924,1,0,53.2
2026-09-16T18:23:29.521Z,16.7,393076,1,0,52.6
2026-09-16T18:23:34.561Z,16.7,393004,1,0,53.2
2026-09-16T18:23:39.599Z,16.7,393036,1,0,53.2
2026-09-16T18:23:44.635Z,16.7,393112,1,0,53.2
2026-09-16T18:23:49.673Z,16.7,393276,1,0,53.2
2026-09-16T18:23:54.711Z,16.7,393276,1,0,52.6
2026-09-16T18:23:59.749Z,16.7,393704,1,0,52.6
2026-09-16T18:24:04.787Z,16.7,395916,1,0,53.2
2026-09-16T18:24:09.826Z,16.7,395916,1,0,53.2
2026-09-16T18:24:14.864Z,16.7,395976,1,0,52.6
2026-09-16T18:24:19.903Z,16.7,396164,1,0,52.6
2026-09-16T18:24:24.944Z,16.7,396184,1,0,52.6
2026-09-16T18:24:29.984Z,16.7,393604,1,0,53.2
2026-09-16T18:24:35.021Z,16.7,393604,1,0,52.6
2026-09-16T18:24:40.063Z,16.7,393604,1,0,53.2
2026-09-16T18:24:45.102Z,16.7,393604,1,0,53.2
2026-09-16T18:24:50.138Z,16.7,393604,1,0,53.2
2026-09-16T18:24:55.177Z,16.7,393604,1,0,52.6
2026-09-16T18:25:00.216Z,16.7,394596,1,0,53.2
2026-09-16T18:25:05.254Z,16.7,395068,1,0,52.6
2026-09-16T18:25:10.292Z,16.7,395232,1,0,52.6
2026-09-16T18:25:15.330Z,16.7,395232,1,0,52.6
2026-09-16T18:25:20.369Z,16.7,395232,1,0,53.7
2026-09-16T18:25:25.409Z,16.7,395356,1,0,53.2
2026-09-16T18:25:30.446Z,16.7,395564,1,0,53.7
2026-09-16T18:25:35.484Z,16.7,395496,1,0,52.6
2026-09-16T18:25:40.525Z,16.7,395676,1,0,52.6
2026-09-16T18:25:45.562Z,16.7,395864,1,0,52.6
2026-09-16T18:25:50.608Z,16.7,395884,1,0,52.6
2026-09-16T18:25:55.646Z,16.7,395988,1,0,53.2
2026-09-16T18:26:00.683Z,16.7,396068,1,0,53.7
2026-09-16T18:26:05.722Z,16.7,394668,1,0,53.2
2026-09-16T18:26:10.762Z,16.7,394676,1,0,53.2
2026-09-16T18:26:15.805Z,16.7,395088,1,0,53.7
2026-09-16T18:26:20.842Z,16.7,395088,1,0,52.6
2026-09-16T18:26:25.881Z,16.7,395364,1,0,53.7
2026-09-16T18:26:30.919Z,16.7,395528,1,0,52.6
2026-09-16T18:26:35.962Z,16.7,393648,1,0,53.2
2026-09-16T18:26:41.014Z,16.7,393660,1,0,53.2
2026-09-16T18:26:46.057Z,16.7,393680,1,0,53.2
2026-09-16T18:26:51.094Z,16.7,393716,1,0,53.2
2026-09-16T18:26:56.132Z,16.7,393924,1,0,53.2
2026-09-16T18:27:01.179Z,16.7,392928,1,0,53.2
2026-09-16T18:27:06.219Z,16.7,393100,1,0,53.2
2026-09-16T18:27:11.261Z,16.7,393116,1,0,53.2
2026-09-16T18:27:16.297Z,16.7,393208,1,0,53.7
2026-09-16T18:27:21.334Z,16.7,393208,1,0,53.2
2026-09-16T18:27:26.374Z,16.7,393208,1,0,52.6
2026-09-16T18:27:31.411Z,16.7,393292,1,0,53.2
2026-09-16T18:27:36.452Z,16.7,392744,1,0,53.2
2026-09-16T18:27:41.494Z,16.7,392760,1,0,53.2
2026-09-16T18:27:46.533Z,16.7,392760,1,0,52.6
2026-09-16T18:27:51.571Z,16.7,393144,1,0,53.2
2026-09-16T18:27:56.612Z,16.7,393144,1,0,53.2
2026-09-16T18:28:01.652Z,16.7,393144,1,0,53.7
2026-09-16T18:28:06.691Z,16.7,393720,1,0,53.7
2026-09-16T18:28:11.729Z,16.7,393760,1,0,53.7
2026-09-16T18:28:16.765Z,16.7,393804,1,0,52.6
2026-09-16T18:28:21.805Z,16.7,396128,1,0,53.2
2026-09-16T18:28:26.845Z,16.7,396156,1,0,53.2
2026-09-16T18:28:31.884Z,16.7,393692,1,0,52.6
2026-09-16T18:28:36.927Z,16.7,393700,1,0,53.2
2026-09-16T18:28:41.967Z,16.7,393700,1,0,52.6
2026-09-16T18:28:47.014Z,16.7,393700,1,0,53.2
2026-09-16T18:28:52.052Z,16.7,393700,1,0,53.2
2026-09-16T18:28:57.097Z,16.7,393700,1,0,53.2
2026-09-16T18:29:02.141Z,16.7,393944,1,0,53.7
2026-09-16T18:29:07.179Z,16.7,395124,1,0,53.7
2026-09-16T18:29:12.219Z,16.7,395312,1,0,53.2
2026-09-16T18:29:17.257Z,16.7,395312,1,0,53.7
2026-09-16T18:29:22.329Z,16.7,395408,1,0,53.2
2026-09-16T18:29:27.368Z,16.7,395476,1,0,53.2
2026-09-16T18:29:32.412Z,16.7,395556,1,0,53.2
2026-09-16T18:29:37.450Z,16.7,395252,1,0,53.2
2026-09-16T18:29:42.489Z,16.7,395432,1,0,52.6
2026-09-16T18:29:47.526Z,16.7,395432,1,0,53.2
2026-09-16T18:29:52.577Z,16.7,395528,1,0,53.2
2026-09-16T18:29:57.615Z,16.7,395608,1,0,53.2
2026-09-16T18:30:02.653Z,16.7,395692,1,0,53.7
2026-09-16T18:30:07.700Z,16.7,395216,1,0,52.6
2026-09-16T18:30:12.738Z,16.7,395408,1,0,52.6
2026-09-16T18:30:17.775Z,16.7,395408,1,0,53.7
2026-09-16T18:30:22.814Z,16.7,395524,1,0,53.2
2026-09-16T18:30:27.851Z,16.7,395524,1,0,53.7
2026-09-16T18:30:32.888Z,16.7,395748,1,0,53.7
2026-09-16T18:30:37.926Z,16.7,395492,1,0,52.6
2026-09-16T18:30:42.967Z,16.7,395496,1,0,52.6
2026-09-16T18:30:48.007Z,16.7,395512,1,0,53.7
2026-09-16T18:30:53.045Z,16.7,395520,1,0,53.2
2026-09-16T18:30:58.086Z,16.7,395724,1,0,52.6
2026-09-16T18:31:03.124Z,16.7,395840,1,0,52.6
2026-09-16T18:31:08.162Z,16.7,393628,1,0,53.2
2026-09-16T18:31:13.207Z,16.7,393744,1,0,53.2
2026-09-16T18:31:18.245Z,16.7,393744,1,0,52.6
2026-09-16T18:31:23.283Z,16.7,394060,1,0,53.7
2026-09-16T18:31:28.321Z,16.7,394060,1,0,53.7
2026-09-16T18:31:33.360Z,16.7,395108,1,0,53.7
2026-09-16T18:31:38.398Z,16.7,393884,1,0,52.6
2026-09-16T18:31:43.436Z,16.7,393892,1,0,53.2
2026-09-16T18:31:48.474Z,16.7,394056,1,0,52.6
2026-09-16T18:31:53.515Z,16.7,394060,1,0,53.2
2026-09-16T18:31:58.554Z,16.7,394064,1,0,53.2
2026-09-16T18:32:03.592Z,16.7,394176,1,0,53.2
2026-09-16T18:32:08.635Z,16.7,394536,1,0,53.7
2026-09-16T18:32:13.677Z,16.7,394568,1,0,53.7
2026-09-16T18:32:18.716Z,16.7,394764,1,0,53.2
2026-09-16T18:32:23.753Z,16.7,394820,1,0,53.2
2026-09-16T18:32:28.793Z,16.7,394920,1,0,53.7
2026-09-16T18:32:33.831Z,16.7,396076,1,0,53.2
2026-09-16T18:32:38.870Z,16.7,393728,1,0,53.2
2026-09-16T18:32:43.909Z,16.7,393736,1,0,53.2
2026-09-16T18:32:48.949Z,16.7,393736,1,0,53.2
2026-09-16T18:32:53.986Z,16.7,393736,1,0,53.7
2026-09-16T18:32:59.025Z,16.7,393736,1,0,53.2
2026-09-16T18:33:04.064Z,16.7,393736,1,0,53.2
2026-09-16T18:33:09.103Z,16.7,394356,1,0,53.2
2026-09-16T18:33:14.140Z,16.7,394356,1,0,53.2
2026-09-16T18:33:19.178Z,16.7,394396,1,0,53.7
2026-09-16T18:33:24.221Z,16.7,394444,1,0,53.7
2026-09-16T18:33:29.261Z,16.7,394532,1,0,53.2
2026-09-16T18:33:34.306Z,16.7,394648,1,0,52.6
2026-09-16T18:33:39.343Z,16.7,394056,1,0,53.7
2026-09-16T18:33:44.384Z,16.7,394056,1,0,53.7
2026-09-16T18:33:49.422Z,16.7,394156,1,0,53.7
2026-09-16T18:33:54.460Z,16.7,394156,1,0,53.2
2026-09-16T18:33:59.498Z,16.7,394244,1,0,53.2
2026-09-16T18:34:04.535Z,16.7,394312,1,0,53.2
2026-09-16T18:34:09.573Z,16.7,393456,1,0,53.2
2026-09-16T18:34:14.611Z,16.7,393508,1,0,53.7
2026-09-16T18:34:19.651Z,16.7,393600,1,0,53.2
2026-09-16T18:34:24.690Z,16.7,393600,1,0,53.7
2026-09-16T18:34:29.728Z,16.7,393848,1,0,53.7
2026-09-16T18:34:34.767Z,16.7,393848,1,0,53.2
2026-09-16T18:34:39.806Z,16.7,394976,1,0,52.6
2026-09-16T18:34:44.844Z,16.7,394976,1,0,53.2
2026-09-16T18:34:49.883Z,16.7,394976,1,0,53.7
2026-09-16T18:34:54.921Z,16.7,394976,1,0,52.6
2026-09-16T18:34:59.958Z,16.7,395188,1,0,53.7
2026-09-16T18:35:04.998Z,16.7,395276,1,0,53.7
2026-09-16T18:35:10.038Z,16.7,393380,1,0,53.7
2026-09-16T18:35:15.075Z,16.7,393384,1,0,53.7
2026-09-16T18:35:20.114Z,16.7,393516,1,0,53.2
2026-09-16T18:35:25.158Z,16.7,393516,1,0,52.6
2026-09-16T18:35:30.196Z,16.7,393616,1,0,53.2
2026-09-16T18:35:35.235Z,16.7,393616,1,0,53.7
2026-09-16T18:35:40.274Z,16.7,394192,1,0,53.2
2026-09-16T18:35:45.312Z,16.7,394236,1,0,53.7
2026-09-16T18:35:50.352Z,16.7,394492,1,0,53.7
2026-09-16T18:35:55.391Z,16.7,394492,1,0,53.7
2026-09-16T18:36:00.430Z,16.7,394492,1,0,53.7
2026-09-16T18:36:05.468Z,16.7,394492,1,0,53.7
2026-09-16T18:36:10.506Z,16.7,394560,1,0,53.7
2026-09-16T18:36:15.547Z,16.7,394604,1,0,53.7
2026-09-16T18:36:20.584Z,16.7,394916,1,0,53.2
2026-09-16T18:36:25.622Z,16.7,394916,1,0,53.7
2026-09-16T18:36:30.659Z,16.7,394964,1,0,53.7
2026-09-16T18:36:35.696Z,16.7,395076,1,0,52.6
2026-09-16T18:36:40.734Z,16.7,392816,1,0,53.7
2026-09-16T18:36:45.772Z,16.7,392848,1,0,52.6
2026-09-16T18:36:50.810Z,16.7,393992,1,0,53.2
2026-09-16T18:36:55.848Z,16.7,393992,1,0,53.7
2026-09-16T18:37:00.885Z,16.7,393992,1,0,53.7
2026-09-16T18:37:05.925Z,16.7,393992,1,0,53.7
2026-09-16T18:37:10.963Z,16.7,393524,1,0,52.6
2026-09-16T18:37:16.002Z,16.7,393548,1,0,53.7
2026-09-16T18:37:21.045Z,16.7,393612,1,0,53.7
2026-09-16T18:37:26.085Z,16.7,393696,1,0,53.2
2026-09-16T18:37:31.123Z,16.7,393752,1,0,53.2
2026-09-16T18:37:36.161Z,16.7,393932,1,0,53.7
2026-09-16T18:37:41.206Z,16.7,393636,1,0,52.6
2026-09-16T18:37:46.245Z,16.7,393636,1,0,53.2
2026-09-16T18:37:51.287Z,16.7,393676,1,0,53.7
2026-09-16T18:37:56.326Z,16.7,393676,1,0,53.7
2026-09-16T18:38:01.375Z,16.7,393744,1,0,53.7
2026-09-16T18:38:06.418Z,16.7,393904,1,0,53.7
2026-09-16T18:38:11.456Z,16.7,393860,1,0,53.7
2026-09-16T18:38:16.496Z,16.7,393948,1,0,52.6
2026-09-16T18:38:21.535Z,16.7,393948,1,0,53.2
2026-09-16T18:38:26.580Z,16.7,394056,1,0,53.7
2026-09-16T18:38:31.622Z,16.7,394220,1,0,53.2
2026-09-16T18:38:36.663Z,16.7,394264,1,0,53.7
2026-09-16T18:38:41.707Z,16.7,395132,1,0,53.7
2026-09-16T18:38:46.744Z,16.7,395208,1,0,53.7
2026-09-16T18:38:51.785Z,16.7,395208,1,0,53.7
2026-09-16T18:38:56.824Z,16.7,395272,1,0,53.7
2026-09-16T18:39:01.860Z,16.7,395480,1,0,53.2
2026-09-16T18:39:06.896Z,16.7,395572,1,0,53.7
2026-09-16T18:39:11.934Z,16.7,392896,1,0,53.2
2026-09-16T18:39:16.972Z,16.7,392932,1,0,53.7
2026-09-16T18:39:22.011Z,16.7,392932,1,0,53.7
2026-09-16T18:39:27.048Z,16.7,393896,1,0,53.2
2026-09-16T18:39:32.087Z,16.7,393896,1,0,53.7
2026-09-16T18:39:37.127Z,16.7,393896,1,0,53.7
2026-09-16T18:39:42.165Z,16.7,393096,1,0,53.7
2026-09-16T18:39:47.202Z,16.7,393184,1,0,53.7
2026-09-16T18:39:52.239Z,16.7,393348,1,0,53.7
2026-09-16T18:39:57.283Z,16.7,393524,1,0,53.7
2026-09-16T18:40:02.320Z,16.7,393524,1,0,53.7
2026-09-16T18:40:07.361Z,16.7,394044,1,0,53.7
2026-09-16T18:40:12.401Z,16.7,393576,1,0,53.7
2026-09-16T18:40:17.440Z,16.7,393596,1,0,53.7
2026-09-16T18:40:22.479Z,16.7,393764,1,0,53.7
2026-09-16T18:40:27.516Z,16.7,393764,1,0,53.7
2026-09-16T18:40:32.555Z,16.7,393848,1,0,53.2
2026-09-16T18:40:37.594Z,16.7,394052,1,0,53.2
2026-09-16T18:40:42.633Z,16.7,391744,1,0,53.7
2026-09-16T18:40:47.677Z,16.7,391916,1,0,53.7
2026-09-16T18:40:52.715Z,16.7,391916,1,0,53.2
2026-09-16T18:40:57.754Z,16.7,391944,1,0,53.7
2026-09-16T18:41:02.793Z,16.7,391944,1,0,53.7
2026-09-16T18:41:07.830Z,16.7,392000,1,0,53.7
2026-09-16T18:41:12.869Z,16.7,392556,1,0,53.2
2026-09-16T18:41:17.909Z,16.7,392632,1,0,53.2
2026-09-16T18:41:22.986Z,16.7,392716,1,0,53.2
2026-09-16T18:41:28.023Z,16.7,392776,1,0,53.7
2026-09-16T18:41:33.061Z,16.7,392860,1,0,53.2
2026-09-16T18:41:38.100Z,16.7,393168,1,0,53.7
2026-09-16T18:41:43.139Z,16.7,391904,1,0,53.7
2026-09-16T18:41:48.177Z,16.7,391904,1,0,53.2
2026-09-16T18:41:53.217Z,16.7,391904,1,0,53.7
2026-09-16T18:41:58.254Z,16.7,391908,1,0,53.7
2026-09-16T18:42:03.294Z,16.7,391964,1,0,53.7
2026-09-16T18:42:08.334Z,16.7,392188,1,0,53.7
2026-09-16T18:42:13.372Z,16.7,392800,1,0,53.2
2026-09-16T18:42:18.410Z,16.7,392884,1,0,53.7
2026-09-16T18:42:23.449Z,16.7,392888,1,0,53.2
2026-09-16T18:42:28.487Z,16.7,393012,1,0,53.7
2026-09-16T18:42:33.526Z,16.7,393176,1,0,53.7
2026-09-16T18:42:38.564Z,16.7,393296,1,0,53.7
2026-09-16T18:42:43.603Z,16.7,393960,1,0,53.2
2026-09-16T18:42:48.643Z,16.7,393992,1,0,52.6
2026-09-16T18:42:53.681Z,16.7,393996,1,0,53.7
2026-09-16T18:42:58.727Z,16.7,394232,1,0,53.7
2026-09-16T18:43:03.764Z,16.7,394324,1,0,53.7
2026-09-16T18:43:08.803Z,16.7,391796,1,0,53.7
2026-09-16T18:43:13.840Z,16.7,391796,1,0,53.7
2026-09-16T18:43:18.877Z,16.7,391796,1,0,53.7
2026-09-16T18:43:23.917Z,16.7,391796,1,0,53.7
2026-09-16T18:43:28.955Z,16.7,391796,1,0,53.7
2026-09-16T18:43:33.992Z,16.7,391872,1,0,53.7
2026-09-16T18:43:39.029Z,16.7,391932,1,0,53.7
2026-09-16T18:43:44.076Z,16.7,393000,1,0,54.2
2026-09-16T18:43:49.113Z,16.7,393164,1,0,53.7
2026-09-16T18:43:54.153Z,16.7,393256,1,0,53.7
2026-09-16T18:43:59.266Z,16.7,393256,1,0,53.7
2026-09-16T18:44:04.305Z,16.7,393680,1,0,53.7
2026-09-16T18:44:09.343Z,16.7,393732,1,0,53.7
2026-09-16T18:44:14.387Z,16.7,393456,1,0,53.2
2026-09-16T18:44:19.426Z,16.7,393640,1,0,53.7
2026-09-16T18:44:24.465Z,16.7,393664,1,0,53.7
2026-09-16T18:44:29.502Z,16.7,393664,1,0,52.6
2026-09-16T18:44:34.540Z,16.7,393744,1,0,53.2
2026-09-16T18:44:39.576Z,16.7,393816,1,0,53.7
2026-09-16T18:44:44.621Z,16.7,391824,1,0,53.7
2026-09-16T18:44:49.660Z,16.7,391856,1,0,53.2
2026-09-16T18:44:54.698Z,16.7,391988,1,0,53.2
2026-09-16T18:44:59.741Z,16.7,391988,1,0,53.7
2026-09-16T18:45:04.780Z,16.7,392252,1,0,53.7
2026-09-16T18:45:09.821Z,16.7,392440,1,0,53.7
2026-09-16T18:45:14.860Z,16.7,392784,1,0,53.7
2026-09-16T18:45:19.901Z,16.7,392828,1,0,53.7
2026-09-16T18:45:24.939Z,16.7,392888,1,0,53.7
2026-09-16T18:45:29.977Z,16.7,392988,1,0,53.7
2026-09-16T18:45:35.015Z,16.7,393036,1,0,53.7
2026-09-16T18:45:40.052Z,16.7,391964,1,0,53.7
2026-09-16T18:45:45.091Z,16.7,391964,1,0,53.7
2026-09-16T18:45:50.130Z,16.7,391964,1,0,53.7
2026-09-16T18:45:55.168Z,16.7,391964,1,0,53.7
2026-09-16T18:46:00.207Z,16.7,391964,1,0,53.7
2026-09-16T18:46:05.245Z,16.7,391968,1,0,53.7
2026-09-16T18:46:10.284Z,16.7,392128,1,0,53.2
2026-09-16T18:46:15.322Z,16.7,392880,1,0,53.7
2026-09-16T18:46:20.367Z,16.7,392924,1,0,53.7
2026-09-16T18:46:25.404Z,16.7,392964,1,0,53.7
2026-09-16T18:46:30.442Z,16.7,393128,1,0,52.6
2026-09-16T18:46:35.485Z,16.7,393196,1,0,52.6
2026-09-16T18:46:40.523Z,16.7,393400,1,0,53.7
2026-09-16T18:46:45.562Z,16.7,393988,1,0,53.7
2026-09-16T18:46:50.601Z,16.7,393988,1,0,53.7
2026-09-16T18:46:55.639Z,16.7,394012,1,0,53.7
2026-09-16T18:47:00.677Z,16.7,394200,1,0,53.7
2026-09-16T18:47:05.716Z,16.7,394324,1,0,53.2
2026-09-16T18:47:10.753Z,16.7,391856,1,0,53.7
2026-09-16T18:47:15.789Z,16.7,392108,1,0,53.7
2026-09-16T18:47:20.826Z,16.7,392124,1,0,53.7
2026-09-16T18:47:25.866Z,16.7,392136,1,0,53.7
2026-09-16T18:47:30.904Z,16.7,392136,1,0,53.7
2026-09-16T18:47:35.941Z,16.7,392656,1,0,52.6
2026-09-16T18:47:40.979Z,16.7,392788,1,0,53.7
2026-09-16T18:47:46.019Z,16.7,393336,1,0,53.7
2026-09-16T18:47:51.055Z,16.7,393500,1,0,53.7
2026-09-16T18:47:56.095Z,16.7,393556,1,0,53.7
2026-09-16T18:48:01.134Z,16.7,393560,1,0,53.7
2026-09-16T18:48:06.175Z,16.7,393680,1,0,53.2
2026-09-16T18:48:11.213Z,16.7,393736,1,0,53.7
2026-09-16T18:48:16.252Z,16.7,393532,1,0,53.7
2026-09-16T18:48:21.290Z,16.7,393700,1,0,53.7
2026-09-16T18:48:26.327Z,16.7,393728,1,0,53.7
2026-09-16T18:48:31.364Z,16.7,393756,1,0,53.7
2026-09-16T18:48:36.402Z,16.7,393872,1,0,53.7
2026-09-16T18:48:41.440Z,16.7,393948,1,0,53.7
2026-09-16T18:48:46.477Z,16.7,391992,1,0,53.2
2026-09-16T18:48:51.513Z,16.7,392152,1,0,53.7
2026-09-16T18:48:56.551Z,16.7,392152,1,0,53.7
2026-09-16T18:49:01.589Z,16.7,392156,1,0,53.7
2026-09-16T18:49:06.629Z,16.7,392156,1,0,53.2
2026-09-16T18:49:11.665Z,16.7,392672,1,0,53.7
2026-09-16T18:49:16.705Z,16.7,392728,1,0,53.2
2026-09-16T18:49:21.744Z,16.7,392792,1,0,53.7
2026-09-16T18:49:26.783Z,16.7,392876,1,0,53.7
2026-09-16T18:49:31.824Z,16.7,393088,1,0,53.7
2026-09-16T18:49:36.861Z,16.7,393136,1,0,53.2
2026-09-16T18:49:41.899Z,16.7,393332,1,0,53.2
2026-09-16T18:49:46.938Z,16.7,392576,1,0,53.7
2026-09-16T18:49:51.977Z,16.7,392584,1,0,53.7
2026-09-16T18:49:57.016Z,16.7,392584,1,0,53.7
2026-09-16T18:50:02.057Z,16.7,392584,1,0,53.7
2026-09-16T18:50:07.093Z,16.7,392584,1,0,53.7
2026-09-16T18:50:12.132Z,16.7,392608,1,0,53.7
2026-09-16T18:50:17.170Z,16.7,392964,1,0,53.7
2026-09-16T18:50:22.209Z,16.7,392964,1,0,53.2
2026-09-16T18:50:27.249Z,16.7,392972,1,0,53.7
2026-09-16T18:50:32.286Z,16.7,393152,1,0,53.7
2026-09-16T18:50:37.325Z,16.7,393152,1,0,53.2
2026-09-16T18:50:42.363Z,16.7,393212,1,0,53.7
2026-09-16T18:50:47.407Z,16.7,394304,1,0,53.2
2026-09-16T18:50:52.448Z,16.7,394344,1,0,53.7
2026-09-16T18:50:57.485Z,16.7,394352,1,0,53.7
2026-09-16T18:51:02.522Z,16.7,394584,1,0,53.7
2026-09-16T18:51:07.560Z,16.7,394616,1,0,53.2
2026-09-16T18:51:12.598Z,16.7,394704,1,0,53.7
2026-09-16T18:51:17.639Z,16.7,391760,1,0,53.2
2026-09-16T18:51:22.677Z,16.7,391892,1,0,53.7
2026-09-16T18:51:27.716Z,16.7,391892,1,0,53.7
2026-09-16T18:51:32.754Z,16.7,392240,1,0,52.6
2026-09-16T18:51:37.792Z,16.7,392240,1,0,53.2
2026-09-16T18:51:42.831Z,16.7,392240,1,0,53.7
2026-09-16T18:51:47.870Z,16.7,393468,1,0,53.7
2026-09-16T18:51:52.907Z,16.7,393632,1,0,53.7
2026-09-16T18:51:57.946Z,16.7,393632,1,0,53.7
2026-09-16T18:52:02.984Z,16.7,393664,1,0,53.7
2026-09-16T18:52:08.021Z,16.7,393724,1,0,53.7
2026-09-16T18:52:13.061Z,16.7,393788,1,0,53.7
2026-09-16T18:52:18.126Z,16.7,392984,1,0,53.7
2026-09-16T18:52:23.164Z,16.7,393664,1,0,53.7
2026-09-16T18:52:28.201Z,16.7,393664,1,0,53.7
2026-09-16T18:52:33.240Z,16.7,393708,1,0,53.7
2026-09-16T18:52:38.277Z,16.7,393780,1,0,53.7
2026-09-16T18:52:43.314Z,16.7,393860,1,0,53.7
2026-09-16T18:52:48.352Z,16.7,392876,1,0,53.7
2026-09-16T18:52:53.394Z,16.7,393120,1,0,53.7
2026-09-16T18:52:58.438Z,16.7,393120,1,0,53.7
2026-09-16T18:53:03.482Z,16.7,393168,1,0,53.7
2026-09-16T18:53:08.519Z,16.7,393168,1,0,53.7
2026-09-16T18:53:13.557Z,16.7,393448,1,0,53.7
2026-09-16T18:53:18.595Z,16.7,393648,1,0,53.7
2026-09-16T18:53:23.633Z,16.7,393652,1,0,53.2
2026-09-16T18:53:28.672Z,16.7,393664,1,0,53.7
2026-09-16T18:53:33.711Z,16.7,393664,1,0,53.7
2026-09-16T18:53:38.748Z,16.7,393672,1,0,53.7
2026-09-16T18:53:43.787Z,16.7,396040,1,0,53.7
2026-09-16T18:53:48.825Z,16.7,393840,1,0,53.7
2026-09-16T18:53:53.864Z,16.7,393860,1,0,53.7
2026-09-16T18:53:58.902Z,16.7,393860,1,0,53.7
2026-09-16T18:54:03.941Z,16.7,393860,1,0,53.7
2026-09-16T18:54:08.982Z,16.7,393860,1,0,53.7
2026-09-16T18:54:14.020Z,16.7,393860,1,0,53.7
2026-09-16T18:54:19.058Z,16.7,394980,1,0,53.7
2026-09-16T18:54:24.096Z,16.7,395024,1,0,53.7
2026-09-16T18:54:29.140Z,16.7,395036,1,0,53.7
2026-09-16T18:54:34.180Z,16.7,395204,1,0,53.7
2026-09-16T18:54:39.217Z,16.7,395208,1,0,53.7
2026-09-16T18:54:44.256Z,16.7,395208,1,0,53.7
2026-09-16T18:54:49.296Z,16.7,395620,1,0,53.7
2026-09-16T18:54:54.335Z,16.7,395628,1,0,53.7
2026-09-16T18:54:59.373Z,16.7,395672,1,0,52.6
2026-09-16T18:55:04.412Z,16.7,395836,1,0,53.7
2026-09-16T18:55:09.456Z,16.7,395916,1,0,53.7
2026-09-16T18:55:14.493Z,16.7,396000,1,0,53.7
2026-09-16T18:55:19.532Z,16.7,394020,1,0,53.7
2026-09-16T18:55:24.571Z,16.7,394064,1,0,53.7
2026-09-16T18:55:29.616Z,16.7,394204,1,0,53.7
2026-09-16T18:55:34.656Z,16.7,394204,1,0,53.7
2026-09-16T18:55:39.694Z,16.7,394452,1,0,53.7
2026-09-16T18:55:44.735Z,16.7,394452,1,0,53.7
2026-09-16T18:55:49.773Z,16.7,395448,1,0,54.2
2026-09-16T18:55:54.821Z,16.7,395644,1,0,53.7
2026-09-16T18:55:59.869Z,16.7,395656,1,0,53.7
2026-09-16T18:56:04.931Z,16.7,395704,1,0,53.7
2026-09-16T18:56:09.969Z,16.7,395792,1,0,53.7
2026-09-16T18:56:15.008Z,16.7,395852,1,0,53.7
2026-09-16T18:56:20.051Z,16.7,394184,1,0,53.7
2026-09-16T18:56:25.089Z,16.7,394220,1,0,53.2
2026-09-16T18:56:30.126Z,16.7,394332,1,0,52.6
2026-09-16T18:56:35.165Z,16.7,394332,1,0,53.7
2026-09-16T18:56:40.204Z,16.7,394744,1,0,53.7
2026-09-16T18:56:45.243Z,16.7,394808,1,0,53.7
2026-09-16T18:56:50.283Z,16.7,394296,1,0,54.2
2026-09-16T18:56:55.322Z,16.7,394328,1,0,53.7
2026-09-16T18:57:00.362Z,16.7,394476,1,0,53.7
2026-09-16T18:57:05.399Z,16.7,394476,1,0,53.7
2026-09-16T18:57:10.438Z,16.7,394476,1,0,52.6
2026-09-16T18:57:15.477Z,16.7,394640,1,0,53.2
2026-09-16T18:57:20.515Z,16.7,394848,1,0,53.7
2026-09-16T18:57:25.553Z,16.7,394848,1,0,53.7
2026-09-16T18:57:30.593Z,16.7,394904,1,0,53.7
2026-09-16T18:57:35.632Z,16.7,394904,1,0,53.7
2026-09-16T18:57:40.669Z,16.7,395100,1,0,53.2
2026-09-16T18:57:45.705Z,16.7,395188,1,0,53.7
2026-09-16T18:57:50.744Z,16.7,392332,1,0,53.7
2026-09-16T18:57:55.781Z,16.7,392332,1,0,53.7
2026-09-16T18:58:00.820Z,16.7,392524,1,0,53.7
2026-09-16T18:58:05.857Z,16.7,392524,1,0,53.2
2026-09-16T18:58:10.896Z,16.7,392524,1,0,53.7
2026-09-16T18:58:15.934Z,16.7,392524,1,0,53.7
2026-09-16T18:58:20.971Z,16.7,393252,1,0,53.7
2026-09-16T18:58:26.010Z,16.7,393280,1,0,53.7
2026-09-16T18:58:31.047Z,16.7,393440,1,0,53.7
2026-09-16T18:58:36.087Z,16.7,393440,1,0,53.7
2026-09-16T18:58:41.125Z,16.7,393440,1,0,53.2
2026-09-16T18:58:46.163Z,16.7,393440,1,0,53.7
2026-09-16T18:58:51.201Z,16.7,393540,1,0,53.7
2026-09-16T18:58:56.239Z,16.7,393568,1,0,53.7
2026-09-16T18:59:01.278Z,16.7,393796,1,0,53.7
2026-09-16T18:59:06.318Z,16.7,393796,1,0,53.2
2026-09-16T18:59:11.356Z,16.7,393892,1,0,53.2
2026-09-16T18:59:16.396Z,16.7,393980,1,0,53.7
2026-09-16T18:59:21.434Z,16.7,392076,1,0,53.7
2026-09-16T18:59:26.472Z,16.7,392084,1,0,53.7
2026-09-16T18:59:31.509Z,16.7,392084,1,0,53.7
2026-09-16T18:59:36.548Z,16.7,392140,1,0,53.7
2026-09-16T18:59:41.584Z,16.7,392140,1,0,53.7
2026-09-16T18:59:46.623Z,16.7,392284,1,0,53.7
2026-09-16T18:59:51.662Z,16.7,392964,1,0,53.7
2026-09-16T18:59:56.708Z,16.7,393072,1,0,53.7
2026-09-16T19:00:01.750Z,16.7,393100,1,0,53.7
2026-09-16T19:00:06.791Z,16.7,393260,1,0,53.7
2026-09-16T19:00:11.829Z,16.7,393320,1,0,53.7
2026-09-16T19:00:16.869Z,16.7,393396,1,0,53.7
2026-09-16T19:00:21.905Z,16.7,392276,1,0,53.7
2026-09-16T19:00:26.946Z,16.7,392316,1,0,53.7
2026-09-16T19:00:31.985Z,16.7,392316,1,0,53.7
2026-09-16T19:00:37.024Z,16.7,392428,1,0,53.7
2026-09-16T19:00:42.063Z,16.7,392428,1,0,53.7
2026-09-16T19:00:47.099Z,16.7,392492,1,0,53.7
2026-09-16T19:00:52.137Z,16.7,392852,1,0,53.7
2026-09-16T19:00:57.176Z,16.7,393368,1,0,53.7
2026-09-16T19:01:02.216Z,16.7,393384,1,0,53.7
2026-09-16T19:01:07.259Z,16.7,393604,1,0,53.7
2026-09-16T19:01:12.295Z,16.7,393768,1,0,53.2
2026-09-16T19:01:17.334Z,16.7,393884,1,0,53.7
2026-09-16T19:01:22.371Z,16.7,393832,1,0,53.2
2026-09-16T19:01:27.411Z,16.7,393844,1,0,52.6
2026-09-16T19:01:32.449Z,16.7,393844,1,0,53.7
2026-09-16T19:01:37.489Z,16.7,393848,1,0,53.7
2026-09-16T19:01:42.527Z,16.7,394036,1,0,53.7
2026-09-16T19:01:47.568Z,16.7,394180,1,0,53.7
2026-09-16T19:01:52.606Z,16.7,391700,1,0,53.7
2026-09-16T19:01:57.643Z,16.7,391952,1,0,53.7
2026-09-16T19:02:02.681Z,16.7,391952,1,0,53.7
2026-09-16T19:02:07.719Z,16.7,392012,1,0,53.7
2026-09-16T19:02:12.757Z,16.7,392012,1,0,53.7
2026-09-16T19:02:17.797Z,16.7,392140,1,0,53.7
2026-09-16T19:02:22.836Z,16.7,393312,1,0,53.7
2026-09-16T19:02:27.875Z,16.7,393312,1,0,54.2
2026-09-16T19:02:32.923Z,16.7,393476,1,0,53.7
2026-09-16T19:02:37.972Z,16.7,393480,1,0,53.7
2026-09-16T19:02:43.011Z,16.7,393480,1,0,53.7
2026-09-16T19:02:48.049Z,16.7,393496,1,0,53.7
2026-09-16T19:02:53.089Z,16.7,393420,1,0,53.2
2026-09-16T19:02:58.129Z,16.7,393500,1,0,53.7
2026-09-16T19:03:03.169Z,16.7,393676,1,0,53.7
2026-09-16T19:03:08.207Z,16.7,393692,1,0,53.7
2026-09-16T19:03:13.247Z,16.7,393748,1,0,53.7
2026-09-16T19:03:18.287Z,16.7,393844,1,0,53.7
2026-09-16T19:03:23.327Z,16.7,392076,1,0,53.7
2026-09-16T19:03:28.366Z,16.7,392156,1,0,53.7
2026-09-16T19:03:33.406Z,16.7,392156,1,0,53.7
2026-09-16T19:03:38.444Z,16.7,392260,1,0,53.7
2026-09-16T19:03:43.482Z,16.7,392260,1,0,53.7
2026-09-16T19:03:48.522Z,16.7,392364,1,0,54.2
2026-09-16T19:03:53.561Z,16.7,393064,1,0,53.7
2026-09-16T19:03:58.601Z,16.7,393200,1,0,53.7
2026-09-16T19:04:03.638Z,16.7,393240,1,0,53.7
2026-09-16T19:04:08.677Z,16.7,393304,1,0,53.7
2026-09-16T19:04:13.717Z,16.7,393340,1,0,53.7
2026-09-16T19:04:18.791Z,16.7,393488,1,0,53.7
2026-09-16T19:04:23.830Z,16.7,391888,1,0,53.7
2026-09-16T19:04:28.869Z,16.7,392100,1,0,53.7
2026-09-16T19:04:33.908Z,16.7,392100,1,0,53.7
2026-09-16T19:04:38.946Z,16.7,392316,1,0,53.7
2026-09-16T19:04:43.987Z,16.7,392316,1,0,53.7
2026-09-16T19:04:49.025Z,16.7,392376,1,0,53.7
2026-09-16T19:04:54.064Z,16.7,392816,1,0,53.7
2026-09-16T19:04:59.108Z,16.7,392816,1,0,53.7
2026-09-16T19:05:04.146Z,16.7,392872,1,0,53.7
2026-09-16T19:05:09.186Z,16.7,392872,1,0,53.7
2026-09-16T19:05:14.225Z,16.7,393588,1,0,53.7
2026-09-16T19:05:19.263Z,16.7,393588,1,0,53.7
2026-09-16T19:05:24.308Z,16.7,393596,1,0,53.7
2026-09-16T19:05:29.349Z,16.7,393596,1,0,53.7
2026-09-16T19:05:34.388Z,16.7,393596,1,0,53.7
2026-09-16T19:05:39.428Z,16.7,393776,1,0,53.7
2026-09-16T19:05:44.466Z,16.7,393832,1,0,53.7
2026-09-16T19:05:49.504Z,16.7,393920,1,0,53.7
2026-09-16T19:05:54.543Z,16.7,391820,1,0,53.7
2026-09-16T19:05:59.583Z,16.7,391844,1,0,53.7
2026-09-16T19:06:04.623Z,16.7,392144,1,0,53.7
2026-09-16T19:06:09.661Z,16.7,392144,1,0,53.7
2026-09-16T19:06:14.698Z,16.7,392224,1,0,53.7
2026-09-16T19:06:19.737Z,16.7,392224,1,0,53.7
2026-09-16T19:06:24.777Z,16.7,393368,1,0,53.7
2026-09-16T19:06:29.816Z,16.7,393376,1,0,53.7
2026-09-16T19:06:34.854Z,16.7,393540,1,0,53.7
2026-09-16T19:06:39.893Z,16.7,393544,1,0,53.7
2026-09-16T19:06:44.965Z,16.7,393580,1,0,53.7
2026-09-16T19:06:50.003Z,16.7,393632,1,0,54.2
2026-09-16T19:06:55.042Z,16.7,393204,1,0,53.7
2026-09-16T19:07:00.082Z,16.7,393404,1,0,53.7
2026-09-16T19:07:05.121Z,16.7,393408,1,0,53.7
2026-09-16T19:07:10.161Z,16.7,393408,1,0,53.7
2026-09-16T19:07:15.200Z,16.7,393468,1,0,53.7
2026-09-16T19:07:20.238Z,16.7,393544,1,0,53.7
2026-09-16T19:07:25.277Z,16.7,391888,1,0,53.7
2026-09-16T19:07:30.316Z,16.7,391888,1,0,53.7
2026-09-16T19:07:35.356Z,16.7,391928,1,0,53.7
2026-09-16T19:07:40.396Z,16.7,391928,1,0,53.7
2026-09-16T19:07:45.438Z,16.7,391984,1,0,53.7
2026-09-16T19:07:50.475Z,16.7,392148,1,0,53.7
2026-09-16T19:07:55.515Z,16.7,392836,1,0,53.7
2026-09-16T19:08:00.556Z,16.7,392888,1,0,53.7
2026-09-16T19:08:05.594Z,16.7,393008,1,0,53.7
2026-09-16T19:08:10.635Z,16.7,393076,1,0,53.7
2026-09-16T19:08:15.673Z,16.7,393192,1,0,53.7
2026-09-16T19:08:20.711Z,16.7,393472,1,0,53.7
2026-09-16T19:08:25.750Z,16.7,391888,1,0,53.7
2026-09-16T19:08:30.789Z,16.7,391936,1,0,53.7
2026-09-16T19:08:35.827Z,16.7,391992,1,0,53.7
2026-09-16T19:08:40.866Z,16.7,391992,1,0,53.7
2026-09-16T19:08:45.906Z,16.7,392520,1,0,53.7
2026-09-16T19:08:50.945Z,16.7,392520,1,0,53.7
2026-09-16T19:08:55.983Z,16.7,393188,1,0,53.7
2026-09-16T19:09:01.020Z,16.7,393196,1,0,53.7
2026-09-16T19:09:06.059Z,16.7,393228,1,0,53.7
2026-09-16T19:09:11.098Z,16.7,393392,1,0,53.7
2026-09-16T19:09:16.136Z,16.7,393392,1,0,53.7
2026-09-16T19:09:21.176Z,16.7,393392,1,0,53.7
2026-09-16T19:09:26.214Z,16.7,393808,1,0,53.7
2026-09-16T19:09:31.253Z,16.7,393836,1,0,53.7
2026-09-16T19:09:36.291Z,16.7,393860,1,0,53.7
2026-09-16T19:09:41.330Z,16.7,394044,1,0,53.7
2026-09-16T19:09:46.370Z,16.7,394072,1,0,53.7
2026-09-16T19:09:51.407Z,16.7,394156,1,0,54.2
2026-09-16T19:09:56.445Z,16.7,392316,1,0,53.7
2026-09-16T19:10:01.483Z,16.7,392316,1,0,53.7
2026-09-16T19:10:06.524Z,16.7,392408,1,0,53.7
2026-09-16T19:10:11.561Z,16.7,392408,1,0,53.7
2026-09-16T19:10:16.601Z,16.7,392408,1,0,53.7
2026-09-16T19:10:21.638Z,16.7,392520,1,0,53.7
2026-09-16T19:10:26.676Z,16.7,393876,1,0,53.7
2026-09-16T19:10:31.712Z,16.7,393632,1,0,53.7
2026-09-16T19:10:36.751Z,16.7,393632,1,0,53.7
2026-09-16T19:10:41.793Z,16.7,395880,1,0,53.7
2026-09-16T19:10:46.834Z,16.7,395928,1,0,53.7
2026-09-16T19:10:51.875Z,16.7,395984,1,0,53.7
2026-09-16T19:10:56.913Z,16.7,395324,1,0,54.2
2026-09-16T19:11:01.952Z,16.7,395524,1,0,53.7
2026-09-16T19:11:06.989Z,16.7,395524,1,0,53.7
2026-09-16T19:11:12.028Z,16.7,395524,1,0,53.7
2026-09-16T19:11:17.066Z,16.7,395572,1,0,53.7
2026-09-16T19:11:22.105Z,16.7,395640,1,0,53.7
2026-09-16T19:11:27.142Z,16.7,395804,1,0,53.7
2026-09-16T19:11:32.192Z,16.7,394996,1,0,53.7
2026-09-16T19:11:37.231Z,16.7,394996,1,0,53.7
2026-09-16T19:11:42.269Z,16.7,394996,1,0,53.7
2026-09-16T19:11:47.309Z,16.7,394996,1,0,53.7
2026-09-16T19:11:52.348Z,16.7,395160,1,0,53.7
2026-09-16T19:11:57.386Z,16.7,395236,1,0,53.7
2026-09-16T19:12:02.426Z,16.7,395860,1,0,53.7
2026-09-16T19:12:07.463Z,16.7,395864,1,0,53.7
2026-09-16T19:12:12.504Z,16.7,395880,1,0,53.7
2026-09-16T19:12:17.541Z,16.7,395888,1,0,53.7
2026-09-16T19:12:22.579Z,16.7,396100,1,0,53.7
2026-09-16T19:12:27.616Z,16.7,393188,1,0,53.7
2026-09-16T19:12:32.655Z,16.7,393224,1,0,53.7
2026-09-16T19:12:37.693Z,16.7,393244,1,0,53.7
2026-09-16T19:12:42.731Z,16.7,393532,1,0,53.7
2026-09-16T19:12:47.768Z,16.7,393532,1,0,53.7
2026-09-16T19:12:52.806Z,16.7,393652,1,0,53.7
2026-09-16T19:12:57.846Z,16.7,393832,1,0,53.7
2026-09-16T19:13:02.885Z,16.7,394508,1,0,53.7
2026-09-16T19:13:07.927Z,16.7,394536,1,0,53.7
2026-09-16T19:13:12.965Z,16.7,394720,1,0,53.7
2026-09-16T19:13:18.012Z,16.7,394732,1,0,53.7
2026-09-16T19:13:23.063Z,16.7,394732,1,0,53.7
2026-09-16T19:13:28.103Z,16.7,394732,1,0,53.7
2026-09-16T19:13:33.139Z,16.7,394964,1,0,53.7
2026-09-16T19:13:38.177Z,16.7,395000,1,0,53.7
2026-09-16T19:13:43.216Z,16.7,395172,1,0,53.7
2026-09-16T19:13:48.256Z,16.7,395172,1,0,53.7
2026-09-16T19:13:53.306Z,16.7,395276,1,0,53.7
2026-09-16T19:13:58.344Z,16.7,395356,1,0,53.7
2026-09-16T19:14:03.387Z,16.7,392528,1,0,53.7
2026-09-16T19:14:08.428Z,16.7,392540,1,0,53.7
2026-09-16T19:14:13.466Z,16.7,392884,1,0,53.7
2026-09-16T19:14:18.504Z,16.7,392884,1,0,53.7
2026-09-16T19:14:23.544Z,16.7,392956,1,0,53.7
2026-09-16T19:14:28.581Z,16.7,393256,1,0,53.7
2026-09-16T19:14:33.621Z,16.7,394124,1,0,53.7
2026-09-16T19:14:38.661Z,16.7,394132,1,0,53.7
2026-09-16T19:14:43.701Z,16.7,394196,1,0,53.2
2026-09-16T19:14:48.741Z,16.7,394228,1,0,53.7
2026-09-16T19:14:53.780Z,16.7,394576,1,0,53.2
2026-09-16T19:14:58.818Z,16.7,394612,1,0,53.7
2026-09-16T19:15:03.857Z,16.7,392904,1,0,53.7
2026-09-16T19:15:08.896Z,16.7,392904,1,0,53.7
2026-09-16T19:15:13.935Z,16.7,392904,1,0,54.2
2026-09-16T19:15:18.975Z,16.7,392924,1,0,53.7
2026-09-16T19:15:24.014Z,16.7,392992,1,0,53.7
2026-09-16T19:15:29.051Z,16.7,393164,1,0,53.7
2026-09-16T19:15:34.090Z,16.7,393084,1,0,53.7
2026-09-16T19:15:39.128Z,16.7,393116,1,0,54.2
2026-09-16T19:15:44.166Z,16.7,393116,1,0,54.2
2026-09-16T19:15:49.203Z,16.7,393116,1,0,53.7
2026-09-16T19:15:54.242Z,16.7,393280,1,0,53.7
2026-09-16T19:15:59.281Z,16.7,393468,1,0,53.7
2026-09-16T19:16:04.320Z,16.7,394184,1,0,53.7
2026-09-16T19:16:09.359Z,16.7,394220,1,0,53.7
2026-09-16T19:16:14.397Z,16.7,394224,1,0,53.7
2026-09-16T19:16:19.437Z,16.7,394248,1,0,53.7
2026-09-16T19:16:24.480Z,16.7,394472,1,0,53.7
2026-09-16T19:16:29.523Z,16.7,391900,1,0,53.7
2026-09-16T19:16:34.565Z,16.7,391900,1,0,53.7
2026-09-16T19:16:39.603Z,16.7,392060,1,0,53.7
2026-09-16T19:16:44.641Z,16.7,392060,1,0,53.7
2026-09-16T19:16:49.679Z,16.7,392232,1,0,53.7
2026-09-16T19:16:54.717Z,16.7,392232,1,0,53.7
2026-09-16T19:16:59.757Z,16.7,392848,1,0,53.7
2026-09-16T19:17:04.795Z,16.7,393376,1,0,53.7
2026-09-16T19:17:09.834Z,16.7,393576,1,0,53.7
2026-09-16T19:17:14.873Z,16.7,393736,1,0,53.7
2026-09-16T19:17:19.912Z,16.7,393760,1,0,53.7
2026-09-16T19:17:24.949Z,16.7,393760,1,0,53.7
2026-09-16T19:17:29.988Z,16.7,393812,1,0,53.7
2026-09-16T19:17:35.026Z,16.7,393992,1,0,53.7
2026-09-16T19:17:40.063Z,16.7,394024,1,0,53.7
2026-09-16T19:17:45.101Z,16.7,394196,1,0,53.7
2026-09-16T19:17:50.140Z,16.7,394252,1,0,53.7
2026-09-16T19:17:55.179Z,16.7,394336,1,0,53.2
2026-09-16T19:18:00.218Z,16.7,394420,1,0,53.7
2026-09-16T19:18:05.256Z,16.7,392044,1,0,53.7
2026-09-16T19:18:10.294Z,16.7,392092,1,0,53.7
2026-09-16T19:18:15.333Z,16.7,392092,1,0,54.2
2026-09-16T19:18:20.372Z,16.7,392196,1,0,53.7
2026-09-16T19:18:25.409Z,16.7,392196,1,0,53.7
2026-09-16T19:18:30.445Z,16.7,392820,1,0,53.7
2026-09-16T19:18:35.487Z,16.7,393044,1,0,53.2
2026-09-16T19:18:40.526Z,16.7,393088,1,0,53.7
2026-09-16T19:18:45.563Z,16.7,393112,1,0,53.7
2026-09-16T19:18:50.602Z,16.7,393208,1,0,53.7
2026-09-16T19:18:55.640Z,16.7,393240,1,0,53.7
2026-09-16T19:19:00.682Z,16.7,391876,1,0,53.2
2026-09-16T19:19:05.726Z,16.7,391912,1,0,54.2
2026-09-16T19:19:10.765Z,16.7,392104,1,0,53.7
2026-09-16T19:19:15.804Z,16.7,392104,1,0,53.7
2026-09-16T19:19:20.843Z,16.7,392104,1,0,53.7
2026-09-16T19:19:25.880Z,16.7,392120,1,0,53.7
2026-09-16T19:19:30.919Z,16.7,392228,1,0,53.7
2026-09-16T19:19:35.956Z,16.7,392788,1,0,53.7
2026-09-16T19:19:40.994Z,16.7,392796,1,0,53.7
2026-09-16T19:19:46.031Z,16.7,392796,1,0,53.7
2026-09-16T19:19:51.070Z,16.7,392960,1,0,53.7
2026-09-16T19:19:56.107Z,16.7,392960,1,0,53.7
2026-09-16T19:20:01.146Z,16.7,393240,1,0,53.7
2026-09-16T19:20:06.181Z,16.7,394488,1,0,53.7
2026-09-16T19:20:11.220Z,16.7,394496,1,0,54.2
2026-09-16T19:20:16.260Z,16.7,394496,1,0,53.7
2026-09-16T19:20:21.298Z,16.7,394672,1,0,54.2
2026-09-16T19:20:26.343Z,16.7,394716,1,0,53.7
2026-09-16T19:20:31.380Z,16.7,394836,1,0,53.7
2026-09-16T19:20:36.417Z,16.7,392136,1,0,53.7
2026-09-16T19:20:41.458Z,16.7,392264,1,0,53.7
2026-09-16T19:20:46.497Z,16.7,392264,1,0,53.7
2026-09-16T19:20:51.536Z,16.7,392264,1,0,54.2
2026-09-16T19:20:56.574Z,16.7,392368,1,0,53.7
2026-09-16T19:21:01.612Z,16.7,392376,1,0,53.7
2026-09-16T19:21:06.650Z,16.7,393480,1,0,53.7
2026-09-16T19:21:11.689Z,16.7,393644,1,0,54.2
2026-09-16T19:21:16.728Z,16.7,393708,1,0,53.7
2026-09-16T19:21:21.766Z,16.7,393708,1,0,53.7
2026-09-16T19:21:26.806Z,16.7,393716,1,0,53.7
2026-09-16T19:21:31.844Z,16.7,393744,1,0,53.7
2026-09-16T19:21:36.883Z,16.7,393416,1,0,53.7
2026-09-16T19:21:41.921Z,16.7,393588,1,0,53.7
2026-09-16T19:21:46.958Z,16.7,393588,1,0,53.7
2026-09-16T19:21:51.996Z,16.7,393608,1,0,53.7
2026-09-16T19:21:57.034Z,16.7,393832,1,0,53.7
2026-09-16T19:22:02.072Z,16.7,393900,1,0,53.2
2026-09-16T19:22:07.116Z,16.7,391972,1,0,53.7
2026-09-16T19:22:12.154Z,16.7,391972,1,0,53.7
2026-09-16T19:22:17.193Z,16.7,392028,1,0,53.7
2026-09-16T19:22:22.233Z,16.7,392028,1,0,53.7
2026-09-16T19:22:27.270Z,16.7,392228,1,0,53.7
2026-09-16T19:22:32.308Z,16.7,392396,1,0,53.7
2026-09-16T19:22:37.352Z,16.7,393012,1,0,53.7
2026-09-16T19:22:42.391Z,16.7,393052,1,0,53.7
2026-09-16T19:22:47.430Z,16.7,393116,1,0,53.7
2026-09-16T19:22:52.468Z,16.7,393152,1,0,53.7
2026-09-16T19:22:57.507Z,16.7,393240,1,0,54.2
2026-09-16T19:23:02.545Z,16.7,391756,1,0,53.7
2026-09-16T19:23:07.581Z,16.7,392296,1,0,53.7
2026-09-16T19:23:12.620Z,16.7,392304,1,0,53.7
2026-09-16T19:23:17.658Z,16.7,392680,1,0,53.2
2026-09-16T19:23:22.699Z,16.7,392680,1,0,53.7
2026-09-16T19:23:27.740Z,16.7,394896,1,0,53.7
2026-09-16T19:23:32.777Z,16.7,394940,1,0,53.7
2026-09-16T19:23:37.815Z,16.7,394996,1,0,53.7
2026-09-16T19:23:42.855Z,16.7,395000,1,0,53.7
2026-09-16T19:23:47.893Z,16.7,395004,1,0,53.7
2026-09-16T19:23:52.932Z,16.7,395172,1,0,53.7
2026-09-16T19:23:57.970Z,16.7,395172,1,0,53.7
2026-09-16T19:24:03.011Z,16.7,395172,1,0,53.7
2026-09-16T19:24:08.052Z,16.7,395680,1,0,53.7
2026-09-16T19:24:13.090Z,16.7,395680,1,0,53.7
2026-09-16T19:24:18.128Z,16.7,395704,1,0,54.2
2026-09-16T19:24:23.166Z,16.7,395880,1,0,53.7
2026-09-16T19:24:28.204Z,16.7,395924,1,0,54.2
2026-09-16T19:24:33.241Z,16.7,396008,1,0,53.7
2026-09-16T19:24:38.279Z,16.7,393828,1,0,53.7
2026-09-16T19:24:43.327Z,16.7,393860,1,0,53.7
2026-09-16T19:24:48.365Z,16.7,393988,1,0,53.7
2026-09-16T19:24:53.402Z,16.7,393988,1,0,53.7
2026-09-16T19:24:58.439Z,16.7,394084,1,0,53.7
2026-09-16T19:25:03.477Z,16.7,394084,1,0,53.7
2026-09-16T19:25:08.514Z,16.7,394848,1,0,54.2
2026-09-16T19:25:13.553Z,16.7,395012,1,0,53.7
2026-09-16T19:25:18.591Z,16.7,395052,1,0,53.7
2026-09-16T19:25:23.630Z,16.7,395056,1,0,53.7
2026-09-16T19:25:28.670Z,16.7,395224,1,0,53.7
2026-09-16T19:25:33.711Z,16.7,395248,1,0,53.7
2026-09-16T19:25:38.750Z,16.7,394396,1,0,53.7
2026-09-16T19:25:43.789Z,16.7,394596,1,0,53.7
2026-09-16T19:25:48.828Z,16.7,394604,1,0,53.7
2026-09-16T19:25:53.865Z,16.7,394608,1,0,53.7
2026-09-16T19:25:58.902Z,16.7,394772,1,0,53.7
2026-09-16T19:26:03.942Z,16.7,394836,1,0,53.2
2026-09-16T19:26:08.978Z,16.7,393520,1,0,53.7
2026-09-16T19:26:14.016Z,16.7,393548,1,0,54.2
2026-09-16T19:26:19.054Z,16.7,393548,1,0,54.2
2026-09-16T19:26:24.091Z,16.7,393636,1,0,53.7
2026-09-16T19:26:29.130Z,16.7,393636,1,0,53.7
2026-09-16T19:26:34.168Z,16.7,393824,1,0,53.7
2026-09-16T19:26:39.206Z,16.7,394200,1,0,54.2
2026-09-16T19:26:44.244Z,16.7,394404,1,0,53.7
2026-09-16T19:26:49.282Z,16.7,394416,1,0,53.7
2026-09-16T19:26:54.321Z,16.7,394516,1,0,53.7
2026-09-16T19:26:59.358Z,16.7,394524,1,0,53.7
2026-09-16T19:27:04.397Z,16.7,394756,1,0,53.7
2026-09-16T19:27:09.435Z,16.7,392120,1,0,53.7
2026-09-16T19:27:14.474Z,16.7,392408,1,0,53.7
2026-09-16T19:27:19.513Z,16.7,392408,1,0,53.7
2026-09-16T19:27:24.552Z,16.7,392608,1,0,54.2
2026-09-16T19:27:29.590Z,16.7,392608,1,0,53.7
2026-09-16T19:27:34.628Z,16.7,392712,1,0,53.7
2026-09-16T19:27:39.667Z,16.7,393412,1,0,53.7
2026-09-16T19:27:44.705Z,16.7,393592,1,0,53.7
2026-09-16T19:27:49.744Z,16.7,393596,1,0,53.7
2026-09-16T19:27:54.782Z,16.7,393756,1,0,53.7
2026-09-16T19:27:59.820Z,16.7,393756,1,0,53.2
2026-09-16T19:28:04.858Z,16.7,393756,1,0,53.7
2026-09-16T19:28:09.898Z,16.7,393916,1,0,54.2
2026-09-16T19:28:14.937Z,16.7,393924,1,0,53.7
2026-09-16T19:28:19.976Z,16.7,393936,1,0,53.7
2026-09-16T19:28:25.014Z,16.7,394100,1,0,53.7
2026-09-16T19:28:30.051Z,16.7,394152,1,0,53.7
2026-09-16T19:28:35.090Z,16.7,394240,1,0,53.7
2026-09-16T19:28:40.130Z,16.7,391896,1,0,53.7
2026-09-16T19:28:45.170Z,16.7,391992,1,0,53.7
2026-09-16T19:28:50.209Z,16.7,391992,1,0,53.7
2026-09-16T19:28:55.247Z,16.7,391992,1,0,53.7
2026-09-16T19:29:00.286Z,16.7,391992,1,0,53.7
2026-09-16T19:29:05.325Z,16.7,392276,1,0,53.7
2026-09-16T19:29:10.367Z,16.7,393484,1,0,53.7
2026-09-16T19:29:15.409Z,16.7,393720,1,0,53.7
2026-09-16T19:29:20.449Z,16.7,393728,1,0,53.7
2026-09-16T19:29:25.486Z,16.7,393764,1,0,53.7
2026-09-16T19:29:30.528Z,16.7,393796,1,0,53.7
2026-09-16T19:29:35.569Z,16.7,393916,1,0,53.7
2026-09-16T19:29:40.611Z,16.7,392868,1,0,53.7
2026-09-16T19:29:45.659Z,16.7,393104,1,0,53.7
2026-09-16T19:29:50.697Z,16.7,393104,1,0,53.7
2026-09-16T19:29:55.741Z,16.7,393104,1,0,53.7
2026-09-16T19:30:00.781Z,16.7,393140,1,0,53.7
2026-09-16T19:30:05.820Z,16.7,393216,1,0,54.8
2026-09-16T19:30:10.859Z,16.7,393040,1,0,54.2
2026-09-16T19:30:15.895Z,16.7,393224,1,0,53.7
2026-09-16T19:30:20.937Z,16.7,393224,1,0,53.7
2026-09-16T19:30:25.976Z,16.7,393252,1,0,54.2
2026-09-16T19:30:31.012Z,16.7,393252,1,0,54.2
2026-09-16T19:30:36.051Z,16.7,393552,1,0,53.7
2026-09-16T19:30:41.088Z,16.7,394216,1,0,54.2
2026-09-16T19:30:46.134Z,16.7,394236,1,0,53.7
2026-09-16T19:30:51.171Z,16.7,394236,1,0,54.2
2026-09-16T19:30:56.211Z,16.7,394456,1,0,53.7
2026-09-16T19:31:01.248Z,16.7,394620,1,0,53.7
2026-09-16T19:31:06.287Z,16.7,394692,1,0,53.7
2026-09-16T19:31:11.325Z,16.7,392064,1,0,53.7
2026-09-16T19:31:16.363Z,16.7,392100,1,0,53.7
2026-09-16T19:31:21.400Z,16.7,392100,1,0,53.7
2026-09-16T19:31:26.439Z,16.7,392100,1,0,53.7
2026-09-16T19:31:31.481Z,16.7,392156,1,0,53.7
2026-09-16T19:31:36.521Z,16.7,392156,1,0,53.7
2026-09-16T19:31:41.559Z,16.7,393352,1,0,53.7
2026-09-16T19:31:46.597Z,16.7,393356,1,0,53.7
2026-09-16T19:31:51.635Z,16.7,393508,1,0,53.7
2026-09-16T19:31:56.674Z,16.7,393672,1,0,53.7
2026-09-16T19:32:01.712Z,16.7,393672,1,0,53.7
2026-09-16T19:32:06.751Z,16.7,393672,1,0,53.7
2026-09-16T19:32:11.788Z,16.7,393792,1,0,53.7
2026-09-16T19:32:16.826Z,16.7,393808,1,0,53.7
2026-09-16T19:32:21.866Z,16.7,393996,1,0,53.7
2026-09-16T19:32:26.906Z,16.7,394004,1,0,53.7
2026-09-16T19:32:31.946Z,16.7,394024,1,0,53.7
2026-09-16T19:32:36.985Z,16.7,394112,1,0,54.2
2026-09-16T19:32:42.025Z,16.7,391444,1,0,53.7
2026-09-16T19:32:47.065Z,16.7,391476,1,0,53.7
2026-09-16T19:32:52.105Z,16.7,391476,1,0,53.7
2026-09-16T19:32:57.143Z,16.7,391476,1,0,53.7
2026-09-16T19:33:02.186Z,16.7,391528,1,0,53.7
2026-09-16T19:33:07.223Z,16.7,391528,1,0,53.7
2026-09-16T19:33:12.262Z,16.7,394116,1,0,53.7
2026-09-16T19:33:17.299Z,16.7,393756,1,0,53.7
2026-09-16T19:33:22.337Z,16.7,393784,1,0,54.2
2026-09-16T19:33:27.376Z,16.7,393824,1,0,53.7
2026-09-16T19:33:32.415Z,16.7,393880,1,0,53.7
2026-09-16T19:33:37.454Z,16.7,393964,1,0,53.7
2026-09-16T19:33:42.493Z,16.7,393256,1,0,53.7
2026-09-16T19:33:47.536Z,16.7,393256,1,0,54.2
2026-09-16T19:33:52.574Z,16.7,393376,1,0,53.7
2026-09-16T19:33:57.611Z,16.7,393376,1,0,53.7
2026-09-16T19:34:02.651Z,16.7,393448,1,0,53.7
2026-09-16T19:34:07.689Z,16.7,393512,1,0,53.7
2026-09-16T19:34:12.729Z,16.7,392760,1,0,53.7
2026-09-16T19:34:17.770Z,16.7,392792,1,0,53.7
2026-09-16T19:34:22.808Z,16.7,393076,1,0,53.7
2026-09-16T19:34:27.852Z,16.7,393076,1,0,53.7
2026-09-16T19:34:32.895Z,16.7,393352,1,0,54.2
2026-09-16T19:34:37.932Z,16.7,393352,1,0,53.7
2026-09-16T19:34:42.971Z,16.7,394144,1,0,54.2
2026-09-16T19:34:48.011Z,16.7,394144,1,0,54.2
2026-09-16T19:34:53.049Z,16.7,394164,1,0,54.2
2026-09-16T19:34:58.089Z,16.7,394164,1,0,53.7
2026-09-16T19:35:03.131Z,16.7,394332,1,0,54.2
2026-09-16T19:35:08.171Z,16.7,394396,1,0,53.7
2026-09-16T19:35:13.208Z,16.7,392196,1,0,53.7
2026-09-16T19:35:18.248Z,16.7,392200,1,0,54.2
2026-09-16T19:35:23.286Z,16.7,392224,1,0,53.7
2026-09-16T19:35:28.326Z,16.7,392224,1,0,53.7
2026-09-16T19:35:33.365Z,16.7,392288,1,0,53.7
2026-09-16T19:35:38.403Z,16.7,392288,1,0,53.7
2026-09-16T19:35:43.444Z,16.7,393456,1,0,53.7
2026-09-16T19:35:48.486Z,16.7,393504,1,0,53.7
2026-09-16T19:35:53.524Z,16.7,393744,1,0,53.7
2026-09-16T19:35:58.565Z,16.7,393752,1,0,53.7
2026-09-16T19:36:03.602Z,16.7,393896,1,0,53.7
2026-09-16T19:36:08.641Z,16.7,393896,1,0,53.7
2026-09-16T19:36:13.679Z,16.7,393744,1,0,53.7
2026-09-16T19:36:18.718Z,16.7,393748,1,0,53.7
2026-09-16T19:36:23.757Z,16.7,393924,1,0,54.2
2026-09-16T19:36:28.795Z,16.7,393924,1,0,53.7
2026-09-16T19:36:33.832Z,16.7,393952,1,0,54.2
2026-09-16T19:36:38.869Z,16.7,394036,1,0,53.7
2026-09-16T19:36:43.906Z,16.7,392052,1,0,53.7
2026-09-16T19:36:48.943Z,16.7,392072,1,0,54.2
2026-09-16T19:36:53.983Z,16.7,392076,1,0,53.7
2026-09-16T19:36:59.022Z,16.7,392076,1,0,53.7
2026-09-16T19:37:04.059Z,16.7,392076,1,0,53.7
2026-09-16T19:37:09.099Z,16.7,392076,1,0,53.7
2026-09-16T19:37:14.141Z,16.7,392816,1,0,53.7
2026-09-16T19:37:19.179Z,16.7,392884,1,0,53.7
2026-09-16T19:37:24.218Z,16.7,392892,1,0,53.7
2026-09-16T19:37:29.256Z,16.7,392976,1,0,53.7
2026-09-16T19:37:34.293Z,16.7,392992,1,0,53.7
2026-09-16T19:37:39.333Z,16.7,393236,1,0,53.7
2026-09-16T19:37:44.373Z,16.7,392732,1,0,53.7
2026-09-16T19:37:49.413Z,16.7,392872,1,0,53.7
2026-09-16T19:37:54.454Z,16.7,392872,1,0,54.2
2026-09-16T19:37:59.494Z,16.7,392920,1,0,53.7
2026-09-16T19:38:04.532Z,16.7,392920,1,0,53.7
2026-09-16T19:38:09.572Z,16.7,393340,1,0,53.7
2026-09-16T19:38:14.610Z,16.7,392864,1,0,53.7
2026-09-16T19:38:19.650Z,16.7,393020,1,0,53.7
2026-09-16T19:38:24.691Z,16.7,393020,1,0,53.7
2026-09-16T19:38:29.730Z,16.7,393020,1,0,53.7
2026-09-16T19:38:34.769Z,16.7,393184,1,0,53.7
2026-09-16T19:38:39.808Z,16.7,393228,1,0,53.7
2026-09-16T19:38:44.846Z,16.7,394504,1,0,54.2
2026-09-16T19:38:49.884Z,16.7,394532,1,0,53.7
2026-09-16T19:38:54.922Z,16.7,394532,1,0,54.2
2026-09-16T19:38:59.961Z,16.7,394532,1,0,53.7
2026-09-16T19:39:04.999Z,16.7,394708,1,0,53.7
2026-09-16T19:39:10.038Z,16.7,394792,1,0,53.7
2026-09-16T19:39:15.076Z,16.7,391960,1,0,53.7
2026-09-16T19:39:20.114Z,16.7,392008,1,0,53.7
2026-09-16T19:39:25.153Z,16.7,392008,1,0,54.2
2026-09-16T19:39:30.191Z,16.7,393096,1,0,53.7
2026-09-16T19:39:35.231Z,16.7,393096,1,0,53.7
2026-09-16T19:39:40.271Z,16.7,393108,1,0,53.7
2026-09-16T19:39:45.308Z,16.7,393480,1,0,54.2
2026-09-16T19:39:50.345Z,16.7,393492,1,0,54.2
2026-09-16T19:39:55.383Z,16.7,393656,1,0,53.7
2026-09-16T19:40:00.420Z,16.7,393688,1,0,53.7
2026-09-16T19:40:05.457Z,16.7,393688,1,0,54.2
2026-09-16T19:40:10.496Z,16.7,393700,1,0,53.7
2026-09-16T19:40:15.533Z,16.7,393708,1,0,53.7
2026-09-16T19:40:20.571Z,16.7,394008,1,0,53.7
2026-09-16T19:40:25.608Z,16.7,394172,1,0,53.7
2026-09-16T19:40:30.647Z,16.7,394172,1,0,53.7
2026-09-16T19:40:35.685Z,16.7,394180,1,0,53.7
2026-09-16T19:40:40.723Z,16.7,394188,1,0,53.7
2026-09-16T19:40:45.762Z,16.7,391908,1,0,53.7
2026-09-16T19:40:50.798Z,16.7,391916,1,0,54.8
2026-09-16T19:40:55.837Z,16.7,391916,1,0,53.7
2026-09-16T19:41:00.875Z,16.7,391916,1,0,53.7
2026-09-16T19:41:05.914Z,16.7,391916,1,0,53.7
2026-09-16T19:41:10.953Z,16.7,391916,1,0,53.7
2026-09-16T19:41:15.994Z,16.7,392884,1,0,53.7
2026-09-16T19:41:21.036Z,16.7,392936,1,0,53.7
2026-09-16T19:41:26.077Z,16.7,392948,1,0,53.7
2026-09-16T19:41:31.115Z,16.7,392996,1,0,54.2
2026-09-16T19:41:36.155Z,16.7,393004,1,0,54.2
2026-09-16T19:41:41.214Z,16.7,393176,1,0,53.7
2026-09-16T19:41:46.252Z,16.7,391920,1,0,53.7
2026-09-16T19:41:51.291Z,16.7,392088,1,0,54.2
2026-09-16T19:41:56.329Z,16.7,392088,1,0,53.7
2026-09-16T19:42:01.393Z,16.7,392180,1,0,53.7
2026-09-16T19:42:06.432Z,16.7,392184,1,0,54.2
2026-09-16T19:42:11.471Z,16.7,392244,1,0,53.7
2026-09-16T19:42:16.509Z,16.7,393208,1,0,53.7
2026-09-16T19:42:21.546Z,16.7,393232,1,0,53.7
2026-09-16T19:42:26.583Z,16.7,393268,1,0,54.2
2026-09-16T19:42:31.620Z,16.7,393272,1,0,54.2
2026-09-16T19:42:36.660Z,16.7,393436,1,0,53.7
2026-09-16T19:42:41.701Z,16.7,393436,1,0,54.2
2026-09-16T19:42:46.740Z,16.7,393920,1,0,53.7
2026-09-16T19:42:51.778Z,16.7,393920,1,0,54.2
2026-09-16T19:42:56.818Z,16.7,393924,1,0,53.7
2026-09-16T19:43:01.856Z,16.7,394104,1,0,54.2
2026-09-16T19:43:06.896Z,16.7,394184,1,0,53.7
2026-09-16T19:43:11.937Z,16.7,394272,1,0,53.7
2026-09-16T19:43:16.976Z,16.7,391900,1,0,53.7
2026-09-16T19:43:22.015Z,16.7,391916,1,0,53.7
2026-09-16T19:43:27.053Z,16.7,392144,1,0,53.7
2026-09-16T19:43:32.091Z,16.7,392144,1,0,53.7
2026-09-16T19:43:37.127Z,16.7,392316,1,0,54.2
2026-09-16T19:43:42.166Z,16.7,392316,1,0,53.7
2026-09-16T19:43:47.204Z,16.7,393536,1,0,53.7
2026-09-16T19:43:52.243Z,16.7,393544,1,0,53.7
2026-09-16T19:43:57.280Z,16.7,393724,1,0,53.7
2026-09-16T19:44:02.319Z,16.7,393724,1,0,54.2
2026-09-16T19:44:07.360Z,16.7,393736,1,0,53.7
2026-09-16T19:44:12.401Z,16.7,393764,1,0,54.2
2026-09-16T19:44:17.439Z,16.7,393856,1,0,54.2
2026-09-16T19:44:22.477Z,16.7,394024,1,0,54.2
2026-09-16T19:44:27.517Z,16.7,394032,1,0,54.2
2026-09-16T19:44:32.563Z,16.7,394032,1,0,53.7
2026-09-16T19:44:37.601Z,16.7,396280,1,0,53.7
2026-09-16T19:44:42.640Z,16.7,396292,1,0,53.2
2026-09-16T19:44:47.679Z,16.7,394016,1,0,53.7
2026-09-16T19:44:52.717Z,16.7,394016,1,0,53.7
2026-09-16T19:44:57.753Z,16.7,394016,1,0,53.7
2026-09-16T19:45:02.798Z,16.7,394016,1,0,53.7
2026-09-16T19:45:07.835Z,16.7,394016,1,0,53.7
2026-09-16T19:45:12.874Z,16.7,394016,1,0,53.7
2026-09-16T19:45:17.912Z,16.7,394932,1,0,53.7
2026-09-16T19:45:22.951Z,16.7,394944,1,0,54.2
2026-09-16T19:45:27.991Z,16.7,394964,1,0,53.7
2026-09-16T19:45:33.030Z,16.7,394996,1,0,53.7
2026-09-16T19:45:38.069Z,16.7,395016,1,0,53.7
2026-09-16T19:45:43.113Z,16.7,395256,1,0,53.7
2026-09-16T19:45:48.151Z,16.7,393704,1,0,54.2
2026-09-16T19:45:53.190Z,16.7,393704,1,0,53.7
2026-09-16T19:45:58.227Z,16.7,393972,1,0,54.2
2026-09-16T19:46:03.265Z,16.7,393972,1,0,53.7
2026-09-16T19:46:08.305Z,16.7,393996,1,0,53.7
2026-09-16T19:46:13.344Z,16.7,394016,1,0,54.2
2026-09-16T19:46:18.381Z,16.7,394364,1,0,54.2
2026-09-16T19:46:23.418Z,16.7,394436,1,0,53.7
2026-09-16T19:46:28.456Z,16.7,394532,1,0,53.7
2026-09-16T19:46:33.497Z,16.7,394696,1,0,53.7
2026-09-16T19:46:38.537Z,16.7,394856,1,0,53.7
2026-09-16T19:46:43.580Z,16.7,394856,1,0,53.7
2026-09-16T19:46:48.618Z,16.7,395280,1,0,53.7
2026-09-16T19:46:53.657Z,16.7,395280,1,0,53.7
2026-09-16T19:46:58.695Z,16.7,395280,1,0,53.7
2026-09-16T19:47:03.734Z,16.7,395456,1,0,53.7
2026-09-16T19:47:08.775Z,16.7,395484,1,0,53.7
2026-09-16T19:47:13.817Z,16.7,395564,1,0,53.7
2026-09-16T19:47:18.850Z,16.7,393148,1,0,53.7
2026-09-16T19:47:23.889Z,16.7,393148,1,0,54.2
2026-09-16T19:47:28.928Z,16.7,393148,1,0,54.8
2026-09-16T19:47:33.965Z,16.7,393500,1,0,53.7
2026-09-16T19:47:39.002Z,16.7,393500,1,0,53.7
2026-09-16T19:47:44.040Z,16.7,393624,1,0,53.7
2026-09-16T19:47:49.078Z,16.7,394636,1,0,54.2
2026-09-16T19:47:54.117Z,16.7,394212,1,0,53.7
2026-09-16T19:47:59.158Z,16.7,394216,1,0,53.7
2026-09-16T19:48:04.205Z,16.7,394240,1,0,53.7
2026-09-16T19:48:09.243Z,16.7,394256,1,0,53.7
2026-09-16T19:48:14.281Z,16.7,394356,1,0,53.7
2026-09-16T19:48:19.318Z,16.7,393616,1,0,53.7
2026-09-16T19:48:24.358Z,16.7,393860,1,0,53.7
2026-09-16T19:48:29.397Z,16.7,393860,1,0,53.7
2026-09-16T19:48:34.438Z,16.7,393896,1,0,54.2
2026-09-16T19:48:39.475Z,16.7,393924,1,0,53.7
2026-09-16T19:48:44.512Z,16.7,393996,1,0,53.7
2026-09-16T19:48:49.557Z,16.7,392948,1,0,54.2
2026-09-16T19:48:54.593Z,16.7,393168,1,0,53.7
2026-09-16T19:48:59.631Z,16.7,393168,1,0,54.2
2026-09-16T19:49:04.671Z,16.7,393168,1,0,53.7
2026-09-16T19:49:09.710Z,16.7,393168,1,0,53.7
2026-09-16T19:49:14.747Z,16.7,393332,1,0,54.2
2026-09-16T19:49:19.786Z,16.7,393352,1,0,53.7
2026-09-16T19:49:24.825Z,16.7,393364,1,0,54.2
2026-09-16T19:49:29.863Z,16.7,393368,1,0,53.7
2026-09-16T19:49:34.902Z,16.7,393376,1,0,53.7
2026-09-16T19:49:39.939Z,16.7,393384,1,0,53.7
2026-09-16T19:49:44.977Z,16.7,393616,1,0,54.2
2026-09-16T19:49:50.017Z,16.7,392124,1,0,54.2
2026-09-16T19:49:55.062Z,16.7,392136,1,0,54.2
2026-09-16T19:50:00.101Z,16.7,392136,1,0,53.7
2026-09-16T19:50:05.138Z,16.7,392176,1,0,54.2
2026-09-16T19:50:10.177Z,16.7,392176,1,0,54.2
2026-09-16T19:50:15.215Z,16.7,392356,1,0,54.2
2026-09-16T19:50:20.254Z,16.7,393408,1,0,53.7
2026-09-16T19:50:25.293Z,16.7,393456,1,0,53.7
2026-09-16T19:50:30.330Z,16.7,393472,1,0,54.2
2026-09-16T19:50:35.368Z,16.7,393688,1,0,53.7
2026-09-16T19:50:40.406Z,16.7,393688,1,0,53.7
2026-09-16T19:50:45.442Z,16.7,393776,1,0,54.2
2026-09-16T19:50:50.481Z,16.7,393952,1,0,53.7
2026-09-16T19:50:55.520Z,16.7,393972,1,0,53.7
2026-09-16T19:51:00.558Z,16.7,393976,1,0,53.7
2026-09-16T19:51:05.597Z,16.7,394200,1,0,54.2
2026-09-16T19:51:10.634Z,16.7,394232,1,0,53.7
2026-09-16T19:51:15.677Z,16.7,394316,1,0,53.7
2026-09-16T19:51:20.716Z,16.7,392032,1,0,54.2
2026-09-16T19:51:25.754Z,16.7,392084,1,0,54.2
2026-09-16T19:51:30.792Z,16.7,392104,1,0,53.7
2026-09-16T19:51:35.830Z,16.7,392276,1,0,53.7
2026-09-16T19:51:40.870Z,16.7,392276,1,0,53.7
2026-09-16T19:51:45.908Z,16.7,392896,1,0,53.7
2026-09-16T19:51:50.947Z,16.7,394020,1,0,53.7
2026-09-16T19:51:55.985Z,16.7,393836,1,0,53.7
2026-09-16T19:52:01.026Z,16.7,393836,1,0,53.7
2026-09-16T19:52:06.068Z,16.7,394012,1,0,53.7
2026-09-16T19:52:11.107Z,16.7,394040,1,0,54.2
2026-09-16T19:52:16.146Z,16.7,394068,1,0,53.7
2026-09-16T19:52:21.185Z,16.7,393200,1,0,54.2
2026-09-16T19:52:26.225Z,16.7,393456,1,0,53.7
2026-09-16T19:52:31.263Z,16.7,393456,1,0,53.7
2026-09-16T19:52:36.296Z,16.7,393460,1,0,53.7
2026-09-16T19:52:41.334Z,16.7,393492,1,0,53.7
2026-09-16T19:52:46.371Z,16.7,393556,1,0,54.2
2026-09-16T19:52:51.411Z,16.7,392940,1,0,54.2
2026-09-16T19:52:56.449Z,16.7,392968,1,0,54.2
2026-09-16T19:53:01.487Z,16.7,393060,1,0,54.2
2026-09-16T19:53:06.527Z,16.7,393060,1,0,54.2
2026-09-16T19:53:11.566Z,16.7,393172,1,0,54.2
2026-09-16T19:53:16.603Z,16.7,393332,1,0,53.7
2026-09-16T19:53:21.643Z,16.7,393760,1,0,53.7
2026-09-16T19:53:26.681Z,16.7,393760,1,0,54.2
2026-09-16T19:53:31.717Z,16.7,393768,1,0,54.8
2026-09-16T19:53:36.755Z,16.7,393776,1,0,53.7
2026-09-16T19:53:41.793Z,16.7,393776,1,0,54.2
2026-09-16T19:53:46.832Z,16.7,394024,1,0,54.2
2026-09-16T19:53:51.873Z,16.7,392048,1,0,54.2
2026-09-16T19:53:56.910Z,16.7,392084,1,0,53.7
2026-09-16T19:54:01.948Z,16.7,392084,1,0,54.2
2026-09-16T19:54:06.987Z,16.7,392084,1,0,53.7
2026-09-16T19:54:12.026Z,16.7,392084,1,0,53.7
2026-09-16T19:54:17.064Z,16.7,392084,1,0,53.7
2026-09-16T19:54:22.103Z,16.7,393168,1,0,53.7
2026-09-16T19:54:27.141Z,16.7,393240,1,0,54.2
2026-09-16T19:54:32.178Z,16.7,393328,1,0,53.7
2026-09-16T19:54:37.218Z,16.7,393492,1,0,53.7
2026-09-16T19:54:42.255Z,16.7,393512,1,0,54.2
2026-09-16T19:54:47.294Z,16.7,393512,1,0,53.7
2026-09-16T19:54:52.332Z,16.7,393816,1,0,54.8
2026-09-16T19:54:57.371Z,16.7,393816,1,0,54.8
2026-09-16T19:55:02.409Z,16.7,393868,1,0,54.2
2026-09-16T19:55:07.447Z,16.7,394032,1,0,53.7
2026-09-16T19:55:12.486Z,16.7,394036,1,0,53.7
2026-09-16T19:55:17.523Z,16.7,394120,1,0,54.2
2026-09-16T19:55:22.561Z,16.7,391960,1,0,53.7
2026-09-16T19:55:27.599Z,16.7,391992,1,0,53.7
2026-09-16T19:55:32.638Z,16.7,392044,1,0,53.7
2026-09-16T19:55:37.676Z,16.7,392044,1,0,54.2
2026-09-16T19:55:42.715Z,16.7,392080,1,0,53.7
2026-09-16T19:55:47.754Z,16.7,392080,1,0,54.2
2026-09-16T19:55:52.794Z,16.7,393940,1,0,53.7
2026-09-16T19:55:57.834Z,16.7,393784,1,0,54.2
2026-09-16T19:56:02.874Z,16.7,393800,1,0,54.2
2026-09-16T19:56:07.913Z,16.7,393816,1,0,53.7
2026-09-16T19:56:12.953Z,16.7,393980,1,0,54.2
2026-09-16T19:56:17.990Z,16.7,393988,1,0,54.2
2026-09-16T19:56:23.030Z,16.7,393100,1,0,53.7
2026-09-16T19:56:28.068Z,16.7,393296,1,0,54.2
2026-09-16T19:56:33.106Z,16.7,393412,1,0,53.7
2026-09-16T19:56:38.144Z,16.7,393412,1,0,54.2
2026-09-16T19:56:43.182Z,16.7,393456,1,0,54.2
2026-09-16T19:56:48.219Z,16.7,393520,1,0,54.2
2026-09-16T19:56:53.257Z,16.7,392768,1,0,53.7
2026-09-16T19:56:58.294Z,16.7,392808,1,0,53.7
2026-09-16T19:57:03.332Z,16.7,392968,1,0,54.2
2026-09-16T19:57:08.374Z,16.7,392968,1,0,54.2
2026-09-16T19:57:13.414Z,16.7,393024,1,0,53.7
2026-09-16T19:57:18.452Z,16.7,393188,1,0,54.2
2026-09-16T19:57:23.496Z,16.7,394284,1,0,54.8
2026-09-16T19:57:28.540Z,16.7,394288,1,0,54.2
2026-09-16T19:57:33.578Z,16.7,394288,1,0,53.7
2026-09-16T19:57:38.615Z,16.7,394288,1,0,53.7
2026-09-16T19:57:43.654Z,16.7,394456,1,0,53.7
2026-09-16T19:57:48.703Z,16.7,394500,1,0,54.2
2026-09-16T19:57:53.745Z,16.7,392680,1,0,53.7
2026-09-16T19:57:58.783Z,16.7,392680,1,0,54.2
2026-09-16T19:58:03.821Z,16.7,392680,1,0,53.7
2026-09-16T19:58:08.866Z,16.7,392680,1,0,53.7
2026-09-16T19:58:13.906Z,16.7,392680,1,0,54.2
2026-09-16T19:58:18.945Z,16.7,392680,1,0,53.7
2026-09-16T19:58:23.985Z,16.7,393480,1,0,54.2
2026-09-16T19:58:29.025Z,16.7,393624,1,0,54.2
2026-09-16T19:58:34.064Z,16.7,393764,1,0,54.2
2026-09-16T19:58:39.104Z,16.7,393836,1,0,53.7
2026-09-16T19:58:44.143Z,16.7,393840,1,0,53.7
2026-09-16T19:58:49.182Z,16.7,393896,1,0,54.2
2026-09-16T19:58:54.221Z,16.7,393796,1,0,54.2
2026-09-16T19:58:59.257Z,16.7,393824,1,0,53.7
2026-09-16T19:59:04.295Z,16.7,394000,1,0,53.7
2026-09-16T19:59:09.335Z,16.7,394020,1,0,54.2
2026-09-16T19:59:14.371Z,16.7,394024,1,0,53.7
2026-09-16T19:59:19.410Z,16.7,394188,1,0,54.8
2026-09-16T19:59:24.449Z,16.7,391900,1,0,53.7
2026-09-16T19:59:29.499Z,16.7,392020,1,0,53.7
2026-09-16T19:59:34.538Z,16.7,392052,1,0,54.2
2026-09-16T19:59:39.577Z,16.7,392224,1,0,53.7
2026-09-16T19:59:44.616Z,16.7,392224,1,0,54.2
2026-09-16T19:59:49.656Z,16.7,392252,1,0,53.7
2026-09-16T19:59:54.692Z,16.7,392868,1,0,54.8
2026-09-16T19:59:59.731Z,16.7,393024,1,0,53.7
2026-09-16T20:00:04.769Z,16.7,393032,1,0,54.2
2026-09-16T20:00:09.809Z,16.7,393060,1,0,54.2
2026-09-16T20:00:14.847Z,16.7,393072,1,0,53.7
2026-09-16T20:00:19.887Z,16.7,393120,1,0,54.2
2026-09-16T20:00:24.926Z,16.7,392668,1,0,54.2
2026-09-16T20:00:29.966Z,16.7,393024,1,0,53.7
2026-09-16T20:00:35.006Z,16.7,393024,1,0,54.2
2026-09-16T20:00:40.045Z,16.7,393340,1,0,54.2
2026-09-16T20:00:45.083Z,16.7,393360,1,0,53.7
2026-09-16T20:00:50.122Z,16.7,393456,1,0,54.2
2026-09-16T20:00:55.160Z,16.7,392896,1,0,54.2
2026-09-16T20:01:00.199Z,16.7,392900,1,0,53.7
2026-09-16T20:01:05.238Z,16.7,392900,1,0,53.7
2026-09-16T20:01:10.281Z,16.7,393096,1,0,53.7
2026-09-16T20:01:15.319Z,16.7,393260,1,0,54.2
2026-09-16T20:01:20.363Z,16.7,393380,1,0,54.2
2026-09-16T20:01:25.402Z,16.7,394216,1,0,54.2
2026-09-16T20:01:30.442Z,16.7,394424,1,0,53.7
2026-09-16T20:01:35.483Z,16.7,394424,1,0,53.7
2026-09-16T20:01:40.522Z,16.7,396424,1,0,53.7
2026-09-16T20:01:45.558Z,16.7,396584,1,0,54.8
2026-09-16T20:01:50.596Z,16.7,396596,1,0,54.2
2026-09-16T20:01:55.635Z,16.7,394192,1,0,53.7
2026-09-16T20:02:00.674Z,16.7,394192,1,0,53.7
2026-09-16T20:02:05.713Z,16.7,394192,1,0,54.2
2026-09-16T20:02:10.751Z,16.7,394192,1,0,54.2
2026-09-16T20:02:15.791Z,16.7,394192,1,0,53.7
2026-09-16T20:02:20.832Z,16.7,394192,1,0,53.7
2026-09-16T20:02:25.870Z,16.7,394400,1,0,53.7
2026-09-16T20:02:30.908Z,16.7,394412,1,0,53.7
2026-09-16T20:02:35.947Z,16.7,394576,1,0,53.7
2026-09-16T20:02:40.987Z,16.7,394616,1,0,53.7
2026-09-16T20:02:46.026Z,16.7,394616,1,0,54.2
2026-09-16T20:02:51.063Z,16.7,394640,1,0,54.2
2026-09-16T20:02:56.102Z,16.7,394936,1,0,53.7
2026-09-16T20:03:01.141Z,16.7,395056,1,0,53.7
2026-09-16T20:03:06.180Z,16.7,395228,1,0,54.2
2026-09-16T20:03:11.218Z,16.7,395292,1,0,53.7
2026-09-16T20:03:16.255Z,16.7,395336,1,0,53.7
2026-09-16T20:03:21.292Z,16.7,395416,1,0,53.7
2026-09-16T20:03:26.335Z,16.7,393364,1,0,53.7
2026-09-16T20:03:31.372Z,16.7,393388,1,0,54.2
2026-09-16T20:03:36.413Z,16.7,393540,1,0,54.2
2026-09-16T20:03:41.450Z,16.7,393540,1,0,54.2
2026-09-16T20:03:46.491Z,16.7,393600,1,0,53.7
2026-09-16T20:03:51.532Z,16.7,393600,1,0,54.8
2026-09-16T20:03:56.571Z,16.7,393516,1,0,54.2
2026-09-16T20:04:01.611Z,16.7,393524,1,0,53.7
2026-09-16T20:04:06.658Z,16.7,393548,1,0,53.7
2026-09-16T20:04:11.697Z,16.7,393568,1,0,53.7
2026-09-16T20:04:16.735Z,16.7,393640,1,0,53.7
2026-09-16T20:04:21.773Z,16.7,393740,1,0,54.2
2026-09-16T20:04:26.814Z,16.7,392776,1,0,54.2
2026-09-16T20:04:31.858Z,16.7,392776,1,0,54.2
2026-09-16T20:04:36.898Z,16.7,392896,1,0,53.7
2026-09-16T20:04:41.935Z,16.7,392896,1,0,54.2
2026-09-16T20:04:46.974Z,16.7,393132,1,0,53.7
2026-09-16T20:04:52.012Z,16.7,393196,1,0,54.2
2026-09-16T20:04:57.049Z,16.7,393012,1,0,54.8
2026-09-16T20:05:02.088Z,16.7,393064,1,0,54.2
2026-09-16T20:05:07.128Z,16.7,393200,1,0,53.7
2026-09-16T20:05:12.166Z,16.7,393200,1,0,53.7
2026-09-16T20:05:17.204Z,16.7,393484,1,0,54.2
2026-09-16T20:05:22.242Z,16.7,393484,1,0,54.2
2026-09-16T20:05:27.281Z,16.7,394152,1,0,53.7
2026-09-16T20:05:32.326Z,16.7,394152,1,0,53.7
2026-09-16T20:05:37.365Z,16.7,394152,1,0,54.2
2026-09-16T20:05:42.402Z,16.7,394152,1,0,54.2
2026-09-16T20:05:47.442Z,16.7,394576,1,0,54.2
2026-09-16T20:05:52.480Z,16.7,394588,1,0,54.2
2026-09-16T20:05:57.519Z,16.7,392764,1,0,54.2
2026-09-16T20:06:02.556Z,16.7,392772,1,0,53.7
2026-09-16T20:06:07.592Z,16.7,392772,1,0,54.2
2026-09-16T20:06:12.632Z,16.7,392772,1,0,53.7
2026-09-16T20:06:17.670Z,16.7,392772,1,0,53.7
2026-09-16T20:06:22.710Z,16.7,392772,1,0,53.7
2026-09-16T20:06:27.747Z,16.7,393684,1,0,54.2
2026-09-16T20:06:32.789Z,16.7,393504,1,0,54.2
2026-09-16T20:06:37.827Z,16.7,393668,1,0,54.2
2026-09-16T20:06:42.867Z,16.7,393672,1,0,54.8
2026-09-16T20:06:47.905Z,16.7,393692,1,0,54.8
2026-09-16T20:06:52.943Z,16.7,393716,1,0,54.8
2026-09-16T20:06:57.982Z,16.7,393604,1,0,54.2
2026-09-16T20:07:03.025Z,16.7,393652,1,0,53.7
2026-09-16T20:07:08.064Z,16.7,393940,1,0,54.2
2026-09-16T20:07:13.102Z,16.7,393940,1,0,54.2
2026-09-16T20:07:18.141Z,16.7,394044,1,0,53.7
2026-09-16T20:07:23.184Z,16.7,394124,1,0,54.8
2026-09-16T20:07:28.227Z,16.7,392700,1,0,53.7
2026-09-16T20:07:33.265Z,16.7,392712,1,0,54.2
2026-09-16T20:07:38.304Z,16.7,392812,1,0,53.7
2026-09-16T20:07:43.344Z,16.7,392812,1,0,53.7
2026-09-16T20:07:48.382Z,16.7,393152,1,0,54.2
2026-09-16T20:07:53.453Z,16.7,393152,1,0,54.2
2026-09-16T20:07:58.491Z,16.7,393336,1,0,53.7
2026-09-16T20:08:03.530Z,16.7,392968,1,0,54.2
2026-09-16T20:08:08.569Z,16.7,393028,1,0,53.7
2026-09-16T20:08:13.615Z,16.7,393040,1,0,54.8
2026-09-16T20:08:18.655Z,16.7,393048,1,0,53.7
2026-09-16T20:08:23.699Z,16.7,393080,1,0,53.7
2026-09-16T20:08:28.738Z,16.7,392376,1,0,53.7
2026-09-16T20:08:33.777Z,16.7,392424,1,0,54.2
2026-09-16T20:08:38.824Z,16.7,392464,1,0,54.2
2026-09-16T20:08:43.861Z,16.7,392464,1,0,54.2
2026-09-16T20:08:48.898Z,16.7,392464,1,0,53.7
2026-09-16T20:08:53.935Z,16.7,392632,1,0,53.7
2026-09-16T20:08:58.973Z,16.7,393036,1,0,53.7
2026-09-16T20:09:04.011Z,16.7,393272,1,0,54.2
2026-09-16T20:09:09.050Z,16.7,393284,1,0,54.2
2026-09-16T20:09:14.090Z,16.7,393416,1,0,54.2
2026-09-16T20:09:19.130Z,16.7,393580,1,0,54.2
2026-09-16T20:09:24.171Z,16.7,393628,1,0,53.7
2026-09-16T20:09:29.209Z,16.7,393632,1,0,54.2
2026-09-16T20:09:34.250Z,16.7,393780,1,0,54.2
2026-09-16T20:09:39.288Z,16.7,393784,1,0,53.7
2026-09-16T20:09:44.325Z,16.7,393956,1,0,54.2
2026-09-16T20:09:49.362Z,16.7,393972,1,0,54.8
2026-09-16T20:09:54.399Z,16.7,394012,1,0,54.2
2026-09-16T20:09:59.439Z,16.7,391868,1,0,54.2
2026-09-16T20:10:04.487Z,16.7,392124,1,0,54.2
2026-09-16T20:10:09.525Z,16.7,392124,1,0,54.2
2026-09-16T20:10:14.564Z,16.7,392124,1,0,54.2
2026-09-16T20:10:19.601Z,16.7,392124,1,0,54.2
2026-09-16T20:10:24.636Z,16.7,392124,1,0,53.7
2026-09-16T20:10:29.673Z,16.6,392520,1,0,54.2
2026-09-16T20:10:34.711Z,16.6,393804,1,0,54.2
2026-09-16T20:10:39.750Z,16.7,393968,1,0,53.7
2026-09-16T20:10:44.788Z,16.7,393968,1,0,54.8
2026-09-16T20:10:49.826Z,16.7,393980,1,0,54.2
2026-09-16T20:10:54.863Z,16.7,393988,1,0,53.7
2026-09-16T20:10:59.901Z,16.7,394000,1,0,54.2
2026-09-16T20:11:04.940Z,16.7,393608,1,0,54.2
2026-09-16T20:11:09.977Z,16.7,393608,1,0,53.7
2026-09-16T20:11:15.016Z,16.7,393608,1,0,54.2
2026-09-16T20:11:20.054Z,16.7,393608,1,0,54.8
2026-09-16T20:11:25.093Z,16.7,393708,1,0,54.2
2026-09-16T20:11:30.132Z,16.7,393772,1,0,54.2
2026-09-16T20:11:35.169Z,16.7,393136,1,0,53.7
2026-09-16T20:11:40.207Z,16.7,393172,1,0,53.7
2026-09-16T20:11:45.244Z,16.6,393244,1,0,53.7
2026-09-16T20:11:50.282Z,16.6,393244,1,0,53.7
2026-09-16T20:11:55.320Z,16.6,393480,1,0,54.2
2026-09-16T20:12:00.359Z,16.6,393480,1,0,53.7
2026-09-16T20:12:05.399Z,16.7,393864,1,0,54.2
2026-09-16T20:12:10.438Z,16.7,393864,1,0,53.7
2026-09-16T20:12:15.477Z,16.7,393868,1,0,53.7
2026-09-16T20:12:20.514Z,16.7,393868,1,0,54.8
2026-09-16T20:12:25.552Z,16.7,394088,1,0,54.2
2026-09-16T20:12:30.591Z,16.7,392000,1,0,54.8
2026-09-16T20:12:35.630Z,16.7,392052,1,0,54.8
2026-09-16T20:12:40.667Z,16.7,392052,1,0,54.2
2026-09-16T20:12:45.711Z,16.7,392080,1,0,54.2
2026-09-16T20:12:50.750Z,16.7,392080,1,0,53.7
2026-09-16T20:12:55.788Z,16.7,392408,1,0,53.7
2026-09-16T20:13:00.827Z,16.6,392636,1,0,54.8
2026-09-16T20:13:05.865Z,16.6,393628,1,0,54.8
2026-09-16T20:13:10.902Z,16.6,393680,1,0,53.7
2026-09-16T20:13:15.940Z,16.6,394104,1,0,53.7
2026-09-16T20:13:20.978Z,16.6,394108,1,0,54.8
2026-09-16T20:13:26.016Z,16.7,394152,1,0,54.8
2026-09-16T20:13:31.054Z,16.7,394152,1,0,54.8
2026-09-16T20:13:36.094Z,16.7,393856,1,0,54.2
2026-09-16T20:13:41.136Z,16.7,393856,1,0,53.7
2026-09-16T20:13:46.173Z,16.7,394084,1,0,53.7
2026-09-16T20:13:51.212Z,16.7,394084,1,0,54.2
2026-09-16T20:13:56.261Z,16.7,394160,1,0,54.2
2026-09-16T20:14:01.298Z,16.7,394248,1,0,54.2
2026-09-16T20:14:06.336Z,16.7,391792,1,0,53.7
2026-09-16T20:14:11.374Z,16.7,392056,1,0,54.8
2026-09-16T20:14:16.415Z,16.7,392056,1,0,53.7
2026-09-16T20:14:21.455Z,16.6,392152,1,0,54.2
2026-09-16T20:14:26.493Z,16.6,392152,1,0,53.7
2026-09-16T20:14:31.534Z,16.6,392152,1,0,54.2
2026-09-16T20:14:36.572Z,16.6,393896,1,0,54.2
2026-09-16T20:14:41.612Z,16.6,393896,1,0,54.2
2026-09-16T20:14:46.651Z,16.7,393900,1,0,54.2
2026-09-16T20:14:51.688Z,16.7,393920,1,0,53.7
2026-09-16T20:14:56.727Z,16.7,393936,1,0,54.2
2026-09-16T20:15:01.771Z,16.7,393976,1,0,54.2
2026-09-16T20:15:06.810Z,16.7,393340,1,0,54.2
2026-09-16T20:15:11.847Z,16.7,393352,1,0,54.2
2026-09-16T20:15:16.884Z,16.7,393352,1,0,53.7
2026-09-16T20:15:21.921Z,16.7,393360,1,0,53.7
2026-09-16T20:15:26.962Z,16.7,393380,1,0,53.7
2026-09-16T20:15:32.001Z,16.6,393572,1,0,53.7
2026-09-16T20:15:37.042Z,16.6,393276,1,0,54.2
2026-09-16T20:15:42.082Z,16.6,393324,1,0,54.2
2026-09-16T20:15:47.120Z,16.6,393324,1,0,54.2
2026-09-16T20:15:52.159Z,16.6,393384,1,0,53.7
2026-09-16T20:15:57.199Z,16.6,393548,1,0,54.8
2026-09-16T20:16:02.237Z,16.6,393708,1,0,54.2
2026-09-16T20:16:07.276Z,16.6,394104,1,0,54.2
2026-09-16T20:16:12.314Z,16.6,394192,1,0,54.2
2026-09-16T20:16:17.353Z,16.7,394192,1,0,53.7
2026-09-16T20:16:22.390Z,16.7,394208,1,0,54.2
2026-09-16T20:16:27.428Z,16.7,394408,1,0,53.7
2026-09-16T20:16:32.467Z,16.7,394492,1,0,54.8
2026-09-16T20:16:37.506Z,16.7,392124,1,0,54.2
2026-09-16T20:16:42.545Z,16.7,392188,1,0,54.2
2026-09-16T20:16:47.585Z,16.7,392188,1,0,54.2
2026-09-16T20:16:52.622Z,16.6,392280,1,0,54.2
2026-09-16T20:16:57.659Z,16.6,392280,1,0,54.2
2026-09-16T20:17:02.698Z,16.6,392288,1,0,54.2
2026-09-16T20:17:07.738Z,16.6,393440,1,0,54.2
2026-09-16T20:17:12.782Z,16.6,393444,1,0,54.2
2026-09-16T20:17:17.819Z,16.6,393608,1,0,54.2
2026-09-16T20:17:22.859Z,16.6,393744,1,0,54.2
2026-09-16T20:17:27.898Z,16.6,393748,1,0,54.2
2026-09-16T20:17:32.936Z,16.6,393856,1,0,53.7
2026-09-16T20:17:37.975Z,16.7,393656,1,0,53.7
2026-09-16T20:17:43.018Z,16.7,393748,1,0,53.7
2026-09-16T20:17:48.055Z,16.7,393924,1,0,54.2
2026-09-16T20:17:53.093Z,16.7,393928,1,0,54.2
2026-09-16T20:17:58.130Z,16.7,394000,1,0,54.2
2026-09-16T20:18:03.168Z,16.7,394272,1,0,54.2
2026-09-16T20:18:08.206Z,16.7,391952,1,0,53.7
2026-09-16T20:18:13.245Z,16.7,392092,1,0,54.2
2026-09-16T20:18:18.282Z,16.6,392092,1,0,53.7
2026-09-16T20:18:23.321Z,16.6,392144,1,0,54.2
2026-09-16T20:18:28.364Z,16.6,392144,1,0,54.2
2026-09-16T20:18:33.400Z,16.6,392232,1,0,53.7
2026-09-16T20:18:38.442Z,16.6,393188,1,0,54.2
2026-09-16T20:18:43.488Z,16.6,393188,1,0,54.2
2026-09-16T20:18:48.527Z,16.6,393204,1,0,54.2
2026-09-16T20:18:53.565Z,16.6,393212,1,0,54.2
2026-09-16T20:18:58.605Z,16.7,393216,1,0,54.2
2026-09-16T20:19:03.644Z,16.7,393252,1,0,54.2
2026-09-16T20:19:08.681Z,16.7,392580,1,0,54.2
2026-09-16T20:19:13.718Z,16.7,392596,1,0,54.2
2026-09-16T20:19:18.756Z,16.7,392596,1,0,54.2
2026-09-16T20:19:23.795Z,16.7,392596,1,0,53.7
2026-09-16T20:19:28.831Z,16.6,392608,1,0,54.2
2026-09-16T20:19:33.870Z,16.6,392672,1,0,53.7
2026-09-16T20:19:38.908Z,16.6,393224,1,0,54.2
2026-09-16T20:19:43.945Z,16.6,393240,1,0,53.7
2026-09-16T20:19:48.982Z,16.6,393316,1,0,54.2
2026-09-16T20:19:54.021Z,16.6,393316,1,0,54.2
2026-09-16T20:19:59.061Z,16.6,393500,1,0,53.7
2026-09-16T20:20:04.098Z,16.6,393500,1,0,53.7
2026-09-16T20:20:09.137Z,16.6,394124,1,0,54.2
2026-09-16T20:20:14.174Z,16.6,394124,1,0,54.2
2026-09-16T20:20:19.213Z,16.7,394144,1,0,54.2
2026-09-16T20:20:24.250Z,16.7,394144,1,0,54.2
2026-09-16T20:20:29.290Z,16.7,394392,1,0,54.2
2026-09-16T20:20:34.333Z,16.7,394476,1,0,53.7
2026-09-16T20:20:39.369Z,16.7,392096,1,0,53.7
2026-09-16T20:20:44.406Z,16.6,392104,1,0,54.2
2026-09-16T20:20:49.454Z,16.6,392204,1,0,54.8
2026-09-16T20:20:54.494Z,16.6,392204,1,0,53.7
2026-09-16T20:20:59.532Z,16.6,392220,1,0,54.2
2026-09-16T20:21:04.572Z,16.6,392220,1,0,53.7
2026-09-16T20:21:09.609Z,16.6,393524,1,0,54.2
2026-09-16T20:21:14.650Z,16.6,393524,1,0,53.7
2026-09-16T20:21:19.688Z,16.6,393688,1,0,54.2
2026-09-16T20:21:24.728Z,16.6,393696,1,0,53.7
2026-09-16T20:21:29.765Z,16.6,393696,1,0,53.7
2026-09-16T20:21:34.805Z,16.6,393696,1,0,54.8
2026-09-16T20:21:39.844Z,16.6,393672,1,0,53.7
2026-09-16T20:21:44.884Z,16.7,393672,1,0,54.2
2026-09-16T20:21:49.922Z,16.7,394016,1,0,53.7
2026-09-16T20:21:54.961Z,16.7,394016,1,0,54.2
2026-09-16T20:22:00.002Z,16.6,394120,1,0,53.7
2026-09-16T20:22:05.041Z,16.6,394196,1,0,54.2
2026-09-16T20:22:10.081Z,16.6,391828,1,0,54.2
2026-09-16T20:22:15.118Z,16.6,391828,1,0,54.2
2026-09-16T20:22:20.155Z,16.6,391992,1,0,54.2
2026-09-16T20:22:25.193Z,16.6,391992,1,0,53.7
2026-09-16T20:22:30.233Z,16.6,392080,1,0,54.8
2026-09-16T20:22:35.271Z,16.6,392080,1,0,54.2
2026-09-16T20:22:40.309Z,16.6,393484,1,0,54.8
2026-09-16T20:22:45.348Z,16.6,393484,1,0,53.7
2026-09-16T20:22:50.394Z,16.6,395496,1,0,54.8
2026-09-16T20:22:55.434Z,16.6,395520,1,0,53.7
2026-09-16T20:23:00.472Z,16.6,395524,1,0,54.2
2026-09-16T20:23:05.510Z,16.6,395712,1,0,53.7
2026-09-16T20:23:10.550Z,16.7,393924,1,0,54.2
2026-09-16T20:23:15.589Z,16.6,393924,1,0,53.7
2026-09-16T20:23:20.626Z,16.6,393924,1,0,54.2
2026-09-16T20:23:25.667Z,16.6,393924,1,0,54.8
2026-09-16T20:23:30.709Z,16.6,393924,1,0,54.8
2026-09-16T20:23:35.749Z,16.6,393972,1,0,53.7
2026-09-16T20:23:40.787Z,16.6,394320,1,0,53.7
2026-09-16T20:23:45.828Z,16.6,394360,1,0,54.2
2026-09-16T20:23:50.867Z,16.6,394360,1,0,54.2
2026-09-16T20:23:55.905Z,16.6,394444,1,0,54.2
2026-09-16T20:24:00.949Z,16.6,394528,1,0,53.7
2026-09-16T20:24:05.992Z,16.6,394528,1,0,54.2
2026-09-16T20:24:11.032Z,16.6,395444,1,0,53.7
2026-09-16T20:24:16.069Z,16.6,395444,1,0,54.2
2026-09-16T20:24:21.107Z,16.6,395444,1,0,54.2
2026-09-16T20:24:26.145Z,16.6,395616,1,0,53.7
2026-09-16T20:24:31.183Z,16.6,395664,1,0,54.2
2026-09-16T20:24:36.222Z,16.6,395748,1,0,53.7
2026-09-16T20:24:41.267Z,16.6,392952,1,0,54.2
2026-09-16T20:24:46.303Z,16.6,392968,1,0,54.2
2026-09-16T20:24:51.341Z,16.6,392968,1,0,54.8
2026-09-16T20:24:56.382Z,16.6,392968,1,0,54.2
2026-09-16T20:25:01.421Z,16.6,392968,1,0,54.2
2026-09-16T20:25:06.460Z,16.6,392968,1,0,54.2
2026-09-16T20:25:11.508Z,16.6,394340,1,0,54.2
2026-09-16T20:25:16.547Z,16.6,394504,1,0,54.2
2026-09-16T20:25:21.587Z,16.6,394512,1,0,53.7
2026-09-16T20:25:26.627Z,16.6,394516,1,0,53.7
2026-09-16T20:25:31.665Z,16.6,394520,1,0,54.2
2026-09-16T20:25:36.702Z,16.6,394528,1,0,53.7
2026-09-16T20:25:41.748Z,16.6,394444,1,0,53.7
2026-09-16T20:25:46.785Z,16.6,394620,1,0,54.2
2026-09-16T20:25:51.824Z,16.6,394620,1,0,54.2
2026-09-16T20:25:56.862Z,16.6,394636,1,0,53.7
2026-09-16T20:26:01.901Z,16.6,394716,1,0,53.7
2026-09-16T20:26:06.938Z,16.6,394780,1,0,53.7
2026-09-16T20:26:11.978Z,16.6,392848,1,0,54.2
2026-09-16T20:26:17.050Z,16.6,392892,1,0,54.8
2026-09-16T20:26:22.089Z,16.6,392892,1,0,54.2
2026-09-16T20:26:27.125Z,16.6,392892,1,0,54.2
2026-09-16T20:26:32.161Z,16.6,392892,1,0,54.8
2026-09-16T20:26:37.199Z,16.6,393056,1,0,53.7
2026-09-16T20:26:42.236Z,16.6,392924,1,0,54.2
2026-09-16T20:26:47.275Z,16.6,392928,1,0,53.7
2026-09-16T20:26:52.313Z,16.6,392932,1,0,54.2
2026-09-16T20:26:57.352Z,16.6,392940,1,0,53.7
2026-09-16T20:27:02.390Z,16.6,392944,1,0,53.7
2026-09-16T20:27:07.428Z,16.6,393216,1,0,53.7
2026-09-16T20:27:12.466Z,16.6,391992,1,0,53.7
2026-09-16T20:27:17.503Z,16.6,392132,1,0,54.2
2026-09-16T20:27:22.541Z,16.6,392132,1,0,53.7
2026-09-16T20:27:27.579Z,16.6,392304,1,0,53.7
2026-09-16T20:27:32.619Z,16.6,392304,1,0,53.7
2026-09-16T20:27:37.664Z,16.6,392424,1,0,53.7
2026-09-16T20:27:42.702Z,16.6,392996,1,0,54.2
2026-09-16T20:27:47.741Z,16.6,393112,1,0,54.2
2026-09-16T20:27:52.782Z,16.6,393112,1,0,54.2
2026-09-16T20:27:57.820Z,16.6,393360,1,0,54.2
2026-09-16T20:28:02.859Z,16.6,393360,1,0,54.2
2026-09-16T20:28:07.897Z,16.6,393360,1,0,54.2
2026-09-16T20:28:12.935Z,16.6,393976,1,0,53.7
2026-09-16T20:28:17.975Z,16.6,393976,1,0,54.2
2026-09-16T20:28:23.012Z,16.6,393976,1,0,53.7
2026-09-16T20:28:28.050Z,16.6,394140,1,0,53.7
2026-09-16T20:28:33.088Z,16.6,394188,1,0,53.7
2026-09-16T20:28:38.126Z,16.6,394308,1,0,54.2
2026-09-16T20:28:43.165Z,16.6,392012,1,0,53.7
2026-09-16T20:28:48.203Z,16.6,392064,1,0,54.2
2026-09-16T20:28:53.247Z,16.6,392064,1,0,54.2
2026-09-16T20:28:58.285Z,16.6,392536,1,0,54.2
2026-09-16T20:29:03.322Z,16.6,392536,1,0,54.2
2026-09-16T20:29:08.361Z,16.6,392608,1,0,54.2
2026-09-16T20:29:13.398Z,16.6,393388,1,0,53.7
2026-09-16T20:29:18.437Z,16.6,393716,1,0,54.2
2026-09-16T20:29:23.476Z,16.6,393724,1,0,54.2
2026-09-16T20:29:28.517Z,16.6,393824,1,0,53.7
2026-09-16T20:29:33.553Z,16.6,393824,1,0,53.7
2026-09-16T20:29:38.591Z,16.6,393856,1,0,53.7
2026-09-16T20:29:43.630Z,16.6,393764,1,0,54.8
2026-09-16T20:29:48.667Z,16.6,393996,1,0,53.7
2026-09-16T20:29:53.707Z,16.6,393996,1,0,54.2
2026-09-16T20:29:58.747Z,16.6,394012,1,0,53.7
2026-09-16T20:30:03.784Z,16.6,394156,1,0,54.8
2026-09-16T20:30:08.822Z,16.6,394220,1,0,54.8
2026-09-16T20:30:13.863Z,16.6,393696,1,0,53.7
2026-09-16T20:30:18.901Z,16.6,393704,1,0,54.2
2026-09-16T20:30:23.940Z,16.6,393704,1,0,54.2
2026-09-16T20:30:28.979Z,16.6,393704,1,0,54.2
2026-09-16T20:30:34.017Z,16.6,393704,1,0,54.2
2026-09-16T20:30:39.057Z,16.6,393868,1,0,53.7
2026-09-16T20:30:44.094Z,16.6,394768,1,0,54.2
2026-09-16T20:30:49.133Z,16.6,394768,1,0,53.7
2026-09-16T20:30:54.172Z,16.6,394776,1,0,54.2
2026-09-16T20:30:59.210Z,16.6,394780,1,0,54.2
2026-09-16T20:31:04.247Z,16.6,394780,1,0,53.7
2026-09-16T20:31:09.286Z,16.6,395020,1,0,53.7
2026-09-16T20:31:14.324Z,16.6,393364,1,0,53.7
2026-09-16T20:31:19.362Z,16.6,393384,1,0,54.2
2026-09-16T20:31:24.399Z,16.6,393460,1,0,53.7
2026-09-16T20:31:29.436Z,16.6,393460,1,0,54.2
2026-09-16T20:31:34.475Z,16.6,393512,1,0,54.8
2026-09-16T20:31:39.514Z,16.6,393516,1,0,54.2
2026-09-16T20:31:44.552Z,16.6,393936,1,0,54.2
2026-09-16T20:31:49.590Z,16.6,393936,1,0,54.8
2026-09-16T20:31:54.627Z,16.6,394016,1,0,53.7
2026-09-16T20:31:59.666Z,16.6,394184,1,0,54.8
2026-09-16T20:32:04.703Z,16.6,394200,1,0,54.2
2026-09-16T20:32:09.741Z,16.6,394200,1,0,54.2
2026-09-16T20:32:14.780Z,16.6,394432,1,0,53.7
2026-09-16T20:32:19.819Z,16.6,394432,1,0,53.7
2026-09-16T20:32:24.861Z,16.6,394448,1,0,54.2
2026-09-16T20:32:29.897Z,16.6,394628,1,0,54.2
2026-09-16T20:32:34.936Z,16.6,394664,1,0,54.2
2026-09-16T20:32:39.973Z,16.6,394748,1,0,53.7
2026-09-16T20:32:45.010Z,16.6,392740,1,0,53.7
2026-09-16T20:32:50.048Z,16.6,392740,1,0,53.7
2026-09-16T20:32:55.085Z,16.6,393284,1,0,53.7
2026-09-16T20:33:00.122Z,16.6,393284,1,0,54.2
2026-09-16T20:33:05.159Z,16.6,393340,1,0,53.7
2026-09-16T20:33:10.197Z,16.6,393340,1,0,54.2
2026-09-16T20:33:15.234Z,16.6,394056,1,0,53.7
2026-09-16T20:33:20.271Z,16.6,394232,1,0,54.2
2026-09-16T20:33:25.309Z,16.6,394232,1,0,53.7
2026-09-16T20:33:30.348Z,16.6,394244,1,0,53.7
2026-09-16T20:33:35.393Z,16.6,394424,1,0,53.7
2026-09-16T20:33:40.432Z,16.6,394424,1,0,54.2
2026-09-16T20:33:45.473Z,16.6,393568,1,0,54.2
2026-09-16T20:33:50.511Z,16.6,393736,1,0,53.7
2026-09-16T20:33:55.550Z,16.6,393896,1,0,54.2
2026-09-16T20:34:00.591Z,16.6,393900,1,0,54.2
2026-09-16T20:34:05.628Z,16.6,393992,1,0,54.2
2026-09-16T20:34:10.668Z,16.6,394056,1,0,53.7
2026-09-16T20:34:15.707Z,16.6,393140,1,0,53.7
2026-09-16T20:34:20.744Z,16.6,393140,1,0,54.2
2026-09-16T20:34:25.791Z,16.6,395392,1,0,53.7
2026-09-16T20:34:30.831Z,16.6,395392,1,0,53.7
2026-09-16T20:34:35.869Z,16.6,395392,1,0,54.2
2026-09-16T20:34:40.913Z,16.6,395556,1,0,53.7
2026-09-16T20:34:45.958Z,16.6,396204,1,0,54.2
2026-09-16T20:34:50.997Z,16.6,396204,1,0,53.7
2026-09-16T20:34:56.035Z,16.6,396204,1,0,53.7
2026-09-16T20:35:01.075Z,16.6,396204,1,0,53.7
2026-09-16T20:35:06.113Z,16.6,396204,1,0,53.7
2026-09-16T20:35:11.150Z,16.6,396412,1,0,53.7
2026-09-16T20:35:16.191Z,16.6,393516,1,0,53.7
2026-09-16T20:35:21.229Z,16.6,393536,1,0,53.7
2026-09-16T20:35:26.267Z,16.6,393536,1,0,53.7
2026-09-16T20:35:31.302Z,16.6,393536,1,0,54.8
2026-09-16T20:35:36.341Z,16.6,393536,1,0,53.7
2026-09-16T20:35:41.381Z,16.6,393552,1,0,53.7
2026-09-16T20:35:46.419Z,16.6,394860,1,0,53.7
2026-09-16T20:35:51.458Z,16.6,394896,1,0,53.7
2026-09-16T20:35:56.497Z,16.6,394936,1,0,53.7
2026-09-16T20:36:01.535Z,16.6,395104,1,0,53.7
2026-09-16T20:36:06.574Z,16.6,395104,1,0,53.7
2026-09-16T20:36:11.613Z,16.6,395192,1,0,53.7
2026-09-16T20:36:16.652Z,16.6,395152,1,0,53.7
2026-09-16T20:36:21.692Z,16.6,395196,1,0,53.7
2026-09-16T20:36:26.731Z,16.6,395320,1,0,53.7
2026-09-16T20:36:31.771Z,16.6,395412,1,0,53.7
2026-09-16T20:36:36.815Z,16.6,395444,1,0,53.7
2026-09-16T20:36:41.854Z,16.6,395528,1,0,53.7
2026-09-16T20:36:46.895Z,16.6,393468,1,0,53.2
2026-09-16T20:36:51.939Z,16.6,393492,1,0,53.7
2026-09-16T20:36:56.978Z,16.6,393492,1,0,53.7
2026-09-16T20:37:02.017Z,16.6,393588,1,0,53.7
2026-09-16T20:37:07.062Z,16.6,393588,1,0,53.2
2026-09-16T20:37:12.102Z,16.6,393800,1,0,53.7
2026-09-16T20:37:17.139Z,16.6,395220,1,0,53.7
2026-09-16T20:37:22.179Z,16.6,394316,1,0,53.2
2026-09-16T20:37:27.218Z,16.6,394324,1,0,53.7
2026-09-16T20:37:32.256Z,16.6,394452,1,0,53.7
2026-09-16T20:37:37.297Z,16.6,394464,1,0,53.7
2026-09-16T20:37:42.334Z,16.6,394572,1,0,53.2
2026-09-16T20:37:47.373Z,16.6,393712,1,0,53.7
2026-09-16T20:37:52.413Z,16.6,393772,1,0,53.7
2026-09-16T20:37:57.453Z,16.6,393772,1,0,52.6
2026-09-16T20:38:02.491Z,16.6,393912,1,0,53.7
2026-09-16T20:38:07.530Z,16.6,393912,1,0,53.2
2026-09-16T20:38:12.572Z,16.6,393976,1,0,53.2
2026-09-16T20:38:17.611Z,16.6,393024,1,0,53.7
2026-09-16T20:38:22.651Z,16.6,393084,1,0,53.7
2026-09-16T20:38:27.689Z,16.6,393108,1,0,52.6
2026-09-16T20:38:32.726Z,16.6,393188,1,0,52.6
2026-09-16T20:38:37.764Z,16.6,393188,1,0,52.6
2026-09-16T20:38:42.802Z,16.6,393528,1,0,53.7
2026-09-16T20:38:47.845Z,16.6,394196,1,0,53.2
2026-09-16T20:38:52.881Z,16.6,394212,1,0,53.2
2026-09-16T20:38:57.922Z,16.6,394212,1,0,53.7
2026-09-16T20:39:02.961Z,16.6,394212,1,0,52.6
2026-09-16T20:39:07.998Z,16.6,394388,1,0,53.7
2026-09-16T20:39:13.037Z,16.6,394436,1,0,52.6
2026-09-16T20:39:18.075Z,16.6,392428,1,0,52.6
2026-09-16T20:39:23.113Z,16.6,392428,1,0,53.2
2026-09-16T20:39:28.150Z,16.6,392428,1,0,53.2
2026-09-16T20:39:33.187Z,16.6,392428,1,0,53.2
2026-09-16T20:39:38.225Z,16.6,392428,1,0,53.2
2026-09-16T20:39:43.263Z,16.6,392432,1,0,53.7
2026-09-16T20:39:48.303Z,16.6,393360,1,0,52.6
2026-09-16T20:39:53.345Z,16.6,393552,1,0,53.2
2026-09-16T20:39:58.383Z,16.6,393736,1,0,52.6
2026-09-16T20:40:03.422Z,16.6,393780,1,0,53.2
2026-09-16T20:40:08.462Z,16.6,393780,1,0,52.6
2026-09-16T20:40:13.501Z,16.6,393856,1,0,53.2
2026-09-16T20:40:18.542Z,16.6,393744,1,0,52.6
2026-09-16T20:40:23.582Z,16.6,393788,1,0,52.6
2026-09-16T20:40:28.620Z,16.6,393952,1,0,52.6
2026-09-16T20:40:33.658Z,16.6,393952,1,0,52.6
2026-09-16T20:40:38.696Z,16.6,394040,1,0,52.6
2026-09-16T20:40:43.735Z,16.6,394120,1,0,52.6
2026-09-16T20:40:48.782Z,16.6,392088,1,0,53.2
2026-09-16T20:40:53.820Z,16.6,392088,1,0,52.6
2026-09-16T20:40:58.857Z,16.6,392152,1,0,52.6
2026-09-16T20:41:03.900Z,16.6,392152,1,0,53.2
2026-09-16T20:41:08.939Z,16.6,392152,1,0,52.6
2026-09-16T20:41:13.978Z,16.6,392152,1,0,52.6
2026-09-16T20:41:19.021Z,16.6,393492,1,0,52.6
2026-09-16T20:41:24.060Z,16.6,392988,1,0,53.2
2026-09-16T20:41:29.099Z,16.6,393032,1,0,52.6
2026-09-16T20:41:34.139Z,16.6,393040,1,0,53.2
2026-09-16T20:41:39.180Z,16.6,393124,1,0,53.2
2026-09-16T20:41:44.217Z,16.6,393192,1,0,52.6
2026-09-16T20:41:49.255Z,16.6,392080,1,0,53.7
2026-09-16T20:41:54.304Z,16.6,392128,1,0,53.2
2026-09-16T20:41:59.349Z,16.6,392308,1,0,53.2
2026-09-16T20:42:04.388Z,16.6,392308,1,0,52.6
2026-09-16T20:42:09.426Z,16.6,392384,1,0,52.6
2026-09-16T20:42:14.466Z,16.6,392416,1,0,53.2
2026-09-16T20:42:19.503Z,16.6,393168,1,0,53.2
2026-09-16T20:42:24.545Z,16.6,393272,1,0,52.6
2026-09-16T20:42:29.585Z,16.6,393400,1,0,52.6
2026-09-16T20:42:34.623Z,16.6,393400,1,0,52.6
2026-09-16T20:42:39.659Z,16.6,393696,1,0,52.6
2026-09-16T20:42:44.696Z,16.6,393696,1,0,52.6
2026-09-16T20:42:49.738Z,16.6,394508,1,0,53.2
2026-09-16T20:42:54.775Z,16.6,394372,1,0,52.6
2026-09-16T20:42:59.815Z,16.6,396624,1,0,53.2
2026-09-16T20:43:04.854Z,16.6,396624,1,0,52.6
2026-09-16T20:43:09.893Z,16.6,396796,1,0,53.2
2026-09-16T20:43:14.932Z,16.6,396812,1,0,52.6
2026-09-16T20:43:19.971Z,16.6,393408,1,0,52.6
2026-09-16T20:43:25.009Z,16.6,393408,1,0,53.2
2026-09-16T20:43:30.049Z,16.6,393408,1,0,52.6
2026-09-16T20:43:35.091Z,16.6,393408,1,0,52.6
2026-09-16T20:43:40.129Z,16.6,393408,1,0,52.6
2026-09-16T20:43:45.169Z,16.6,393408,1,0,52.6
2026-09-16T20:43:50.207Z,16.6,394812,1,0,53.2
2026-09-16T20:43:55.244Z,16.6,394140,1,0,52.6
2026-09-16T20:44:00.283Z,16.6,394308,1,0,53.2
2026-09-16T20:44:05.322Z,16.6,394320,1,0,52.6
2026-09-16T20:44:10.361Z,16.6,394320,1,0,53.2
2026-09-16T20:44:15.401Z,16.6,394332,1,0,52.6
2026-09-16T20:44:20.440Z,16.6,394284,1,0,53.2
2026-09-16T20:44:25.479Z,16.6,394292,1,0,52.6
2026-09-16T20:44:30.517Z,16.6,394548,1,0,53.2
2026-09-16T20:44:35.555Z,16.6,394548,1,0,52.6
2026-09-16T20:44:40.594Z,16.6,394660,1,0,52.6
2026-09-16T20:44:45.631Z,16.6,394732,1,0,53.2
2026-09-16T20:44:50.671Z,16.6,392584,1,0,52.6
2026-09-16T20:44:55.708Z,16.6,392584,1,0,52.6
2026-09-16T20:45:00.747Z,16.6,392720,1,0,52.6
2026-09-16T20:45:05.783Z,16.6,392720,1,0,53.2
2026-09-16T20:45:10.821Z,16.6,392748,1,0,53.2
2026-09-16T20:45:15.867Z,16.6,392748,1,0,52.6
2026-09-16T20:45:20.906Z,16.6,393960,1,0,52.6
2026-09-16T20:45:25.945Z,16.6,393928,1,0,53.2
2026-09-16T20:45:30.985Z,16.6,393932,1,0,52.6
2026-09-16T20:45:36.026Z,16.6,393940,1,0,52.6
2026-09-16T20:45:41.063Z,16.6,393996,1,0,53.2
2026-09-16T20:45:46.101Z,16.6,393996,1,0,52.6
2026-09-16T20:45:51.142Z,16.6,392228,1,0,52.6
2026-09-16T20:45:56.178Z,16.6,392264,1,0,52.6
2026-09-16T20:46:01.215Z,16.6,392264,1,0,52.6
2026-09-16T20:46:06.254Z,16.6,392592,1,0,52.6
2026-09-16T20:46:11.292Z,16.6,392592,1,0,52.6
2026-09-16T20:46:16.328Z,16.6,392696,1,0,52.6
2026-09-16T20:46:21.366Z,16.6,393660,1,0,52.6
2026-09-16T20:46:26.403Z,16.6,393324,1,0,53.2
2026-09-16T20:46:31.440Z,16.6,393360,1,0,53.2
2026-09-16T20:46:36.481Z,16.6,393368,1,0,52.6
2026-09-16T20:46:41.521Z,16.6,393532,1,0,53.2
2026-09-16T20:46:46.560Z,16.6,393556,1,0,53.2
2026-09-16T20:46:51.598Z,16.6,393948,1,0,52.6
2026-09-16T20:46:56.637Z,16.6,394452,1,0,52.6
2026-09-16T20:47:01.676Z,16.6,394456,1,0,52.6
2026-09-16T20:47:06.715Z,16.6,394460,1,0,53.2
2026-09-16T20:47:11.754Z,16.6,394624,1,0,53.2
2026-09-16T20:47:16.792Z,16.6,396812,1,0,53.2
2026-09-16T20:47:21.834Z,16.6,394108,1,0,53.2
2026-09-16T20:47:26.873Z,16.6,394108,1,0,53.2
2026-09-16T20:47:31.911Z,16.6,394124,1,0,53.2
2026-09-16T20:47:36.951Z,16.6,394124,1,0,52.6
2026-09-16T20:47:41.989Z,16.6,394124,1,0,53.2
2026-09-16T20:47:47.026Z,16.6,394124,1,0,52.6
2026-09-16T20:47:52.064Z,16.6,394380,1,0,52.6
2026-09-16T20:47:57.103Z,16.6,395744,1,0,53.2
2026-09-16T20:48:02.142Z,16.6,395908,1,0,53.2
2026-09-16T20:48:07.179Z,16.6,395912,1,0,53.7
2026-09-16T20:48:12.217Z,16.6,395916,1,0,52.6
2026-09-16T20:48:17.255Z,16.6,395928,1,0,53.7
2026-09-16T20:48:22.293Z,16.6,395960,1,0,52.6
2026-09-16T20:48:27.331Z,16.6,394972,1,0,52.6
2026-09-16T20:48:32.369Z,16.6,395152,1,0,53.7
2026-09-16T20:48:37.410Z,16.6,395220,1,0,52.6
2026-09-16T20:48:42.450Z,16.6,395248,1,0,52.6
2026-09-16T20:48:47.487Z,16.6,395424,1,0,52.6
2026-09-16T20:48:52.526Z,16.6,395492,1,0,53.2
2026-09-16T20:48:57.564Z,16.6,393592,1,0,52.6
2026-09-16T20:49:02.601Z,16.6,393592,1,0,52.6
2026-09-16T20:49:07.638Z,16.6,393668,1,0,53.2
2026-09-16T20:49:12.677Z,16.6,393668,1,0,53.2
2026-09-16T20:49:17.733Z,16.6,393856,1,0,52.6
2026-09-16T20:49:22.771Z,16.6,394024,1,0,53.2
2026-09-16T20:49:27.809Z,16.6,394756,1,0,52.6
2026-09-16T20:49:32.846Z,16.6,394756,1,0,53.2
2026-09-16T20:49:37.885Z,16.6,394764,1,0,53.2
2026-09-16T20:49:42.925Z,16.6,394768,1,0,53.2
2026-09-16T20:49:47.965Z,16.6,394816,1,0,52.6
2026-09-16T20:49:53.003Z,16.6,395096,1,0,52.6
2026-09-16T20:49:58.042Z,16.6,392664,1,0,52.6
2026-09-16T20:50:03.081Z,16.6,392668,1,0,52.6
2026-09-16T20:50:08.121Z,16.6,393372,1,0,53.2
2026-09-16T20:50:13.158Z,16.6,393372,1,0,52.6
2026-09-16T20:50:18.197Z,16.6,393568,1,0,53.2
2026-09-16T20:50:23.235Z,16.6,393568,1,0,52.6
2026-09-16T20:50:28.272Z,16.6,393740,1,0,53.2
2026-09-16T20:50:33.313Z,16.6,393788,1,0,52.6
2026-09-16T20:50:38.356Z,16.6,393848,1,0,52.6
2026-09-16T20:50:43.396Z,16.6,394012,1,0,52.6
2026-09-16T20:50:48.435Z,16.6,394016,1,0,53.2
2026-09-16T20:50:53.472Z,16.6,394016,1,0,53.2
2026-09-16T20:50:58.512Z,16.6,394344,1,0,53.2
2026-09-16T20:51:03.552Z,16.6,394344,1,0,52.6
2026-09-16T20:51:08.604Z,16.6,394604,1,0,52.6
2026-09-16T20:51:13.643Z,16.6,394616,1,0,52.6
2026-09-16T20:51:18.683Z,16.6,394652,1,0,53.2
2026-09-16T20:51:23.721Z,16.6,394732,1,0,52.6
2026-09-16T20:51:28.762Z,16.6,391908,1,0,52.6
2026-09-16T20:51:33.800Z,16.6,392048,1,0,53.2
2026-09-16T20:51:38.839Z,16.6,392056,1,0,52.6
2026-09-16T20:51:43.875Z,16.6,392056,1,0,53.2
2026-09-16T20:51:48.914Z,16.6,392056,1,0,53.2
2026-09-16T20:51:53.951Z,16.6,392056,1,0,53.2
2026-09-16T20:51:58.990Z,16.6,394016,1,0,53.2
2026-09-16T20:52:04.029Z,16.6,394180,1,0,52.6
2026-09-16T20:52:09.069Z,16.6,394180,1,0,53.2
2026-09-16T20:52:14.108Z,16.6,394200,1,0,52.6
2026-09-16T20:52:19.153Z,16.6,394208,1,0,52.6
2026-09-16T20:52:24.191Z,16.6,394212,1,0,52.6
2026-09-16T20:52:29.228Z,16.6,393384,1,0,52.6
2026-09-16T20:52:34.268Z,16.6,393400,1,0,52.6
2026-09-16T20:52:39.306Z,16.6,393400,1,0,53.7
2026-09-16T20:52:44.344Z,16.6,393432,1,0,52.6
2026-09-16T20:52:49.383Z,16.6,393504,1,0,53.2
2026-09-16T20:52:54.420Z,16.6,393644,1,0,52.6
2026-09-16T20:52:59.458Z,16.6,393156,1,0,52.6
2026-09-16T20:53:04.494Z,16.6,393228,1,0,52.6
2026-09-16T20:53:09.532Z,16.6,393244,1,0,52.6
2026-09-16T20:53:14.570Z,16.6,393332,1,0,52.6
2026-09-16T20:53:19.614Z,16.6,393452,1,0,53.2
2026-09-16T20:53:24.667Z,16.6,393580,1,0,52.6
2026-09-16T20:53:29.707Z,16.6,394280,1,0,53.2
2026-09-16T20:53:34.747Z,16.6,394304,1,0,52.6
2026-09-16T20:53:39.786Z,16.6,394304,1,0,52.6
2026-09-16T20:53:44.823Z,16.6,394304,1,0,52.6
2026-09-16T20:53:49.859Z,16.6,394468,1,0,52.6
2026-09-16T20:53:54.898Z,16.6,394556,1,0,52.6
2026-09-16T20:53:59.943Z,16.6,391708,1,0,52.6
2026-09-16T20:54:04.980Z,16.6,391888,1,0,52.6
2026-09-16T20:54:10.017Z,16.6,391888,1,0,52.6
2026-09-16T20:54:15.055Z,16.6,392460,1,0,53.2
2026-09-16T20:54:20.093Z,16.6,392460,1,0,52.6
2026-09-16T20:54:25.132Z,16.6,392508,1,0,52.6
2026-09-16T20:54:30.170Z,16.6,393536,1,0,52.6
2026-09-16T20:54:35.209Z,16.6,393624,1,0,52.6
2026-09-16T20:54:40.246Z,16.6,393788,1,0,52.6
2026-09-16T20:54:45.286Z,16.6,393848,1,0,52.6
2026-09-16T20:54:50.328Z,16.6,393848,1,0,52.6
2026-09-16T20:54:55.366Z,16.6,393856,1,0,52.6
2026-09-16T20:55:00.403Z,16.6,393796,1,0,53.2
2026-09-16T20:55:05.441Z,16.6,393840,1,0,53.2
2026-09-16T20:55:10.479Z,16.6,394012,1,0,53.7
2026-09-16T20:55:15.517Z,16.6,394016,1,0,52.6
2026-09-16T20:55:20.558Z,16.6,394096,1,0,52.6
2026-09-16T20:55:25.595Z,16.6,394280,1,0,53.2
2026-09-16T20:55:30.635Z,16.6,392040,1,0,52.6
2026-09-16T20:55:35.676Z,16.6,392168,1,0,53.2
2026-09-16T20:55:40.713Z,16.6,392168,1,0,52.6
2026-09-16T20:55:45.753Z,16.6,394220,1,0,52.6
2026-09-16T20:55:50.791Z,16.6,394220,1,0,53.2
2026-09-16T20:55:55.827Z,16.6,394220,1,0,52.6
2026-09-16T20:56:00.864Z,16.6,395972,1,0,52.6
2026-09-16T20:56:05.903Z,16.6,395976,1,0,52.6
2026-09-16T20:56:10.939Z,16.6,395984,1,0,52.6
2026-09-16T20:56:15.978Z,16.6,395992,1,0,53.2
2026-09-16T20:56:21.019Z,16.6,395996,1,0,52.6
2026-09-16T20:56:26.056Z,16.6,396044,1,0,52.6
2026-09-16T20:56:31.095Z,16.6,394936,1,0,53.2
2026-09-16T20:56:36.133Z,16.6,394944,1,0,52.6
2026-09-16T20:56:41.172Z,16.6,394944,1,0,52.6
2026-09-16T20:56:46.211Z,16.6,394944,1,0,53.2
2026-09-16T20:56:51.250Z,16.6,395004,1,0,52.6
2026-09-16T20:56:56.286Z,16.6,395068,1,0,53.2
2026-09-16T20:57:01.323Z,16.6,394712,1,0,52.6
2026-09-16T20:57:06.363Z,16.6,394712,1,0,53.2
2026-09-16T20:57:11.400Z,16.6,394760,1,0,52.6
2026-09-16T20:57:16.440Z,16.6,394760,1,0,52.6
2026-09-16T20:57:21.478Z,16.6,395024,1,0,52.6
2026-09-16T20:57:26.517Z,16.6,395024,1,0,52.6
2026-09-16T20:57:31.566Z,16.6,395624,1,0,52.6
2026-09-16T20:57:36.604Z,16.6,395624,1,0,52.6
2026-09-16T20:57:41.643Z,16.6,395640,1,0,52.6
2026-09-16T20:57:46.682Z,16.6,395640,1,0,52.6
2026-09-16T20:57:51.720Z,16.6,395832,1,0,52.6
2026-09-16T20:57:56.762Z,16.6,395916,1,0,52.6
2026-09-16T20:58:01.800Z,16.6,393680,1,0,52.6
2026-09-16T20:58:06.838Z,16.6,393720,1,0,52.6
2026-09-16T20:58:11.885Z,16.6,393792,1,0,53.7
2026-09-16T20:58:16.922Z,16.6,393792,1,0,52.1
2026-09-16T20:58:21.988Z,16.6,394176,1,0,52.6
2026-09-16T20:58:27.028Z,16.6,394176,1,0,53.2
2026-09-16T20:58:32.064Z,16.6,395032,1,0,53.2
2026-09-16T20:58:37.102Z,16.6,395032,1,0,52.6
2026-09-16T20:58:42.139Z,16.6,395240,1,0,52.1
2026-09-16T20:58:47.177Z,16.6,395244,1,0,52.6
2026-09-16T20:58:52.216Z,16.6,395472,1,0,52.6
2026-09-16T20:58:57.255Z,16.6,395472,1,0,52.6
2026-09-16T20:59:02.293Z,16.6,395332,1,0,53.7
2026-09-16T20:59:07.330Z,16.6,395336,1,0,52.6
2026-09-16T20:59:12.370Z,16.6,395508,1,0,52.6
2026-09-16T20:59:17.412Z,16.6,395508,1,0,53.2
2026-09-16T20:59:22.453Z,16.6,395596,1,0,52.6
2026-09-16T20:59:27.492Z,16.6,395676,1,0,52.6
2026-09-16T20:59:32.536Z,16.6,392936,1,0,52.6
2026-09-16T20:59:37.576Z,16.6,392960,1,0,52.6
2026-09-16T20:59:42.614Z,16.6,393148,1,0,52.6
2026-09-16T20:59:47.652Z,16.6,393148,1,0,52.6
2026-09-16T20:59:52.690Z,16.6,393308,1,0,52.6
2026-09-16T20:59:57.729Z,16.6,393308,1,0,52.6
2026-09-16T21:00:02.769Z,16.6,394488,1,0,52.6
2026-09-16T21:00:07.813Z,16.6,394492,1,0,52.6
2026-09-16T21:00:12.863Z,16.6,394492,1,0,52.6
2026-09-16T21:00:17.904Z,16.6,394500,1,0,52.6
2026-09-16T21:00:22.943Z,16.6,394500,1,0,52.6
2026-09-16T21:00:27.986Z,16.6,394532,1,0,52.6
2026-09-16T21:00:33.026Z,16.6,393420,1,0,53.2
2026-09-16T21:00:38.065Z,16.6,393456,1,0,52.6
2026-09-16T21:00:43.103Z,16.6,393456,1,0,52.6
2026-09-16T21:00:48.141Z,16.6,393456,1,0,52.6
2026-09-16T21:00:53.181Z,16.6,393456,1,0,52.6
2026-09-16T21:00:58.220Z,16.6,393496,1,0,52.6
2026-09-16T21:01:03.258Z,16.6,393720,1,0,53.2
2026-09-16T21:01:08.299Z,16.6,393768,1,0,52.6
2026-09-16T21:01:13.338Z,16.6,393788,1,0,52.1
2026-09-16T21:01:18.376Z,16.6,393788,1,0,52.6
2026-09-16T21:01:23.416Z,16.6,394088,1,0,52.6
2026-09-16T21:01:28.456Z,16.6,394088,1,0,52.1
2026-09-16T21:01:33.495Z,16.6,394860,1,0,52.6
2026-09-16T21:01:38.544Z,16.6,394860,1,0,52.6
2026-09-16T21:01:43.582Z,16.6,394876,1,0,52.6
2026-09-16T21:01:48.621Z,16.6,394876,1,0,52.6
2026-09-16T21:01:53.659Z,16.6,395056,1,0,52.6
2026-09-16T21:01:58.699Z,16.6,395192,1,0,52.6
2026-09-16T21:02:03.739Z,16.6,392344,1,0,52.6
2026-09-16T21:02:08.777Z,16.6,392384,1,0,52.6
2026-09-16T21:02:13.824Z,16.6,392384,1,0,52.6
2026-09-16T21:02:18.860Z,16.6,392384,1,0,52.6
2026-09-16T21:02:23.898Z,16.6,392384,1,0,52.6
2026-09-16T21:02:28.936Z,16.6,392384,1,0,52.6
2026-09-16T21:02:33.976Z,16.6,394076,1,0,52.1
2026-09-16T21:02:39.035Z,16.6,394128,1,0,52.6
2026-09-16T21:02:44.072Z,16.6,394292,1,0,52.1
2026-09-16T21:02:49.111Z,16.6,394420,1,0,52.6
2026-09-16T21:02:54.150Z,16.6,394424,1,0,52.6
2026-09-16T21:02:59.189Z,16.6,394456,1,0,52.6
2026-09-16T21:03:04.227Z,16.6,394256,1,0,52.1
2026-09-16T21:03:09.267Z,16.6,394472,1,0,52.6
2026-09-16T21:03:14.305Z,16.6,394476,1,0,52.6
2026-09-16T21:03:19.343Z,16.6,394804,1,0,52.1
2026-09-16T21:03:24.382Z,16.6,394856,1,0,52.6
2026-09-16T21:03:29.421Z,16.6,394924,1,0,52.6
2026-09-16T21:03:34.460Z,16.6,392664,1,0,52.1
2026-09-16T21:03:39.499Z,16.6,392712,1,0,52.1
2026-09-16T21:03:44.538Z,16.6,392724,1,0,52.6
2026-09-16T21:03:49.574Z,16.6,392980,1,0,52.6
2026-09-16T21:03:54.614Z,16.6,392980,1,0,52.1
2026-09-16T21:03:59.652Z,16.6,393180,1,0,52.6
2026-09-16T21:04:04.695Z,16.6,393924,1,0,52.1
2026-09-16T21:04:09.737Z,16.6,394204,1,0,52.6
2026-09-16T21:04:14.782Z,16.6,394212,1,0,52.6
2026-09-16T21:04:19.820Z,16.6,395664,1,0,52.6
2026-09-16T21:04:24.860Z,16.6,395664,1,0,52.1
2026-09-16T21:04:29.899Z,16.6,395848,1,0,52.6
2026-09-16T21:04:34.942Z,16.6,393916,1,0,52.1
2026-09-16T21:04:39.980Z,16.6,393924,1,0,52.6
2026-09-16T21:04:45.021Z,16.6,393924,1,0,52.6
2026-09-16T21:04:50.061Z,16.6,393924,1,0,52.6
2026-09-16T21:04:55.098Z,16.6,393924,1,0,52.6
2026-09-16T21:05:00.137Z,16.6,393948,1,0,52.6
2026-09-16T21:05:05.175Z,16.6,393916,1,0,52.6
2026-09-16T21:05:10.213Z,16.6,393968,1,0,52.6
2026-09-16T21:05:15.251Z,16.6,393972,1,0,52.6
2026-09-16T21:05:20.288Z,16.6,394144,1,0,52.1
2026-09-16T21:05:25.326Z,16.6,394144,1,0,52.6
2026-09-16T21:05:30.365Z,16.6,394156,1,0,52.6
2026-09-16T21:05:35.403Z,16.6,394760,1,0,52.1
2026-09-16T21:05:40.442Z,16.6,394816,1,0,52.1
2026-09-16T21:05:45.478Z,16.6,394816,1,0,52.1
2026-09-16T21:05:50.518Z,16.6,395032,1,0,52.6
2026-09-16T21:05:55.557Z,16.6,395044,1,0,52.6
2026-09-16T21:06:00.594Z,16.6,395128,1,0,52.1
2026-09-16T21:06:05.634Z,16.6,392036,1,0,52.6
2026-09-16T21:06:10.681Z,16.6,392060,1,0,52.6
2026-09-16T21:06:15.721Z,16.6,392060,1,0,52.6
2026-09-16T21:06:20.762Z,16.6,392060,1,0,52.1
2026-09-16T21:06:25.800Z,16.6,392060,1,0,52.1
2026-09-16T21:06:30.836Z,16.6,392060,1,0,52.6
2026-09-16T21:06:35.875Z,16.6,393672,1,0,52.6
2026-09-16T21:06:40.913Z,16.6,393864,1,0,52.6
2026-09-16T21:06:45.953Z,16.6,393864,1,0,52.6
2026-09-16T21:06:50.992Z,16.6,393868,1,0,52.6
2026-09-16T21:06:56.031Z,16.6,393868,1,0,52.1
2026-09-16T21:07:01.070Z,16.6,393868,1,0,52.1
2026-09-16T21:07:06.108Z,16.6,393456,1,0,52.1
2026-09-16T21:07:11.160Z,16.6,393776,1,0,52.6
2026-09-16T21:07:16.197Z,16.6,393776,1,0,52.6
2026-09-16T21:07:21.235Z,16.6,393776,1,0,51.5
2026-09-16T21:07:26.271Z,16.6,393852,1,0,52.6
2026-09-16T21:07:31.311Z,16.6,393920,1,0,52.6
2026-09-16T21:07:36.349Z,16.6,392656,1,0,52.6
2026-09-16T21:07:41.386Z,16.6,392656,1,0,52.1
2026-09-16T21:07:46.430Z,16.6,392744,1,0,52.1
2026-09-16T21:07:51.469Z,16.6,392744,1,0,52.6
2026-09-16T21:07:56.508Z,16.6,392800,1,0,52.6
2026-09-16T21:08:01.546Z,16.6,392968,1,0,52.1
2026-09-16T21:08:06.602Z,16.6,394172,1,0,52.1
2026-09-16T21:08:11.645Z,16.6,394256,1,0,52.6
2026-09-16T21:08:16.685Z,16.6,394352,1,0,52.6
2026-09-16T21:08:21.725Z,16.6,394356,1,0,52.1
2026-09-16T21:08:26.760Z,16.6,394384,1,0,52.6
2026-09-16T21:08:31.798Z,16.6,394580,1,0,52.1
2026-09-16T21:08:36.839Z,16.6,391916,1,0,52.1
2026-09-16T21:08:41.876Z,16.6,391924,1,0,51.5
2026-09-16T21:08:46.914Z,16.6,392072,1,0,52.6
2026-09-16T21:08:51.958Z,16.6,392072,1,0,52.6
2026-09-16T21:08:56.996Z,16.6,392284,1,0,52.1
2026-09-16T21:09:02.052Z,16.6,392284,1,0,52.6
2026-09-16T21:09:07.090Z,16.6,393248,1,0,51.5
2026-09-16T21:09:12.130Z,16.6,393440,1,0,52.6
2026-09-16T21:09:17.167Z,16.6,393496,1,0,52.1
2026-09-16T21:09:22.207Z,16.6,393660,1,0,52.6
2026-09-16T21:09:27.246Z,16.6,393660,1,0,52.1
2026-09-16T21:09:32.283Z,16.6,393660,1,0,52.1
2026-09-16T21:09:37.319Z,16.6,393780,1,0,52.6
2026-09-16T21:09:42.358Z,16.6,394008,1,0,52.1
2026-09-16T21:09:47.397Z,16.6,394280,1,0,52.6
2026-09-16T21:09:52.435Z,16.6,394440,1,0,52.1
2026-09-16T21:09:57.472Z,16.6,396440,1,0,52.1
2026-09-16T21:10:02.510Z,16.6,396448,1,0,52.6
2026-09-16T21:10:07.548Z,16.6,396460,1,0,51.5
2026-09-16T21:10:12.588Z,16.6,393088,1,0,51.5
2026-09-16T21:10:17.624Z,16.6,393088,1,0,52.6
2026-09-16T21:10:22.662Z,16.6,393088,1,0,52.1
2026-09-16T21:10:27.699Z,16.6,393088,1,0,51.5
2026-09-16T21:10:32.736Z,16.6,393088,1,0,52.1
2026-09-16T21:10:37.775Z,16.6,393480,1,0,52.1
2026-09-16T21:10:42.814Z,16.6,394600,1,0,52.6
2026-09-16T21:10:47.857Z,16.6,394600,1,0,52.1
2026-09-16T21:10:52.898Z,16.6,394608,1,0,52.1
2026-09-16T21:10:57.937Z,16.6,394644,1,0,52.1
2026-09-16T21:11:02.976Z,16.6,394644,1,0,52.1
2026-09-16T21:11:08.016Z,16.6,394744,1,0,52.6
2026-09-16T21:11:13.053Z,16.6,393400,1,0,51.5
2026-09-16T21:11:18.093Z,16.6,393576,1,0,52.1
2026-09-16T21:11:23.130Z,16.6,393576,1,0,52.1
2026-09-16T21:11:28.169Z,16.6,393588,1,0,53.2
2026-09-16T21:11:33.207Z,16.6,393624,1,0,52.1
2026-09-16T21:11:38.246Z,16.6,393772,1,0,51.5
2026-09-16T21:11:43.284Z,16.6,393404,1,0,52.1
2026-09-16T21:11:48.329Z,16.6,393476,1,0,52.1
2026-09-16T21:11:53.369Z,16.6,393484,1,0,52.6
2026-09-16T21:11:58.408Z,16.6,393484,1,0,52.1
2026-09-16T21:12:03.446Z,16.6,393648,1,0,52.1
2026-09-16T21:12:08.484Z,16.6,393656,1,0,52.6
2026-09-16T21:12:13.522Z,16.6,394168,1,0,52.1
2026-09-16T21:12:18.562Z,16.6,394168,1,0,51.5
2026-09-16T21:12:23.599Z,16.6,394168,1,0,52.1
2026-09-16T21:12:28.636Z,16.6,394208,1,0,52.1
2026-09-16T21:12:33.674Z,16.6,394416,1,0,52.1
2026-09-16T21:12:38.714Z,16.6,394496,1,0,51.5
2026-09-16T21:12:43.753Z,16.6,392052,1,0,52.6
2026-09-16T21:12:48.790Z,16.6,392056,1,0,52.1
2026-09-16T21:12:53.829Z,16.6,392100,1,0,51.5
2026-09-16T21:12:58.866Z,16.6,392100,1,0,51.5
2026-09-16T21:13:03.903Z,16.6,392132,1,0,52.1
2026-09-16T21:13:08.941Z,16.6,392132,1,0,51.5
2026-09-16T21:13:13.979Z,16.6,393588,1,0,52.6
2026-09-16T21:13:19.018Z,16.6,393588,1,0,51.5
2026-09-16T21:13:24.057Z,16.6,393756,1,0,52.1
2026-09-16T21:13:29.096Z,16.6,393756,1,0,51.5
2026-09-16T21:13:34.142Z,16.6,393812,1,0,52.1
2026-09-16T21:13:39.181Z,16.6,393812,1,0,52.1
2026-09-16T21:13:44.222Z,16.6,393892,1,0,52.6
2026-09-16T21:13:49.261Z,16.6,393896,1,0,52.1
2026-09-16T21:13:54.300Z,16.6,394132,1,0,52.1
2026-09-16T21:13:59.341Z,16.6,394132,1,0,52.1
2026-09-16T21:14:04.378Z,16.6,396388,1,0,52.1
2026-09-16T21:14:09.415Z,16.6,396396,1,0,52.6
2026-09-16T21:14:14.453Z,16.6,394068,1,0,52.1
2026-09-16T21:14:19.492Z,16.6,394068,1,0,52.6
2026-09-16T21:14:24.532Z,16.6,394068,1,0,52.1
2026-09-16T21:14:29.569Z,16.6,394068,1,0,52.6
2026-09-16T21:14:34.605Z,16.6,394068,1,0,52.1
2026-09-16T21:14:39.644Z,16.6,394068,1,0,52.1
2026-09-16T21:14:44.683Z,16.6,395308,1,0,52.6
2026-09-16T21:14:49.721Z,16.6,395308,1,0,52.1
2026-09-16T21:14:54.759Z,16.6,395316,1,0,52.1
2026-09-16T21:14:59.797Z,16.6,395324,1,0,51.5
2026-09-16T21:15:04.836Z,16.6,395344,1,0,52.6
2026-09-16T21:15:09.875Z,16.6,395404,1,0,52.1
2026-09-16T21:15:14.914Z,16.6,393664,1,0,52.1
2026-09-16T21:15:19.953Z,16.6,393676,1,0,51.5
2026-09-16T21:15:24.997Z,16.6,393908,1,0,52.1
2026-09-16T21:15:30.036Z,16.6,393908,1,0,52.1
2026-09-16T21:15:35.075Z,16.6,394012,1,0,51.5
2026-09-16T21:15:40.114Z,16.6,394076,1,0,52.1
2026-09-16T21:15:45.152Z,16.6,393936,1,0,52.1
2026-09-16T21:15:50.192Z,16.6,393936,1,0,52.1
2026-09-16T21:15:55.231Z,16.6,394064,1,0,52.1
2026-09-16T21:16:00.269Z,16.6,394064,1,0,52.1
2026-09-16T21:16:05.309Z,16.6,394284,1,0,52.1
2026-09-16T21:16:10.346Z,16.6,394284,1,0,51.5
2026-09-16T21:16:15.382Z,16.6,395072,1,0,52.1
2026-09-16T21:16:20.420Z,16.6,395072,1,0,52.6
2026-09-16T21:16:25.458Z,16.6,395072,1,0,52.1
2026-09-16T21:16:30.496Z,16.6,395072,1,0,52.1
2026-09-16T21:16:35.536Z,16.6,395284,1,0,52.6
2026-09-16T21:16:40.575Z,16.6,395364,1,0,51.5
2026-09-16T21:16:45.613Z,16.6,393348,1,0,52.1
2026-09-16T21:16:50.650Z,16.6,393356,1,0,52.6
2026-09-16T21:16:55.689Z,16.6,393484,1,0,52.1
2026-09-16T21:17:00.725Z,16.6,393484,1,0,52.1
2026-09-16T21:17:05.763Z,16.6,393500,1,0,52.1
2026-09-16T21:17:10.800Z,16.6,393500,1,0,52.1
2026-09-16T21:17:15.838Z,16.6,393456,1,0,51.5
2026-09-16T21:17:20.881Z,16.6,393456,1,0,52.1
2026-09-16T21:17:25.919Z,16.6,393620,1,0,52.1
2026-09-16T21:17:30.964Z,16.6,393624,1,0,52.6
2026-09-16T21:17:36.006Z,16.6,393644,1,0,51.5
2026-09-16T21:17:41.044Z,16.6,393648,1,0,52.1
2026-09-16T21:17:46.086Z,16.6,393936,1,0,52.1
2026-09-16T21:17:51.132Z,16.6,393984,1,0,52.1
2026-09-16T21:17:56.173Z,16.6,394168,1,0,52.1
2026-09-16T21:18:01.211Z,16.6,394200,1,0,51.5
2026-09-16T21:18:06.251Z,16.6,394240,1,0,52.1
2026-09-16T21:18:11.294Z,16.6,394424,1,0,51.5
2026-09-16T21:18:16.333Z,16.6,392272,1,0,52.1
2026-09-16T21:18:21.371Z,16.6,392612,1,0,52.6
2026-09-16T21:18:26.410Z,16.6,392612,1,0,52.6
2026-09-16T21:18:31.447Z,16.6,392612,1,0,52.1
2026-09-16T21:18:36.486Z,16.6,392612,1,0,52.1
2026-09-16T21:18:41.548Z,16.6,392612,1,0,52.1
2026-09-16T21:18:46.585Z,16.6,393428,1,0,51.5
2026-09-16T21:18:51.623Z,16.6,393428,1,0,51.5
2026-09-16T21:18:56.665Z,16.6,393432,1,0,52.1
2026-09-16T21:19:01.704Z,16.6,393432,1,0,52.6
2026-09-16T21:19:06.748Z,16.6,393436,1,0,52.1
2026-09-16T21:19:11.787Z,16.6,393692,1,0,52.1
2026-09-16T21:19:16.824Z,16.6,392168,1,0,51.5
2026-09-16T21:19:21.861Z,16.6,392212,1,0,52.1
2026-09-16T21:19:26.936Z,16.6,392212,1,0,52.6
2026-09-16T21:19:31.975Z,16.6,392248,1,0,52.1
2026-09-16T21:19:37.013Z,16.6,392248,1,0,52.6
2026-09-16T21:19:42.056Z,16.6,392408,1,0,52.6
2026-09-16T21:19:47.094Z,16.6,393136,1,0,52.1
2026-09-16T21:19:52.135Z,16.6,393188,1,0,52.1
2026-09-16T21:19:57.173Z,16.6,393188,1,0,51.5
2026-09-16T21:20:02.211Z,16.6,393232,1,0,52.1
2026-09-16T21:20:07.249Z,16.6,393392,1,0,52.1
2026-09-16T21:20:12.287Z,16.6,393420,1,0,52.1
2026-09-16T21:20:17.326Z,16.6,394184,1,0,52.1
2026-09-16T21:20:22.364Z,16.6,394196,1,0,52.1
2026-09-16T21:20:27.403Z,16.6,394196,1,0,51.5
2026-09-16T21:20:32.443Z,16.6,394356,1,0,52.1
2026-09-16T21:20:37.482Z,16.6,394384,1,0,52.1
2026-09-16T21:20:42.520Z,16.6,394464,1,0,52.1
2026-09-16T21:20:47.560Z,16.6,392092,1,0,52.6
2026-09-16T21:20:52.598Z,16.6,392148,1,0,52.1
2026-09-16T21:20:57.636Z,16.6,392148,1,0,51.5
2026-09-16T21:21:02.675Z,16.6,393372,1,0,52.1
2026-09-16T21:21:07.714Z,16.6,393372,1,0,52.6
2026-09-16T21:21:12.757Z,16.6,393600,1,0,51.5
2026-09-16T21:21:17.794Z,16.6,393504,1,0,52.1
2026-09-16T21:21:22.833Z,16.6,393520,1,0,52.1
2026-09-16T21:21:27.870Z,16.6,393688,1,0,52.1
2026-09-16T21:21:32.911Z,16.6,393756,1,0,52.1
2026-09-16T21:21:37.949Z,16.6,393768,1,0,51.5
2026-09-16T21:21:42.988Z,16.6,393816,1,0,51.5
2026-09-16T21:21:48.027Z,16.6,393660,1,0,52.1
2026-09-16T21:21:53.064Z,16.6,393932,1,0,52.1
2026-09-16T21:21:58.106Z,16.6,393932,1,0,51.5
2026-09-16T21:22:03.144Z,16.6,393976,1,0,52.1
2026-09-16T21:22:08.184Z,16.6,394044,1,0,52.1
2026-09-16T21:22:13.221Z,16.6,394168,1,0,52.6
2026-09-16T21:22:18.258Z,16.6,391752,1,0,51.5
2026-09-16T21:22:23.295Z,16.6,391940,1,0,52.1
2026-09-16T21:22:28.333Z,16.6,391948,1,0,52.1
2026-09-16T21:22:33.370Z,16.6,392040,1,0,52.6
2026-09-16T21:22:38.411Z,16.6,392040,1,0,52.1
2026-09-16T21:22:43.457Z,16.6,392204,1,0,52.1
2026-09-16T21:22:48.493Z,16.6,393484,1,0,52.1
2026-09-16T21:22:53.545Z,16.6,393492,1,0,51.5
2026-09-16T21:22:58.583Z,16.6,393500,1,0,52.1
2026-09-16T21:23:03.621Z,16.6,393500,1,0,52.1
2026-09-16T21:23:08.658Z,16.6,393500,1,0,52.1
2026-09-16T21:23:13.695Z,16.6,393716,1,0,52.6
2026-09-16T21:23:18.732Z,16.6,392248,1,0,52.6
2026-09-16T21:23:23.769Z,16.6,392280,1,0,52.1
2026-09-16T21:23:28.808Z,16.6,392280,1,0,52.1
2026-09-16T21:23:33.850Z,16.6,392280,1,0,52.1
2026-09-16T21:23:38.888Z,16.6,392280,1,0,52.1
2026-09-16T21:23:43.926Z,16.6,392308,1,0,52.1
2026-09-16T21:23:48.964Z,16.6,393440,1,0,52.6
2026-09-16T21:23:54.008Z,16.6,393488,1,0,52.1
2026-09-16T21:23:59.047Z,16.6,393564,1,0,52.1
2026-09-16T21:24:04.086Z,16.6,393732,1,0,52.1
2026-09-16T21:24:09.124Z,16.6,393780,1,0,52.1
2026-09-16T21:24:14.162Z,16.6,393780,1,0,52.6
2026-09-16T21:24:19.201Z,16.6,394016,1,0,52.1
2026-09-16T21:24:24.239Z,16.6,394016,1,0,52.6
2026-09-16T21:24:29.278Z,16.6,394044,1,0,51.5
2026-09-16T21:24:34.316Z,16.6,394216,1,0,52.6
2026-09-16T21:24:39.366Z,16.6,394260,1,0,52.1
2026-09-16T21:24:44.408Z,16.6,394340,1,0,51.5
2026-09-16T21:24:49.446Z,16.6,392468,1,0,52.1
2026-09-16T21:24:54.484Z,16.6,392488,1,0,52.6
2026-09-16T21:24:59.522Z,16.6,392488,1,0,51.5
2026-09-16T21:25:04.561Z,16.6,392488,1,0,52.6
2026-09-16T21:25:09.601Z,16.6,392720,1,0,52.1
2026-09-16T21:25:14.640Z,16.6,392720,1,0,51.5
2026-09-16T21:25:19.677Z,16.6,393884,1,0,52.1
2026-09-16T21:25:24.714Z,16.6,394044,1,0,52.6
2026-09-16T21:25:29.753Z,16.6,394156,1,0,51.5
2026-09-16T21:25:34.792Z,16.6,394168,1,0,52.6
2026-09-16T21:25:39.832Z,16.6,394188,1,0,52.6
2026-09-16T21:25:44.873Z,16.6,394188,1,0,52.1
2026-09-16T21:25:49.913Z,16.6,393624,1,0,52.1
2026-09-16T21:25:54.953Z,16.6,393836,1,0,52.1
2026-09-16T21:25:59.991Z,16.6,393904,1,0,52.1
2026-09-16T21:26:05.030Z,16.6,393904,1,0,52.1
2026-09-16T21:26:10.069Z,16.6,393988,1,0,52.1
2026-09-16T21:26:15.107Z,16.6,394056,1,0,52.1
2026-09-16T21:26:20.146Z,16.6,393508,1,0,51.5
2026-09-16T21:26:25.185Z,16.6,393532,1,0,51.5
2026-09-16T21:26:30.238Z,16.6,393588,1,0,52.1
2026-09-16T21:26:35.275Z,16.6,393588,1,0,52.1
2026-09-16T21:26:40.319Z,16.6,393656,1,0,52.1
2026-09-16T21:26:45.357Z,16.6,393820,1,0,52.6
2026-09-16T21:26:50.396Z,16.6,394208,1,0,52.1
2026-09-16T21:26:55.435Z,16.6,393912,1,0,52.6
2026-09-16T21:27:00.473Z,16.6,393912,1,0,52.1
2026-09-16T21:27:05.513Z,16.6,393916,1,0,52.6
2026-09-16T21:27:10.553Z,16.6,393916,1,0,52.1
2026-09-16T21:27:15.590Z,16.6,394164,1,0,51.5
2026-09-16T21:27:20.629Z,16.6,392328,1,0,52.1
2026-09-16T21:27:25.668Z,16.6,392356,1,0,52.6
2026-09-16T21:27:30.708Z,16.6,392356,1,0,52.1
2026-09-16T21:27:35.754Z,16.6,392356,1,0,52.1
2026-09-16T21:27:40.791Z,16.6,392356,1,0,52.6
2026-09-16T21:27:45.830Z,16.6,392356,1,0,52.6
2026-09-16T21:27:50.870Z,16.6,393696,1,0,52.1
2026-09-16T21:27:55.909Z,16.6,393592,1,0,52.6
2026-09-16T21:28:00.949Z,16.6,393620,1,0,52.1
2026-09-16T21:28:05.987Z,16.6,393784,1,0,52.1
2026-09-16T21:28:11.033Z,16.6,393808,1,0,52.1
2026-09-16T21:28:16.073Z,16.6,393808,1,0,52.6
2026-09-16T21:28:21.113Z,16.6,394204,1,0,52.1
2026-09-16T21:28:26.155Z,16.6,393876,1,0,52.1
2026-09-16T21:28:31.189Z,16.6,393888,1,0,51.5
2026-09-16T21:28:36.228Z,16.6,394056,1,0,52.1
2026-09-16T21:28:41.272Z,16.6,394056,1,0,52.6
2026-09-16T21:28:46.310Z,16.6,394160,1,0,52.1
2026-09-16T21:28:51.347Z,16.6,392036,1,0,52.6
2026-09-16T21:28:56.387Z,16.6,392672,1,0,52.6
2026-09-16T21:29:01.425Z,16.6,392680,1,0,51.5
2026-09-16T21:29:06.464Z,16.6,392688,1,0,52.6
2026-09-16T21:29:11.505Z,16.6,392688,1,0,52.1
2026-09-16T21:29:16.547Z,16.6,392744,1,0,52.1
2026-09-16T21:29:21.586Z,16.6,393560,1,0,51.5
2026-09-16T21:29:26.622Z,16.6,394176,1,0,52.6
2026-09-16T21:29:31.660Z,16.6,394176,1,0,52.6
2026-09-16T21:29:36.699Z,16.6,394216,1,0,52.1
2026-09-16T21:29:41.739Z,16.6,394220,1,0,52.6
2026-09-16T21:29:46.778Z,16.6,394376,1,0,52.6
2026-09-16T21:29:51.817Z,16.6,393076,1,0,52.1
2026-09-16T21:29:56.856Z,16.6,393288,1,0,52.1
2026-09-16T21:30:01.894Z,16.6,393292,1,0,52.6
2026-09-16T21:30:06.931Z,16.6,393368,1,0,52.1
2026-09-16T21:30:11.972Z,16.6,393392,1,0,52.1
2026-09-16T21:30:17.010Z,16.6,393460,1,0,52.1
2026-09-16T21:30:22.048Z,16.6,392964,1,0,52.6
2026-09-16T21:30:27.087Z,16.6,393016,1,0,52.1
2026-09-16T21:30:32.124Z,16.6,393044,1,0,52.6
2026-09-16T21:30:37.163Z,16.6,393096,1,0,52.1
2026-09-16T21:30:42.201Z,16.6,393096,1,0,51.5
2026-09-16T21:30:47.241Z,16.6,393324,1,0,52.6
2026-09-16T21:30:52.282Z,16.6,394180,1,0,52.1
2026-09-16T21:30:57.320Z,16.6,394296,1,0,52.1
2026-09-16T21:31:02.359Z,16.6,394296,1,0,52.6
2026-09-16T21:31:07.399Z,16.6,394516,1,0,52.6
2026-09-16T21:31:12.439Z,16.6,394516,1,0,52.1
2026-09-16T21:31:17.480Z,16.6,394700,1,0,52.6
2026-09-16T21:31:22.524Z,16.6,392748,1,0,52.6
2026-09-16T21:31:27.571Z,16.6,392748,1,0,52.1
2026-09-16T21:31:32.608Z,16.6,392748,1,0,51.5
2026-09-16T21:31:37.646Z,16.6,392748,1,0,52.6
2026-09-16T21:31:42.685Z,16.6,392748,1,0,52.6
2026-09-16T21:31:47.724Z,16.6,392748,1,0,52.1
2026-09-16T21:31:52.764Z,16.6,392896,1,0,52.1
2026-09-16T21:31:57.806Z,16.6,393712,1,0,52.1
2026-09-16T21:32:02.844Z,16.6,393748,1,0,52.1
2026-09-16T21:32:07.882Z,16.6,393912,1,0,52.1
2026-09-16T21:32:12.920Z,16.6,393916,1,0,52.1
2026-09-16T21:32:17.964Z,16.6,393952,1,0,52.1
2026-09-16T21:32:23.004Z,16.6,393952,1,0,52.6
2026-09-16T21:32:28.041Z,16.6,394008,1,0,52.1
2026-09-16T21:32:33.079Z,16.6,394008,1,0,52.6
2026-09-16T21:32:38.120Z,16.6,394240,1,0,52.1
2026-09-16T21:32:43.160Z,16.6,394240,1,0,52.1
2026-09-16T21:32:48.196Z,16.6,394320,1,0,52.1
2026-09-16T21:32:53.235Z,16.6,392240,1,0,52.1
2026-09-16T21:32:58.274Z,16.6,392384,1,0,52.6
2026-09-16T21:33:03.315Z,16.6,392436,1,0,52.1
2026-09-16T21:33:08.351Z,16.6,392516,1,0,52.6
2026-09-16T21:33:13.387Z,16.6,392516,1,0,52.6
2026-09-16T21:33:18.425Z,16.6,392596,1,0,52.6
2026-09-16T21:33:23.464Z,16.6,392904,1,0,52.6
2026-09-16T21:33:28.502Z,16.6,393152,1,0,52.1
2026-09-16T21:33:33.539Z,16.6,393156,1,0,52.1
2026-09-16T21:33:38.604Z,16.6,393220,1,0,52.6
2026-09-16T21:33:43.643Z,16.6,393220,1,0,52.6
2026-09-16T21:33:48.684Z,16.6,393432,1,0,52.6
2026-09-16T21:33:53.723Z,16.6,392928,1,0,52.1
2026-09-16T21:33:58.762Z,16.6,392988,1,0,52.1
2026-09-16T21:34:03.799Z,16.6,393116,1,0,52.1
2026-09-16T21:34:08.875Z,16.6,393116,1,0,52.6
2026-09-16T21:34:13.916Z,16.6,393180,1,0,52.1
2026-09-16T21:34:18.953Z,16.6,393224,1,0,52.6
2026-09-16T21:34:23.995Z,16.6,393800,1,0,52.6
2026-09-16T21:34:29.034Z,16.6,393096,1,0,52.1
2026-09-16T21:34:34.073Z,16.6,393116,1,0,52.1
2026-09-16T21:34:39.113Z,16.6,393116,1,0,52.6
2026-09-16T21:34:44.150Z,16.6,393148,1,0,52.1
2026-09-16T21:34:49.189Z,16.6,393308,1,0,52.6
2026-09-16T21:34:54.228Z,16.6,394024,1,0,52.6
2026-09-16T21:34:59.282Z,16.6,394324,1,0,52.6
2026-09-16T21:35:04.323Z,16.6,394396,1,0,52.1
2026-09-16T21:35:09.368Z,16.6,394396,1,0,52.6
2026-09-16T21:35:14.407Z,16.6,394568,1,0,52.6
2026-09-16T21:35:19.445Z,16.6,394580,1,0,52.6
2026-09-16T21:35:24.484Z,16.6,392308,1,0,52.1
2026-09-16T21:35:29.522Z,16.6,392336,1,0,52.1
2026-09-16T21:35:34.564Z,16.6,392336,1,0,52.1
2026-09-16T21:35:39.601Z,16.6,392336,1,0,52.6
2026-09-16T21:35:44.640Z,16.6,392336,1,0,53.2
2026-09-16T21:35:49.678Z,16.6,392336,1,0,52.1
2026-09-16T21:35:54.716Z,16.6,393060,1,0,52.1
2026-09-16T21:35:59.753Z,16.6,393392,1,0,52.6
2026-09-16T21:36:04.791Z,16.6,393552,1,0,52.6
2026-09-16T21:36:09.829Z,16.6,393552,1,0,52.6
2026-09-16T21:36:14.866Z,16.6,393552,1,0,52.1
2026-09-16T21:36:19.906Z,16.6,393552,1,0,52.6
2026-09-16T21:36:24.946Z,16.6,393812,1,0,51.5
2026-09-16T21:36:29.983Z,16.6,393804,1,0,52.1
2026-09-16T21:36:35.020Z,16.6,394048,1,0,52.1
2026-09-16T21:36:40.059Z,16.6,394048,1,0,52.1
2026-09-16T21:36:45.097Z,16.6,394148,1,0,52.6
2026-09-16T21:36:50.135Z,16.6,394232,1,0,52.6
2026-09-16T21:36:55.174Z,16.6,392440,1,0,52.1
2026-09-16T21:37:00.214Z,16.6,392440,1,0,52.1
2026-09-16T21:37:05.253Z,16.6,392580,1,0,52.1
2026-09-16T21:37:10.292Z,16.6,392580,1,0,52.1
2026-09-16T21:37:15.330Z,16.6,392672,1,0,52.1
2026-09-16T21:37:20.367Z,16.6,392672,1,0,52.1
2026-09-16T21:37:25.408Z,16.6,393376,1,0,52.1
2026-09-16T21:37:30.447Z,16.6,393544,1,0,52.6
2026-09-16T21:37:35.487Z,16.6,393552,1,0,52.1
2026-09-16T21:37:40.527Z,16.6,393568,1,0,52.1
2026-09-16T21:37:45.565Z,16.6,393576,1,0,52.6
2026-09-16T21:37:50.605Z,16.6,393588,1,0,52.1
2026-09-16T21:37:55.643Z,16.6,392472,1,0,52.1
2026-09-16T21:38:00.682Z,16.6,392484,1,0,52.1
2026-09-16T21:38:05.719Z,16.6,392524,1,0,52.1
2026-09-16T21:38:10.757Z,16.6,392524,1,0,52.1
2026-09-16T21:38:15.797Z,16.6,392728,1,0,52.1
2026-09-16T21:38:20.840Z,16.6,392776,1,0,52.1
2026-09-16T21:38:25.877Z,16.6,393460,1,0,52.1
2026-09-16T21:38:30.915Z,16.6,393380,1,0,52.1
2026-09-16T21:38:35.952Z,16.6,393524,1,0,52.1
2026-09-16T21:38:40.990Z,16.6,393528,1,0,52.1
2026-09-16T21:38:46.029Z,16.6,393768,1,0,52.1
2026-09-16T21:38:51.068Z,16.6,393768,1,0,52.1
2026-09-16T21:38:56.106Z,16.6,394108,1,0,52.6
2026-09-16T21:39:01.145Z,16.6,394268,1,0,52.1
2026-09-16T21:39:06.186Z,16.6,394268,1,0,52.1
2026-09-16T21:39:11.225Z,16.6,394272,1,0,52.1
2026-09-16T21:39:16.278Z,16.6,394520,1,0,52.6
2026-09-16T21:39:21.320Z,16.6,394524,1,0,52.6
2026-09-16T21:39:26.374Z,16.6,391976,1,0,52.1
2026-09-16T21:39:31.412Z,16.6,392224,1,0,52.1
2026-09-16T21:39:36.450Z,16.6,392224,1,0,51.5
2026-09-16T21:39:41.492Z,16.6,394324,1,0,52.1
2026-09-16T21:39:46.530Z,16.6,394324,1,0,52.1
2026-09-16T21:39:51.569Z,16.6,394324,1,0,52.6
2026-09-16T21:39:56.610Z,16.6,394324,1,0,51.5
2026-09-16T21:40:01.648Z,16.6,395300,1,0,52.1
2026-09-16T21:40:06.687Z,16.6,395460,1,0,52.1
2026-09-16T21:40:11.726Z,16.6,395460,1,0,52.1
2026-09-16T21:40:16.765Z,16.6,395460,1,0,51.5
2026-09-16T21:40:21.804Z,16.6,395464,1,0,52.1
2026-09-16T21:40:26.840Z,16.6,395464,1,0,52.6
2026-09-16T21:40:31.878Z,16.6,395804,1,0,52.1
2026-09-16T21:40:36.915Z,16.6,395992,1,0,52.6
2026-09-16T21:40:41.954Z,16.6,395992,1,0,52.1
2026-09-16T21:40:46.993Z,16.6,395992,1,0,52.1
2026-09-16T21:40:52.032Z,16.6,396108,1,0,51.5
2026-09-16T21:40:57.068Z,16.6,396172,1,0,52.1
2026-09-16T21:41:02.107Z,16.6,394020,1,0,52.6
2026-09-16T21:41:07.146Z,16.6,394044,1,0,52.1
2026-09-16T21:41:12.185Z,16.6,394148,1,0,51.5
2026-09-16T21:41:17.224Z,16.6,394148,1,0,52.6
2026-09-16T21:41:22.262Z,16.6,394300,1,0,52.6
2026-09-16T21:41:27.301Z,16.6,394460,1,0,51.5
2026-09-16T21:41:32.339Z,16.6,395108,1,0,52.1
2026-09-16T21:41:37.376Z,16.6,395112,1,0,52.6
2026-09-16T21:41:42.414Z,16.6,395160,1,0,51.5
2026-09-16T21:41:47.452Z,16.6,395160,1,0,52.1
2026-09-16T21:41:52.490Z,16.6,395164,1,0,52.1
2026-09-16T21:41:57.528Z,16.6,395428,1,0,52.1
2026-09-16T21:42:02.565Z,16.6,393580,1,0,52.1
2026-09-16T21:42:07.605Z,16.6,393584,1,0,52.1
2026-09-16T21:42:12.643Z,16.6,393732,1,0,51.5
2026-09-16T21:42:17.683Z,16.6,393732,1,0,51.5
2026-09-16T21:42:22.730Z,16.6,394116,1,0,52.1
2026-09-16T21:42:27.771Z,16.6,394168,1,0,52.1
2026-09-16T21:42:32.809Z,16.6,394096,1,0,52.1
2026-09-16T21:42:37.849Z,16.6,394144,1,0,52.1
2026-09-16T21:42:42.886Z,16.6,394232,1,0,52.1
2026-09-16T21:42:47.927Z,16.6,394392,1,0,51.5
2026-09-16T21:42:52.967Z,16.6,394392,1,0,52.6
2026-09-16T21:42:58.005Z,16.6,394392,1,0,52.1
2026-09-16T21:43:03.042Z,16.6,394496,1,0,52.1
2026-09-16T21:43:08.081Z,16.6,394496,1,0,52.1
2026-09-16T21:43:13.119Z,16.6,394496,1,0,51.5
2026-09-16T21:43:18.159Z,16.6,394664,1,0,52.6
2026-09-16T21:43:23.199Z,16.6,394740,1,0,52.1
2026-09-16T21:43:28.237Z,16.6,394824,1,0,52.6
2026-09-16T21:43:33.276Z,16.6,392908,1,0,52.1
2026-09-16T21:43:38.319Z,16.6,392924,1,0,51.5
2026-09-16T21:43:43.358Z,16.6,393732,1,0,52.1
2026-09-16T21:43:48.395Z,16.6,393732,1,0,52.1
2026-09-16T21:43:53.431Z,16.6,393796,1,0,52.1
2026-09-16T21:43:58.469Z,16.6,393796,1,0,51.5
2026-09-16T21:44:03.509Z,16.6,393992,1,0,51.5
2026-09-16T21:44:08.546Z,16.6,394160,1,0,52.1
2026-09-16T21:44:13.586Z,16.6,394160,1,0,52.1
2026-09-16T21:44:18.624Z,16.6,394160,1,0,51.5
2026-09-16T21:44:23.665Z,16.6,394160,1,0,52.1
2026-09-16T21:44:28.704Z,16.6,394160,1,0,52.1
2026-09-16T21:44:33.745Z,16.6,393736,1,0,51.5
2026-09-16T21:44:38.783Z,16.6,393928,1,0,52.1
2026-09-16T21:44:43.821Z,16.6,393928,1,0,51.5
2026-09-16T21:44:48.859Z,16.6,393928,1,0,52.1
2026-09-16T21:44:53.895Z,16.6,393980,1,0,51.5
2026-09-16T21:44:58.937Z,16.6,394044,1,0,52.1
2026-09-16T21:45:03.976Z,16.6,393696,1,0,52.1
2026-09-16T21:45:09.014Z,16.6,393752,1,0,52.1
2026-09-16T21:45:14.053Z,16.6,393768,1,0,52.6
2026-09-16T21:45:19.089Z,16.6,393788,1,0,51.5
2026-09-16T21:45:24.134Z,16.6,393788,1,0,51.5
2026-09-16T21:45:29.172Z,16.6,393968,1,0,51.5
2026-09-16T21:45:34.212Z,16.6,393968,1,0,52.1
2026-09-16T21:45:39.251Z,16.6,394004,1,0,52.6
2026-09-16T21:45:44.291Z,16.6,394004,1,0,52.1
2026-09-16T21:45:49.328Z,16.6,394052,1,0,52.1
2026-09-16T21:45:54.366Z,16.6,394052,1,0,52.1
2026-09-16T21:45:59.403Z,16.6,394336,1,0,52.1
2026-09-16T21:46:04.443Z,16.6,392276,1,0,52.1
2026-09-16T21:46:09.483Z,16.6,392384,1,0,52.1
2026-09-16T21:46:14.520Z,16.6,392384,1,0,51.5
2026-09-16T21:46:19.559Z,16.6,392624,1,0,52.6
2026-09-16T21:46:24.597Z,16.6,392624,1,0,52.1
2026-09-16T21:46:29.637Z,16.6,392688,1,0,52.1
2026-09-16T21:46:34.675Z,16.6,393632,1,0,51.5
2026-09-16T21:46:39.713Z,16.6,393644,1,0,51.5
2026-09-16T21:46:44.755Z,16.6,393684,1,0,52.1
2026-09-16T21:46:49.798Z,16.6,393908,1,0,52.6
2026-09-16T21:46:54.837Z,16.6,393908,1,0,52.1
2026-09-16T21:46:59.874Z,16.6,394016,1,0,52.1
2026-09-16T21:47:04.915Z,16.6,394092,1,0,52.1
2026-09-16T21:47:09.954Z,16.6,394096,1,0,52.1
2026-09-16T21:47:14.993Z,16.6,394256,1,0,52.1
2026-09-16T21:47:20.030Z,16.6,394260,1,0,52.1
2026-09-16T21:47:25.070Z,16.6,394264,1,0,52.6
2026-09-16T21:47:30.108Z,16.6,394344,1,0,51.5
2026-09-16T21:47:35.147Z,16.6,392108,1,0,51.5
2026-09-16T21:47:40.185Z,16.6,392824,1,0,52.1
2026-09-16T21:47:45.225Z,16.6,392836,1,0,52.1
2026-09-16T21:47:50.266Z,16.6,393016,1,0,52.1
2026-09-16T21:47:55.303Z,16.6,393016,1,0,52.1
2026-09-16T21:48:00.347Z,16.6,393312,1,0,51.5
2026-09-16T21:48:05.385Z,16.6,394300,1,0,52.1
2026-09-16T21:48:10.425Z,16.6,394080,1,0,52.1
2026-09-16T21:48:15.463Z,16.6,394088,1,0,52.6
2026-09-16T21:48:20.501Z,16.6,394088,1,0,52.1
2026-09-16T21:48:25.540Z,16.6,394096,1,0,51.5
2026-09-16T21:48:30.580Z,16.6,394112,1,0,51.5
2026-09-16T21:48:35.619Z,16.6,393408,1,0,52.1
2026-09-16T21:48:40.659Z,16.6,393416,1,0,52.1
2026-09-16T21:48:45.698Z,16.6,393416,1,0,51.5
2026-09-16T21:48:50.759Z,16.6,393416,1,0,52.1
2026-09-16T21:48:55.799Z,16.6,393452,1,0,52.1
2026-09-16T21:49:00.838Z,16.6,393516,1,0,52.1
2026-09-16T21:49:05.876Z,16.6,393180,1,0,52.1
2026-09-16T21:49:10.915Z,16.6,393252,1,0,52.1
2026-09-16T21:49:15.955Z,16.6,393264,1,0,52.1
2026-09-16T21:49:20.993Z,16.6,393300,1,0,52.1
2026-09-16T21:49:26.037Z,16.6,393464,1,0,52.1
2026-09-16T21:49:31.076Z,16.6,393516,1,0,51.5
2026-09-16T21:49:36.116Z,16.6,394204,1,0,52.6
2026-09-16T21:49:41.155Z,16.6,394240,1,0,52.1
2026-09-16T21:49:46.194Z,16.6,394240,1,0,52.1
2026-09-16T21:49:51.230Z,16.6,394264,1,0,52.1
2026-09-16T21:49:56.269Z,16.6,394452,1,0,52.1
2026-09-16T21:50:01.306Z,16.6,394536,1,0,52.1
2026-09-16T21:50:06.345Z,16.6,391952,1,0,52.1
2026-09-16T21:50:11.382Z,16.6,391980,1,0,52.1
2026-09-16T21:50:16.419Z,16.6,392520,1,0,52.1
2026-09-16T21:50:21.456Z,16.6,392520,1,0,52.1
2026-09-16T21:50:26.498Z,16.6,392528,1,0,52.1
2026-09-16T21:50:31.537Z,16.6,392528,1,0,51.5
2026-09-16T21:50:36.575Z,16.6,393560,1,0,52.1
2026-09-16T21:50:41.614Z,16.6,393584,1,0,52.1
2026-09-16T21:50:46.650Z,16.6,393804,1,0,52.1
2026-09-16T21:50:51.688Z,16.6,393808,1,0,52.6
2026-09-16T21:50:56.728Z,16.6,393928,1,0,52.1
2026-09-16T21:51:01.765Z,16.6,393928,1,0,52.1
2026-09-16T21:51:06.802Z,16.6,393712,1,0,52.1
2026-09-16T21:51:11.841Z,16.6,393712,1,0,52.6
2026-09-16T21:51:16.878Z,16.6,393968,1,0,52.1
2026-09-16T21:51:21.917Z,16.6,393968,1,0,52.1
2026-09-16T21:51:26.956Z,16.6,394088,1,0,52.1
2026-09-16T21:51:31.994Z,16.6,394168,1,0,53.2
2026-09-16T21:51:37.034Z,16.6,392128,1,0,52.1
2026-09-16T21:51:42.071Z,16.6,392128,1,0,52.1
2026-09-16T21:51:47.109Z,16.6,392184,1,0,52.1
2026-09-16T21:51:52.147Z,16.6,392184,1,0,52.1
2026-09-16T21:51:57.185Z,16.6,392324,1,0,52.1
2026-09-16T21:52:02.224Z,16.6,392324,1,0,52.1
2026-09-16T21:52:07.262Z,16.6,393336,1,0,52.1
2026-09-16T21:52:12.302Z,16.6,393336,1,0,52.1
2026-09-16T21:52:17.341Z,16.6,393656,1,0,52.1
2026-09-16T21:52:22.381Z,16.6,393656,1,0,52.1
2026-09-16T21:52:27.421Z,16.6,393656,1,0,52.1
2026-09-16T21:52:32.461Z,16.6,393656,1,0,52.1
2026-09-16T21:52:37.499Z,16.6,392868,1,0,52.1
2026-09-16T21:52:42.536Z,16.6,392876,1,0,52.6
2026-09-16T21:52:47.574Z,16.6,392876,1,0,52.1
2026-09-16T21:52:52.612Z,16.6,392876,1,0,52.1
2026-09-16T21:52:57.650Z,16.6,392888,1,0,52.1
2026-09-16T21:53:02.688Z,16.6,392952,1,0,52.1
2026-09-16T21:53:07.726Z,16.6,393040,1,0,51.5
2026-09-16T21:53:12.766Z,16.6,393040,1,0,52.1
2026-09-16T21:53:17.805Z,16.6,393052,1,0,52.1
2026-09-16T21:53:22.844Z,16.6,393052,1,0,52.1
2026-09-16T21:53:27.883Z,16.6,393296,1,0,51.5
2026-09-16T21:53:32.923Z,16.6,393296,1,0,52.1
2026-09-16T21:53:37.961Z,16.6,394240,1,0,52.6
2026-09-16T21:53:42.998Z,16.6,394240,1,0,52.1
2026-09-16T21:53:48.036Z,16.6,394272,1,0,52.1
2026-09-16T21:53:53.074Z,16.6,394272,1,0,52.6
2026-09-16T21:53:58.113Z,16.6,394476,1,0,51.5
2026-09-16T21:54:03.153Z,16.6,394552,1,0,51.5
2026-09-16T21:54:08.191Z,16.6,392900,1,0,52.6
2026-09-16T21:54:13.230Z,16.6,392912,1,0,52.1
2026-09-16T21:54:18.272Z,16.6,393020,1,0,52.1
2026-09-16T21:54:23.313Z,16.6,393020,1,0,52.6
2026-09-16T21:54:28.349Z,16.6,393104,1,0,52.1
2026-09-16T21:54:33.393Z,16.6,393104,1,0,52.1
2026-09-16T21:54:38.431Z,16.6,393384,1,0,52.1
2026-09-16T21:54:43.470Z,16.6,393444,1,0,52.1
2026-09-16T21:54:48.508Z,16.6,393608,1,0,52.1
2026-09-16T21:54:53.547Z,16.6,393608,1,0,52.1
2026-09-16T21:54:58.586Z,16.6,393844,1,0,52.1
2026-09-16T21:55:03.627Z,16.6,393844,1,0,51.5
2026-09-16T21:55:08.665Z,16.6,394272,1,0,52.1
2026-09-16T21:55:13.703Z,16.6,394172,1,0,51.5
2026-09-16T21:55:18.741Z,16.6,394340,1,0,52.6
2026-09-16T21:55:23.780Z,16.6,394388,1,0,52.1
2026-09-16T21:55:28.820Z,16.6,394428,1,0,52.1
2026-09-16T21:55:33.859Z,16.6,394544,1,0,52.1
2026-09-16T21:55:38.896Z,16.6,392220,1,0,52.6
2026-09-16T21:55:43.935Z,16.6,392468,1,0,52.1
2026-09-16T21:55:48.975Z,16.6,392480,1,0,52.1
2026-09-16T21:55:54.019Z,16.6,392536,1,0,52.1
2026-09-16T21:55:59.057Z,16.6,392536,1,0,52.6
2026-09-16T21:56:04.096Z,16.6,392836,1,0,52.1
2026-09-16T21:56:09.140Z,16.6,393472,1,0,52.6
2026-09-16T21:56:14.178Z,16.6,393456,1,0,52.1
2026-09-16T21:56:19.218Z,16.6,393456,1,0,52.1
2026-09-16T21:56:24.261Z,16.6,393460,1,0,52.1
2026-09-16T21:56:29.298Z,16.6,393464,1,0,51.5
2026-09-16T21:56:34.339Z,16.6,393468,1,0,52.1
2026-09-16T21:56:39.377Z,16.6,392112,1,0,52.1
2026-09-16T21:56:44.416Z,16.6,392140,1,0,52.1
2026-09-16T21:56:49.455Z,16.6,392140,1,0,51.5
2026-09-16T21:56:54.493Z,16.6,392188,1,0,52.6
2026-09-16T21:56:59.531Z,16.6,392188,1,0,52.1
2026-09-16T21:57:04.569Z,16.6,392296,1,0,51.5
2026-09-16T21:57:09.608Z,16.6,392936,1,0,52.1
2026-09-16T21:57:14.646Z,16.6,393456,1,0,52.6
2026-09-16T21:57:19.685Z,16.6,393488,1,0,51.5
2026-09-16T21:57:24.724Z,16.6,393504,1,0,52.1
2026-09-16T21:57:29.763Z,16.6,393664,1,0,51.5
2026-09-16T21:57:34.803Z,16.6,393700,1,0,52.1
2026-09-16T21:57:39.841Z,16.6,393752,1,0,52.1
2026-09-16T21:57:44.880Z,16.6,394056,1,0,52.1
2026-09-16T21:57:49.925Z,16.6,394056,1,0,52.1
2026-09-16T21:57:54.964Z,16.6,394084,1,0,52.1
2026-09-16T21:58:00.003Z,16.6,394256,1,0,52.6
2026-09-16T21:58:05.044Z,16.6,394336,1,0,52.1
2026-09-16T21:58:10.084Z,16.6,391948,1,0,52.1
2026-09-16T21:58:15.122Z,16.6,392112,1,0,52.1
2026-09-16T21:58:20.162Z,16.6,392136,1,0,51.5
2026-09-16T21:58:25.200Z,16.6,392264,1,0,52.1
2026-09-16T21:58:30.237Z,16.6,392264,1,0,52.1
2026-09-16T21:58:35.277Z,16.6,392320,1,0,52.1
2026-09-16T21:58:40.315Z,16.6,392624,1,0,52.6
2026-09-16T21:58:45.354Z,16.6,393516,1,0,51.5
2026-09-16T21:58:50.393Z,16.6,393680,1,0,51.5
2026-09-16T21:58:55.437Z,16.6,393816,1,0,52.1
2026-09-16T21:59:00.476Z,16.6,393832,1,0,52.1
2026-09-16T21:59:05.513Z,16.6,393832,1,0,52.1
2026-09-16T21:59:10.551Z,16.6,393876,1,0,52.1
2026-09-16T21:59:15.590Z,16.6,393484,1,0,52.1
2026-09-16T21:59:20.645Z,16.6,393672,1,0,51.5
2026-09-16T21:59:25.684Z,16.6,393692,1,0,51.5
2026-09-16T21:59:30.722Z,16.6,393728,1,0,51.5
2026-09-16T21:59:35.761Z,16.6,393876,1,0,52.6
2026-09-16T21:59:40.799Z,16.6,393940,1,0,52.1
2026-09-16T21:59:45.838Z,16.6,392248,1,0,52.1
2026-09-16T21:59:50.878Z,16.6,392248,1,0,52.1
2026-09-16T21:59:55.918Z,16.6,392460,1,0,52.1
2026-09-16T22:00:00.957Z,16.6,392460,1,0,52.1
2026-09-16T22:00:05.999Z,16.6,394648,1,0,52.1
2026-09-16T22:00:11.037Z,16.6,395648,1,0,52.1
2026-09-16T22:00:16.077Z,16.6,394860,1,0,52.1
2026-09-16T22:00:21.114Z,16.6,394860,1,0,51.5
2026-09-16T22:00:26.153Z,16.6,394864,1,0,51.5
2026-09-16T22:00:31.192Z,16.6,394868,1,0,52.1
2026-09-16T22:00:36.231Z,16.6,395048,1,0,52.1
2026-09-16T22:00:41.282Z,16.6,393068,1,0,52.6
2026-09-16T22:00:46.327Z,16.6,393088,1,0,51.5
2026-09-16T22:00:51.375Z,16.6,393088,1,0,52.1
2026-09-16T22:00:56.415Z,16.6,393088,1,0,52.6
2026-09-16T22:01:01.452Z,16.6,393088,1,0,52.1
2026-09-16T22:01:06.491Z,16.6,393092,1,0,52.1
2026-09-16T22:01:11.531Z,16.6,394292,1,0,52.1
2026-09-16T22:01:16.569Z,16.6,394084,1,0,51.5
2026-09-16T22:01:21.607Z,16.6,394136,1,0,51.5
2026-09-16T22:01:26.645Z,16.6,394136,1,0,52.1
2026-09-16T22:01:31.683Z,16.6,394324,1,0,52.1
2026-09-16T22:01:36.727Z,16.6,394324,1,0,52.1
2026-09-16T22:01:41.770Z,16.6,394664,1,0,52.1
2026-09-16T22:01:46.809Z,16.6,394944,1,0,52.6
2026-09-16T22:01:51.848Z,16.6,394976,1,0,51.5
2026-09-16T22:01:56.887Z,16.6,395144,1,0,51.5
2026-09-16T22:02:01.927Z,16.6,395164,1,0,51.5
2026-09-16T22:02:06.964Z,16.6,395248,1,0,52.1
2026-09-16T22:02:12.009Z,16.6,392892,1,0,52.1
2026-09-16T22:02:17.048Z,16.6,392932,1,0,52.1
2026-09-16T22:02:22.086Z,16.6,393192,1,0,52.6
2026-09-16T22:02:27.126Z,16.6,393192,1,0,52.1
2026-09-16T22:02:32.163Z,16.6,393200,1,0,52.6
2026-09-16T22:02:37.200Z,16.6,393200,1,0,52.1
2026-09-16T22:02:42.245Z,16.6,393728,1,0,51.5
2026-09-16T22:02:47.282Z,16.6,394540,1,0,52.1
2026-09-16T22:02:52.322Z,16.6,394620,1,0,52.1
2026-09-16T22:02:57.363Z,16.6,394624,1,0,51.5
2026-09-16T22:03:02.399Z,16.6,394908,1,0,52.6
2026-09-16T22:03:07.438Z,16.6,394908,1,0,51.5
2026-09-16T22:03:12.477Z,16.6,394976,1,0,52.1
2026-09-16T22:03:17.516Z,16.6,394200,1,0,51.5
2026-09-16T22:03:22.555Z,16.6,394220,1,0,52.1
2026-09-16T22:03:27.596Z,16.6,394220,1,0,52.1
2026-09-16T22:03:32.635Z,16.6,394284,1,0,52.1
2026-09-16T22:03:37.673Z,16.6,394348,1,0,52.1
2026-09-16T22:03:42.713Z,16.6,394416,1,0,51.5
2026-09-16T22:03:47.751Z,16.6,392988,1,0,51.5
2026-09-16T22:03:52.789Z,16.6,393184,1,0,51.5
2026-09-16T22:03:57.832Z,16.6,393184,1,0,52.6
2026-09-16T22:04:02.870Z,16.6,393232,1,0,52.6
2026-09-16T22:04:07.909Z,16.6,393400,1,0,52.6
2026-09-16T22:04:12.949Z,16.6,393736,1,0,52.1
2026-09-16T22:04:17.990Z,16.6,393764,1,0,52.1
2026-09-16T22:04:23.029Z,16.6,396024,1,0,52.1
2026-09-16T22:04:28.068Z,16.6,396024,1,0,52.1
2026-09-16T22:04:33.108Z,16.6,396024,1,0,51.5
2026-09-16T22:04:38.147Z,16.6,396200,1,0,52.1
2026-09-16T22:04:43.185Z,16.6,394212,1,0,52.1
2026-09-16T22:04:48.225Z,16.6,394212,1,0,52.6
2026-09-16T22:04:53.263Z,16.6,394212,1,0,52.1
2026-09-16T22:04:58.300Z,16.6,394212,1,0,52.1
2026-09-16T22:05:03.340Z,16.6,394212,1,0,51.5
2026-09-16T22:05:08.379Z,16.6,394212,1,0,52.1
2026-09-16T22:05:13.418Z,16.6,394548,1,0,52.1
2026-09-16T22:05:18.455Z,16.6,394732,1,0,52.1
2026-09-16T22:05:23.509Z,16.6,394772,1,0,52.6
2026-09-16T22:05:28.547Z,16.6,394936,1,0,51.5
2026-09-16T22:05:33.589Z,16.6,394960,1,0,52.1
2026-09-16T22:05:38.629Z,16.6,394960,1,0,52.1
2026-09-16T22:05:43.670Z,16.6,395008,1,0,52.1
2026-09-16T22:05:48.709Z,16.6,395308,1,0,52.6
2026-09-16T22:05:53.749Z,16.6,395404,1,0,52.1
2026-09-16T22:05:58.788Z,16.6,395576,1,0,52.6
2026-09-16T22:06:03.834Z,16.6,395576,1,0,51.5
2026-09-16T22:06:08.873Z,16.6,395700,1,0,51.5
2026-09-16T22:06:13.911Z,16.6,393020,1,0,52.6
2026-09-16T22:06:18.952Z,16.6,393100,1,0,52.1
2026-09-16T22:06:23.990Z,16.6,393100,1,0,52.1
2026-09-16T22:06:29.028Z,16.6,393160,1,0,52.1
2026-09-16T22:06:34.069Z,16.6,393160,1,0,52.1
2026-09-16T22:06:39.109Z,16.6,393164,1,0,52.1
2026-09-16T22:06:44.146Z,16.6,393760,1,0,51.5
2026-09-16T22:06:49.185Z,16.6,394604,1,0,52.1
2026-09-16T22:06:54.224Z,16.6,394604,1,0,51.5
2026-09-16T22:06:59.263Z,16.6,394632,1,0,52.1
2026-09-16T22:07:04.303Z,16.6,394632,1,0,52.1
2026-09-16T22:07:09.341Z,16.6,394656,1,0,52.1
2026-09-16T22:07:14.379Z,16.6,394732,1,0,52.6
2026-09-16T22:07:19.419Z,16.6,394228,1,0,52.1
2026-09-16T22:07:24.458Z,16.6,394244,1,0,51.5
2026-09-16T22:07:29.496Z,16.6,394336,1,0,52.1
2026-09-16T22:07:34.533Z,16.6,394344,1,0,52.1
2026-09-16T22:07:39.573Z,16.6,394428,1,0,51.5
2026-09-16T22:07:44.612Z,16.6,394528,1,0,51.5
2026-09-16T22:07:49.650Z,16.6,393792,1,0,51.5
2026-09-16T22:07:54.689Z,16.6,393816,1,0,52.1
2026-09-16T22:07:59.728Z,16.6,393816,1,0,52.1
2026-09-16T22:08:04.766Z,16.6,393816,1,0,51.5
2026-09-16T22:08:09.804Z,16.6,394080,1,0,52.6
2026-09-16T22:08:14.841Z,16.6,394384,1,0,51.5
2026-09-16T22:08:19.880Z,16.6,394792,1,0,52.6
2026-09-16T22:08:24.918Z,16.6,394792,1,0,52.1
2026-09-16T22:08:29.960Z,16.6,394792,1,0,52.1
2026-09-16T22:08:34.998Z,16.6,394792,1,0,52.1
2026-09-16T22:08:40.036Z,16.6,396604,1,0,52.1
2026-09-16T22:08:45.074Z,16.6,393568,1,0,52.1
2026-09-16T22:08:50.114Z,16.6,393568,1,0,51.5
2026-09-16T22:08:55.153Z,16.6,393568,1,0,52.1
2026-09-16T22:09:00.191Z,16.6,393568,1,0,52.1
2026-09-16T22:09:05.229Z,16.6,393568,1,0,51.5
2026-09-16T22:09:10.269Z,16.6,393568,1,0,52.1
2026-09-16T22:09:15.308Z,16.6,394228,1,0,52.1
2026-09-16T22:09:20.344Z,16.6,394984,1,0,51.5
2026-09-16T22:09:25.388Z,16.6,395004,1,0,52.1
2026-09-16T22:09:30.427Z,16.6,395184,1,0,51.5
2026-09-16T22:09:35.465Z,16.6,395188,1,0,52.1
2026-09-16T22:09:40.505Z,16.6,395204,1,0,52.1
2026-09-16T22:09:45.545Z,16.6,395204,1,0,52.1
2026-09-16T22:09:50.584Z,16.6,395412,1,0,52.1
2026-09-16T22:09:55.623Z,16.6,395412,1,0,51.5
2026-09-16T22:10:00.663Z,16.6,395636,1,0,52.1
2026-09-16T22:10:05.700Z,16.6,395636,1,0,52.1
2026-09-16T22:10:10.741Z,16.6,395744,1,0,51.5
2026-09-16T22:10:15.779Z,16.6,393204,1,0,52.1
2026-09-16T22:10:20.818Z,16.6,393336,1,0,52.6
2026-09-16T22:10:25.855Z,16.6,393348,1,0,52.1
2026-09-16T22:10:30.892Z,16.6,393448,1,0,52.1
2026-09-16T22:10:35.931Z,16.6,393448,1,0,52.1
2026-09-16T22:10:40.971Z,16.6,393644,1,0,52.1
2026-09-16T22:10:46.011Z,16.6,394352,1,0,51.5
2026-09-16T22:10:51.056Z,16.6,394784,1,0,52.1
2026-09-16T22:10:56.098Z,16.6,394784,1,0,52.1
2026-09-16T22:11:01.144Z,16.6,394804,1,0,52.1
2026-09-16T22:11:06.182Z,16.6,394808,1,0,51.5
2026-09-16T22:11:11.221Z,16.6,395072,1,0,51.5
2026-09-16T22:11:16.260Z,16.6,395124,1,0,52.1
2026-09-16T22:11:21.298Z,16.6,393624,1,0,51.5
2026-09-16T22:11:26.336Z,16.6,393676,1,0,52.1
2026-09-16T22:11:31.374Z,16.6,393676,1,0,51.5
2026-09-16T22:11:36.414Z,16.6,393856,1,0,51.5
2026-09-16T22:11:41.453Z,16.6,393920,1,0,51.5
2026-09-16T22:11:46.491Z,16.6,394448,1,0,52.1
2026-09-16T22:11:51.530Z,16.6,393312,1,0,51.5
2026-09-16T22:11:56.567Z,16.6,393376,1,0,51.5
2026-09-16T22:12:01.610Z,16.6,393376,1,0,51.5
2026-09-16T22:12:06.649Z,16.6,393456,1,0,51.5
2026-09-16T22:12:11.690Z,16.6,393616,1,0,51.5
2026-09-16T22:12:16.731Z,16.6,394052,1,0,52.1
2026-09-16T22:12:21.776Z,16.6,394916,1,0,52.1
2026-09-16T22:12:26.814Z,16.6,394916,1,0,52.1
2026-09-16T22:12:31.854Z,16.6,394916,1,0,51.5
2026-09-16T22:12:36.896Z,16.6,394916,1,0,52.1
2026-09-16T22:12:41.933Z,16.6,395132,1,0,52.1
2026-09-16T22:12:46.973Z,16.6,395252,1,0,52.6
2026-09-16T22:12:52.014Z,16.6,392828,1,0,52.1
2026-09-16T22:12:57.053Z,16.6,394584,1,0,52.1
2026-09-16T22:13:02.091Z,16.6,394584,1,0,52.1
2026-09-16T22:13:07.131Z,16.6,394584,1,0,51.5
2026-09-16T22:13:12.169Z,16.6,394584,1,0,51.5
2026-09-16T22:13:17.207Z,16.6,394612,1,0,52.1
2026-09-16T22:13:22.247Z,16.6,395376,1,0,52.1
2026-09-16T22:13:27.283Z,16.6,395376,1,0,51.5
2026-09-16T22:13:32.321Z,16.6,395540,1,0,52.6
2026-09-16T22:13:37.362Z,16.6,395548,1,0,52.1
2026-09-16T22:13:42.400Z,16.6,395548,1,0,52.1
2026-09-16T22:13:47.438Z,16.6,395548,1,0,52.1
2026-09-16T22:13:52.477Z,16.6,395680,1,0,51.5
2026-09-16T22:13:57.515Z,16.6,395716,1,0,51.5
2026-09-16T22:14:02.554Z,16.6,395884,1,0,52.6
2026-09-16T22:14:07.593Z,16.6,395896,1,0,51.5
2026-09-16T22:14:12.636Z,16.6,395980,1,0,51.5
2026-09-16T22:14:17.679Z,16.6,396080,1,0,52.1
2026-09-16T22:14:22.717Z,16.6,393348,1,0,52.1
2026-09-16T22:14:27.755Z,16.6,393484,1,0,52.1
2026-09-16T22:14:32.794Z,16.6,393484,1,0,52.1
2026-09-16T22:14:37.832Z,16.6,393584,1,0,51.5
2026-09-16T22:14:42.876Z,16.6,393584,1,0,51.5
2026-09-16T22:14:47.915Z,16.6,393688,1,0,51.5
2026-09-16T22:14:52.961Z,16.6,394600,1,0,52.1
2026-09-16T22:14:58.000Z,16.6,394640,1,0,52.1
2026-09-16T22:15:03.040Z,16.6,394648,1,0,51.5
2026-09-16T22:15:08.078Z,16.6,394648,1,0,51.5
2026-09-16T22:15:13.121Z,16.6,394648,1,0,52.6
2026-09-16T22:15:18.160Z,16.6,394900,1,0,52.1
2026-09-16T22:15:23.198Z,16.6,393444,1,0,52.6
2026-09-16T22:15:28.237Z,16.6,393828,1,0,52.1
2026-09-16T22:15:33.275Z,16.6,393828,1,0,51.5
2026-09-16T22:15:38.315Z,16.6,394040,1,0,52.1
2026-09-16T22:15:43.355Z,16.6,394072,1,0,52.6
2026-09-16T22:15:48.393Z,16.6,394224,1,0,51.5
2026-09-16T22:15:53.433Z,16.6,393656,1,0,51.5
2026-09-16T22:15:58.471Z,16.6,393968,1,0,51.5
2026-09-16T22:16:03.509Z,16.6,393968,1,0,51.5
2026-09-16T22:16:08.546Z,16.6,394112,1,0,51.5
2026-09-16T22:16:13.585Z,16.6,394272,1,0,52.1
2026-09-16T22:16:18.623Z,16.6,394344,1,0,52.1
2026-09-16T22:16:23.661Z,16.6,394752,1,0,52.1
2026-09-16T22:16:28.699Z,16.6,394756,1,0,51.5
