### KIRPILMIS LOG — ilk 2000 ve son 2000 satir
### Tam boyut: 3282969 satir

path :/home/kadir/mqtt-fuzzing/builds/nanomq-asan/build/nanomq/nanomq
Set new conf path from env: (null)
Config file is not specified, using default config file: /home/kadir/mqtt-fuzzing/builds/nanomq-asan/build/nanomq/nanomq.conf
2026-09-16 01:03:26 [1345533] ERROR /home/kadir/mqtt-fuzzing/builds/nanomq-asan/nng/src/supplemental/nanolib/conf_ver2.c:2080 conf_parse_ver2: Configure file [/home/kadir/mqtt-fuzzing/builds/nanomq-asan/build/nanomq/nanomq.conf] or [/etc/nanomq.conf] not found or unreadable
NanoMQ Broker is started successfully!
2026-09-16 01:03:41 [1345540] WARN  /home/kadir/mqtt-fuzzing/builds/nanomq-asan/nng/src/sp/protocol/mqtt/mqtt_parser.c:1359 nano_msg_notify: test online!
2026-09-16 01:03:41 [1345546] ERROR /home/kadir/mqtt-fuzzing/builds/nanomq-asan/nng/src/sp/transport/mqtt/broker_tcp.c:845 tcptran_pipe_recv_cb: Invalid subscribe packet!
2026-09-16 01:03:41 [1345546] WARN  /home/kadir/mqtt-fuzzing/builds/nanomq-asan/nng/src/sp/transport/mqtt/broker_tcp.c:895 tcptran_pipe_recv_cb: tcptran_pipe_recv_cb: recv_error rv: 130

2026-09-16 01:03:41 [1345543] ERROR /home/kadir/mqtt-fuzzing/builds/nanomq-asan/nng/src/core/pipe.c:484 nni_pipe_set_pid: Client ID collision or set ID failed!
2026-09-16 01:03:41 [1345545] WARN  /home/kadir/mqtt-fuzzing/builds/nanomq-asan/nng/src/sp/protocol/mqtt/mqtt_parser.c:1363 nano_msg_notify: test offline!
2026-09-16 01:03:41 [1345543] WARN  /home/kadir/mqtt-fuzzing/builds/nanomq-asan/nng/src/sp/protocol/mqtt/mqtt_parser.c:1359 nano_msg_notify: test online!
2026-09-16 01:03:41 [1345542] ERROR /home/kadir/mqtt-fuzzing/builds/nanomq-asan/nng/src/sp/transport/mqtt/broker_tcp.c:845 tcptran_pipe_recv_cb: Invalid subscribe packet!
2026-09-16 01:03:41 [1345542] WARN  /home/kadir/mqtt-fuzzing/builds/nanomq-asan/nng/src/sp/transport/mqtt/broker_tcp.c:895 tcptran_pipe_recv_cb: tcptran_pipe_recv_cb: recv_error rv: 130

2026-09-16 01:03:41 [1345541] WARN  /home/kadir/mqtt-fuzzing/builds/nanomq-asan/nng/src/sp/protocol/mqtt/mqtt_parser.c:1363 nano_msg_notify: test offline!
2026-09-16 01:03:41 [1345542] ERROR /home/kadir/mqtt-fuzzing/builds/nanomq-asan/nng/src/core/pipe.c:484 nni_pipe_set_pid: Client ID collision or set ID failed!
2026-09-16 01:03:41 [1345542] WARN  /home/kadir/mqtt-fuzzing/builds/nanomq-asan/nng/src/sp/protocol/mqtt/mqtt_parser.c:1359 nano_msg_notify: test online!
2026-09-16 01:03:41 [1345544] ERROR /home/kadir/mqtt-fuzzing/builds/nanomq-asan/nng/src/sp/transport/mqtt/broker_tcp.c:845 tcptran_pipe_recv_cb: Invalid subscribe packet!
2026-09-16 01:03:41 [1345544] WARN  /home/kadir/mqtt-fuzzing/builds/nanomq-asan/nng/src/sp/transport/mqtt/broker_tcp.c:895 tcptran_pipe_recv_cb: tcptran_pipe_recv_cb: recv_error rv: 130

2026-09-16 01:03:41 [1345544] WARN  /home/kadir/mqtt-fuzzing/builds/nanomq-asan/nng/src/sp/protocol/mqtt/mqtt_parser.c:1363 nano_msg_notify: test offline!
2026-09-16 01:03:41 [1345541] WARN  /home/kadir/mqtt-fuzzing/builds/nanomq-asan/nng/src/sp/protocol/mqtt/mqtt_parser.c:1359 nano_msg_notify: test online!
2026-09-16 01:03:41 [1345545] WARN  /home/kadir/mqtt-fuzzing/builds/nanomq-asan/nng/src/sp/transport/mqtt/broker_tcp.c:628 tcptran_pipe_recv_cb: nni aio recv error!! Connection shutdown

2026-09-16 01:03:41 [1345545] WARN  /home/kadir/mqtt-fuzzing/builds/nanomq-asan/nng/src/sp/transport/mqtt/broker_tcp.c:895 tcptran_pipe_recv_cb: tcptran_pipe_recv_cb: recv_error rv: 139

2026-09-16 01:03:41 [1345545] WARN  /home/kadir/mqtt-fuzzing/builds/nanomq-asan/nng/src/sp/protocol/mqtt/mqtt_parser.c:1363 nano_msg_notify: test offline!
2026-09-16 01:03:41 [1345541] WARN  /home/kadir/mqtt-fuzzing/builds/nanomq-asan/nng/src/sp/protocol/mqtt/mqtt_parser.c:1359 nano_msg_notify: test online!
2026-09-16 01:03:41 [1345539] WARN  /home/kadir/mqtt-fuzzing/builds/nanomq-asan/nng/src/sp/transport/mqtt/broker_tcp.c:628 tcptran_pipe_recv_cb: nni aio recv error!! Connection shutdown

2026-09-16 01:03:41 [1345539] WARN  /home/kadir/mqtt-fuzzing/builds/nanomq-asan/nng/src/sp/transport/mqtt/broker_tcp.c:895 tcptran_pipe_recv_cb: tcptran_pipe_recv_cb: recv_error rv: 139

2026-09-16 01:03:41 [1345545] WARN  /home/kadir/mqtt-fuzzing/builds/nanomq-asan/nng/src/sp/protocol/mqtt/mqtt_parser.c:1363 nano_msg_notify: test offline!
2026-09-16 01:03:41 [1345543] WARN  /home/kadir/mqtt-fuzzing/builds/nanomq-asan/nng/src/sp/protocol/mqtt/mqtt_parser.c:1359 nano_msg_notify: test online!
2026-09-16 01:03:41 [1345546] ERROR /home/kadir/mqtt-fuzzing/builds/nanomq-asan/nng/src/sp/transport/mqtt/broker_tcp.c:845 tcptran_pipe_recv_cb: Invalid subscribe packet!
2026-09-16 01:03:41 [1345546] WARN  /home/kadir/mqtt-fuzzing/builds/nanomq-asan/nng/src/sp/transport/mqtt/broker_tcp.c:895 tcptran_pipe_recv_cb: tcptran_pipe_recv_cb: recv_error rv: 130

2026-09-16 01:03:41 [1345540] WARN  /home/kadir/mqtt-fuzzing/builds/nanomq-asan/nng/src/sp/protocol/mqtt/mqtt_parser.c:1363 nano_msg_notify: test offline!
2026-09-16 01:03:41 [1345546] WARN  /home/kadir/mqtt-fuzzing/builds/nanomq-asan/nng/src/sp/protocol/mqtt/mqtt_parser.c:1359 nano_msg_notify: test online!
2026-09-16 01:03:41 [1345539] ERROR /home/kadir/mqtt-fuzzing/builds/nanomq-asan/nng/src/sp/transport/mqtt/broker_tcp.c:845 tcptran_pipe_recv_cb: Invalid subscribe packet!
2026-09-16 01:03:41 [1345539] WARN  /home/kadir/mqtt-fuzzing/builds/nanomq-asan/nng/src/sp/transport/mqtt/broker_tcp.c:895 tcptran_pipe_recv_cb: tcptran_pipe_recv_cb: recv_error rv: 130

2026-09-16 01:03:41 [1345541] WARN  /home/kadir/mqtt-fuzzing/builds/nanomq-asan/nng/src/sp/protocol/mqtt/mqtt_parser.c:1363 nano_msg_notify: test offline!
2026-09-16 01:03:41 [1345543] WARN  /home/kadir/mqtt-fuzzing/builds/nanomq-asan/nng/src/sp/protocol/mqtt/mqtt_parser.c:1359 nano_msg_notify: test online!
2026-09-16 01:03:41 [1345544] ERROR /home/kadir/mqtt-fuzzing/builds/nanomq-asan/nng/src/sp/transport/mqtt/broker_tcp.c:845 tcptran_pipe_recv_cb: Invalid subscribe packet!
2026-09-16 01:03:41 [1345544] WARN  /home/kadir/mqtt-fuzzing/builds/nanomq-asan/nng/src/sp/transport/mqtt/broker_tcp.c:895 tcptran_pipe_recv_cb: tcptran_pipe_recv_cb: recv_error rv: 130

2026-09-16 01:03:41 [1345539] WARN  /home/kadir/mqtt-fuzzing/builds/nanomq-asan/nng/src/sp/protocol/mqtt/mqtt_parser.c:1363 nano_msg_notify: test offline!
2026-09-16 01:03:41 [1345541] WARN  /home/kadir/mqtt-fuzzing/builds/nanomq-asan/nng/src/sp/protocol/mqtt/mqtt_parser.c:1359 nano_msg_notify: test online!
2026-09-16 01:03:41 [1345542] ERROR /home/kadir/mqtt-fuzzing/builds/nanomq-asan/nng/src/sp/transport/mqtt/broker_tcp.c:845 tcptran_pipe_recv_cb: Invalid subscribe packet!
2026-09-16 01:03:41 [1345542] WARN  /home/kadir/mqtt-fuzzing/builds/nanomq-asan/nng/src/sp/transport/mqtt/broker_tcp.c:895 tcptran_pipe_recv_cb: tcptran_pipe_recv_cb: recv_error rv: 130

2026-09-16 01:03:41 [1345543] WARN  /home/kadir/mqtt-fuzzing/builds/nanomq-asan/nng/src/sp/protocol/mqtt/mqtt_parser.c:1363 nano_msg_notify: test offline!
2026-09-16 01:03:41 [1345541] WARN  /home/kadir/mqtt-fuzzing/builds/nanomq-asan/nng/src/sp/protocol/mqtt/mqtt_parser.c:1359 nano_msg_notify: test online!
2026-09-16 01:03:41 [1345542] ERROR /home/kadir/mqtt-fuzzing/builds/nanomq-asan/nng/src/sp/transport/mqtt/broker_tcp.c:845 tcptran_pipe_recv_cb: Invalid subscribe packet!
2026-09-16 01:03:41 [1345542] WARN  /home/kadir/mqtt-fuzzing/builds/nanomq-asan/nng/src/sp/transport/mqtt/broker_tcp.c:895 tcptran_pipe_recv_cb: tcptran_pipe_recv_cb: recv_error rv: 130

2026-09-16 01:03:41 [1345546] WARN  /home/kadir/mqtt-fuzzing/builds/nanomq-asan/nng/src/sp/protocol/mqtt/mqtt_parser.c:1363 nano_msg_notify: test offline!
2026-09-16 01:03:41 [1345541] WARN  /home/kadir/mqtt-fuzzing/builds/nanomq-asan/nng/src/sp/protocol/mqtt/mqtt_parser.c:1359 nano_msg_notify: test online!
2026-09-16 01:03:41 [1345545] WARN  /home/kadir/mqtt-fuzzing/builds/nanomq-asan/nng/src/sp/transport/mqtt/broker_tcp.c:628 tcptran_pipe_recv_cb: nni aio recv error!! Connection shutdown

2026-09-16 01:03:41 [1345545] WARN  /home/kadir/mqtt-fuzzing/builds/nanomq-asan/nng/src/sp/transport/mqtt/broker_tcp.c:895 tcptran_pipe_recv_cb: tcptran_pipe_recv_cb: recv_error rv: 139

2026-09-16 01:03:41 [1345544] WARN  /home/kadir/mqtt-fuzzing/builds/nanomq-asan/nng/src/sp/protocol/mqtt/mqtt_parser.c:1363 nano_msg_notify: test offline!
2026-09-16 01:03:41 [1345545] WARN  /home/kadir/mqtt-fuzzing/builds/nanomq-asan/nng/src/sp/protocol/mqtt/mqtt_parser.c:1359 nano_msg_notify: test online!
2026-09-16 01:03:41 [1345544] ERROR /home/kadir/mqtt-fuzzing/builds/nanomq-asan/nng/src/sp/transport/mqtt/broker_tcp.c:845 tcptran_pipe_recv_cb: Invalid subscribe packet!
2026-09-16 01:03:41 [1345544] WARN  /home/kadir/mqtt-fuzzing/builds/nanomq-asan/nng/src/sp/transport/mqtt/broker_tcp.c:895 tcptran_pipe_recv_cb: tcptran_pipe_recv_cb: recv_error rv: 130

2026-09-16 01:03:41 [1345542] WARN  /home/kadir/mqtt-fuzzing/builds/nanomq-asan/nng/src/sp/protocol/mqtt/mqtt_parser.c:1363 nano_msg_notify: test offline!
2026-09-16 01:03:41 [1345540] WARN  /home/kadir/mqtt-fuzzing/builds/nanomq-asan/nng/src/sp/protocol/mqtt/mqtt_parser.c:1359 nano_msg_notify: test online!
2026-09-16 01:03:41 [1345546] WARN  /home/kadir/mqtt-fuzzing/builds/nanomq-asan/nng/src/sp/transport/mqtt/broker_tcp.c:628 tcptran_pipe_recv_cb: nni aio recv error!! Connection shutdown

2026-09-16 01:03:41 [1345546] WARN  /home/kadir/mqtt-fuzzing/builds/nanomq-asan/nng/src/sp/transport/mqtt/broker_tcp.c:895 tcptran_pipe_recv_cb: tcptran_pipe_recv_cb: recv_error rv: 139

2026-09-16 01:03:41 [1345545] WARN  /home/kadir/mqtt-fuzzing/builds/nanomq-asan/nng/src/sp/protocol/mqtt/mqtt_parser.c:1363 nano_msg_notify: test offline!
2026-09-16 01:03:41 [1345542] WARN  /home/kadir/mqtt-fuzzing/builds/nanomq-asan/nng/src/sp/protocol/mqtt/mqtt_parser.c:1359 nano_msg_notify: test online!
2026-09-16 01:03:41 [1345546] ERROR /home/kadir/mqtt-fuzzing/builds/nanomq-asan/nng/src/sp/transport/mqtt/broker_tcp.c:845 tcptran_pipe_recv_cb: Invalid subscribe packet!
2026-09-16 01:03:41 [1345546] WARN  /home/kadir/mqtt-fuzzing/builds/nanomq-asan/nng/src/sp/transport/mqtt/broker_tcp.c:895 tcptran_pipe_recv_cb: tcptran_pipe_recv_cb: recv_error rv: 130

2026-09-16 01:03:41 [1345540] WARN  /home/kadir/mqtt-fuzzing/builds/nanomq-asan/nng/src/sp/protocol/mqtt/mqtt_parser.c:1363 nano_msg_notify: test offline!
2026-09-16 01:03:41 [1345539] WARN  /home/kadir/mqtt-fuzzing/builds/nanomq-asan/nng/src/sp/protocol/mqtt/mqtt_parser.c:1359 nano_msg_notify: test online!
2026-09-16 01:03:41 [1345545] ERROR /home/kadir/mqtt-fuzzing/builds/nanomq-asan/nng/src/sp/transport/mqtt/broker_tcp.c:845 tcptran_pipe_recv_cb: Invalid subscribe packet!
2026-09-16 01:03:41 [1345545] WARN  /home/kadir/mqtt-fuzzing/builds/nanomq-asan/nng/src/sp/transport/mqtt/broker_tcp.c:895 tcptran_pipe_recv_cb: tcptran_pipe_recv_cb: recv_error rv: 130

2026-09-16 01:03:41 [1345546] WARN  /home/kadir/mqtt-fuzzing/builds/nanomq-asan/nng/src/sp/protocol/mqtt/mqtt_parser.c:1363 nano_msg_notify: test offline!
2026-09-16 01:03:41 [1345539] WARN  /home/kadir/mqtt-fuzzing/builds/nanomq-asan/nng/src/sp/protocol/mqtt/mqtt_parser.c:1359 nano_msg_notify: test online!
2026-09-16 01:03:41 [1345545] ERROR /home/kadir/mqtt-fuzzing/builds/nanomq-asan/nng/src/sp/transport/mqtt/broker_tcp.c:845 tcptran_pipe_recv_cb: Invalid subscribe packet!
2026-09-16 01:03:41 [1345545] WARN  /home/kadir/mqtt-fuzzing/builds/nanomq-asan/nng/src/sp/transport/mqtt/broker_tcp.c:895 tcptran_pipe_recv_cb: tcptran_pipe_recv_cb: recv_error rv: 130

2026-09-16 01:03:41 [1345543] WARN  /home/kadir/mqtt-fuzzing/builds/nanomq-asan/nng/src/sp/protocol/mqtt/mqtt_parser.c:1363 nano_msg_notify: test offline!
2026-09-16 01:03:41 [1345541] ERROR /home/kadir/mqtt-fuzzing/builds/nanomq-asan/nng/src/sp/transport/mqtt/broker_tcp.c:845 tcptran_pipe_recv_cb: Invalid subscribe packet!
2026-09-16 01:03:41 [1345541] WARN  /home/kadir/mqtt-fuzzing/builds/nanomq-asan/nng/src/sp/transport/mqtt/broker_tcp.c:895 tcptran_pipe_recv_cb: tcptran_pipe_recv_cb: recv_error rv: 130

2026-09-16 01:03:41 [1345539] WARN  /home/kadir/mqtt-fuzzing/builds/nanomq-asan/nng/src/sp/protocol/mqtt/mqtt_parser.c:1359 nano_msg_notify: test online!
2026-09-16 01:03:41 [1345542] WARN  /home/kadir/mqtt-fuzzing/builds/nanomq-asan/nng/src/sp/protocol/mqtt/mqtt_parser.c:1363 nano_msg_notify: test offline!
2026-09-16 01:03:41 [1345542] ERROR /home/kadir/mqtt-fuzzing/builds/nanomq-asan/nng/src/sp/transport/mqtt/broker_tcp.c:845 tcptran_pipe_recv_cb: Invalid subscribe packet!
2026-09-16 01:03:41 [1345541] WARN  /home/kadir/mqtt-fuzzing/builds/nanomq-asan/nng/src/sp/protocol/mqtt/mqtt_parser.c:1359 nano_msg_notify: test online!
2026-09-16 01:03:41 [1345542] WARN  /home/kadir/mqtt-fuzzing/builds/nanomq-asan/nng/src/sp/transport/mqtt/broker_tcp.c:895 tcptran_pipe_recv_cb: tcptran_pipe_recv_cb: recv_error rv: 130

2026-09-16 01:03:41 [1345545] WARN  /home/kadir/mqtt-fuzzing/builds/nanomq-asan/nng/src/sp/protocol/mqtt/mqtt_parser.c:1363 nano_msg_notify: test offline!
2026-09-16 01:03:41 [1345542] WARN  /home/kadir/mqtt-fuzzing/builds/nanomq-asan/nng/src/sp/protocol/mqtt/mqtt_parser.c:1359 nano_msg_notify: test online!
2026-09-16 01:03:41 [1345539] ERROR /home/kadir/mqtt-fuzzing/builds/nanomq-asan/nng/src/sp/transport/mqtt/broker_tcp.c:845 tcptran_pipe_recv_cb: Invalid subscribe packet!
2026-09-16 01:03:41 [1345539] WARN  /home/kadir/mqtt-fuzzing/builds/nanomq-asan/nng/src/sp/transport/mqtt/broker_tcp.c:895 tcptran_pipe_recv_cb: tcptran_pipe_recv_cb: recv_error rv: 130

2026-09-16 01:03:41 [1345546] WARN  /home/kadir/mqtt-fuzzing/builds/nanomq-asan/nng/src/sp/protocol/mqtt/mqtt_parser.c:1363 nano_msg_notify: test offline!
2026-09-16 01:03:41 [1345539] WARN  /home/kadir/mqtt-fuzzing/builds/nanomq-asan/nng/src/sp/protocol/mqtt/mqtt_parser.c:1359 nano_msg_notify: test online!
2026-09-16 01:03:41 [1345544] ERROR /home/kadir/mqtt-fuzzing/builds/nanomq-asan/nng/src/sp/transport/mqtt/broker_tcp.c:845 tcptran_pipe_recv_cb: Invalid subscribe packet!
2026-09-16 01:03:41 [1345544] WARN  /home/kadir/mqtt-fuzzing/builds/nanomq-asan/nng/src/sp/transport/mqtt/broker_tcp.c:895 tcptran_pipe_recv_cb: tcptran_pipe_recv_cb: recv_error rv: 130

2026-09-16 01:03:41 [1345541] WARN  /home/kadir/mqtt-fuzzing/builds/nanomq-asan/nng/src/sp/protocol/mqtt/mqtt_parser.c:1363 nano_msg_notify: test offline!
2026-09-16 01:03:41 [1345545] ERROR /home/kadir/mqtt-fuzzing/builds/nanomq-asan/nng/src/sp/transport/mqtt/broker_tcp.c:845 tcptran_pipe_recv_cb: Invalid subscribe packet!
2026-09-16 01:03:41 [1345539] WARN  /home/kadir/mqtt-fuzzing/builds/nanomq-asan/nng/src/sp/protocol/mqtt/mqtt_parser.c:1359 nano_msg_notify: test online!
2026-09-16 01:03:41 [1345545] WARN  /home/kadir/mqtt-fuzzing/builds/nanomq-asan/nng/src/sp/transport/mqtt/broker_tcp.c:895 tcptran_pipe_recv_cb: tcptran_pipe_recv_cb: recv_error rv: 130

2026-09-16 01:03:41 [1345543] WARN  /home/kadir/mqtt-fuzzing/builds/nanomq-asan/nng/src/sp/protocol/mqtt/mqtt_parser.c:1363 nano_msg_notify: test offline!
2026-09-16 01:03:41 [1345545] WARN  /home/kadir/mqtt-fuzzing/builds/nanomq-asan/nng/src/sp/protocol/mqtt/mqtt_parser.c:1359 nano_msg_notify: test online!
2026-09-16 01:03:41 [1345544] WARN  /home/kadir/mqtt-fuzzing/builds/nanomq-asan/nng/src/sp/transport/mqtt/broker_tcp.c:662 tcptran_pipe_recv_cb: MALFORMED_PACKET received.
2026-09-16 01:03:41 [1345544] WARN  /home/kadir/mqtt-fuzzing/builds/nanomq-asan/nng/src/sp/transport/mqtt/broker_tcp.c:895 tcptran_pipe_recv_cb: tcptran_pipe_recv_cb: recv_error rv: 17

2026-09-16 01:03:41 [1345540] WARN  /home/kadir/mqtt-fuzzing/builds/nanomq-asan/nng/src/sp/protocol/mqtt/mqtt_parser.c:1363 nano_msg_notify: test offline!
2026-09-16 01:03:41 [1345543] WARN  /home/kadir/mqtt-fuzzing/builds/nanomq-asan/nng/src/sp/protocol/mqtt/mqtt_parser.c:1359 nano_msg_notify: test online!
2026-09-16 01:03:41 [1345545] ERROR /home/kadir/mqtt-fuzzing/builds/nanomq-asan/nng/src/sp/transport/mqtt/broker_tcp.c:845 tcptran_pipe_recv_cb: Invalid subscribe packet!
2026-09-16 01:03:41 [1345545] WARN  /home/kadir/mqtt-fuzzing/builds/nanomq-asan/nng/src/sp/transport/mqtt/broker_tcp.c:895 tcptran_pipe_recv_cb: tcptran_pipe_recv_cb: recv_error rv: 130

2026-09-16 01:03:41 [1345544] WARN  /home/kadir/mqtt-fuzzing/builds/nanomq-asan/nng/src/sp/protocol/mqtt/mqtt_parser.c:1363 nano_msg_notify: test offline!
2026-09-16 01:03:41 [1345543] WARN  /home/kadir/mqtt-fuzzing/builds/nanomq-asan/nng/src/sp/protocol/mqtt/mqtt_parser.c:1359 nano_msg_notify: test online!
2026-09-16 01:03:41 [1345540] ERROR /home/kadir/mqtt-fuzzing/builds/nanomq-asan/nng/src/sp/transport/mqtt/broker_tcp.c:845 tcptran_pipe_recv_cb: Invalid subscribe packet!
2026-09-16 01:03:41 [1345540] WARN  /home/kadir/mqtt-fuzzing/builds/nanomq-asan/nng/src/sp/transport/mqtt/broker_tcp.c:895 tcptran_pipe_recv_cb: tcptran_pipe_recv_cb: recv_error rv: 130

2026-09-16 01:03:41 [1345541] WARN  /home/kadir/mqtt-fuzzing/builds/nanomq-asan/nng/src/sp/protocol/mqtt/mqtt_parser.c:1363 nano_msg_notify: test offline!
2026-09-16 01:03:41 [1345543] WARN  /home/kadir/mqtt-fuzzing/builds/nanomq-asan/nng/src/sp/protocol/mqtt/mqtt_parser.c:1359 nano_msg_notify: test online!
2026-09-16 01:03:41 [1345541] ERROR /home/kadir/mqtt-fuzzing/builds/nanomq-asan/nng/src/sp/transport/mqtt/broker_tcp.c:845 tcptran_pipe_recv_cb: Invalid subscribe packet!
2026-09-16 01:03:41 [1345541] WARN  /home/kadir/mqtt-fuzzing/builds/nanomq-asan/nng/src/sp/transport/mqtt/broker_tcp.c:895 tcptran_pipe_recv_cb: tcptran_pipe_recv_cb: recv_error rv: 130

2026-09-16 01:03:41 [1345545] WARN  /home/kadir/mqtt-fuzzing/builds/nanomq-asan/nng/src/sp/protocol/mqtt/mqtt_parser.c:1363 nano_msg_notify: test offline!
2026-09-16 01:03:41 [1345541] WARN  /home/kadir/mqtt-fuzzing/builds/nanomq-asan/nng/src/sp/protocol/mqtt/mqtt_parser.c:1359 nano_msg_notify: test online!
2026-09-16 01:03:41 [1345545] ERROR /home/kadir/mqtt-fuzzing/builds/nanomq-asan/nng/src/sp/transport/mqtt/broker_tcp.c:845 tcptran_pipe_recv_cb: Invalid subscribe packet!
2026-09-16 01:03:41 [1345545] WARN  /home/kadir/mqtt-fuzzing/builds/nanomq-asan/nng/src/sp/transport/mqtt/broker_tcp.c:895 tcptran_pipe_recv_cb: tcptran_pipe_recv_cb: recv_error rv: 130

2026-09-16 01:03:41 [1345546] WARN  /home/kadir/mqtt-fuzzing/builds/nanomq-asan/nng/src/sp/protocol/mqtt/mqtt_parser.c:1363 nano_msg_notify: test offline!
2026-09-16 01:03:41 [1345539] WARN  /home/kadir/mqtt-fuzzing/builds/nanomq-asan/nng/src/sp/protocol/mqtt/mqtt_parser.c:1359 nano_msg_notify: test online!
2026-09-16 01:03:41 [1345543] ERROR /home/kadir/mqtt-fuzzing/builds/nanomq-asan/nng/src/sp/transport/mqtt/broker_tcp.c:845 tcptran_pipe_recv_cb: Invalid subscribe packet!
2026-09-16 01:03:41 [1345543] WARN  /home/kadir/mqtt-fuzzing/builds/nanomq-asan/nng/src/sp/transport/mqtt/broker_tcp.c:895 tcptran_pipe_recv_cb: tcptran_pipe_recv_cb: recv_error rv: 130

2026-09-16 01:03:41 [1345544] WARN  /home/kadir/mqtt-fuzzing/builds/nanomq-asan/nng/src/sp/protocol/mqtt/mqtt_parser.c:1363 nano_msg_notify: test offline!
2026-09-16 01:03:41 [1345539] WARN  /home/kadir/mqtt-fuzzing/builds/nanomq-asan/nng/src/sp/protocol/mqtt/mqtt_parser.c:1359 nano_msg_notify: test online!
2026-09-16 01:03:41 [1345546] ERROR /home/kadir/mqtt-fuzzing/builds/nanomq-asan/nng/src/sp/transport/mqtt/broker_tcp.c:845 tcptran_pipe_recv_cb: Invalid subscribe packet!
2026-09-16 01:03:41 [1345546] WARN  /home/kadir/mqtt-fuzzing/builds/nanomq-asan/nng/src/sp/transport/mqtt/broker_tcp.c:895 tcptran_pipe_recv_cb: tcptran_pipe_recv_cb: recv_error rv: 130

2026-09-16 01:03:41 [1345545] WARN  /home/kadir/mqtt-fuzzing/builds/nanomq-asan/nng/src/sp/protocol/mqtt/mqtt_parser.c:1363 nano_msg_notify: test offline!
2026-09-16 01:03:41 [1345546] WARN  /home/kadir/mqtt-fuzzing/builds/nanomq-asan/nng/src/sp/protocol/mqtt/mqtt_parser.c:1359 nano_msg_notify: test online!
2026-09-16 01:03:41 [1345545] ERROR /home/kadir/mqtt-fuzzing/builds/nanomq-asan/nng/src/sp/transport/mqtt/broker_tcp.c:845 tcptran_pipe_recv_cb: Invalid subscribe packet!
2026-09-16 01:03:41 [1345545] WARN  /home/kadir/mqtt-fuzzing/builds/nanomq-asan/nng/src/sp/transport/mqtt/broker_tcp.c:895 tcptran_pipe_recv_cb: tcptran_pipe_recv_cb: recv_error rv: 130

2026-09-16 01:03:41 [1345542] WARN  /home/kadir/mqtt-fuzzing/builds/nanomq-asan/nng/src/sp/protocol/mqtt/mqtt_parser.c:1363 nano_msg_notify: test offline!
2026-09-16 01:03:41 [1345545] ERROR /home/kadir/mqtt-fuzzing/builds/nanomq-asan/nng/src/sp/transport/mqtt/broker_tcp.c:845 tcptran_pipe_recv_cb: Invalid subscribe packet!
2026-09-16 01:03:41 [1345545] WARN  /home/kadir/mqtt-fuzzing/builds/nanomq-asan/nng/src/sp/transport/mqtt/broker_tcp.c:895 tcptran_pipe_recv_cb: tcptran_pipe_recv_cb: recv_error rv: 130

2026-09-16 01:03:41 [1345546] WARN  /home/kadir/mqtt-fuzzing/builds/nanomq-asan/nng/src/sp/protocol/mqtt/mqtt_parser.c:1359 nano_msg_notify: test online!
2026-09-16 01:03:41 [1345539] WARN  /home/kadir/mqtt-fuzzing/builds/nanomq-asan/nng/src/sp/protocol/mqtt/mqtt_parser.c:1363 nano_msg_notify: test offline!
2026-09-16 01:03:41 [1345545] WARN  /home/kadir/mqtt-fuzzing/builds/nanomq-asan/nng/src/sp/protocol/mqtt/mqtt_parser.c:1359 nano_msg_notify: test online!
2026-09-16 01:03:41 [1345540] ERROR /home/kadir/mqtt-fuzzing/builds/nanomq-asan/nng/src/sp/transport/mqtt/broker_tcp.c:845 tcptran_pipe_recv_cb: Invalid subscribe packet!
2026-09-16 01:03:41 [1345540] WARN  /home/kadir/mqtt-fuzzing/builds/nanomq-asan/nng/src/sp/transport/mqtt/broker_tcp.c:895 tcptran_pipe_recv_cb: tcptran_pipe_recv_cb: recv_error rv: 130

2026-09-16 01:03:41 [1345543] WARN  /home/kadir/mqtt-fuzzing/builds/nanomq-asan/nng/src/sp/protocol/mqtt/mqtt_parser.c:1363 nano_msg_notify: test offline!
2026-09-16 01:03:41 [1345545] WARN  /home/kadir/mqtt-fuzzing/builds/nanomq-asan/nng/src/sp/protocol/mqtt/mqtt_parser.c:1359 nano_msg_notify: test online!
2026-09-16 01:03:41 [1345544] WARN  /home/kadir/mqtt-fuzzing/builds/nanomq-asan/nng/src/sp/transport/mqtt/broker_tcp.c:662 tcptran_pipe_recv_cb: MALFORMED_PACKET received.
2026-09-16 01:03:41 [1345544] WARN  /home/kadir/mqtt-fuzzing/builds/nanomq-asan/nng/src/sp/transport/mqtt/broker_tcp.c:895 tcptran_pipe_recv_cb: tcptran_pipe_recv_cb: recv_error rv: 17

2026-09-16 01:03:41 [1345540] WARN  /home/kadir/mqtt-fuzzing/builds/nanomq-asan/nng/src/sp/protocol/mqtt/mqtt_parser.c:1363 nano_msg_notify: test offline!
2026-09-16 01:03:41 [1345546] WARN  /home/kadir/mqtt-fuzzing/builds/nanomq-asan/nng/src/sp/protocol/mqtt/mqtt_parser.c:1359 nano_msg_notify: test online!
2026-09-16 01:03:41 [1345545] WARN  /home/kadir/mqtt-fuzzing/builds/nanomq-asan/nng/src/sp/transport/mqtt/broker_tcp.c:662 tcptran_pipe_recv_cb: MALFORMED_PACKET received.
2026-09-16 01:03:41 [1345545] WARN  /home/kadir/mqtt-fuzzing/builds/nanomq-asan/nng/src/sp/transport/mqtt/broker_tcp.c:895 tcptran_pipe_recv_cb: tcptran_pipe_recv_cb: recv_error rv: 17

2026-09-16 01:03:41 [1345544] WARN  /home/kadir/mqtt-fuzzing/builds/nanomq-asan/nng/src/sp/protocol/mqtt/mqtt_parser.c:1363 nano_msg_notify: test offline!
2026-09-16 01:03:41 [1345546] ERROR /home/kadir/mqtt-fuzzing/builds/nanomq-asan/nng/src/sp/transport/mqtt/broker_tcp.c:845 tcptran_pipe_recv_cb: Invalid subscribe packet!
2026-09-16 01:03:41 [1345546] WARN  /home/kadir/mqtt-fuzzing/builds/nanomq-asan/nng/src/sp/transport/mqtt/broker_tcp.c:895 tcptran_pipe_recv_cb: tcptran_pipe_recv_cb: recv_error rv: 130

2026-09-16 01:03:41 [1345539] WARN  /home/kadir/mqtt-fuzzing/builds/nanomq-asan/nng/src/sp/protocol/mqtt/mqtt_parser.c:1359 nano_msg_notify: test online!
2026-09-16 01:03:41 [1345543] WARN  /home/kadir/mqtt-fuzzing/builds/nanomq-asan/nng/src/sp/protocol/mqtt/mqtt_parser.c:1363 nano_msg_notify: test offline!
2026-09-16 01:03:41 [1345541] WARN  /home/kadir/mqtt-fuzzing/builds/nanomq-asan/nng/src/sp/protocol/mqtt/mqtt_parser.c:1359 nano_msg_notify: test online!
2026-09-16 01:03:41 [1345539] WARN  /home/kadir/mqtt-fuzzing/builds/nanomq-asan/nng/src/sp/transport/mqtt/broker_tcp.c:628 tcptran_pipe_recv_cb: nni aio recv error!! Connection shutdown

2026-09-16 01:03:41 [1345539] WARN  /home/kadir/mqtt-fuzzing/builds/nanomq-asan/nng/src/sp/transport/mqtt/broker_tcp.c:895 tcptran_pipe_recv_cb: tcptran_pipe_recv_cb: recv_error rv: 139

2026-09-16 01:03:41 [1345540] WARN  /home/kadir/mqtt-fuzzing/builds/nanomq-asan/nng/src/sp/protocol/mqtt/mqtt_parser.c:1363 nano_msg_notify: test offline!
2026-09-16 01:03:41 [1345543] WARN  /home/kadir/mqtt-fuzzing/builds/nanomq-asan/nng/src/sp/protocol/mqtt/mqtt_parser.c:1359 nano_msg_notify: test online!
2026-09-16 01:03:41 [1345539] WARN  /home/kadir/mqtt-fuzzing/builds/nanomq-asan/nng/src/sp/transport/mqtt/broker_tcp.c:628 tcptran_pipe_recv_cb: nni aio recv error!! Connection shutdown

2026-09-16 01:03:41 [1345539] WARN  /home/kadir/mqtt-fuzzing/builds/nanomq-asan/nng/src/sp/transport/mqtt/broker_tcp.c:895 tcptran_pipe_recv_cb: tcptran_pipe_recv_cb: recv_error rv: 139

2026-09-16 01:03:41 [1345542] WARN  /home/kadir/mqtt-fuzzing/builds/nanomq-asan/nng/src/sp/protocol/mqtt/mqtt_parser.c:1363 nano_msg_notify: test offline!
2026-09-16 01:03:41 [1345545] WARN  /home/kadir/mqtt-fuzzing/builds/nanomq-asan/nng/src/sp/protocol/mqtt/mqtt_parser.c:1359 nano_msg_notify: test online!
2026-09-16 01:03:41 [1345542] WARN  /home/kadir/mqtt-fuzzing/builds/nanomq-asan/nng/src/sp/transport/mqtt/broker_tcp.c:628 tcptran_pipe_recv_cb: nni aio recv error!! Connection shutdown

2026-09-16 01:03:41 [1345542] WARN  /home/kadir/mqtt-fuzzing/builds/nanomq-asan/nng/src/sp/transport/mqtt/broker_tcp.c:895 tcptran_pipe_recv_cb: tcptran_pipe_recv_cb: recv_error rv: 139

2026-09-16 01:03:41 [1345541] WARN  /home/kadir/mqtt-fuzzing/builds/nanomq-asan/nng/src/sp/protocol/mqtt/mqtt_parser.c:1363 nano_msg_notify: test offline!
2026-09-16 01:03:41 [1345544] WARN  /home/kadir/mqtt-fuzzing/builds/nanomq-asan/nng/src/sp/protocol/mqtt/mqtt_parser.c:1359 nano_msg_notify: test online!
2026-09-16 01:03:41 [1345540] ERROR /home/kadir/mqtt-fuzzing/builds/nanomq-asan/nng/src/sp/transport/mqtt/broker_tcp.c:845 tcptran_pipe_recv_cb: Invalid subscribe packet!
2026-09-16 01:03:41 [1345540] WARN  /home/kadir/mqtt-fuzzing/builds/nanomq-asan/nng/src/sp/transport/mqtt/broker_tcp.c:895 tcptran_pipe_recv_cb: tcptran_pipe_recv_cb: recv_error rv: 130

2026-09-16 01:03:41 [1345545] WARN  /home/kadir/mqtt-fuzzing/builds/nanomq-asan/nng/src/sp/protocol/mqtt/mqtt_parser.c:1363 nano_msg_notify: test offline!
2026-09-16 01:03:41 [1345544] WARN  /home/kadir/mqtt-fuzzing/builds/nanomq-asan/nng/src/sp/protocol/mqtt/mqtt_parser.c:1359 nano_msg_notify: test online!
2026-09-16 01:03:41 [1345542] WARN  /home/kadir/mqtt-fuzzing/builds/nanomq-asan/nng/src/sp/transport/mqtt/broker_tcp.c:628 tcptran_pipe_recv_cb: nni aio recv error!! Connection shutdown

2026-09-16 01:03:41 [1345542] WARN  /home/kadir/mqtt-fuzzing/builds/nanomq-asan/nng/src/sp/transport/mqtt/broker_tcp.c:895 tcptran_pipe_recv_cb: tcptran_pipe_recv_cb: recv_error rv: 139

2026-09-16 01:03:41 [1345543] WARN  /home/kadir/mqtt-fuzzing/builds/nanomq-asan/nng/src/sp/protocol/mqtt/mqtt_parser.c:1363 nano_msg_notify: test offline!
2026-09-16 01:03:41 [1345539] WARN  /home/kadir/mqtt-fuzzing/builds/nanomq-asan/nng/src/sp/protocol/mqtt/mqtt_parser.c:1359 nano_msg_notify: test online!
2026-09-16 01:03:41 [1345542] ERROR /home/kadir/mqtt-fuzzing/builds/nanomq-asan/nng/src/sp/transport/mqtt/broker_tcp.c:845 tcptran_pipe_recv_cb: Invalid subscribe packet!
2026-09-16 01:03:41 [1345542] WARN  /home/kadir/mqtt-fuzzing/builds/nanomq-asan/nng/src/sp/transport/mqtt/broker_tcp.c:895 tcptran_pipe_recv_cb: tcptran_pipe_recv_cb: recv_error rv: 130

2026-09-16 01:03:41 [1345546] WARN  /home/kadir/mqtt-fuzzing/builds/nanomq-asan/nng/src/sp/protocol/mqtt/mqtt_parser.c:1363 nano_msg_notify: test offline!
2026-09-16 01:03:41 [1345542] WARN  /home/kadir/mqtt-fuzzing/builds/nanomq-asan/nng/src/sp/protocol/mqtt/mqtt_parser.c:1359 nano_msg_notify: test online!
2026-09-16 01:03:41 [1345546] WARN  /home/kadir/mqtt-fuzzing/builds/nanomq-asan/nng/src/sp/transport/mqtt/broker_tcp.c:628 tcptran_pipe_recv_cb: nni aio recv error!! Connection shutdown

2026-09-16 01:03:41 [1345546] WARN  /home/kadir/mqtt-fuzzing/builds/nanomq-asan/nng/src/sp/transport/mqtt/broker_tcp.c:895 tcptran_pipe_recv_cb: tcptran_pipe_recv_cb: recv_error rv: 139

2026-09-16 01:03:41 [1345544] WARN  /home/kadir/mqtt-fuzzing/builds/nanomq-asan/nng/src/sp/protocol/mqtt/mqtt_parser.c:1363 nano_msg_notify: test offline!
2026-09-16 01:03:41 [1345540] WARN  /home/kadir/mqtt-fuzzing/builds/nanomq-asan/nng/src/sp/protocol/mqtt/mqtt_parser.c:1359 nano_msg_notify: test online!
2026-09-16 01:03:41 [1345544] ERROR /home/kadir/mqtt-fuzzing/builds/nanomq-asan/nng/src/sp/transport/mqtt/broker_tcp.c:845 tcptran_pipe_recv_cb: Invalid subscribe packet!
2026-09-16 01:03:41 [1345544] WARN  /home/kadir/mqtt-fuzzing/builds/nanomq-asan/nng/src/sp/transport/mqtt/broker_tcp.c:895 tcptran_pipe_recv_cb: tcptran_pipe_recv_cb: recv_error rv: 130

2026-09-16 01:03:41 [1345542] WARN  /home/kadir/mqtt-fuzzing/builds/nanomq-asan/nng/src/sp/protocol/mqtt/mqtt_parser.c:1363 nano_msg_notify: test offline!
2026-09-16 01:03:41 [1345543] WARN  /home/kadir/mqtt-fuzzing/builds/nanomq-asan/nng/src/sp/protocol/mqtt/mqtt_parser.c:1359 nano_msg_notify: test online!
2026-09-16 01:03:41 [1345546] ERROR /home/kadir/mqtt-fuzzing/builds/nanomq-asan/nng/src/sp/transport/mqtt/broker_tcp.c:845 tcptran_pipe_recv_cb: Invalid subscribe packet!
2026-09-16 01:03:41 [1345546] WARN  /home/kadir/mqtt-fuzzing/builds/nanomq-asan/nng/src/sp/transport/mqtt/broker_tcp.c:895 tcptran_pipe_recv_cb: tcptran_pipe_recv_cb: recv_error rv: 130

2026-09-16 01:03:41 [1345541] WARN  /home/kadir/mqtt-fuzzing/builds/nanomq-asan/nng/src/sp/protocol/mqtt/mqtt_parser.c:1363 nano_msg_notify: test offline!
2026-09-16 01:03:41 [1345545] ERROR /home/kadir/mqtt-fuzzing/builds/nanomq-asan/nng/src/sp/transport/mqtt/broker_tcp.c:845 tcptran_pipe_recv_cb: Invalid subscribe packet!
2026-09-16 01:03:41 [1345545] WARN  /home/kadir/mqtt-fuzzing/builds/nanomq-asan/nng/src/sp/transport/mqtt/broker_tcp.c:895 tcptran_pipe_recv_cb: tcptran_pipe_recv_cb: recv_error rv: 130

2026-09-16 01:03:41 [1345544] WARN  /home/kadir/mqtt-fuzzing/builds/nanomq-asan/nng/src/sp/protocol/mqtt/mqtt_parser.c:1359 nano_msg_notify: test online!
2026-09-16 01:03:41 [1345543] WARN  /home/kadir/mqtt-fuzzing/builds/nanomq-asan/nng/src/sp/protocol/mqtt/mqtt_parser.c:1363 nano_msg_notify: test offline!
2026-09-16 01:03:41 [1345542] WARN  /home/kadir/mqtt-fuzzing/builds/nanomq-asan/nng/src/sp/protocol/mqtt/mqtt_parser.c:1359 nano_msg_notify: test online!
2026-09-16 01:03:41 [1345539] WARN  /home/kadir/mqtt-fuzzing/builds/nanomq-asan/nng/src/sp/transport/mqtt/broker_tcp.c:628 tcptran_pipe_recv_cb: nni aio recv error!! Connection shutdown

2026-09-16 01:03:41 [1345539] WARN  /home/kadir/mqtt-fuzzing/builds/nanomq-asan/nng/src/sp/transport/mqtt/broker_tcp.c:895 tcptran_pipe_recv_cb: tcptran_pipe_recv_cb: recv_error rv: 139

2026-09-16 01:03:41 [1345546] WARN  /home/kadir/mqtt-fuzzing/builds/nanomq-asan/nng/src/sp/protocol/mqtt/mqtt_parser.c:1363 nano_msg_notify: test offline!
2026-09-16 01:03:41 [1345539] WARN  /home/kadir/mqtt-fuzzing/builds/nanomq-asan/nng/src/sp/protocol/mqtt/mqtt_parser.c:1359 nano_msg_notify: test online!
2026-09-16 01:03:41 [1345543] WARN  /home/kadir/mqtt-fuzzing/builds/nanomq-asan/nng/src/sp/transport/mqtt/broker_tcp.c:628 tcptran_pipe_recv_cb: nni aio recv error!! Connection shutdown

2026-09-16 01:03:41 [1345543] WARN  /home/kadir/mqtt-fuzzing/builds/nanomq-asan/nng/src/sp/transport/mqtt/broker_tcp.c:895 tcptran_pipe_recv_cb: tcptran_pipe_recv_cb: recv_error rv: 139

2026-09-16 01:03:41 [1345544] WARN  /home/kadir/mqtt-fuzzing/builds/nanomq-asan/nng/src/sp/protocol/mqtt/mqtt_parser.c:1363 nano_msg_notify: test offline!
2026-09-16 01:03:41 [1345541] WARN  /home/kadir/mqtt-fuzzing/builds/nanomq-asan/nng/src/sp/protocol/mqtt/mqtt_parser.c:1359 nano_msg_notify: test online!
2026-09-16 01:03:41 [1345543] WARN  /home/kadir/mqtt-fuzzing/builds/nanomq-asan/nng/src/sp/transport/mqtt/broker_tcp.c:662 tcptran_pipe_recv_cb: MALFORMED_PACKET received.
2026-09-16 01:03:41 [1345543] WARN  /home/kadir/mqtt-fuzzing/builds/nanomq-asan/nng/src/sp/transport/mqtt/broker_tcp.c:895 tcptran_pipe_recv_cb: tcptran_pipe_recv_cb: recv_error rv: 17

2026-09-16 01:03:41 [1345545] WARN  /home/kadir/mqtt-fuzzing/builds/nanomq-asan/nng/src/sp/protocol/mqtt/mqtt_parser.c:1363 nano_msg_notify: test offline!
2026-09-16 01:03:41 [1345546] WARN  /home/kadir/mqtt-fuzzing/builds/nanomq-asan/nng/src/sp/protocol/mqtt/mqtt_parser.c:1359 nano_msg_notify: test online!
2026-09-16 01:03:41 [1345542] ERROR /home/kadir/mqtt-fuzzing/builds/nanomq-asan/nng/src/sp/transport/mqtt/broker_tcp.c:845 tcptran_pipe_recv_cb: Invalid subscribe packet!
2026-09-16 01:03:41 [1345542] WARN  /home/kadir/mqtt-fuzzing/builds/nanomq-asan/nng/src/sp/transport/mqtt/broker_tcp.c:895 tcptran_pipe_recv_cb: tcptran_pipe_recv_cb: recv_error rv: 130

2026-09-16 01:03:41 [1345539] WARN  /home/kadir/mqtt-fuzzing/builds/nanomq-asan/nng/src/sp/protocol/mqtt/mqtt_parser.c:1363 nano_msg_notify: test offline!
2026-09-16 01:03:41 [1345546] WARN  /home/kadir/mqtt-fuzzing/builds/nanomq-asan/nng/src/sp/protocol/mqtt/mqtt_parser.c:1359 nano_msg_notify: test online!
2026-09-16 01:03:41 [1345542] WARN  /home/kadir/mqtt-fuzzing/builds/nanomq-asan/nng/src/sp/transport/mqtt/broker_tcp.c:628 tcptran_pipe_recv_cb: nni aio recv error!! Connection shutdown

2026-09-16 01:03:41 [1345542] WARN  /home/kadir/mqtt-fuzzing/builds/nanomq-asan/nng/src/sp/transport/mqtt/broker_tcp.c:895 tcptran_pipe_recv_cb: tcptran_pipe_recv_cb: recv_error rv: 139

2026-09-16 01:03:41 [1345540] WARN  /home/kadir/mqtt-fuzzing/builds/nanomq-asan/nng/src/sp/protocol/mqtt/mqtt_parser.c:1363 nano_msg_notify: test offline!
2026-09-16 01:03:41 [1345542] WARN  /home/kadir/mqtt-fuzzing/builds/nanomq-asan/nng/src/sp/protocol/mqtt/mqtt_parser.c:1359 nano_msg_notify: test online!
2026-09-16 01:03:41 [1345541] ERROR /home/kadir/mqtt-fuzzing/builds/nanomq-asan/nng/src/sp/transport/mqtt/broker_tcp.c:845 tcptran_pipe_recv_cb: Invalid subscribe packet!
2026-09-16 01:03:41 [1345541] WARN  /home/kadir/mqtt-fuzzing/builds/nanomq-asan/nng/src/sp/transport/mqtt/broker_tcp.c:895 tcptran_pipe_recv_cb: tcptran_pipe_recv_cb: recv_error rv: 130

2026-09-16 01:03:41 [1345541] WARN  /home/kadir/mqtt-fuzzing/builds/nanomq-asan/nng/src/sp/protocol/mqtt/mqtt_parser.c:1363 nano_msg_notify: test offline!
2026-09-16 01:03:41 [1345542] WARN  /home/kadir/mqtt-fuzzing/builds/nanomq-asan/nng/src/sp/protocol/mqtt/mqtt_parser.c:1359 nano_msg_notify: test online!
2026-09-16 01:03:41 [1345541] ERROR /home/kadir/mqtt-fuzzing/builds/nanomq-asan/nng/src/sp/transport/mqtt/broker_tcp.c:807 tcptran_pipe_recv_cb: decode PUBACK or PUBCOMP variable header failed!
2026-09-16 01:03:41 [1345541] WARN  /home/kadir/mqtt-fuzzing/builds/nanomq-asan/nng/src/sp/transport/mqtt/broker_tcp.c:895 tcptran_pipe_recv_cb: tcptran_pipe_recv_cb: recv_error rv: 3

2026-09-16 01:03:41 [1345545] WARN  /home/kadir/mqtt-fuzzing/builds/nanomq-asan/nng/src/sp/protocol/mqtt/mqtt_parser.c:1363 nano_msg_notify: test offline!
2026-09-16 01:03:41 [1345543] WARN  /home/kadir/mqtt-fuzzing/builds/nanomq-asan/nng/src/sp/protocol/mqtt/mqtt_parser.c:1359 nano_msg_notify: test online!
2026-09-16 01:03:41 [1345539] ERROR /home/kadir/mqtt-fuzzing/builds/nanomq-asan/nng/src/sp/transport/mqtt/broker_tcp.c:845 tcptran_pipe_recv_cb: Invalid subscribe packet!
2026-09-16 01:03:41 [1345539] WARN  /home/kadir/mqtt-fuzzing/builds/nanomq-asan/nng/src/sp/transport/mqtt/broker_tcp.c:895 tcptran_pipe_recv_cb: tcptran_pipe_recv_cb: recv_error rv: 130

2026-09-16 01:03:41 [1345544] WARN  /home/kadir/mqtt-fuzzing/builds/nanomq-asan/nng/src/sp/protocol/mqtt/mqtt_parser.c:1363 nano_msg_notify: test offline!
2026-09-16 01:03:41 [1345543] WARN  /home/kadir/mqtt-fuzzing/builds/nanomq-asan/nng/src/sp/protocol/mqtt/mqtt_parser.c:1359 nano_msg_notify: test online!
2026-09-16 01:03:41 [1345544] WARN  /home/kadir/mqtt-fuzzing/builds/nanomq-asan/nng/src/sp/transport/mqtt/broker_tcp.c:628 tcptran_pipe_recv_cb: nni aio recv error!! Connection shutdown

2026-09-16 01:03:41 [1345544] WARN  /home/kadir/mqtt-fuzzing/builds/nanomq-asan/nng/src/sp/transport/mqtt/broker_tcp.c:895 tcptran_pipe_recv_cb: tcptran_pipe_recv_cb: recv_error rv: 139

2026-09-16 01:03:41 [1345546] WARN  /home/kadir/mqtt-fuzzing/builds/nanomq-asan/nng/src/sp/protocol/mqtt/mqtt_parser.c:1363 nano_msg_notify: test offline!
2026-09-16 01:03:41 [1345540] WARN  /home/kadir/mqtt-fuzzing/builds/nanomq-asan/nng/src/sp/protocol/mqtt/mqtt_parser.c:1359 nano_msg_notify: test online!
2026-09-16 01:03:41 [1345542] WARN  /home/kadir/mqtt-fuzzing/builds/nanomq-asan/nng/src/sp/transport/mqtt/broker_tcp.c:628 tcptran_pipe_recv_cb: nni aio recv error!! Connection shutdown

2026-09-16 01:03:41 [1345542] WARN  /home/kadir/mqtt-fuzzing/builds/nanomq-asan/nng/src/sp/transport/mqtt/broker_tcp.c:895 tcptran_pipe_recv_cb: tcptran_pipe_recv_cb: recv_error rv: 139

2026-09-16 01:03:41 [1345541] WARN  /home/kadir/mqtt-fuzzing/builds/nanomq-asan/nng/src/sp/protocol/mqtt/mqtt_parser.c:1363 nano_msg_notify: test offline!
2026-09-16 01:03:41 [1345540] WARN  /home/kadir/mqtt-fuzzing/builds/nanomq-asan/nng/src/sp/protocol/mqtt/mqtt_parser.c:1359 nano_msg_notify: test online!
2026-09-16 01:03:41 [1345543] ERROR /home/kadir/mqtt-fuzzing/builds/nanomq-asan/nng/src/sp/transport/mqtt/broker_tcp.c:845 tcptran_pipe_recv_cb: Invalid subscribe packet!
2026-09-16 01:03:41 [1345543] WARN  /home/kadir/mqtt-fuzzing/builds/nanomq-asan/nng/src/sp/transport/mqtt/broker_tcp.c:895 tcptran_pipe_recv_cb: tcptran_pipe_recv_cb: recv_error rv: 130

2026-09-16 01:03:41 [1345545] WARN  /home/kadir/mqtt-fuzzing/builds/nanomq-asan/nng/src/sp/protocol/mqtt/mqtt_parser.c:1363 nano_msg_notify: test offline!
2026-09-16 01:03:41 [1345540] WARN  /home/kadir/mqtt-fuzzing/builds/nanomq-asan/nng/src/sp/protocol/mqtt/mqtt_parser.c:1359 nano_msg_notify: test online!
2026-09-16 01:03:41 [1345545] ERROR /home/kadir/mqtt-fuzzing/builds/nanomq-asan/nng/src/sp/transport/mqtt/broker_tcp.c:845 tcptran_pipe_recv_cb: Invalid subscribe packet!
2026-09-16 01:03:41 [1345545] WARN  /home/kadir/mqtt-fuzzing/builds/nanomq-asan/nng/src/sp/transport/mqtt/broker_tcp.c:895 tcptran_pipe_recv_cb: tcptran_pipe_recv_cb: recv_error rv: 130

2026-09-16 01:03:41 [1345542] WARN  /home/kadir/mqtt-fuzzing/builds/nanomq-asan/nng/src/sp/protocol/mqtt/mqtt_parser.c:1363 nano_msg_notify: test offline!
2026-09-16 01:03:41 [1345545] WARN  /home/kadir/mqtt-fuzzing/builds/nanomq-asan/nng/src/sp/protocol/mqtt/mqtt_parser.c:1359 nano_msg_notify: test online!
2026-09-16 01:03:41 [1345543] WARN  /home/kadir/mqtt-fuzzing/builds/nanomq-asan/nng/src/sp/protocol/mqtt/mqtt_parser.c:1363 nano_msg_notify: test offline!
2026-09-16 01:03:41 [1345546] WARN  /home/kadir/mqtt-fuzzing/builds/nanomq-asan/nng/src/sp/transport/mqtt/broker_tcp.c:895 tcptran_pipe_recv_cb: tcptran_pipe_recv_cb: recv_error rv: 153

2026-09-16 01:03:41 [1345540] WARN  /home/kadir/mqtt-fuzzing/builds/nanomq-asan/nng/src/sp/protocol/mqtt/mqtt_parser.c:1359 nano_msg_notify: test online!
2026-09-16 01:03:41 [1345543] WARN  /home/kadir/mqtt-fuzzing/builds/nanomq-asan/nng/src/sp/transport/mqtt/broker_tcp.c:628 tcptran_pipe_recv_cb: nni aio recv error!! Connection shutdown

2026-09-16 01:03:41 [1345543] WARN  /home/kadir/mqtt-fuzzing/builds/nanomq-asan/nng/src/sp/transport/mqtt/broker_tcp.c:895 tcptran_pipe_recv_cb: tcptran_pipe_recv_cb: recv_error rv: 139

2026-09-16 01:03:41 [1345545] WARN  /home/kadir/mqtt-fuzzing/builds/nanomq-asan/nng/src/sp/protocol/mqtt/mqtt_parser.c:1363 nano_msg_notify: test offline!
2026-09-16 01:03:41 [1345544] WARN  /home/kadir/mqtt-fuzzing/builds/nanomq-asan/nng/src/sp/protocol/mqtt/mqtt_parser.c:1359 nano_msg_notify: test online!
2026-09-16 01:03:41 [1345545] WARN  /home/kadir/mqtt-fuzzing/builds/nanomq-asan/nng/src/sp/transport/mqtt/broker_tcp.c:628 tcptran_pipe_recv_cb: nni aio recv error!! Connection shutdown

2026-09-16 01:03:41 [1345545] WARN  /home/kadir/mqtt-fuzzing/builds/nanomq-asan/nng/src/sp/transport/mqtt/broker_tcp.c:895 tcptran_pipe_recv_cb: tcptran_pipe_recv_cb: recv_error rv: 139

2026-09-16 01:03:41 [1345542] WARN  /home/kadir/mqtt-fuzzing/builds/nanomq-asan/nng/src/sp/protocol/mqtt/mqtt_parser.c:1363 nano_msg_notify: test offline!
2026-09-16 01:03:41 [1345539] WARN  /home/kadir/mqtt-fuzzing/builds/nanomq-asan/nng/src/sp/protocol/mqtt/mqtt_parser.c:1359 nano_msg_notify: test online!
2026-09-16 01:03:41 [1345546] WARN  /home/kadir/mqtt-fuzzing/builds/nanomq-asan/nng/src/sp/transport/mqtt/broker_tcp.c:662 tcptran_pipe_recv_cb: MALFORMED_PACKET received.
2026-09-16 01:03:41 [1345546] WARN  /home/kadir/mqtt-fuzzing/builds/nanomq-asan/nng/src/sp/transport/mqtt/broker_tcp.c:895 tcptran_pipe_recv_cb: tcptran_pipe_recv_cb: recv_error rv: 17

2026-09-16 01:03:41 [1345546] WARN  /home/kadir/mqtt-fuzzing/builds/nanomq-asan/nng/src/sp/protocol/mqtt/mqtt_parser.c:1363 nano_msg_notify: test offline!
2026-09-16 01:03:41 [1345543] WARN  /home/kadir/mqtt-fuzzing/builds/nanomq-asan/nng/src/sp/protocol/mqtt/mqtt_parser.c:1359 nano_msg_notify: test online!
2026-09-16 01:03:41 [1345544] WARN  /home/kadir/mqtt-fuzzing/builds/nanomq-asan/nng/src/sp/protocol/mqtt/mqtt_parser.c:1363 nano_msg_notify: test offline!
2026-09-16 01:03:41 [1345545] WARN  /home/kadir/mqtt-fuzzing/builds/nanomq-asan/nng/src/sp/protocol/mqtt/mqtt_parser.c:1359 nano_msg_notify: test online!
2026-09-16 01:03:41 [1345544] WARN  /home/kadir/mqtt-fuzzing/builds/nanomq-asan/nng/src/sp/transport/mqtt/broker_tcp.c:895 tcptran_pipe_recv_cb: tcptran_pipe_recv_cb: recv_error rv: 153

2026-09-16 01:03:41 [1345541] WARN  /home/kadir/mqtt-fuzzing/builds/nanomq-asan/nng/src/sp/protocol/mqtt/mqtt_parser.c:1363 nano_msg_notify: test offline!
2026-09-16 01:03:41 [1345546] WARN  /home/kadir/mqtt-fuzzing/builds/nanomq-asan/nng/src/sp/protocol/mqtt/mqtt_parser.c:1359 nano_msg_notify: test online!
2026-09-16 01:03:41 [1345539] WARN  /home/kadir/mqtt-fuzzing/builds/nanomq-asan/nng/src/sp/protocol/mqtt/mqtt_parser.c:1730 nmq_subinfo_decode:  0 Packetid in subscribe request
2026-09-16 01:03:41 [1345539] ERROR /home/kadir/mqtt-fuzzing/builds/nanomq-asan/nng/src/sp/transport/mqtt/broker_tcp.c:845 tcptran_pipe_recv_cb: Invalid subscribe packet!
2026-09-16 01:03:41 [1345539] WARN  /home/kadir/mqtt-fuzzing/builds/nanomq-asan/nng/src/sp/transport/mqtt/broker_tcp.c:895 tcptran_pipe_recv_cb: tcptran_pipe_recv_cb: recv_error rv: 130

2026-09-16 01:03:41 [1345542] WARN  /home/kadir/mqtt-fuzzing/builds/nanomq-asan/nng/src/sp/protocol/mqtt/mqtt_parser.c:1363 nano_msg_notify: test offline!
2026-09-16 01:03:41 [1345543] WARN  /home/kadir/mqtt-fuzzing/builds/nanomq-asan/nng/src/sp/protocol/mqtt/mqtt_parser.c:1359 nano_msg_notify: test online!
2026-09-16 01:03:41 [1345546] ERROR /home/kadir/mqtt-fuzzing/builds/nanomq-asan/nng/src/sp/transport/mqtt/broker_tcp.c:845 tcptran_pipe_recv_cb: Invalid subscribe packet!
2026-09-16 01:03:41 [1345546] WARN  /home/kadir/mqtt-fuzzing/builds/nanomq-asan/nng/src/sp/transport/mqtt/broker_tcp.c:895 tcptran_pipe_recv_cb: tcptran_pipe_recv_cb: recv_error rv: 130

2026-09-16 01:03:41 [1345540] WARN  /home/kadir/mqtt-fuzzing/builds/nanomq-asan/nng/src/sp/protocol/mqtt/mqtt_parser.c:1363 nano_msg_notify: test offline!
2026-09-16 01:03:41 [1345546] WARN  /home/kadir/mqtt-fuzzing/builds/nanomq-asan/nng/src/sp/protocol/mqtt/mqtt_parser.c:1359 nano_msg_notify: test online!
2026-09-16 01:03:41 [1345539] WARN  /home/kadir/mqtt-fuzzing/builds/nanomq-asan/nng/src/sp/transport/mqtt/broker_tcp.c:628 tcptran_pipe_recv_cb: nni aio recv error!! Connection shutdown

2026-09-16 01:03:41 [1345539] WARN  /home/kadir/mqtt-fuzzing/builds/nanomq-asan/nng/src/sp/transport/mqtt/broker_tcp.c:895 tcptran_pipe_recv_cb: tcptran_pipe_recv_cb: recv_error rv: 139

2026-09-16 01:03:41 [1345545] WARN  /home/kadir/mqtt-fuzzing/builds/nanomq-asan/nng/src/sp/protocol/mqtt/mqtt_parser.c:1363 nano_msg_notify: test offline!
2026-09-16 01:03:41 [1345540] WARN  /home/kadir/mqtt-fuzzing/builds/nanomq-asan/nng/src/sp/protocol/mqtt/mqtt_parser.c:1359 nano_msg_notify: test online!
2026-09-16 01:03:41 [1345543] WARN  /home/kadir/mqtt-fuzzing/builds/nanomq-asan/nng/src/sp/protocol/mqtt/mqtt_parser.c:293 copyn_utf8_str: UTF-8 check failed!
2026-09-16 01:03:41 [1345543] ERROR /home/kadir/mqtt-fuzzing/builds/nanomq-asan/nanomq/sub_handler.c:120 decode_sub_msg: NOT utf8-encoded string OR null string.
2026-09-16 01:03:41 [1345543] ERROR /home/kadir/mqtt-fuzzing/builds/nanomq-asan/nanomq/apps/broker.c:384 server_cb: sub_handler: [128]
2026-09-16 01:03:41 [1345541] WARN  /home/kadir/mqtt-fuzzing/builds/nanomq-asan/nng/src/sp/transport/mqtt/broker_tcp.c:628 tcptran_pipe_recv_cb: nni aio recv error!! Connection shutdown

2026-09-16 01:03:41 [1345541] WARN  /home/kadir/mqtt-fuzzing/builds/nanomq-asan/nng/src/sp/transport/mqtt/broker_tcp.c:895 tcptran_pipe_recv_cb: tcptran_pipe_recv_cb: recv_error rv: 139

2026-09-16 01:03:41 [1345546] WARN  /home/kadir/mqtt-fuzzing/builds/nanomq-asan/nng/src/sp/transport/mqtt/broker_tcp.c:525 nmq_tcptran_pipe_send_cb:  send aio error Object closed(7)
2026-09-16 01:03:41 [1345541] WARN  /home/kadir/mqtt-fuzzing/builds/nanomq-asan/nng/src/sp/protocol/mqtt/mqtt_parser.c:1363 nano_msg_notify: test offline!
2026-09-16 01:03:41 [1345546] WARN  /home/kadir/mqtt-fuzzing/builds/nanomq-asan/nng/src/sp/protocol/mqtt/mqtt_parser.c:1359 nano_msg_notify: test online!
2026-09-16 01:03:41 [1345545] WARN  /home/kadir/mqtt-fuzzing/builds/nanomq-asan/nng/src/sp/transport/mqtt/broker_tcp.c:628 tcptran_pipe_recv_cb: nni aio recv error!! Connection shutdown

2026-09-16 01:03:41 [1345545] WARN  /home/kadir/mqtt-fuzzing/builds/nanomq-asan/nng/src/sp/transport/mqtt/broker_tcp.c:895 tcptran_pipe_recv_cb: tcptran_pipe_recv_cb: recv_error rv: 139

2026-09-16 01:03:41 [1345539] WARN  /home/kadir/mqtt-fuzzing/builds/nanomq-asan/nng/src/sp/protocol/mqtt/mqtt_parser.c:1363 nano_msg_notify: test offline!
2026-09-16 01:03:41 [1345543] WARN  /home/kadir/mqtt-fuzzing/builds/nanomq-asan/nng/src/sp/protocol/mqtt/mqtt_parser.c:1359 nano_msg_notify: test online!
2026-09-16 01:03:41 [1345542] WARN  /home/kadir/mqtt-fuzzing/builds/nanomq-asan/nng/src/sp/transport/mqtt/broker_tcp.c:628 tcptran_pipe_recv_cb: nni aio recv error!! Connection shutdown

2026-09-16 01:03:41 [1345542] WARN  /home/kadir/mqtt-fuzzing/builds/nanomq-asan/nng/src/sp/transport/mqtt/broker_tcp.c:895 tcptran_pipe_recv_cb: tcptran_pipe_recv_cb: recv_error rv: 139

2026-09-16 01:03:41 [1345541] WARN  /home/kadir/mqtt-fuzzing/builds/nanomq-asan/nng/src/sp/protocol/mqtt/mqtt_parser.c:1363 nano_msg_notify: test offline!
2026-09-16 01:03:41 [1345539] WARN  /home/kadir/mqtt-fuzzing/builds/nanomq-asan/nng/src/sp/protocol/mqtt/mqtt_parser.c:1359 nano_msg_notify: test online!
2026-09-16 01:03:41 [1345540] ERROR /home/kadir/mqtt-fuzzing/builds/nanomq-asan/nng/src/sp/transport/mqtt/broker_tcp.c:845 tcptran_pipe_recv_cb: Invalid subscribe packet!
2026-09-16 01:03:41 [1345540] WARN  /home/kadir/mqtt-fuzzing/builds/nanomq-asan/nng/src/sp/transport/mqtt/broker_tcp.c:895 tcptran_pipe_recv_cb: tcptran_pipe_recv_cb: recv_error rv: 130

2026-09-16 01:03:41 [1345543] WARN  /home/kadir/mqtt-fuzzing/builds/nanomq-asan/nng/src/sp/protocol/mqtt/mqtt_parser.c:1363 nano_msg_notify: test offline!
2026-09-16 01:03:41 [1345539] WARN  /home/kadir/mqtt-fuzzing/builds/nanomq-asan/nng/src/sp/protocol/mqtt/mqtt_parser.c:1359 nano_msg_notify: test online!
2026-09-16 01:03:41 [1345544] ERROR /home/kadir/mqtt-fuzzing/builds/nanomq-asan/nng/src/sp/transport/mqtt/broker_tcp.c:691 tcptran_pipe_recv_cb: Size of packet exceeds limitation: 0x95

2026-09-16 01:03:41 [1345544] WARN  /home/kadir/mqtt-fuzzing/builds/nanomq-asan/nng/src/sp/transport/mqtt/broker_tcp.c:895 tcptran_pipe_recv_cb: tcptran_pipe_recv_cb: recv_error rv: 149

2026-09-16 01:03:41 [1345546] WARN  /home/kadir/mqtt-fuzzing/builds/nanomq-asan/nng/src/sp/protocol/mqtt/mqtt_parser.c:1363 nano_msg_notify: test offline!
2026-09-16 01:03:41 [1345541] WARN  /home/kadir/mqtt-fuzzing/builds/nanomq-asan/nng/src/sp/transport/mqtt/broker_tcp.c:628 tcptran_pipe_recv_cb: nni aio recv error!! Connection shutdown

2026-09-16 01:03:41 [1345541] WARN  /home/kadir/mqtt-fuzzing/builds/nanomq-asan/nng/src/sp/transport/mqtt/broker_tcp.c:895 tcptran_pipe_recv_cb: tcptran_pipe_recv_cb: recv_error rv: 139

2026-09-16 01:03:41 [1345544] WARN  /home/kadir/mqtt-fuzzing/builds/nanomq-asan/nng/src/sp/protocol/mqtt/mqtt_parser.c:1359 nano_msg_notify: test online!
2026-09-16 01:03:41 [1345543] WARN  /home/kadir/mqtt-fuzzing/builds/nanomq-asan/nng/src/sp/protocol/mqtt/mqtt_parser.c:1363 nano_msg_notify: test offline!
2026-09-16 01:03:41 [1345542] WARN  /home/kadir/mqtt-fuzzing/builds/nanomq-asan/nng/src/sp/protocol/mqtt/mqtt_parser.c:1359 nano_msg_notify: test online!2026-09-16 01:03:41 [1345541] WARN  /home/kadir/mqtt-fuzzing/builds/nanomq-asan/nng/src/sp/transport/mqtt/broker_tcp.c:628 tcptran_pipe_recv_cb: nni aio recv error!! Connection shutdown


2026-09-16 01:03:41 [1345541] WARN  /home/kadir/mqtt-fuzzing/builds/nanomq-asan/nng/src/sp/transport/mqtt/broker_tcp.c:895 tcptran_pipe_recv_cb: tcptran_pipe_recv_cb: recv_error rv: 139

2026-09-16 01:03:41 [1345544] WARN  /home/kadir/mqtt-fuzzing/builds/nanomq-asan/nng/src/sp/protocol/mqtt/mqtt_parser.c:1363 nano_msg_notify: test offline!
2026-09-16 01:03:41 [1345545] WARN  /home/kadir/mqtt-fuzzing/builds/nanomq-asan/nng/src/sp/protocol/mqtt/mqtt_parser.c:1359 nano_msg_notify: test online!
2026-09-16 01:03:41 [1345540] ERROR /home/kadir/mqtt-fuzzing/builds/nanomq-asan/nng/src/sp/transport/mqtt/broker_tcp.c:845 tcptran_pipe_recv_cb: Invalid subscribe packet!
2026-09-16 01:03:41 [1345540] WARN  /home/kadir/mqtt-fuzzing/builds/nanomq-asan/nng/src/sp/transport/mqtt/broker_tcp.c:895 tcptran_pipe_recv_cb: tcptran_pipe_recv_cb: recv_error rv: 130

2026-09-16 01:03:41 [1345541] WARN  /home/kadir/mqtt-fuzzing/builds/nanomq-asan/nng/src/sp/protocol/mqtt/mqtt_parser.c:1363 nano_msg_notify: test offline!
2026-09-16 01:03:41 [1345541] ERROR /home/kadir/mqtt-fuzzing/builds/nanomq-asan/nng/src/sp/transport/mqtt/broker_tcp.c:845 tcptran_pipe_recv_cb: Invalid subscribe packet!
2026-09-16 01:03:41 [1345541] WARN  /home/kadir/mqtt-fuzzing/builds/nanomq-asan/nng/src/sp/transport/mqtt/broker_tcp.c:895 tcptran_pipe_recv_cb: tcptran_pipe_recv_cb: recv_error rv: 130

2026-09-16 01:03:41 [1345545] WARN  /home/kadir/mqtt-fuzzing/builds/nanomq-asan/nng/src/sp/protocol/mqtt/mqtt_parser.c:1359 nano_msg_notify: test online!
2026-09-16 01:03:41 [1345546] WARN  /home/kadir/mqtt-fuzzing/builds/nanomq-asan/nng/src/sp/protocol/mqtt/mqtt_parser.c:1363 nano_msg_notify: test offline!
2026-09-16 01:03:41 [1345544] WARN  /home/kadir/mqtt-fuzzing/builds/nanomq-asan/nng/src/sp/protocol/mqtt/mqtt_parser.c:1359 nano_msg_notify: test online!
2026-09-16 01:03:41 [1345546] WARN  /home/kadir/mqtt-fuzzing/builds/nanomq-asan/nng/src/sp/transport/mqtt/broker_tcp.c:628 tcptran_pipe_recv_cb: nni aio recv error!! Connection shutdown

2026-09-16 01:03:41 [1345546] WARN  /home/kadir/mqtt-fuzzing/builds/nanomq-asan/nng/src/sp/transport/mqtt/broker_tcp.c:895 tcptran_pipe_recv_cb: tcptran_pipe_recv_cb: recv_error rv: 139

2026-09-16 01:03:41 [1345541] WARN  /home/kadir/mqtt-fuzzing/builds/nanomq-asan/nng/src/sp/protocol/mqtt/mqtt_parser.c:1363 nano_msg_notify: test offline!
2026-09-16 01:03:41 [1345543] WARN  /home/kadir/mqtt-fuzzing/builds/nanomq-asan/nng/src/sp/protocol/mqtt/mqtt_parser.c:1359 nano_msg_notify: test online!
2026-09-16 01:03:41 [1345541] ERROR /home/kadir/mqtt-fuzzing/builds/nanomq-asan/nng/src/sp/transport/mqtt/broker_tcp.c:845 tcptran_pipe_recv_cb: Invalid subscribe packet!
2026-09-16 01:03:41 [1345541] WARN  /home/kadir/mqtt-fuzzing/builds/nanomq-asan/nng/src/sp/transport/mqtt/broker_tcp.c:895 tcptran_pipe_recv_cb: tcptran_pipe_recv_cb: recv_error rv: 130

2026-09-16 01:03:41 [1345540] WARN  /home/kadir/mqtt-fuzzing/builds/nanomq-asan/nng/src/sp/protocol/mqtt/mqtt_parser.c:1363 nano_msg_notify: test offline!
2026-09-16 01:03:41 [1345544] WARN  /home/kadir/mqtt-fuzzing/builds/nanomq-asan/nng/src/sp/protocol/mqtt/mqtt_parser.c:1359 nano_msg_notify: test online!
2026-09-16 01:03:41 [1345540] WARN  /home/kadir/mqtt-fuzzing/builds/nanomq-asan/nng/src/sp/transport/mqtt/broker_tcp.c:895 tcptran_pipe_recv_cb: tcptran_pipe_recv_cb: recv_error rv: 153

2026-09-16 01:03:41 [1345542] WARN  /home/kadir/mqtt-fuzzing/builds/nanomq-asan/nng/src/sp/protocol/mqtt/mqtt_parser.c:1363 nano_msg_notify: test offline!
2026-09-16 01:03:41 [1345543] WARN  /home/kadir/mqtt-fuzzing/builds/nanomq-asan/nng/src/sp/protocol/mqtt/mqtt_parser.c:1359 nano_msg_notify: test online!
2026-09-16 01:03:41 [1345539] ERROR /home/kadir/mqtt-fuzzing/builds/nanomq-asan/nng/src/sp/transport/mqtt/broker_tcp.c:845 tcptran_pipe_recv_cb: Invalid subscribe packet!
2026-09-16 01:03:41 [1345539] WARN  /home/kadir/mqtt-fuzzing/builds/nanomq-asan/nng/src/sp/transport/mqtt/broker_tcp.c:895 tcptran_pipe_recv_cb: tcptran_pipe_recv_cb: recv_error rv: 130

2026-09-16 01:03:41 [1345544] WARN  /home/kadir/mqtt-fuzzing/builds/nanomq-asan/nng/src/sp/protocol/mqtt/mqtt_parser.c:1363 nano_msg_notify: test offline!
2026-09-16 01:03:41 [1345543] WARN  /home/kadir/mqtt-fuzzing/builds/nanomq-asan/nng/src/sp/protocol/mqtt/mqtt_parser.c:1359 nano_msg_notify: test online!
2026-09-16 01:03:41 [1345545] WARN  /home/kadir/mqtt-fuzzing/builds/nanomq-asan/nng/src/sp/transport/mqtt/broker_tcp.c:662 tcptran_pipe_recv_cb: MALFORMED_PACKET received.
2026-09-16 01:03:41 [1345545] WARN  /home/kadir/mqtt-fuzzing/builds/nanomq-asan/nng/src/sp/transport/mqtt/broker_tcp.c:895 tcptran_pipe_recv_cb: tcptran_pipe_recv_cb: recv_error rv: 17

2026-09-16 01:03:41 [1345539] WARN  /home/kadir/mqtt-fuzzing/builds/nanomq-asan/nng/src/sp/protocol/mqtt/mqtt_parser.c:1363 nano_msg_notify: test offline!
2026-09-16 01:03:41 [1345541] WARN  /home/kadir/mqtt-fuzzing/builds/nanomq-asan/nng/src/sp/protocol/mqtt/mqtt_parser.c:1359 nano_msg_notify: test online!
2026-09-16 01:03:41 [1345539] ERROR /home/kadir/mqtt-fuzzing/builds/nanomq-asan/nng/src/sp/transport/mqtt/broker_tcp.c:845 tcptran_pipe_recv_cb: Invalid subscribe packet!
2026-09-16 01:03:41 [1345539] WARN  /home/kadir/mqtt-fuzzing/builds/nanomq-asan/nng/src/sp/transport/mqtt/broker_tcp.c:895 tcptran_pipe_recv_cb: tcptran_pipe_recv_cb: recv_error rv: 130

2026-09-16 01:03:41 [1345542] WARN  /home/kadir/mqtt-fuzzing/builds/nanomq-asan/nng/src/sp/protocol/mqtt/mqtt_parser.c:1363 nano_msg_notify: test offline!
2026-09-16 01:03:41 [1345541] WARN  /home/kadir/mqtt-fuzzing/builds/nanomq-asan/nng/src/sp/protocol/mqtt/mqtt_parser.c:1359 nano_msg_notify: test online!
2026-09-16 01:03:41 [1345544] ERROR /home/kadir/mqtt-fuzzing/builds/nanomq-asan/nng/src/sp/transport/mqtt/broker_tcp.c:691 tcptran_pipe_recv_cb: Size of packet exceeds limitation: 0x95

2026-09-16 01:03:41 [1345544] WARN  /home/kadir/mqtt-fuzzing/builds/nanomq-asan/nng/src/sp/transport/mqtt/broker_tcp.c:895 tcptran_pipe_recv_cb: tcptran_pipe_recv_cb: recv_error rv: 149

2026-09-16 01:03:41 [1345542] WARN  /home/kadir/mqtt-fuzzing/builds/nanomq-asan/nng/src/sp/protocol/mqtt/mqtt_parser.c:1363 nano_msg_notify: test offline!
2026-09-16 01:03:41 [1345544] WARN  /home/kadir/mqtt-fuzzing/builds/nanomq-asan/nng/src/sp/protocol/mqtt/mqtt_parser.c:1359 nano_msg_notify: test online!
2026-09-16 01:03:41 [1345541] WARN  /home/kadir/mqtt-fuzzing/builds/nanomq-asan/nng/src/sp/protocol/mqtt/mqtt_parser.c:1730 nmq_subinfo_decode:  0 Packetid in subscribe request
2026-09-16 01:03:41 [1345541] ERROR /home/kadir/mqtt-fuzzing/builds/nanomq-asan/nng/src/sp/transport/mqtt/broker_tcp.c:845 tcptran_pipe_recv_cb: Invalid subscribe packet!
2026-09-16 01:03:41 [1345541] WARN  /home/kadir/mqtt-fuzzing/builds/nanomq-asan/nng/src/sp/transport/mqtt/broker_tcp.c:895 tcptran_pipe_recv_cb: tcptran_pipe_recv_cb: recv_error rv: 130

2026-09-16 01:03:41 [1345545] WARN  /home/kadir/mqtt-fuzzing/builds/nanomq-asan/nng/src/sp/protocol/mqtt/mqtt_parser.c:1363 nano_msg_notify: test offline!
2026-09-16 01:03:41 [1345544] WARN  /home/kadir/mqtt-fuzzing/builds/nanomq-asan/nng/src/sp/protocol/mqtt/mqtt_parser.c:1359 nano_msg_notify: test online!
2026-09-16 01:03:41 [1345543] ERROR /home/kadir/mqtt-fuzzing/builds/nanomq-asan/nng/src/sp/transport/mqtt/broker_tcp.c:845 tcptran_pipe_recv_cb: Invalid subscribe packet!
2026-09-16 01:03:41 [1345543] WARN  /home/kadir/mqtt-fuzzing/builds/nanomq-asan/nng/src/sp/transport/mqtt/broker_tcp.c:895 tcptran_pipe_recv_cb: tcptran_pipe_recv_cb: recv_error rv: 130

2026-09-16 01:03:41 [1345540] WARN  /home/kadir/mqtt-fuzzing/builds/nanomq-asan/nng/src/sp/protocol/mqtt/mqtt_parser.c:1363 nano_msg_notify: test offline!
2026-09-16 01:03:41 [1345542] ERROR /home/kadir/mqtt-fuzzing/builds/nanomq-asan/nng/src/sp/transport/mqtt/broker_tcp.c:845 tcptran_pipe_recv_cb: Invalid subscribe packet!
2026-09-16 01:03:41 [1345542] WARN  /home/kadir/mqtt-fuzzing/builds/nanomq-asan/nng/src/sp/transport/mqtt/broker_tcp.c:895 tcptran_pipe_recv_cb: tcptran_pipe_recv_cb: recv_error rv: 130

2026-09-16 01:03:41 [1345544] WARN  /home/kadir/mqtt-fuzzing/builds/nanomq-asan/nng/src/sp/protocol/mqtt/mqtt_parser.c:1359 nano_msg_notify: test online!
2026-09-16 01:03:41 [1345545] WARN  /home/kadir/mqtt-fuzzing/builds/nanomq-asan/nng/src/sp/protocol/mqtt/mqtt_parser.c:1363 nano_msg_notify: test offline!
2026-09-16 01:03:41 [1345539] WARN  /home/kadir/mqtt-fuzzing/builds/nanomq-asan/nng/src/sp/protocol/mqtt/mqtt_parser.c:1359 nano_msg_notify: test online!
2026-09-16 01:03:41 [1345545] WARN  /home/kadir/mqtt-fuzzing/builds/nanomq-asan/nng/src/sp/transport/mqtt/broker_tcp.c:628 tcptran_pipe_recv_cb: nni aio recv error!! Connection shutdown

2026-09-16 01:03:41 [1345545] WARN  /home/kadir/mqtt-fuzzing/builds/nanomq-asan/nng/src/sp/transport/mqtt/broker_tcp.c:895 tcptran_pipe_recv_cb: tcptran_pipe_recv_cb: recv_error rv: 139

2026-09-16 01:03:41 [1345543] WARN  /home/kadir/mqtt-fuzzing/builds/nanomq-asan/nng/src/sp/protocol/mqtt/mqtt_parser.c:1363 nano_msg_notify: test offline!
2026-09-16 01:03:41 [1345540] WARN  /home/kadir/mqtt-fuzzing/builds/nanomq-asan/nng/src/sp/protocol/mqtt/mqtt_parser.c:1359 nano_msg_notify: test online!
2026-09-16 01:03:41 [1345543] ERROR /home/kadir/mqtt-fuzzing/builds/nanomq-asan/nng/src/sp/transport/mqtt/broker_tcp.c:845 tcptran_pipe_recv_cb: Invalid subscribe packet!
2026-09-16 01:03:41 [1345543] WARN  /home/kadir/mqtt-fuzzing/builds/nanomq-asan/nng/src/sp/transport/mqtt/broker_tcp.c:895 tcptran_pipe_recv_cb: tcptran_pipe_recv_cb: recv_error rv: 130

2026-09-16 01:03:41 [1345544] WARN  /home/kadir/mqtt-fuzzing/builds/nanomq-asan/nng/src/sp/protocol/mqtt/mqtt_parser.c:1363 nano_msg_notify: test offline!
2026-09-16 01:03:41 [1345543] WARN  /home/kadir/mqtt-fuzzing/builds/nanomq-asan/nng/src/sp/protocol/mqtt/mqtt_parser.c:1359 nano_msg_notify: test online!
2026-09-16 01:03:41 [1345540] WARN  /home/kadir/mqtt-fuzzing/builds/nanomq-asan/nng/src/sp/transport/mqtt/broker_tcp.c:628 tcptran_pipe_recv_cb: nni aio recv error!! Connection shutdown

2026-09-16 01:03:41 [1345540] WARN  /home/kadir/mqtt-fuzzing/builds/nanomq-asan/nng/src/sp/transport/mqtt/broker_tcp.c:895 tcptran_pipe_recv_cb: tcptran_pipe_recv_cb: recv_error rv: 139

2026-09-16 01:03:41 [1345545] WARN  /home/kadir/mqtt-fuzzing/builds/nanomq-asan/nng/src/sp/protocol/mqtt/mqtt_parser.c:1363 nano_msg_notify: test offline!
2026-09-16 01:03:41 [1345540] WARN  /home/kadir/mqtt-fuzzing/builds/nanomq-asan/nng/src/sp/protocol/mqtt/mqtt_parser.c:1730 nmq_subinfo_decode:  0 Packetid in subscribe request
2026-09-16 01:03:41 [1345540] ERROR /home/kadir/mqtt-fuzzing/builds/nanomq-asan/nng/src/sp/transport/mqtt/broker_tcp.c:845 tcptran_pipe_recv_cb: Invalid subscribe packet!
2026-09-16 01:03:41 [1345540] WARN  /home/kadir/mqtt-fuzzing/builds/nanomq-asan/nng/src/sp/transport/mqtt/broker_tcp.c:895 tcptran_pipe_recv_cb: tcptran_pipe_recv_cb: recv_error rv: 130

2026-09-16 01:03:41 [1345541] WARN  /home/kadir/mqtt-fuzzing/builds/nanomq-asan/nng/src/sp/protocol/mqtt/mqtt_parser.c:1359 nano_msg_notify: test online!
2026-09-16 01:03:41 [1345544] WARN  /home/kadir/mqtt-fuzzing/builds/nanomq-asan/nng/src/sp/protocol/mqtt/mqtt_parser.c:1363 nano_msg_notify: test offline!
2026-09-16 01:03:41 [1345542] WARN  /home/kadir/mqtt-fuzzing/builds/nanomq-asan/nng/src/sp/protocol/mqtt/mqtt_parser.c:1359 nano_msg_notify: test online!
2026-09-16 01:03:41 [1345544] ERROR /home/kadir/mqtt-fuzzing/builds/nanomq-asan/nng/src/sp/transport/mqtt/broker_tcp.c:845 tcptran_pipe_recv_cb: Invalid subscribe packet!
2026-09-16 01:03:41 [1345544] WARN  /home/kadir/mqtt-fuzzing/builds/nanomq-asan/nng/src/sp/transport/mqtt/broker_tcp.c:895 tcptran_pipe_recv_cb: tcptran_pipe_recv_cb: recv_error rv: 130

2026-09-16 01:03:41 [1345540] WARN  /home/kadir/mqtt-fuzzing/builds/nanomq-asan/nng/src/sp/protocol/mqtt/mqtt_parser.c:1363 nano_msg_notify: test offline!
2026-09-16 01:03:41 [1345542] WARN  /home/kadir/mqtt-fuzzing/builds/nanomq-asan/nng/src/sp/protocol/mqtt/mqtt_parser.c:1359 nano_msg_notify: test online!
2026-09-16 01:03:41 [1345543] ERROR /home/kadir/mqtt-fuzzing/builds/nanomq-asan/nng/src/sp/transport/mqtt/broker_tcp.c:845 tcptran_pipe_recv_cb: Invalid subscribe packet!
2026-09-16 01:03:41 [1345543] WARN  /home/kadir/mqtt-fuzzing/builds/nanomq-asan/nng/src/sp/transport/mqtt/broker_tcp.c:895 tcptran_pipe_recv_cb: tcptran_pipe_recv_cb: recv_error rv: 130

2026-09-16 01:03:41 [1345545] WARN  /home/kadir/mqtt-fuzzing/builds/nanomq-asan/nng/src/sp/protocol/mqtt/mqtt_parser.c:1363 nano_msg_notify: test offline!
2026-09-16 01:03:41 [1345540] WARN  /home/kadir/mqtt-fuzzing/builds/nanomq-asan/nng/src/sp/protocol/mqtt/mqtt_parser.c:1359 nano_msg_notify: test online!
2026-09-16 01:03:41 [1345543] ERROR /home/kadir/mqtt-fuzzing/builds/nanomq-asan/nng/src/sp/transport/mqtt/broker_tcp.c:845 tcptran_pipe_recv_cb: Invalid subscribe packet!
2026-09-16 01:03:41 [1345543] WARN  /home/kadir/mqtt-fuzzing/builds/nanomq-asan/nng/src/sp/transport/mqtt/broker_tcp.c:895 tcptran_pipe_recv_cb: tcptran_pipe_recv_cb: recv_error rv: 130

2026-09-16 01:03:41 [1345542] WARN  /home/kadir/mqtt-fuzzing/builds/nanomq-asan/nng/src/sp/protocol/mqtt/mqtt_parser.c:1363 nano_msg_notify: test offline!
2026-09-16 01:03:41 [1345540] WARN  /home/kadir/mqtt-fuzzing/builds/nanomq-asan/nng/src/sp/protocol/mqtt/mqtt_parser.c:1359 nano_msg_notify: test online!
2026-09-16 01:03:41 [1345546] ERROR /home/kadir/mqtt-fuzzing/builds/nanomq-asan/nng/src/sp/transport/mqtt/broker_tcp.c:845 tcptran_pipe_recv_cb: Invalid subscribe packet!
2026-09-16 01:03:41 [1345546] WARN  /home/kadir/mqtt-fuzzing/builds/nanomq-asan/nng/src/sp/transport/mqtt/broker_tcp.c:895 tcptran_pipe_recv_cb: tcptran_pipe_recv_cb: recv_error rv: 130

2026-09-16 01:03:41 [1345539] WARN  /home/kadir/mqtt-fuzzing/builds/nanomq-asan/nng/src/sp/protocol/mqtt/mqtt_parser.c:1363 nano_msg_notify: test offline!
2026-09-16 01:03:41 [1345545] WARN  /home/kadir/mqtt-fuzzing/builds/nanomq-asan/nng/src/sp/protocol/mqtt/mqtt_parser.c:1359 nano_msg_notify: test online!
2026-09-16 01:03:41 [1345539] ERROR /home/kadir/mqtt-fuzzing/builds/nanomq-asan/nng/src/sp/transport/mqtt/broker_tcp.c:845 tcptran_pipe_recv_cb: Invalid subscribe packet!
2026-09-16 01:03:41 [1345539] WARN  /home/kadir/mqtt-fuzzing/builds/nanomq-asan/nng/src/sp/transport/mqtt/broker_tcp.c:895 tcptran_pipe_recv_cb: tcptran_pipe_recv_cb: recv_error rv: 130

2026-09-16 01:03:41 [1345546] WARN  /home/kadir/mqtt-fuzzing/builds/nanomq-asan/nng/src/sp/protocol/mqtt/mqtt_parser.c:1363 nano_msg_notify: test offline!
2026-09-16 01:03:41 [1345545] WARN  /home/kadir/mqtt-fuzzing/builds/nanomq-asan/nng/src/sp/protocol/mqtt/mqtt_parser.c:1359 nano_msg_notify: test online!
2026-09-16 01:03:41 [1345541] WARN  /home/kadir/mqtt-fuzzing/builds/nanomq-asan/nng/src/sp/transport/mqtt/broker_tcp.c:628 tcptran_pipe_recv_cb: nni aio recv error!! Connection shutdown

2026-09-16 01:03:41 [1345541] WARN  /home/kadir/mqtt-fuzzing/builds/nanomq-asan/nng/src/sp/transport/mqtt/broker_tcp.c:895 tcptran_pipe_recv_cb: tcptran_pipe_recv_cb: recv_error rv: 139

2026-09-16 01:03:41 [1345543] WARN  /home/kadir/mqtt-fuzzing/builds/nanomq-asan/nng/src/sp/protocol/mqtt/mqtt_parser.c:1363 nano_msg_notify: test offline!
2026-09-16 01:03:41 [1345546] WARN  /home/kadir/mqtt-fuzzing/builds/nanomq-asan/nng/src/sp/protocol/mqtt/mqtt_parser.c:1359 nano_msg_notify: test online!
2026-09-16 01:03:41 [1345540] ERROR /home/kadir/mqtt-fuzzing/builds/nanomq-asan/nng/src/sp/transport/mqtt/broker_tcp.c:691 tcptran_pipe_recv_cb: Size of packet exceeds limitation: 0x95

2026-09-16 01:03:41 [1345540] WARN  /home/kadir/mqtt-fuzzing/builds/nanomq-asan/nng/src/sp/transport/mqtt/broker_tcp.c:895 tcptran_pipe_recv_cb: tcptran_pipe_recv_cb: recv_error rv: 149

2026-09-16 01:03:41 [1345541] WARN  /home/kadir/mqtt-fuzzing/builds/nanomq-asan/nng/src/sp/protocol/mqtt/mqtt_parser.c:1363 nano_msg_notify: test offline!
2026-09-16 01:03:41 [1345539] WARN  /home/kadir/mqtt-fuzzing/builds/nanomq-asan/nng/src/sp/protocol/mqtt/mqtt_parser.c:1359 nano_msg_notify: test online!
2026-09-16 01:03:41 [1345540] ERROR /home/kadir/mqtt-fuzzing/builds/nanomq-asan/nng/src/sp/transport/mqtt/broker_tcp.c:845 tcptran_pipe_recv_cb: Invalid subscribe packet!
2026-09-16 01:03:41 [1345540] WARN  /home/kadir/mqtt-fuzzing/builds/nanomq-asan/nng/src/sp/transport/mqtt/broker_tcp.c:895 tcptran_pipe_recv_cb: tcptran_pipe_recv_cb: recv_error rv: 130

2026-09-16 01:03:41 [1345545] WARN  /home/kadir/mqtt-fuzzing/builds/nanomq-asan/nng/src/sp/protocol/mqtt/mqtt_parser.c:1363 nano_msg_notify: test offline!
2026-09-16 01:03:41 [1345539] WARN  /home/kadir/mqtt-fuzzing/builds/nanomq-asan/nng/src/sp/protocol/mqtt/mqtt_parser.c:1359 nano_msg_notify: test online!
2026-09-16 01:03:41 [1345544] WARN  /home/kadir/mqtt-fuzzing/builds/nanomq-asan/nng/src/sp/transport/mqtt/broker_tcp.c:628 tcptran_pipe_recv_cb: nni aio recv error!! Connection shutdown

2026-09-16 01:03:41 [1345544] WARN  /home/kadir/mqtt-fuzzing/builds/nanomq-asan/nng/src/sp/transport/mqtt/broker_tcp.c:895 tcptran_pipe_recv_cb: tcptran_pipe_recv_cb: recv_error rv: 139

2026-09-16 01:03:41 [1345542] WARN  /home/kadir/mqtt-fuzzing/builds/nanomq-asan/nng/src/sp/protocol/mqtt/mqtt_parser.c:1363 nano_msg_notify: test offline!
2026-09-16 01:03:41 [1345543] WARN  /home/kadir/mqtt-fuzzing/builds/nanomq-asan/nng/src/sp/protocol/mqtt/mqtt_parser.c:1359 nano_msg_notify: test online!
2026-09-16 01:03:41 [1345546] WARN  /home/kadir/mqtt-fuzzing/builds/nanomq-asan/nng/src/sp/transport/mqtt/broker_tcp.c:662 tcptran_pipe_recv_cb: MALFORMED_PACKET received.
2026-09-16 01:03:41 [1345546] WARN  /home/kadir/mqtt-fuzzing/builds/nanomq-asan/nng/src/sp/transport/mqtt/broker_tcp.c:895 tcptran_pipe_recv_cb: tcptran_pipe_recv_cb: recv_error rv: 17

2026-09-16 01:03:41 [1345542] WARN  /home/kadir/mqtt-fuzzing/builds/nanomq-asan/nng/src/sp/protocol/mqtt/mqtt_parser.c:1363 nano_msg_notify: test offline!
2026-09-16 01:03:41 [1345539] WARN  /home/kadir/mqtt-fuzzing/builds/nanomq-asan/nng/src/sp/protocol/mqtt/mqtt_parser.c:1359 nano_msg_notify: test online!
2026-09-16 01:03:41 [1345542] ERROR /home/kadir/mqtt-fuzzing/builds/nanomq-asan/nng/src/sp/transport/mqtt/broker_tcp.c:845 tcptran_pipe_recv_cb: Invalid subscribe packet!
2026-09-16 01:03:41 [1345542] WARN  /home/kadir/mqtt-fuzzing/builds/nanomq-asan/nng/src/sp/transport/mqtt/broker_tcp.c:895 tcptran_pipe_recv_cb: tcptran_pipe_recv_cb: recv_error rv: 130

2026-09-16 01:03:41 [1345541] WARN  /home/kadir/mqtt-fuzzing/builds/nanomq-asan/nng/src/sp/protocol/mqtt/mqtt_parser.c:1363 nano_msg_notify: test offline!
2026-09-16 01:03:41 [1345543] WARN  /home/kadir/mqtt-fuzzing/builds/nanomq-asan/nng/src/sp/protocol/mqtt/mqtt_parser.c:1359 nano_msg_notify: test online!
2026-09-16 01:03:41 [1345544] WARN  /home/kadir/mqtt-fuzzing/builds/nanomq-asan/nng/src/sp/transport/mqtt/broker_tcp.c:662 tcptran_pipe_recv_cb: MALFORMED_PACKET received.
2026-09-16 01:03:41 [1345544] WARN  /home/kadir/mqtt-fuzzing/builds/nanomq-asan/nng/src/sp/transport/mqtt/broker_tcp.c:895 tcptran_pipe_recv_cb: tcptran_pipe_recv_cb: recv_error rv: 17

2026-09-16 01:03:41 [1345546] WARN  /home/kadir/mqtt-fuzzing/builds/nanomq-asan/nng/src/sp/protocol/mqtt/mqtt_parser.c:1363 nano_msg_notify: test offline!
2026-09-16 01:03:41 [1345539] WARN  /home/kadir/mqtt-fuzzing/builds/nanomq-asan/nng/src/sp/protocol/mqtt/mqtt_parser.c:1359 nano_msg_notify: test online!
2026-09-16 01:03:41 [1345541] WARN  /home/kadir/mqtt-fuzzing/builds/nanomq-asan/nng/src/sp/transport/mqtt/broker_tcp.c:662 tcptran_pipe_recv_cb: MALFORMED_PACKET received.
2026-09-16 01:03:41 [1345541] WARN  /home/kadir/mqtt-fuzzing/builds/nanomq-asan/nng/src/sp/transport/mqtt/broker_tcp.c:895 tcptran_pipe_recv_cb: tcptran_pipe_recv_cb: recv_error rv: 17

2026-09-16 01:03:41 [1345540] WARN  /home/kadir/mqtt-fuzzing/builds/nanomq-asan/nng/src/sp/protocol/mqtt/mqtt_parser.c:1363 nano_msg_notify: test offline!
2026-09-16 01:03:41 [1345546] WARN  /home/kadir/mqtt-fuzzing/builds/nanomq-asan/nng/src/sp/protocol/mqtt/mqtt_parser.c:1359 nano_msg_notify: test online!
2026-09-16 01:03:41 [1345540] ERROR /home/kadir/mqtt-fuzzing/builds/nanomq-asan/nng/src/sp/transport/mqtt/broker_tcp.c:845 tcptran_pipe_recv_cb: Invalid subscribe packet!
2026-09-16 01:03:41 [1345540] WARN  /home/kadir/mqtt-fuzzing/builds/nanomq-asan/nng/src/sp/transport/mqtt/broker_tcp.c:895 tcptran_pipe_recv_cb: tcptran_pipe_recv_cb: recv_error rv: 130

2026-09-16 01:03:41 [1345543] WARN  /home/kadir/mqtt-fuzzing/builds/nanomq-asan/nng/src/sp/protocol/mqtt/mqtt_parser.c:1363 nano_msg_notify: test offline!
2026-09-16 01:03:41 [1345542] WARN  /home/kadir/mqtt-fuzzing/builds/nanomq-asan/nng/src/sp/protocol/mqtt/mqtt_parser.c:1359 nano_msg_notify: test online!
2026-09-16 01:03:41 [1345543] ERROR /home/kadir/mqtt-fuzzing/builds/nanomq-asan/nng/src/sp/transport/mqtt/broker_tcp.c:845 tcptran_pipe_recv_cb: Invalid subscribe packet!
2026-09-16 01:03:41 [1345543] WARN  /home/kadir/mqtt-fuzzing/builds/nanomq-asan/nng/src/sp/transport/mqtt/broker_tcp.c:895 tcptran_pipe_recv_cb: tcptran_pipe_recv_cb: recv_error rv: 130

2026-09-16 01:03:41 [1345539] WARN  /home/kadir/mqtt-fuzzing/builds/nanomq-asan/nng/src/sp/protocol/mqtt/mqtt_parser.c:1363 nano_msg_notify: test offline!
2026-09-16 01:03:41 [1345542] WARN  /home/kadir/mqtt-fuzzing/builds/nanomq-asan/nng/src/sp/protocol/mqtt/mqtt_parser.c:1359 nano_msg_notify: test online!
2026-09-16 01:03:41 [1345541] ERROR /home/kadir/mqtt-fuzzing/builds/nanomq-asan/nng/src/sp/transport/mqtt/broker_tcp.c:845 tcptran_pipe_recv_cb: Invalid subscribe packet!
2026-09-16 01:03:41 [1345541] WARN  /home/kadir/mqtt-fuzzing/builds/nanomq-asan/nng/src/sp/transport/mqtt/broker_tcp.c:895 tcptran_pipe_recv_cb: tcptran_pipe_recv_cb: recv_error rv: 130

2026-09-16 01:03:41 [1345540] WARN  /home/kadir/mqtt-fuzzing/builds/nanomq-asan/nng/src/sp/protocol/mqtt/mqtt_parser.c:1363 nano_msg_notify: test offline!
2026-09-16 01:03:41 [1345542] WARN  /home/kadir/mqtt-fuzzing/builds/nanomq-asan/nng/src/sp/protocol/mqtt/mqtt_parser.c:1359 nano_msg_notify: test online!
2026-09-16 01:03:41 [1345540] ERROR /home/kadir/mqtt-fuzzing/builds/nanomq-asan/nng/src/sp/transport/mqtt/broker_tcp.c:845 tcptran_pipe_recv_cb: Invalid subscribe packet!
2026-09-16 01:03:41 [1345540] WARN  /home/kadir/mqtt-fuzzing/builds/nanomq-asan/nng/src/sp/transport/mqtt/broker_tcp.c:895 tcptran_pipe_recv_cb: tcptran_pipe_recv_cb: recv_error rv: 130

2026-09-16 01:03:41 [1345544] WARN  /home/kadir/mqtt-fuzzing/builds/nanomq-asan/nng/src/sp/protocol/mqtt/mqtt_parser.c:1363 nano_msg_notify: test offline!
2026-09-16 01:03:41 [1345540] WARN  /home/kadir/mqtt-fuzzing/builds/nanomq-asan/nng/src/sp/protocol/mqtt/mqtt_parser.c:1359 nano_msg_notify: test online!
2026-09-16 01:03:41 [1345544] ERROR /home/kadir/mqtt-fuzzing/builds/nanomq-asan/nng/src/sp/transport/mqtt/broker_tcp.c:845 tcptran_pipe_recv_cb: Invalid subscribe packet!
2026-09-16 01:03:41 [1345544] WARN  /home/kadir/mqtt-fuzzing/builds/nanomq-asan/nng/src/sp/transport/mqtt/broker_tcp.c:895 tcptran_pipe_recv_cb: tcptran_pipe_recv_cb: recv_error rv: 130

2026-09-16 01:03:41 [1345543] WARN  /home/kadir/mqtt-fuzzing/builds/nanomq-asan/nng/src/sp/protocol/mqtt/mqtt_parser.c:1363 nano_msg_notify: test offline!
2026-09-16 01:03:41 [1345544] WARN  /home/kadir/mqtt-fuzzing/builds/nanomq-asan/nng/src/sp/protocol/mqtt/mqtt_parser.c:1359 nano_msg_notify: test online!
2026-09-16 01:03:41 [1345539] WARN  /home/kadir/mqtt-fuzzing/builds/nanomq-asan/nng/src/sp/transport/mqtt/broker_tcp.c:628 tcptran_pipe_recv_cb: nni aio recv error!! Connection shutdown

2026-09-16 01:03:41 [1345539] WARN  /home/kadir/mqtt-fuzzing/builds/nanomq-asan/nng/src/sp/transport/mqtt/broker_tcp.c:895 tcptran_pipe_recv_cb: tcptran_pipe_recv_cb: recv_error rv: 139

2026-09-16 01:03:41 [1345545] WARN  /home/kadir/mqtt-fuzzing/builds/nanomq-asan/nng/src/sp/protocol/mqtt/mqtt_parser.c:1363 nano_msg_notify: test offline!
2026-09-16 01:03:41 [1345543] WARN  /home/kadir/mqtt-fuzzing/builds/nanomq-asan/nng/src/sp/protocol/mqtt/mqtt_parser.c:1359 nano_msg_notify: test online!
2026-09-16 01:03:41 [1345546] ERROR /home/kadir/mqtt-fuzzing/builds/nanomq-asan/nng/src/sp/transport/mqtt/broker_tcp.c:845 tcptran_pipe_recv_cb: Invalid subscribe packet!
2026-09-16 01:03:41 [1345546] WARN  /home/kadir/mqtt-fuzzing/builds/nanomq-asan/nng/src/sp/transport/mqtt/broker_tcp.c:895 tcptran_pipe_recv_cb: tcptran_pipe_recv_cb: recv_error rv: 130

2026-09-16 01:03:41 [1345546] WARN  /home/kadir/mqtt-fuzzing/builds/nanomq-asan/nng/src/sp/protocol/mqtt/mqtt_parser.c:1363 nano_msg_notify: test offline!
2026-09-16 01:03:41 [1345540] WARN  /home/kadir/mqtt-fuzzing/builds/nanomq-asan/nng/src/sp/protocol/mqtt/mqtt_parser.c:1359 nano_msg_notify: test online!
2026-09-16 01:03:41 [1345546] ERROR /home/kadir/mqtt-fuzzing/builds/nanomq-asan/nng/src/sp/transport/mqtt/broker_tcp.c:845 tcptran_pipe_recv_cb: Invalid subscribe packet!
2026-09-16 01:03:41 [1345546] WARN  /home/kadir/mqtt-fuzzing/builds/nanomq-asan/nng/src/sp/transport/mqtt/broker_tcp.c:895 tcptran_pipe_recv_cb: tcptran_pipe_recv_cb: recv_error rv: 130

2026-09-16 01:03:41 [1345542] WARN  /home/kadir/mqtt-fuzzing/builds/nanomq-asan/nng/src/sp/protocol/mqtt/mqtt_parser.c:1363 nano_msg_notify: test offline!
2026-09-16 01:03:41 [1345541] WARN  /home/kadir/mqtt-fuzzing/builds/nanomq-asan/nng/src/sp/protocol/mqtt/mqtt_parser.c:1359 nano_msg_notify: test online!
2026-09-16 01:03:41 [1345544] WARN  /home/kadir/mqtt-fuzzing/builds/nanomq-asan/nng/src/sp/transport/mqtt/broker_tcp.c:662 tcptran_pipe_recv_cb: MALFORMED_PACKET received.
2026-09-16 01:03:41 [1345544] WARN  /home/kadir/mqtt-fuzzing/builds/nanomq-asan/nng/src/sp/transport/mqtt/broker_tcp.c:895 tcptran_pipe_recv_cb: tcptran_pipe_recv_cb: recv_error rv: 17

2026-09-16 01:03:41 [1345544] WARN  /home/kadir/mqtt-fuzzing/builds/nanomq-asan/nng/src/sp/protocol/mqtt/mqtt_parser.c:1363 nano_msg_notify: test offline!
2026-09-16 01:03:41 [1345544] WARN  /home/kadir/mqtt-fuzzing/builds/nanomq-asan/nng/src/sp/protocol/mqtt/mqtt_parser.c:1359 nano_msg_notify: test online!
2026-09-16 01:03:41 [1345545] WARN  /home/kadir/mqtt-fuzzing/builds/nanomq-asan/nng/src/sp/protocol/mqtt/mqtt_parser.c:1363 nano_msg_notify: test offline!
2026-09-16 01:03:41 [1345546] WARN  /home/kadir/mqtt-fuzzing/builds/nanomq-asan/nng/src/sp/transport/mqtt/broker_tcp.c:895 tcptran_pipe_recv_cb: tcptran_pipe_recv_cb: recv_error rv: 153

2026-09-16 01:03:41 [1345546] WARN  /home/kadir/mqtt-fuzzing/builds/nanomq-asan/nng/src/sp/protocol/mqtt/mqtt_parser.c:1359 nano_msg_notify: test online!
2026-09-16 01:03:41 [1345546] WARN  /home/kadir/mqtt-fuzzing/builds/nanomq-asan/nng/src/sp/transport/mqtt/broker_tcp.c:628 tcptran_pipe_recv_cb: nni aio recv error!! Connection shutdown

2026-09-16 01:03:41 [1345546] WARN  /home/kadir/mqtt-fuzzing/builds/nanomq-asan/nng/src/sp/transport/mqtt/broker_tcp.c:895 tcptran_pipe_recv_cb: tcptran_pipe_recv_cb: recv_error rv: 139

2026-09-16 01:03:41 [1345542] WARN  /home/kadir/mqtt-fuzzing/builds/nanomq-asan/nng/src/sp/protocol/mqtt/mqtt_parser.c:1363 nano_msg_notify: test offline!
2026-09-16 01:03:41 [1345544] WARN  /home/kadir/mqtt-fuzzing/builds/nanomq-asan/nng/src/sp/protocol/mqtt/mqtt_parser.c:1359 nano_msg_notify: test online!
2026-09-16 01:03:41 [1345539] WARN  /home/kadir/mqtt-fuzzing/builds/nanomq-asan/nng/src/sp/transport/mqtt/broker_tcp.c:662 tcptran_pipe_recv_cb: MALFORMED_PACKET received.
2026-09-16 01:03:41 [1345539] WARN  /home/kadir/mqtt-fuzzing/builds/nanomq-asan/nng/src/sp/transport/mqtt/broker_tcp.c:895 tcptran_pipe_recv_cb: tcptran_pipe_recv_cb: recv_error rv: 17

2026-09-16 01:03:41 [1345541] WARN  /home/kadir/mqtt-fuzzing/builds/nanomq-asan/nng/src/sp/protocol/mqtt/mqtt_parser.c:1363 nano_msg_notify: test offline!
2026-09-16 01:03:41 [1345546] WARN  /home/kadir/mqtt-fuzzing/builds/nanomq-asan/nng/src/sp/protocol/mqtt/mqtt_parser.c:1359 nano_msg_notify: test online!
2026-09-16 01:03:41 [1345544] WARN  /home/kadir/mqtt-fuzzing/builds/nanomq-asan/nng/src/sp/transport/mqtt/broker_tcp.c:628 tcptran_pipe_recv_cb: nni aio recv error!! Connection shutdown

2026-09-16 01:03:41 [1345544] WARN  /home/kadir/mqtt-fuzzing/builds/nanomq-asan/nng/src/sp/transport/mqtt/broker_tcp.c:895 tcptran_pipe_recv_cb: tcptran_pipe_recv_cb: recv_error rv: 139

2026-09-16 01:03:41 [1345540] WARN  /home/kadir/mqtt-fuzzing/builds/nanomq-asan/nng/src/sp/protocol/mqtt/mqtt_parser.c:1363 nano_msg_notify: test offline!
2026-09-16 01:03:41 [1345545] WARN  /home/kadir/mqtt-fuzzing/builds/nanomq-asan/nng/src/sp/protocol/mqtt/mqtt_parser.c:1359 nano_msg_notify: test online!
2026-09-16 01:03:41 [1345543] WARN  /home/kadir/mqtt-fuzzing/builds/nanomq-asan/nng/src/sp/transport/mqtt/broker_tcp.c:662 tcptran_pipe_recv_cb: MALFORMED_PACKET received.
2026-09-16 01:03:41 [1345543] WARN  /home/kadir/mqtt-fuzzing/builds/nanomq-asan/nng/src/sp/transport/mqtt/broker_tcp.c:895 tcptran_pipe_recv_cb: tcptran_pipe_recv_cb: recv_error rv: 17

2026-09-16 01:03:41 [1345544] WARN  /home/kadir/mqtt-fuzzing/builds/nanomq-asan/nng/src/sp/protocol/mqtt/mqtt_parser.c:1363 nano_msg_notify: test offline!
2026-09-16 01:03:41 [1345545] WARN  /home/kadir/mqtt-fuzzing/builds/nanomq-asan/nng/src/sp/protocol/mqtt/mqtt_parser.c:1359 nano_msg_notify: test online!
2026-09-16 01:03:41 [1345542] WARN  /home/kadir/mqtt-fuzzing/builds/nanomq-asan/nng/src/sp/transport/mqtt/broker_tcp.c:628 tcptran_pipe_recv_cb: nni aio recv error!! Connection shutdown

2026-09-16 01:03:41 [1345542] WARN  /home/kadir/mqtt-fuzzing/builds/nanomq-asan/nng/src/sp/transport/mqtt/broker_tcp.c:895 tcptran_pipe_recv_cb: tcptran_pipe_recv_cb: recv_error rv: 139

2026-09-16 01:03:41 [1345539] WARN  /home/kadir/mqtt-fuzzing/builds/nanomq-asan/nng/src/sp/protocol/mqtt/mqtt_parser.c:1363 nano_msg_notify: test offline!
2026-09-16 01:03:41 [1345546] WARN  /home/kadir/mqtt-fuzzing/builds/nanomq-asan/nng/src/sp/protocol/mqtt/mqtt_parser.c:1359 nano_msg_notify: test online!
2026-09-16 01:03:41 [1345540] ERROR /home/kadir/mqtt-fuzzing/builds/nanomq-asan/nng/src/sp/transport/mqtt/broker_tcp.c:845 tcptran_pipe_recv_cb: Invalid subscribe packet!
2026-09-16 01:03:41 [1345540] WARN  /home/kadir/mqtt-fuzzing/builds/nanomq-asan/nng/src/sp/transport/mqtt/broker_tcp.c:895 tcptran_pipe_recv_cb: tcptran_pipe_recv_cb: recv_error rv: 130

2026-09-16 01:03:41 [1345540] WARN  /home/kadir/mqtt-fuzzing/builds/nanomq-asan/nng/src/sp/protocol/mqtt/mqtt_parser.c:1363 nano_msg_notify: test offline!
2026-09-16 01:03:41 [1345542] WARN  /home/kadir/mqtt-fuzzing/builds/nanomq-asan/nng/src/sp/protocol/mqtt/mqtt_parser.c:1359 nano_msg_notify: test online!
2026-09-16 01:03:41 [1345544] WARN  /home/kadir/mqtt-fuzzing/builds/nanomq-asan/nng/src/sp/transport/mqtt/broker_tcp.c:628 tcptran_pipe_recv_cb: nni aio recv error!! Connection shutdown

2026-09-16 01:03:41 [1345544] WARN  /home/kadir/mqtt-fuzzing/builds/nanomq-asan/nng/src/sp/transport/mqtt/broker_tcp.c:895 tcptran_pipe_recv_cb: tcptran_pipe_recv_cb: recv_error rv: 139

2026-09-16 01:03:41 [1345540] WARN  /home/kadir/mqtt-fuzzing/builds/nanomq-asan/nng/src/sp/protocol/mqtt/mqtt_parser.c:1363 nano_msg_notify: test offline!
2026-09-16 01:03:41 [1345545] WARN  /home/kadir/mqtt-fuzzing/builds/nanomq-asan/nng/src/sp/protocol/mqtt/mqtt_parser.c:1359 nano_msg_notify: test online!
2026-09-16 01:03:41 [1345542] WARN  /home/kadir/mqtt-fuzzing/builds/nanomq-asan/nng/src/sp/transport/mqtt/broker_tcp.c:662 tcptran_pipe_recv_cb: MALFORMED_PACKET received.
2026-09-16 01:03:41 [1345542] WARN  /home/kadir/mqtt-fuzzing/builds/nanomq-asan/nng/src/sp/transport/mqtt/broker_tcp.c:895 tcptran_pipe_recv_cb: tcptran_pipe_recv_cb: recv_error rv: 17

2026-09-16 01:03:41 [1345539] WARN  /home/kadir/mqtt-fuzzing/builds/nanomq-asan/nng/src/sp/protocol/mqtt/mqtt_parser.c:1363 nano_msg_notify: test offline!
2026-09-16 01:03:41 [1345540] ERROR /home/kadir/mqtt-fuzzing/builds/nanomq-asan/nng/src/sp/transport/mqtt/broker_tcp.c:845 tcptran_pipe_recv_cb: Invalid subscribe packet!
2026-09-16 01:03:41 [1345540] WARN  /home/kadir/mqtt-fuzzing/builds/nanomq-asan/nng/src/sp/transport/mqtt/broker_tcp.c:895 tcptran_pipe_recv_cb: tcptran_pipe_recv_cb: recv_error rv: 130

2026-09-16 01:03:41 [1345546] WARN  /home/kadir/mqtt-fuzzing/builds/nanomq-asan/nng/src/sp/protocol/mqtt/mqtt_parser.c:1359 nano_msg_notify: test online!
2026-09-16 01:03:41 [1345541] WARN  /home/kadir/mqtt-fuzzing/builds/nanomq-asan/nng/src/sp/protocol/mqtt/mqtt_parser.c:1363 nano_msg_notify: test offline!
2026-09-16 01:03:41 [1345543] WARN  /home/kadir/mqtt-fuzzing/builds/nanomq-asan/nng/src/sp/protocol/mqtt/mqtt_parser.c:1359 nano_msg_notify: test online!
2026-09-16 01:03:41 [1345539] ERROR /home/kadir/mqtt-fuzzing/builds/nanomq-asan/nng/src/sp/transport/mqtt/broker_tcp.c:691 tcptran_pipe_recv_cb: Size of packet exceeds limitation: 0x95

2026-09-16 01:03:41 [1345539] WARN  /home/kadir/mqtt-fuzzing/builds/nanomq-asan/nng/src/sp/transport/mqtt/broker_tcp.c:895 tcptran_pipe_recv_cb: tcptran_pipe_recv_cb: recv_error rv: 149

2026-09-16 01:03:41 [1345542] WARN  /home/kadir/mqtt-fuzzing/builds/nanomq-asan/nng/src/sp/protocol/mqtt/mqtt_parser.c:1363 nano_msg_notify: test offline!
2026-09-16 01:03:41 [1345544] WARN  /home/kadir/mqtt-fuzzing/builds/nanomq-asan/nng/src/sp/protocol/mqtt/mqtt_parser.c:1359 nano_msg_notify: test online!
2026-09-16 01:03:41 [1345541] WARN  /home/kadir/mqtt-fuzzing/builds/nanomq-asan/nng/src/sp/transport/mqtt/broker_tcp.c:662 tcptran_pipe_recv_cb: MALFORMED_PACKET received.
2026-09-16 01:03:41 [1345541] WARN  /home/kadir/mqtt-fuzzing/builds/nanomq-asan/nng/src/sp/transport/mqtt/broker_tcp.c:895 tcptran_pipe_recv_cb: tcptran_pipe_recv_cb: recv_error rv: 17

2026-09-16 01:03:41 [1345539] WARN  /home/kadir/mqtt-fuzzing/builds/nanomq-asan/nng/src/sp/protocol/mqtt/mqtt_parser.c:1363 nano_msg_notify: test offline!
2026-09-16 01:03:41 [1345540] WARN  /home/kadir/mqtt-fuzzing/builds/nanomq-asan/nng/src/sp/protocol/mqtt/mqtt_parser.c:1359 nano_msg_notify: test online!
2026-09-16 01:03:41 [1345543] ERROR /home/kadir/mqtt-fuzzing/builds/nanomq-asan/nng/src/sp/transport/mqtt/broker_tcp.c:845 tcptran_pipe_recv_cb: Invalid subscribe packet!
2026-09-16 01:03:41 [1345543] WARN  /home/kadir/mqtt-fuzzing/builds/nanomq-asan/nng/src/sp/transport/mqtt/broker_tcp.c:895 tcptran_pipe_recv_cb: tcptran_pipe_recv_cb: recv_error rv: 130

2026-09-16 01:03:41 [1345544] WARN  /home/kadir/mqtt-fuzzing/builds/nanomq-asan/nng/src/sp/protocol/mqtt/mqtt_parser.c:1363 nano_msg_notify: test offline!
2026-09-16 01:03:41 [1345540] WARN  /home/kadir/mqtt-fuzzing/builds/nanomq-asan/nng/src/sp/protocol/mqtt/mqtt_parser.c:1359 nano_msg_notify: test online!
2026-09-16 01:03:41 [1345542] ERROR /home/kadir/mqtt-fuzzing/builds/nanomq-asan/nng/src/sp/transport/mqtt/broker_tcp.c:845 tcptran_pipe_recv_cb: Invalid subscribe packet!
2026-09-16 01:03:41 [1345542] WARN  /home/kadir/mqtt-fuzzing/builds/nanomq-asan/nng/src/sp/transport/mqtt/broker_tcp.c:895 tcptran_pipe_recv_cb: tcptran_pipe_recv_cb: recv_error rv: 130

2026-09-16 01:03:41 [1345543] WARN  /home/kadir/mqtt-fuzzing/builds/nanomq-asan/nng/src/sp/protocol/mqtt/mqtt_parser.c:1363 nano_msg_notify: test offline!
2026-09-16 01:03:41 [1345539] WARN  /home/kadir/mqtt-fuzzing/builds/nanomq-asan/nng/src/sp/protocol/mqtt/mqtt_parser.c:1359 nano_msg_notify: test online!
2026-09-16 01:03:41 [1345543] WARN  /home/kadir/mqtt-fuzzing/builds/nanomq-asan/nng/src/sp/transport/mqtt/broker_tcp.c:895 tcptran_pipe_recv_cb: tcptran_pipe_recv_cb: recv_error rv: 153

2026-09-16 01:03:41 [1345540] WARN  /home/kadir/mqtt-fuzzing/builds/nanomq-asan/nng/src/sp/protocol/mqtt/mqtt_parser.c:1363 nano_msg_notify: test offline!
2026-09-16 01:03:41 [1345545] WARN  /home/kadir/mqtt-fuzzing/builds/nanomq-asan/nng/src/sp/protocol/mqtt/mqtt_parser.c:1359 nano_msg_notify: test online!
2026-09-16 01:03:41 [1345542] WARN  /home/kadir/mqtt-fuzzing/builds/nanomq-asan/nng/src/sp/transport/mqtt/broker_tcp.c:731 tcptran_pipe_recv_cb: Invalid Packet Type: 0 len received! Connection closed.
2026-09-16 01:03:41 [1345542] WARN  /home/kadir/mqtt-fuzzing/builds/nanomq-asan/nng/src/sp/transport/mqtt/broker_tcp.c:895 tcptran_pipe_recv_cb: tcptran_pipe_recv_cb: recv_error rv: 129

2026-09-16 01:03:41 [1345544] WARN  /home/kadir/mqtt-fuzzing/builds/nanomq-asan/nng/src/sp/protocol/mqtt/mqtt_parser.c:1363 nano_msg_notify: test offline!
2026-09-16 01:03:41 [1345540] WARN  /home/kadir/mqtt-fuzzing/builds/nanomq-asan/nng/src/sp/protocol/mqtt/mqtt_parser.c:1359 nano_msg_notify: test online!
2026-09-16 01:03:41 [1345539] ERROR /home/kadir/mqtt-fuzzing/builds/nanomq-asan/nng/src/sp/transport/mqtt/broker_tcp.c:845 tcptran_pipe_recv_cb: Invalid subscribe packet!
2026-09-16 01:03:41 [1345539] WARN  /home/kadir/mqtt-fuzzing/builds/nanomq-asan/nng/src/sp/transport/mqtt/broker_tcp.c:895 tcptran_pipe_recv_cb: tcptran_pipe_recv_cb: recv_error rv: 130

2026-09-16 01:03:41 [1345546] WARN  /home/kadir/mqtt-fuzzing/builds/nanomq-asan/nng/src/sp/protocol/mqtt/mqtt_parser.c:1363 nano_msg_notify: test offline!
2026-09-16 01:03:41 [1345540] WARN  /home/kadir/mqtt-fuzzing/builds/nanomq-asan/nng/src/sp/protocol/mqtt/mqtt_parser.c:1359 nano_msg_notify: test online!
2026-09-16 01:03:41 [1345545] WARN  /home/kadir/mqtt-fuzzing/builds/nanomq-asan/nng/src/sp/transport/mqtt/broker_tcp.c:731 tcptran_pipe_recv_cb: Invalid Packet Type: 0 len received! Connection closed.
2026-09-16 01:03:41 [1345545] WARN  /home/kadir/mqtt-fuzzing/builds/nanomq-asan/nng/src/sp/transport/mqtt/broker_tcp.c:895 tcptran_pipe_recv_cb: tcptran_pipe_recv_cb: recv_error rv: 129

2026-09-16 01:03:41 [1345545] WARN  /home/kadir/mqtt-fuzzing/builds/nanomq-asan/nng/src/sp/protocol/mqtt/mqtt_parser.c:1363 nano_msg_notify: test offline!
2026-09-16 01:03:41 [1345540] WARN  /home/kadir/mqtt-fuzzing/builds/nanomq-asan/nng/src/sp/protocol/mqtt/mqtt_parser.c:1359 nano_msg_notify: 2026-09-16 01:03:41 [1345542] WARN  /home/kadir/mqtt-fuzzing/builds/nanomq-asan/nng/src/sp/transport/mqtt/broker_tcp.c:731 tcptran_pipe_recv_cb: Invalid Packet Type: 0 len received! Connection closed.
test online!
2026-09-16 01:03:41 [1345542] WARN  /home/kadir/mqtt-fuzzing/builds/nanomq-asan/nng/src/sp/transport/mqtt/broker_tcp.c:895 tcptran_pipe_recv_cb: tcptran_pipe_recv_cb: recv_error rv: 129

2026-09-16 01:03:41 [1345539] WARN  /home/kadir/mqtt-fuzzing/builds/nanomq-asan/nng/src/sp/protocol/mqtt/mqtt_parser.c:1363 nano_msg_notify: test offline!
2026-09-16 01:03:41 [1345539] ERROR /home/kadir/mqtt-fuzzing/builds/nanomq-asan/nng/src/sp/transport/mqtt/broker_tcp.c:845 tcptran_pipe_recv_cb: Invalid subscribe packet!
2026-09-16 01:03:41 [1345539] WARN  /home/kadir/mqtt-fuzzing/builds/nanomq-asan/nng/src/sp/transport/mqtt/broker_tcp.c:895 tcptran_pipe_recv_cb: tcptran_pipe_recv_cb: recv_error rv: 130

2026-09-16 01:03:41 [1345542] WARN  /home/kadir/mqtt-fuzzing/builds/nanomq-asan/nng/src/sp/protocol/mqtt/mqtt_parser.c:1359 nano_msg_notify: test online!
2026-09-16 01:03:41 [1345544] WARN  /home/kadir/mqtt-fuzzing/builds/nanomq-asan/nng/src/sp/protocol/mqtt/mqtt_parser.c:1363 nano_msg_notify: test offline!
2026-09-16 01:03:41 [1345545] WARN  /home/kadir/mqtt-fuzzing/builds/nanomq-asan/nng/src/sp/protocol/mqtt/mqtt_parser.c:1359 nano_msg_notify: test online!
2026-09-16 01:03:41 [1345544] WARN  /home/kadir/mqtt-fuzzing/builds/nanomq-asan/nng/src/sp/transport/mqtt/broker_tcp.c:662 tcptran_pipe_recv_cb: MALFORMED_PACKET received.
2026-09-16 01:03:41 [1345544] WARN  /home/kadir/mqtt-fuzzing/builds/nanomq-asan/nng/src/sp/transport/mqtt/broker_tcp.c:895 tcptran_pipe_recv_cb: tcptran_pipe_recv_cb: recv_error rv: 17

2026-09-16 01:03:41 [1345543] WARN  /home/kadir/mqtt-fuzzing/builds/nanomq-asan/nng/src/sp/protocol/mqtt/mqtt_parser.c:1363 nano_msg_notify: test offline!
2026-09-16 01:03:41 [1345546] WARN  /home/kadir/mqtt-fuzzing/builds/nanomq-asan/nng/src/sp/protocol/mqtt/mqtt_parser.c:1359 nano_msg_notify: test online!
2026-09-16 01:03:41 [1345540] WARN  /home/kadir/mqtt-fuzzing/builds/nanomq-asan/nng/src/sp/transport/mqtt/broker_tcp.c:628 tcptran_pipe_recv_cb: nni aio recv error!! Connection shutdown

2026-09-16 01:03:41 [1345540] WARN  /home/kadir/mqtt-fuzzing/builds/nanomq-asan/nng/src/sp/transport/mqtt/broker_tcp.c:895 tcptran_pipe_recv_cb: tcptran_pipe_recv_cb: recv_error rv: 139

2026-09-16 01:03:41 [1345545] WARN  /home/kadir/mqtt-fuzzing/builds/nanomq-asan/nng/src/sp/protocol/mqtt/mqtt_parser.c:1363 nano_msg_notify: test offline!
2026-09-16 01:03:41 [1345541] WARN  /home/kadir/mqtt-fuzzing/builds/nanomq-asan/nng/src/sp/protocol/mqtt/mqtt_parser.c:1359 nano_msg_notify: test online!
2026-09-16 01:03:41 [1345540] ERROR /home/kadir/mqtt-fuzzing/builds/nanomq-asan/nng/src/sp/transport/mqtt/broker_tcp.c:845 tcptran_pipe_recv_cb: Invalid subscribe packet!
2026-09-16 01:03:41 [1345540] WARN  /home/kadir/mqtt-fuzzing/builds/nanomq-asan/nng/src/sp/transport/mqtt/broker_tcp.c:895 tcptran_pipe_recv_cb: tcptran_pipe_recv_cb: recv_error rv: 130

2026-09-16 01:03:41 [1345542] WARN  /home/kadir/mqtt-fuzzing/builds/nanomq-asan/nng/src/sp/protocol/mqtt/mqtt_parser.c:1363 nano_msg_notify: test offline!
2026-09-16 01:03:41 [1345541] WARN  /home/kadir/mqtt-fuzzing/builds/nanomq-asan/nng/src/sp/protocol/mqtt/mqtt_parser.c:1359 nano_msg_notify: test online!
2026-09-16 01:03:41 [1345544] ERROR /home/kadir/mqtt-fuzzing/builds/nanomq-asan/nng/src/sp/transport/mqtt/broker_tcp.c:845 tcptran_pipe_recv_cb: Invalid subscribe packet!
2026-09-16 01:03:41 [1345544] WARN  /home/kadir/mqtt-fuzzing/builds/nanomq-asan/nng/src/sp/transport/mqtt/broker_tcp.c:895 tcptran_pipe_recv_cb: tcptran_pipe_recv_cb: recv_error rv: 130

2026-09-16 01:03:41 [1345543] WARN  /home/kadir/mqtt-fuzzing/builds/nanomq-asan/nng/src/sp/protocol/mqtt/mqtt_parser.c:1363 nano_msg_notify: test offline!
2026-09-16 01:03:42 [1345541] WARN  /home/kadir/mqtt-fuzzing/builds/nanomq-asan/nng/src/sp/protocol/mqtt/mqtt_parser.c:1359 nano_msg_notify: test online!
2026-09-16 01:03:42 [1345544] ERROR /home/kadir/mqtt-fuzzing/builds/nanomq-asan/nng/src/sp/transport/mqtt/broker_tcp.c:691 tcptran_pipe_recv_cb: Size of packet exceeds limitation: 0x95

2026-09-16 01:03:42 [1345544] WARN  /home/kadir/mqtt-fuzzing/builds/nanomq-asan/nng/src/sp/transport/mqtt/broker_tcp.c:895 tcptran_pipe_recv_cb: tcptran_pipe_recv_cb: recv_error rv: 149

2026-09-16 01:03:42 [1345546] WARN  /home/kadir/mqtt-fuzzing/builds/nanomq-asan/nng/src/sp/protocol/mqtt/mqtt_parser.c:1363 nano_msg_notify: test offline!
2026-09-16 01:03:42 [1345540] WARN  /home/kadir/mqtt-fuzzing/builds/nanomq-asan/nng/src/sp/protocol/mqtt/mqtt_parser.c:1359 nano_msg_notify: test online!
2026-09-16 01:03:42 [1345543] ERROR /home/kadir/mqtt-fuzzing/builds/nanomq-asan/nng/src/sp/transport/mqtt/broker_tcp.c:845 tcptran_pipe_recv_cb: Invalid subscribe packet!
2026-09-16 01:03:42 [1345543] WARN  /home/kadir/mqtt-fuzzing/builds/nanomq-asan/nng/src/sp/transport/mqtt/broker_tcp.c:895 tcptran_pipe_recv_cb: tcptran_pipe_recv_cb: recv_error rv: 130

2026-09-16 01:03:42 [1345539] WARN  /home/kadir/mqtt-fuzzing/builds/nanomq-asan/nng/src/sp/protocol/mqtt/mqtt_parser.c:1363 nano_msg_notify: test offline!
2026-09-16 01:03:42 [1345540] WARN  /home/kadir/mqtt-fuzzing/builds/nanomq-asan/nng/src/sp/protocol/mqtt/mqtt_parser.c:1359 nano_msg_notify: test online!
2026-09-16 01:03:42 [1345545] WARN  /home/kadir/mqtt-fuzzing/builds/nanomq-asan/nng/src/sp/transport/mqtt/broker_tcp.c:628 tcptran_pipe_recv_cb: nni aio recv error!! Connection shutdown

2026-09-16 01:03:42 [1345545] WARN  /home/kadir/mqtt-fuzzing/builds/nanomq-asan/nng/src/sp/transport/mqtt/broker_tcp.c:895 tcptran_pipe_recv_cb: tcptran_pipe_recv_cb: recv_error rv: 139

2026-09-16 01:03:42 [1345539] WARN  /home/kadir/mqtt-fuzzing/builds/nanomq-asan/nng/src/sp/protocol/mqtt/mqtt_parser.c:1363 nano_msg_notify: test offline!
2026-09-16 01:03:42 [1345542] WARN  /home/kadir/mqtt-fuzzing/builds/nanomq-asan/nng/src/sp/protocol/mqtt/mqtt_parser.c:1359 nano_msg_notify: test online!
2026-09-16 01:03:42 [1345539] ERROR /home/kadir/mqtt-fuzzing/builds/nanomq-asan/nng/src/sp/transport/mqtt/broker_tcp.c:845 tcptran_pipe_recv_cb: Invalid subscribe packet!
2026-09-16 01:03:42 [1345539] WARN  /home/kadir/mqtt-fuzzing/builds/nanomq-asan/nng/src/sp/transport/mqtt/broker_tcp.c:895 tcptran_pipe_recv_cb: tcptran_pipe_recv_cb: recv_error rv: 130

2026-09-16 01:03:42 [1345541] WARN  /home/kadir/mqtt-fuzzing/builds/nanomq-asan/nng/src/sp/protocol/mqtt/mqtt_parser.c:1363 nano_msg_notify: test offline!
2026-09-16 01:03:42 [1345539] WARN  /home/kadir/mqtt-fuzzing/builds/nanomq-asan/nng/src/sp/protocol/mqtt/mqtt_parser.c:1359 nano_msg_notify: test online!
2026-09-16 01:03:42 [1345543] WARN  /home/kadir/mqtt-fuzzing/builds/nanomq-asan/nng/src/sp/transport/mqtt/broker_tcp.c:895 tcptran_pipe_recv_cb: tcptran_pipe_recv_cb: recv_error rv: 153

2026-09-16 01:03:42 [1345546] WARN  /home/kadir/mqtt-fuzzing/builds/nanomq-asan/nng/src/sp/protocol/mqtt/mqtt_parser.c:1363 nano_msg_notify: test offline!
2026-09-16 01:03:42 [1345539] WARN  /home/kadir/mqtt-fuzzing/builds/nanomq-asan/nng/src/sp/protocol/mqtt/mqtt_parser.c:1359 nano_msg_notify: test online!
2026-09-16 01:03:42 [1345541] WARN  /home/kadir/mqtt-fuzzing/builds/nanomq-asan/nng/src/sp/transport/mqtt/broker_tcp.c:662 tcptran_pipe_recv_cb: MALFORMED_PACKET received.
2026-09-16 01:03:42 [1345541] WARN  /home/kadir/mqtt-fuzzing/builds/nanomq-asan/nng/src/sp/transport/mqtt/broker_tcp.c:895 tcptran_pipe_recv_cb: tcptran_pipe_recv_cb: recv_error rv: 17

2026-09-16 01:03:42 [1345543] WARN  /home/kadir/mqtt-fuzzing/builds/nanomq-asan/nng/src/sp/protocol/mqtt/mqtt_parser.c:1363 nano_msg_notify: test offline!
2026-09-16 01:03:42 [1345539] WARN  /home/kadir/mqtt-fuzzing/builds/nanomq-asan/nng/src/sp/protocol/mqtt/mqtt_parser.c:1359 nano_msg_notify: test online!
2026-09-16 01:03:42 [1345540] WARN  /home/kadir/mqtt-fuzzing/builds/nanomq-asan/nng/src/sp/transport/mqtt/broker_tcp.c:628 tcptran_pipe_recv_cb: nni aio recv error!! Connection shutdown

2026-09-16 01:03:42 [1345540] WARN  /home/kadir/mqtt-fuzzing/builds/nanomq-asan/nng/src/sp/transport/mqtt/broker_tcp.c:895 tcptran_pipe_recv_cb: tcptran_pipe_recv_cb: recv_error rv: 139

2026-09-16 01:03:42 [1345543] WARN  /home/kadir/mqtt-fuzzing/builds/nanomq-asan/nng/src/sp/protocol/mqtt/mqtt_parser.c:1363 nano_msg_notify: test offline!
2026-09-16 01:03:42 [1345545] WARN  /home/kadir/mqtt-fuzzing/builds/nanomq-asan/nng/src/sp/protocol/mqtt/mqtt_parser.c:1359 nano_msg_notify: test online!
2026-09-16 01:03:42 [1345540] ERROR /home/kadir/mqtt-fuzzing/builds/nanomq-asan/nng/src/sp/transport/mqtt/broker_tcp.c:845 tcptran_pipe_recv_cb: Invalid subscribe packet!
2026-09-16 01:03:42 [1345540] WARN  /home/kadir/mqtt-fuzzing/builds/nanomq-asan/nng/src/sp/transport/mqtt/broker_tcp.c:895 tcptran_pipe_recv_cb: tcptran_pipe_recv_cb: recv_error rv: 130

2026-09-16 01:03:42 [1345542] WARN  /home/kadir/mqtt-fuzzing/builds/nanomq-asan/nng/src/sp/protocol/mqtt/mqtt_parser.c:1363 nano_msg_notify: test offline!
2026-09-16 01:03:42 [1345540] WARN  /home/kadir/mqtt-fuzzing/builds/nanomq-asan/nng/src/sp/protocol/mqtt/mqtt_parser.c:1359 nano_msg_notify: test online!
2026-09-16 01:03:42 [1345542] WARN  /home/kadir/mqtt-fuzzing/builds/nanomq-asan/nng/src/sp/transport/mqtt/broker_tcp.c:628 tcptran_pipe_recv_cb: nni aio recv error!! Connection shutdown

2026-09-16 01:03:42 [1345542] WARN  /home/kadir/mqtt-fuzzing/builds/nanomq-asan/nng/src/sp/transport/mqtt/broker_tcp.c:895 tcptran_pipe_recv_cb: tcptran_pipe_recv_cb: recv_error rv: 139

2026-09-16 01:03:42 [1345546] WARN  /home/kadir/mqtt-fuzzing/builds/nanomq-asan/nng/src/sp/protocol/mqtt/mqtt_parser.c:1363 nano_msg_notify: test offline!
2026-09-16 01:03:42 [1345545] WARN  /home/kadir/mqtt-fuzzing/builds/nanomq-asan/nng/src/sp/protocol/mqtt/mqtt_parser.c:1359 nano_msg_notify: test online!
2026-09-16 01:03:42 [1345542] WARN  /home/kadir/mqtt-fuzzing/builds/nanomq-asan/nng/src/sp/transport/mqtt/broker_tcp.c:628 tcptran_pipe_recv_cb: nni aio recv error!! Connection shutdown

2026-09-16 01:03:42 [1345542] WARN  /home/kadir/mqtt-fuzzing/builds/nanomq-asan/nng/src/sp/transport/mqtt/broker_tcp.c:895 tcptran_pipe_recv_cb: tcptran_pipe_recv_cb: recv_error rv: 139

2026-09-16 01:03:42 [1345540] WARN  /home/kadir/mqtt-fuzzing/builds/nanomq-asan/nng/src/sp/protocol/mqtt/mqtt_parser.c:1363 nano_msg_notify: test offline!
2026-09-16 01:03:42 [1345544] WARN  /home/kadir/mqtt-fuzzing/builds/nanomq-asan/nng/src/sp/protocol/mqtt/mqtt_parser.c:1359 nano_msg_notify: test online!
2026-09-16 01:03:42 [1345540] WARN  /home/kadir/mqtt-fuzzing/builds/nanomq-asan/nng/src/sp/transport/mqtt/broker_tcp.c:662 tcptran_pipe_recv_cb: MALFORMED_PACKET received.
2026-09-16 01:03:42 [1345540] WARN  /home/kadir/mqtt-fuzzing/builds/nanomq-asan/nng/src/sp/transport/mqtt/broker_tcp.c:895 tcptran_pipe_recv_cb: tcptran_pipe_recv_cb: recv_error rv: 17

2026-09-16 01:03:42 [1345543] WARN  /home/kadir/mqtt-fuzzing/builds/nanomq-asan/nng/src/sp/protocol/mqtt/mqtt_parser.c:1363 nano_msg_notify: test offline!
2026-09-16 01:03:42 [1345541] WARN  /home/kadir/mqtt-fuzzing/builds/nanomq-asan/nng/src/sp/protocol/mqtt/mqtt_parser.c:1359 nano_msg_notify: test online!
2026-09-16 01:03:42 [1345540] ERROR /home/kadir/mqtt-fuzzing/builds/nanomq-asan/nng/src/sp/transport/mqtt/broker_tcp.c:845 tcptran_pipe_recv_cb: Invalid subscribe packet!
2026-09-16 01:03:42 [1345540] WARN  /home/kadir/mqtt-fuzzing/builds/nanomq-asan/nng/src/sp/transport/mqtt/broker_tcp.c:895 tcptran_pipe_recv_cb: tcptran_pipe_recv_cb: recv_error rv: 130

2026-09-16 01:03:42 [1345544] WARN  /home/kadir/mqtt-fuzzing/builds/nanomq-asan/nng/src/sp/protocol/mqtt/mqtt_parser.c:1363 nano_msg_notify: test offline!
2026-09-16 01:03:42 [1345540] WARN  /home/kadir/mqtt-fuzzing/builds/nanomq-asan/nng/src/sp/protocol/mqtt/mqtt_parser.c:1359 nano_msg_notify: test online!
2026-09-16 01:03:42 [1345544] WARN  /home/kadir/mqtt-fuzzing/builds/nanomq-asan/nng/src/sp/transport/mqtt/broker_tcp.c:628 tcptran_pipe_recv_cb: nni aio recv error!! Connection shutdown

2026-09-16 01:03:42 [1345544] WARN  /home/kadir/mqtt-fuzzing/builds/nanomq-asan/nng/src/sp/transport/mqtt/broker_tcp.c:895 tcptran_pipe_recv_cb: tcptran_pipe_recv_cb: recv_error rv: 139

2026-09-16 01:03:42 [1345545] WARN  /home/kadir/mqtt-fuzzing/builds/nanomq-asan/nng/src/sp/protocol/mqtt/mqtt_parser.c:1363 nano_msg_notify: test offline!
2026-09-16 01:03:42 [1345540] WARN  /home/kadir/mqtt-fuzzing/builds/nanomq-asan/nng/src/sp/protocol/mqtt/mqtt_parser.c:1359 nano_msg_notify: test online!
2026-09-16 01:03:42 [1345546] WARN  /home/kadir/mqtt-fuzzing/builds/nanomq-asan/nng/src/sp/transport/mqtt/broker_tcp.c:628 tcptran_pipe_recv_cb: nni aio recv error!! Connection shutdown

2026-09-16 01:03:42 [1345546] WARN  /home/kadir/mqtt-fuzzing/builds/nanomq-asan/nng/src/sp/transport/mqtt/broker_tcp.c:895 tcptran_pipe_recv_cb: tcptran_pipe_recv_cb: recv_error rv: 139

2026-09-16 01:03:42 [1345541] WARN  /home/kadir/mqtt-fuzzing/builds/nanomq-asan/nng/src/sp/protocol/mqtt/mqtt_parser.c:1363 nano_msg_notify: test offline!
2026-09-16 01:03:42 [1345539] WARN  /home/kadir/mqtt-fuzzing/builds/nanomq-asan/nng/src/sp/protocol/mqtt/mqtt_parser.c:1359 nano_msg_notify: test online!
2026-09-16 01:03:42 [1345543] WARN  /home/kadir/mqtt-fuzzing/builds/nanomq-asan/nng/src/sp/transport/mqtt/broker_tcp.c:662 tcptran_pipe_recv_cb: MALFORMED_PACKET received.
2026-09-16 01:03:42 [1345543] WARN  /home/kadir/mqtt-fuzzing/builds/nanomq-asan/nng/src/sp/transport/mqtt/broker_tcp.c:895 tcptran_pipe_recv_cb: tcptran_pipe_recv_cb: recv_error rv: 17

2026-09-16 01:03:42 [1345545] WARN  /home/kadir/mqtt-fuzzing/builds/nanomq-asan/nng/src/sp/protocol/mqtt/mqtt_parser.c:1363 nano_msg_notify: test offline!
2026-09-16 01:03:42 [1345540] WARN  /home/kadir/mqtt-fuzzing/builds/nanomq-asan/nng/src/sp/protocol/mqtt/mqtt_parser.c:1359 nano_msg_notify: test online!
2026-09-16 01:03:42 [1345546] WARN  /home/kadir/mqtt-fuzzing/builds/nanomq-asan/nng/src/sp/transport/mqtt/broker_tcp.c:662 tcptran_pipe_recv_cb: MALFORMED_PACKET received.
2026-09-16 01:03:42 [1345546] WARN  /home/kadir/mqtt-fuzzing/builds/nanomq-asan/nng/src/sp/transport/mqtt/broker_tcp.c:895 tcptran_pipe_recv_cb: tcptran_pipe_recv_cb: recv_error rv: 17

2026-09-16 01:03:42 [1345543] WARN  /home/kadir/mqtt-fuzzing/builds/nanomq-asan/nng/src/sp/protocol/mqtt/mqtt_parser.c:1363 nano_msg_notify: test offline!
2026-09-16 01:03:42 [1345541] WARN  /home/kadir/mqtt-fuzzing/builds/nanomq-asan/nng/src/sp/protocol/mqtt/mqtt_parser.c:1359 nano_msg_notify: test online!
2026-09-16 01:03:42 [1345540] WARN  /home/kadir/mqtt-fuzzing/builds/nanomq-asan/nng/src/sp/transport/mqtt/broker_tcp.c:662 tcptran_pipe_recv_cb: MALFORMED_PACKET received.
2026-09-16 01:03:42 [1345540] WARN  /home/kadir/mqtt-fuzzing/builds/nanomq-asan/nng/src/sp/transport/mqtt/broker_tcp.c:895 tcptran_pipe_recv_cb: tcptran_pipe_recv_cb: recv_error rv: 17

2026-09-16 01:03:42 [1345544] WARN  /home/kadir/mqtt-fuzzing/builds/nanomq-asan/nng/src/sp/protocol/mqtt/mqtt_parser.c:1363 nano_msg_notify: test offline!
2026-09-16 01:03:42 [1345545] WARN  /home/kadir/mqtt-fuzzing/builds/nanomq-asan/nng/src/sp/transport/mqtt/broker_tcp.c:628 tcptran_pipe_recv_cb: nni aio recv error!! Connection shutdown

2026-09-16 01:03:42 [1345545] WARN  /home/kadir/mqtt-fuzzing/builds/nanomq-asan/nng/src/sp/transport/mqtt/broker_tcp.c:895 tcptran_pipe_recv_cb: tcptran_pipe_recv_cb: recv_error rv: 139

2026-09-16 01:03:42 [1345541] WARN  /home/kadir/mqtt-fuzzing/builds/nanomq-asan/nng/src/sp/protocol/mqtt/mqtt_parser.c:1359 nano_msg_notify: test online!
2026-09-16 01:03:42 [1345543] WARN  /home/kadir/mqtt-fuzzing/builds/nanomq-asan/nng/src/sp/protocol/mqtt/mqtt_parser.c:1363 nano_msg_notify: test offline!
2026-09-16 01:03:42 [1345546] WARN  /home/kadir/mqtt-fuzzing/builds/nanomq-asan/nng/src/sp/protocol/mqtt/mqtt_parser.c:1359 nano_msg_notify: test online!
2026-09-16 01:03:42 [1345543] ERROR /home/kadir/mqtt-fuzzing/builds/nanomq-asan/nng/src/sp/transport/mqtt/broker_tcp.c:845 tcptran_pipe_recv_cb: Invalid subscribe packet!
2026-09-16 01:03:42 [1345543] WARN  /home/kadir/mqtt-fuzzing/builds/nanomq-asan/nng/src/sp/transport/mqtt/broker_tcp.c:895 tcptran_pipe_recv_cb: tcptran_pipe_recv_cb: recv_error rv: 130

2026-09-16 01:03:42 [1345539] WARN  /home/kadir/mqtt-fuzzing/builds/nanomq-asan/nng/src/sp/protocol/mqtt/mqtt_parser.c:1363 nano_msg_notify: test offline!
2026-09-16 01:03:42 [1345546] WARN  /home/kadir/mqtt-fuzzing/builds/nanomq-asan/nng/src/sp/protocol/mqtt/mqtt_parser.c:1359 nano_msg_notify: test online!
2026-09-16 01:03:42 [1345543] WARN  /home/kadir/mqtt-fuzzing/builds/nanomq-asan/nng/src/sp/transport/mqtt/broker_tcp.c:628 tcptran_pipe_recv_cb: nni aio recv error!! Connection shutdown

2026-09-16 01:03:42 [1345543] WARN  /home/kadir/mqtt-fuzzing/builds/nanomq-asan/nng/src/sp/transport/mqtt/broker_tcp.c:895 tcptran_pipe_recv_cb: tcptran_pipe_recv_cb: recv_error rv: 139

2026-09-16 01:03:42 [1345539] WARN  /home/kadir/mqtt-fuzzing/builds/nanomq-asan/nng/src/sp/protocol/mqtt/mqtt_parser.c:1363 nano_msg_notify: test offline!
2026-09-16 01:03:42 [1345545] WARN  /home/kadir/mqtt-fuzzing/builds/nanomq-asan/nng/src/sp/protocol/mqtt/mqtt_parser.c:1359 nano_msg_notify: test online!
2026-09-16 01:03:42 [1345539] ERROR /home/kadir/mqtt-fuzzing/builds/nanomq-asan/nng/src/sp/transport/mqtt/broker_tcp.c:845 tcptran_pipe_recv_cb: Invalid subscribe packet!
2026-09-16 01:03:42 [1345539] WARN  /home/kadir/mqtt-fuzzing/builds/nanomq-asan/nng/src/sp/transport/mqtt/broker_tcp.c:895 tcptran_pipe_recv_cb: tcptran_pipe_recv_cb: recv_error rv: 130

2026-09-16 01:03:42 [1345546] WARN  /home/kadir/mqtt-fuzzing/builds/nanomq-asan/nng/src/sp/protocol/mqtt/mqtt_parser.c:1363 nano_msg_notify: test offline!
2026-09-16 01:03:42 [1345542] WARN  /home/kadir/mqtt-fuzzing/builds/nanomq-asan/nng/src/sp/protocol/mqtt/mqtt_parser.c:1359 nano_msg_notify: test online!
2026-09-16 01:03:42 [1345545] ERROR /home/kadir/mqtt-fuzzing/builds/nanomq-asan/nng/src/sp/transport/mqtt/broker_tcp.c:845 tcptran_pipe_recv_cb: Invalid subscribe packet!
2026-09-16 01:03:42 [1345545] WARN  /home/kadir/mqtt-fuzzing/builds/nanomq-asan/nng/src/sp/transport/mqtt/broker_tcp.c:895 tcptran_pipe_recv_cb: tcptran_pipe_recv_cb: recv_error rv: 130

2026-09-16 01:03:42 [1345544] WARN  /home/kadir/mqtt-fuzzing/builds/nanomq-asan/nng/src/sp/protocol/mqtt/mqtt_parser.c:1363 nano_msg_notify: test offline!
2026-09-16 01:03:42 [1345542] WARN  /home/kadir/mqtt-fuzzing/builds/nanomq-asan/nng/src/sp/protocol/mqtt/mqtt_parser.c:1359 nano_msg_notify: test online!
2026-09-16 01:03:42 [1345544] ERROR /home/kadir/mqtt-fuzzing/builds/nanomq-asan/nng/src/sp/transport/mqtt/broker_tcp.c:845 tcptran_pipe_recv_cb: Invalid subscribe packet!
2026-09-16 01:03:42 [1345544] WARN  /home/kadir/mqtt-fuzzing/builds/nanomq-asan/nng/src/sp/transport/mqtt/broker_tcp.c:895 tcptran_pipe_recv_cb: tcptran_pipe_recv_cb: recv_error rv: 130

2026-09-16 01:03:42 [1345543] WARN  /home/kadir/mqtt-fuzzing/builds/nanomq-asan/nng/src/sp/protocol/mqtt/mqtt_parser.c:1363 nano_msg_notify: test offline!
2026-09-16 01:03:42 [1345542] WARN  /home/kadir/mqtt-fuzzing/builds/nanomq-asan/nng/src/sp/protocol/mqtt/mqtt_parser.c:1359 nano_msg_notify: test online!
2026-09-16 01:03:42 [1345543] WARN  /home/kadir/mqtt-fuzzing/builds/nanomq-asan/nng/src/sp/transport/mqtt/broker_tcp.c:662 tcptran_pipe_recv_cb: MALFORMED_PACKET received.
2026-09-16 01:03:42 [1345543] WARN  /home/kadir/mqtt-fuzzing/builds/nanomq-asan/nng/src/sp/transport/mqtt/broker_tcp.c:895 tcptran_pipe_recv_cb: tcptran_pipe_recv_cb: recv_error rv: 17

2026-09-16 01:03:42 [1345544] WARN  /home/kadir/mqtt-fuzzing/builds/nanomq-asan/nng/src/sp/protocol/mqtt/mqtt_parser.c:1363 nano_msg_notify: test offline!
2026-09-16 01:03:42 [1345542] WARN  /home/kadir/mqtt-fuzzing/builds/nanomq-asan/nng/src/sp/protocol/mqtt/mqtt_parser.c:1359 nano_msg_notify: test online!
2026-09-16 01:03:42 [1345544] WARN  /home/kadir/mqtt-fuzzing/builds/nanomq-asan/nng/src/sp/transport/mqtt/broker_tcp.c:662 tcptran_pipe_recv_cb: MALFORMED_PACKET received.
2026-09-16 01:03:42 [1345544] WARN  /home/kadir/mqtt-fuzzing/builds/nanomq-asan/nng/src/sp/transport/mqtt/broker_tcp.c:895 tcptran_pipe_recv_cb: tcptran_pipe_recv_cb: recv_error rv: 17

2026-09-16 01:03:42 [1345541] WARN  /home/kadir/mqtt-fuzzing/builds/nanomq-asan/nng/src/sp/protocol/mqtt/mqtt_parser.c:1363 nano_msg_notify: test offline!
2026-09-16 01:03:42 [1345546] WARN  /home/kadir/mqtt-fuzzing/builds/nanomq-asan/nng/src/sp/protocol/mqtt/mqtt_parser.c:1359 nano_msg_notify: test online!
2026-09-16 01:03:42 [1345539] ERROR /home/kadir/mqtt-fuzzing/builds/nanomq-asan/nng/src/sp/transport/mqtt/broker_tcp.c:845 tcptran_pipe_recv_cb: Invalid subscribe packet!
2026-09-16 01:03:42 [1345539] WARN  /home/kadir/mqtt-fuzzing/builds/nanomq-asan/nng/src/sp/transport/mqtt/broker_tcp.c:895 tcptran_pipe_recv_cb: tcptran_pipe_recv_cb: recv_error rv: 130

2026-09-16 01:03:42 [1345543] WARN  /home/kadir/mqtt-fuzzing/builds/nanomq-asan/nng/src/sp/protocol/mqtt/mqtt_parser.c:1363 nano_msg_notify: test offline!
2026-09-16 01:03:42 [1345541] WARN  /home/kadir/mqtt-fuzzing/builds/nanomq-asan/nng/src/sp/protocol/mqtt/mqtt_parser.c:1359 nano_msg_notify: test online!
2026-09-16 01:03:42 [1345540] ERROR /home/kadir/mqtt-fuzzing/builds/nanomq-asan/nng/src/sp/transport/mqtt/broker_tcp.c:845 tcptran_pipe_recv_cb: Invalid subscribe packet!
2026-09-16 01:03:42 [1345540] WARN  /home/kadir/mqtt-fuzzing/builds/nanomq-asan/nng/src/sp/transport/mqtt/broker_tcp.c:895 tcptran_pipe_recv_cb: tcptran_pipe_recv_cb: recv_error rv: 130

2026-09-16 01:03:42 [1345543] WARN  /home/kadir/mqtt-fuzzing/builds/nanomq-asan/nng/src/sp/protocol/mqtt/mqtt_parser.c:1363 nano_msg_notify: test offline!
2026-09-16 01:03:42 [1345545] WARN  /home/kadir/mqtt-fuzzing/builds/nanomq-asan/nng/src/sp/protocol/mqtt/mqtt_parser.c:1359 nano_msg_notify: test online!
2026-09-16 01:03:42 [1345541] WARN  /home/kadir/mqtt-fuzzing/builds/nanomq-asan/nng/src/sp/transport/mqtt/broker_tcp.c:628 tcptran_pipe_recv_cb: nni aio recv error!! Connection shutdown

2026-09-16 01:03:42 [1345541] WARN  /home/kadir/mqtt-fuzzing/builds/nanomq-asan/nng/src/sp/transport/mqtt/broker_tcp.c:895 tcptran_pipe_recv_cb: tcptran_pipe_recv_cb: recv_error rv: 139

2026-09-16 01:03:42 [1345541] WARN  /home/kadir/mqtt-fuzzing/builds/nanomq-asan/nng/src/sp/protocol/mqtt/mqtt_parser.c:1363 nano_msg_notify: test offline!
2026-09-16 01:03:42 [1345539] WARN  /home/kadir/mqtt-fuzzing/builds/nanomq-asan/nng/src/sp/protocol/mqtt/mqtt_parser.c:1359 nano_msg_notify: 2026-09-16 01:03:42 [1345543] ERROR /home/kadir/mqtt-fuzzing/builds/nanomq-asan/nng/src/sp/transport/mqtt/broker_tcp.c:845 tcptran_pipe_recv_cb: test online!Invalid subscribe packet!

2026-09-16 01:03:42 [1345543] WARN  /home/kadir/mqtt-fuzzing/builds/nanomq-asan/nng/src/sp/transport/mqtt/broker_tcp.c:895 tcptran_pipe_recv_cb: tcptran_pipe_recv_cb: recv_error rv: 130

2026-09-16 01:03:42 [1345545] WARN  /home/kadir/mqtt-fuzzing/builds/nanomq-asan/nng/src/sp/protocol/mqtt/mqtt_parser.c:1363 nano_msg_notify: test offline!
2026-09-16 01:03:42 [1345543] WARN  /home/kadir/mqtt-fuzzing/builds/nanomq-asan/nng/src/sp/protocol/mqtt/mqtt_parser.c:1359 nano_msg_notify: test online!
2026-09-16 01:03:42 [1345540] ERROR /home/kadir/mqtt-fuzzing/builds/nanomq-asan/nng/src/sp/transport/mqtt/broker_tcp.c:845 tcptran_pipe_recv_cb: Invalid subscribe packet!
2026-09-16 01:03:42 [1345540] WARN  /home/kadir/mqtt-fuzzing/builds/nanomq-asan/nng/src/sp/transport/mqtt/broker_tcp.c:895 tcptran_pipe_recv_cb: tcptran_pipe_recv_cb: recv_error rv: 130

2026-09-16 01:03:42 [1345546] WARN  /home/kadir/mqtt-fuzzing/builds/nanomq-asan/nng/src/sp/protocol/mqtt/mqtt_parser.c:1363 nano_msg_notify: test offline!
2026-09-16 01:03:42 [1345540] WARN  /home/kadir/mqtt-fuzzing/builds/nanomq-asan/nng/src/sp/protocol/mqtt/mqtt_parser.c:1359 nano_msg_notify: test online!
2026-09-16 01:03:42 [1345546] WARN  /home/kadir/mqtt-fuzzing/builds/nanomq-asan/nng/src/sp/transport/mqtt/broker_tcp.c:662 tcptran_pipe_recv_cb: MALFORMED_PACKET received.
2026-09-16 01:03:42 [1345546] WARN  /home/kadir/mqtt-fuzzing/builds/nanomq-asan/nng/src/sp/transport/mqtt/broker_tcp.c:895 tcptran_pipe_recv_cb: tcptran_pipe_recv_cb: recv_error rv: 17

2026-09-16 01:03:42 [1345544] WARN  /home/kadir/mqtt-fuzzing/builds/nanomq-asan/nng/src/sp/protocol/mqtt/mqtt_parser.c:1363 nano_msg_notify: test offline!
2026-09-16 01:03:42 [1345544] WARN  /home/kadir/mqtt-fuzzing/builds/nanomq-asan/nng/src/sp/transport/mqtt/broker_tcp.c:628 tcptran_pipe_recv_cb: nni aio recv error!! Connection shutdown

2026-09-16 01:03:42 [1345544] WARN  /home/kadir/mqtt-fuzzing/builds/nanomq-asan/nng/src/sp/transport/mqtt/broker_tcp.c:895 tcptran_pipe_recv_cb: tcptran_pipe_recv_cb: recv_error rv: 139

2026-09-16 01:03:42 [1345541] WARN  /home/kadir/mqtt-fuzzing/builds/nanomq-asan/nng/src/sp/protocol/mqtt/mqtt_parser.c:1359 nano_msg_notify: test online!
2026-09-16 01:03:42 [1345542] WARN  /home/kadir/mqtt-fuzzing/builds/nanomq-asan/nng/src/sp/protocol/mqtt/mqtt_parser.c:1363 nano_msg_notify: test offline!
2026-09-16 01:03:42 [1345543] WARN  /home/kadir/mqtt-fuzzing/builds/nanomq-asan/nng/src/sp/protocol/mqtt/mqtt_parser.c:1359 nano_msg_notify: test online!
2026-09-16 01:03:42 [1345542] ERROR /home/kadir/mqtt-fuzzing/builds/nanomq-asan/nng/src/sp/transport/mqtt/broker_tcp.c:845 tcptran_pipe_recv_cb: Invalid subscribe packet!
2026-09-16 01:03:42 [1345542] WARN  /home/kadir/mqtt-fuzzing/builds/nanomq-asan/nng/src/sp/transport/mqtt/broker_tcp.c:895 tcptran_pipe_recv_cb: tcptran_pipe_recv_cb: recv_error rv: 130

2026-09-16 01:03:42 [1345544] WARN  /home/kadir/mqtt-fuzzing/builds/nanomq-asan/nng/src/sp/protocol/mqtt/mqtt_parser.c:1363 nano_msg_notify: test offline!
2026-09-16 01:03:42 [1345543] WARN  /home/kadir/mqtt-fuzzing/builds/nanomq-asan/nng/src/sp/protocol/mqtt/mqtt_parser.c:1359 nano_msg_notify: test online!
2026-09-16 01:03:42 [1345542] ERROR /home/kadir/mqtt-fuzzing/builds/nanomq-asan/nng/src/sp/transport/mqtt/broker_tcp.c:845 tcptran_pipe_recv_cb: Invalid subscribe packet!
2026-09-16 01:03:42 [1345542] WARN  /home/kadir/mqtt-fuzzing/builds/nanomq-asan/nng/src/sp/transport/mqtt/broker_tcp.c:895 tcptran_pipe_recv_cb: tcptran_pipe_recv_cb: recv_error rv: 130

2026-09-16 01:03:42 [1345542] WARN  /home/kadir/mqtt-fuzzing/builds/nanomq-asan/nng/src/sp/protocol/mqtt/mqtt_parser.c:1363 nano_msg_notify: test offline!
2026-09-16 01:03:42 [1345543] WARN  /home/kadir/mqtt-fuzzing/builds/nanomq-asan/nng/src/sp/protocol/mqtt/mqtt_parser.c:1359 nano_msg_notify: test online!
2026-09-16 01:03:42 [1345542] WARN  /home/kadir/mqtt-fuzzing/builds/nanomq-asan/nng/src/sp/transport/mqtt/broker_tcp.c:662 tcptran_pipe_recv_cb: MALFORMED_PACKET received.
2026-09-16 01:03:42 [1345542] WARN  /home/kadir/mqtt-fuzzing/builds/nanomq-asan/nng/src/sp/transport/mqtt/broker_tcp.c:895 tcptran_pipe_recv_cb: tcptran_pipe_recv_cb: recv_error rv: 17

2026-09-16 01:03:42 [1345540] WARN  /home/kadir/mqtt-fuzzing/builds/nanomq-asan/nng/src/sp/protocol/mqtt/mqtt_parser.c:1363 nano_msg_notify: test offline!
2026-09-16 01:03:42 [1345541] WARN  /home/kadir/mqtt-fuzzing/builds/nanomq-asan/nng/src/sp/protocol/mqtt/mqtt_parser.c:1359 nano_msg_notify: test online!
2026-09-16 01:03:42 [1345546] ERROR /home/kadir/mqtt-fuzzing/builds/nanomq-asan/nng/src/sp/transport/mqtt/broker_tcp.c:845 tcptran_pipe_recv_cb: Invalid subscribe packet!
2026-09-16 01:03:42 [1345546] WARN  /home/kadir/mqtt-fuzzing/builds/nanomq-asan/nng/src/sp/transport/mqtt/broker_tcp.c:895 tcptran_pipe_recv_cb: tcptran_pipe_recv_cb: recv_error rv: 130

2026-09-16 01:03:42 [1345543] WARN  /home/kadir/mqtt-fuzzing/builds/nanomq-asan/nng/src/sp/protocol/mqtt/mqtt_parser.c:1363 nano_msg_notify: test offline!
2026-09-16 01:03:42 [1345541] WARN  /home/kadir/mqtt-fuzzing/builds/nanomq-asan/nng/src/sp/protocol/mqtt/mqtt_parser.c:1359 nano_msg_notify: test online!
2026-09-16 01:03:42 [1345540] WARN  /home/kadir/mqtt-fuzzing/builds/nanomq-asan/nng/src/sp/transport/mqtt/broker_tcp.c:662 tcptran_pipe_recv_cb: MALFORMED_PACKET received.
2026-09-16 01:03:42 [1345540] WARN  /home/kadir/mqtt-fuzzing/builds/nanomq-asan/nng/src/sp/transport/mqtt/broker_tcp.c:895 tcptran_pipe_recv_cb: tcptran_pipe_recv_cb: recv_error rv: 17

2026-09-16 01:03:42 [1345545] WARN  /home/kadir/mqtt-fuzzing/builds/nanomq-asan/nng/src/sp/protocol/mqtt/mqtt_parser.c:1363 nano_msg_notify: test offline!
2026-09-16 01:03:42 [1345544] WARN  /home/kadir/mqtt-fuzzing/builds/nanomq-asan/nng/src/sp/protocol/mqtt/mqtt_parser.c:1359 nano_msg_notify: test online!
2026-09-16 01:03:42 [1345539] WARN  /home/kadir/mqtt-fuzzing/builds/nanomq-asan/nng/src/sp/transport/mqtt/broker_tcp.c:662 tcptran_pipe_recv_cb: MALFORMED_PACKET received.
2026-09-16 01:03:42 [1345539] WARN  /home/kadir/mqtt-fuzzing/builds/nanomq-asan/nng/src/sp/transport/mqtt/broker_tcp.c:895 tcptran_pipe_recv_cb: tcptran_pipe_recv_cb: recv_error rv: 17

2026-09-16 01:03:42 [1345540] WARN  /home/kadir/mqtt-fuzzing/builds/nanomq-asan/nng/src/sp/protocol/mqtt/mqtt_parser.c:1363 nano_msg_notify: test offline!
2026-09-16 01:03:42 [1345539] WARN  /home/kadir/mqtt-fuzzing/builds/nanomq-asan/nng/src/sp/protocol/mqtt/mqtt_parser.c:1359 nano_msg_notify: test online!
2026-09-16 01:03:42 [1345545] WARN  /home/kadir/mqtt-fuzzing/builds/nanomq-asan/nng/src/sp/transport/mqtt/broker_tcp.c:662 tcptran_pipe_recv_cb: MALFORMED_PACKET received.
2026-09-16 01:03:42 [1345545] WARN  /home/kadir/mqtt-fuzzing/builds/nanomq-asan/nng/src/sp/transport/mqtt/broker_tcp.c:895 tcptran_pipe_recv_cb: tcptran_pipe_recv_cb: recv_error rv: 17

2026-09-16 01:03:42 [1345542] WARN  /home/kadir/mqtt-fuzzing/builds/nanomq-asan/nng/src/sp/protocol/mqtt/mqtt_parser.c:1363 nano_msg_notify: test offline!
2026-09-16 01:03:42 [1345545] WARN  /home/kadir/mqtt-fuzzing/builds/nanomq-asan/nng/src/sp/protocol/mqtt/mqtt_parser.c:1359 nano_msg_notify: test online!
2026-09-16 01:03:42 [1345543] ERROR /home/kadir/mqtt-fuzzing/builds/nanomq-asan/nng/src/sp/transport/mqtt/broker_tcp.c:845 tcptran_pipe_recv_cb: Invalid subscribe packet!
2026-09-16 01:03:42 [1345543] WARN  /home/kadir/mqtt-fuzzing/builds/nanomq-asan/nng/src/sp/transport/mqtt/broker_tcp.c:895 tcptran_pipe_recv_cb: tcptran_pipe_recv_cb: recv_error rv: 130

2026-09-16 01:03:42 [1345541] WARN  /home/kadir/mqtt-fuzzing/builds/nanomq-asan/nng/src/sp/protocol/mqtt/mqtt_parser.c:1363 nano_msg_notify: test offline!
2026-09-16 01:03:42 [1345539] WARN  /home/kadir/mqtt-fuzzing/builds/nanomq-asan/nng/src/sp/protocol/mqtt/mqtt_parser.c:1359 nano_msg_notify: test online!
2026-09-16 01:03:42 [1345540] ERROR /home/kadir/mqtt-fuzzing/builds/nanomq-asan/nng/src/sp/transport/mqtt/broker_tcp.c:845 tcptran_pipe_recv_cb: Invalid subscribe packet!
2026-09-16 01:03:42 [1345540] WARN  /home/kadir/mqtt-fuzzing/builds/nanomq-asan/nng/src/sp/transport/mqtt/broker_tcp.c:895 tcptran_pipe_recv_cb: tcptran_pipe_recv_cb: recv_error rv: 130

2026-09-16 01:03:42 [1345544] WARN  /home/kadir/mqtt-fuzzing/builds/nanomq-asan/nng/src/sp/protocol/mqtt/mqtt_parser.c:1363 nano_msg_notify: test offline!
2026-09-16 01:03:42 [1345539] WARN  /home/kadir/mqtt-fuzzing/builds/nanomq-asan/nng/src/sp/protocol/mqtt/mqtt_parser.c:1359 nano_msg_notify: test online!
2026-09-16 01:03:42 [1345546] ERROR /home/kadir/mqtt-fuzzing/builds/nanomq-asan/nng/src/sp/transport/mqtt/broker_tcp.c:845 tcptran_pipe_recv_cb: Invalid subscribe packet!
2026-09-16 01:03:42 [1345546] WARN  /home/kadir/mqtt-fuzzing/builds/nanomq-asan/nng/src/sp/transport/mqtt/broker_tcp.c:895 tcptran_pipe_recv_cb: tcptran_pipe_recv_cb: recv_error rv: 130

2026-09-16 01:03:42 [1345542] WARN  /home/kadir/mqtt-fuzzing/builds/nanomq-asan/nng/src/sp/protocol/mqtt/mqtt_parser.c:1363 nano_msg_notify: test offline!
2026-09-16 01:03:42 [1345546] WARN  /home/kadir/mqtt-fuzzing/builds/nanomq-asan/nng/src/sp/protocol/mqtt/mqtt_parser.c:1359 nano_msg_notify: test online!
2026-09-16 01:03:42 [1345543] ERROR /home/kadir/mqtt-fuzzing/builds/nanomq-asan/nng/src/sp/transport/mqtt/broker_tcp.c:845 tcptran_pipe_recv_cb: Invalid subscribe packet!
2026-09-16 01:03:42 [1345543] WARN  /home/kadir/mqtt-fuzzing/builds/nanomq-asan/nng/src/sp/transport/mqtt/broker_tcp.c:895 tcptran_pipe_recv_cb: tcptran_pipe_recv_cb: recv_error rv: 130

2026-09-16 01:03:42 [1345539] WARN  /home/kadir/mqtt-fuzzing/builds/nanomq-asan/nng/src/sp/protocol/mqtt/mqtt_parser.c:1363 nano_msg_notify: test offline!
2026-09-16 01:03:42 [1345544] WARN  /home/kadir/mqtt-fuzzing/builds/nanomq-asan/nng/src/sp/protocol/mqtt/mqtt_parser.c:1359 nano_msg_notify: test online!
2026-09-16 01:03:42 [1345545] ERROR /home/kadir/mqtt-fuzzing/builds/nanomq-asan/nng/src/sp/transport/mqtt/broker_tcp.c:845 tcptran_pipe_recv_cb: Invalid subscribe packet!
2026-09-16 01:03:42 [1345545] WARN  /home/kadir/mqtt-fuzzing/builds/nanomq-asan/nng/src/sp/transport/mqtt/broker_tcp.c:895 tcptran_pipe_recv_cb: tcptran_pipe_recv_cb: recv_error rv: 130

2026-09-16 01:03:42 [1345541] WARN  /home/kadir/mqtt-fuzzing/builds/nanomq-asan/nng/src/sp/protocol/mqtt/mqtt_parser.c:1363 nano_msg_notify: test offline!
2026-09-16 01:03:42 [1345545] ERROR /home/kadir/mqtt-fuzzing/builds/nanomq-asan/nng/src/sp/transport/mqtt/broker_tcp.c:845 tcptran_pipe_recv_cb: Invalid subscribe packet!
2026-09-16 01:03:42 [1345545] WARN  /home/kadir/mqtt-fuzzing/builds/nanomq-asan/nng/src/sp/transport/mqtt/broker_tcp.c:895 tcptran_pipe_recv_cb: tcptran_pipe_recv_cb: recv_error rv: 130

2026-09-16 01:03:42 [1345542] WARN  /home/kadir/mqtt-fuzzing/builds/nanomq-asan/nng/src/sp/protocol/mqtt/mqtt_parser.c:1359 nano_msg_notify: test online!
2026-09-16 01:03:42 [1345543] WARN  /home/kadir/mqtt-fuzzing/builds/nanomq-asan/nng/src/sp/protocol/mqtt/mqtt_parser.c:1363 nano_msg_notify: test offline!
2026-09-16 01:03:42 [1345544] WARN  /home/kadir/mqtt-fuzzing/builds/nanomq-asan/nng/src/sp/protocol/mqtt/mqtt_parser.c:1359 nano_msg_notify: test online!
2026-09-16 01:03:42 [1345543] WARN  /home/kadir/mqtt-fuzzing/builds/nanomq-asan/nng/src/sp/transport/mqtt/broker_tcp.c:662 tcptran_pipe_recv_cb: MALFORMED_PACKET received.
2026-09-16 01:03:42 [1345543] WARN  /home/kadir/mqtt-fuzzing/builds/nanomq-asan/nng/src/sp/transport/mqtt/broker_tcp.c:895 tcptran_pipe_recv_cb: tcptran_pipe_recv_cb: recv_error rv: 17

2026-09-16 01:03:42 [1345546] WARN  /home/kadir/mqtt-fuzzing/builds/nanomq-asan/nng/src/sp/protocol/mqtt/mqtt_parser.c:1363 nano_msg_notify: test offline!
2026-09-16 01:03:42 [1345543] WARN  /home/kadir/mqtt-fuzzing/builds/nanomq-asan/nng/src/sp/protocol/mqtt/mqtt_parser.c:1359 nano_msg_notify: test online!
2026-09-16 01:03:42 [1345544] ERROR /home/kadir/mqtt-fuzzing/builds/nanomq-asan/nng/src/sp/transport/mqtt/broker_tcp.c:691 tcptran_pipe_recv_cb: Size of packet exceeds limitation: 0x95

2026-09-16 01:03:42 [1345544] WARN  /home/kadir/mqtt-fuzzing/builds/nanomq-asan/nng/src/sp/transport/mqtt/broker_tcp.c:895 tcptran_pipe_recv_cb: tcptran_pipe_recv_cb: recv_error rv: 149

2026-09-16 01:03:42 [1345539] WARN  /home/kadir/mqtt-fuzzing/builds/nanomq-asan/nng/src/sp/protocol/mqtt/mqtt_parser.c:1363 nano_msg_notify: test offline!
2026-09-16 01:03:42 [1345545] WARN  /home/kadir/mqtt-fuzzing/builds/nanomq-asan/nng/src/sp/protocol/mqtt/mqtt_parser.c:1359 nano_msg_notify: test online!
2026-09-16 01:03:42 [1345544] WARN  /home/kadir/mqtt-fuzzing/builds/nanomq-asan/nng/src/sp/transport/mqtt/broker_tcp.c:628 tcptran_pipe_recv_cb: nni aio recv error!! Connection shutdown

2026-09-16 01:03:42 [1345544] WARN  /home/kadir/mqtt-fuzzing/builds/nanomq-asan/nng/src/sp/transport/mqtt/broker_tcp.c:895 tcptran_pipe_recv_cb: tcptran_pipe_recv_cb: recv_error rv: 139

2026-09-16 01:03:42 [1345541] WARN  /home/kadir/mqtt-fuzzing/builds/nanomq-asan/nng/src/sp/protocol/mqtt/mqtt_parser.c:1363 nano_msg_notify: test offline!
2026-09-16 01:03:42 [1345545] WARN  /home/kadir/mqtt-fuzzing/builds/nanomq-asan/nng/src/sp/protocol/mqtt/mqtt_parser.c:1359 nano_msg_notify: test online!
2026-09-16 01:03:42 [1345543] WARN  /home/kadir/mqtt-fuzzing/builds/nanomq-asan/nng/src/sp/transport/mqtt/broker_tcp.c:735 tcptran_pipe_recv_cb: Got invalid CONNACK from client!
2026-09-16 01:03:42 [1345543] WARN  /home/kadir/mqtt-fuzzing/builds/nanomq-asan/nng/src/sp/transport/mqtt/broker_tcp.c:895 tcptran_pipe_recv_cb: tcptran_pipe_recv_cb: recv_error rv: 129

2026-09-16 01:03:42 [1345542] WARN  /home/kadir/mqtt-fuzzing/builds/nanomq-asan/nng/src/sp/protocol/mqtt/mqtt_parser.c:1363 nano_msg_notify: test offline!
2026-09-16 01:03:42 [1345540] WARN  /home/kadir/mqtt-fuzzing/builds/nanomq-asan/nng/src/sp/protocol/mqtt/mqtt_parser.c:1359 nano_msg_notify: test online!
2026-09-16 01:03:42 [1345546] WARN  /home/kadir/mqtt-fuzzing/builds/nanomq-asan/nng/src/sp/transport/mqtt/broker_tcp.c:662 tcptran_pipe_recv_cb: MALFORMED_PACKET received.
2026-09-16 01:03:42 [1345546] WARN  /home/kadir/mqtt-fuzzing/builds/nanomq-asan/nng/src/sp/transport/mqtt/broker_tcp.c:895 tcptran_pipe_recv_cb: tcptran_pipe_recv_cb: recv_error rv: 17

2026-09-16 01:03:42 [1345542] WARN  /home/kadir/mqtt-fuzzing/builds/nanomq-asan/nng/src/sp/protocol/mqtt/mqtt_parser.c:1363 nano_msg_notify: test offline!
2026-09-16 01:03:42 [1345545] WARN  /home/kadir/mqtt-fuzzing/builds/nanomq-asan/nng/src/sp/protocol/mqtt/mqtt_parser.c:1359 nano_msg_notify: test online!
2026-09-16 01:03:42 [1345546] WARN  /home/kadir/mqtt-fuzzing/builds/nanomq-asan/nng/src/sp/transport/mqtt/broker_tcp.c:628 tcptran_pipe_recv_cb: nni aio recv error!! Connection shutdown

2026-09-16 01:03:42 [1345546] WARN  /home/kadir/mqtt-fuzzing/builds/nanomq-asan/nng/src/sp/transport/mqtt/broker_tcp.c:895 tcptran_pipe_recv_cb: tcptran_pipe_recv_cb: recv_error rv: 139

2026-09-16 01:03:42 [1345543] WARN  /home/kadir/mqtt-fuzzing/builds/nanomq-asan/nng/src/sp/protocol/mqtt/mqtt_parser.c:1363 nano_msg_notify: test offline!
2026-09-16 01:03:42 [1345539] WARN  /home/kadir/mqtt-fuzzing/builds/nanomq-asan/nng/src/sp/protocol/mqtt/mqtt_parser.c:1359 nano_msg_notify: test online!
2026-09-16 01:03:42 [1345543] ERROR /home/kadir/mqtt-fuzzing/builds/nanomq-asan/nng/src/sp/transport/mqtt/broker_tcp.c:845 tcptran_pipe_recv_cb: Invalid subscribe packet!
2026-09-16 01:03:42 [1345543] WARN  /home/kadir/mqtt-fuzzing/builds/nanomq-asan/nng/src/sp/transport/mqtt/broker_tcp.c:895 tcptran_pipe_recv_cb: tcptran_pipe_recv_cb: recv_error rv: 130

2026-09-16 01:03:42 [1345543] WARN  /home/kadir/mqtt-fuzzing/builds/nanomq-asan/nng/src/sp/protocol/mqtt/mqtt_parser.c:1363 nano_msg_notify: test offline!
2026-09-16 01:03:42 [1345545] WARN  /home/kadir/mqtt-fuzzing/builds/nanomq-asan/nng/src/sp/protocol/mqtt/mqtt_parser.c:1359 nano_msg_notify: test online!
2026-09-16 01:03:42 [1345544] WARN  /home/kadir/mqtt-fuzzing/builds/nanomq-asan/nng/src/sp/transport/mqtt/broker_tcp.c:662 tcptran_pipe_recv_cb: MALFORMED_PACKET received.
2026-09-16 01:03:42 [1345544] WARN  /home/kadir/mqtt-fuzzing/builds/nanomq-asan/nng/src/sp/transport/mqtt/broker_tcp.c:895 tcptran_pipe_recv_cb: tcptran_pipe_recv_cb: recv_error rv: 17

2026-09-16 01:03:42 [1345539] WARN  /home/kadir/mqtt-fuzzing/builds/nanomq-asan/nng/src/sp/protocol/mqtt/mqtt_parser.c:1363 nano_msg_notify: test offline!
2026-09-16 01:03:42 [1345544] WARN  /home/kadir/mqtt-fuzzing/builds/nanomq-asan/nng/src/sp/protocol/mqtt/mqtt_parser.c:1359 nano_msg_notify: test online!
2026-09-16 01:03:42 [1345545] ERROR /home/kadir/mqtt-fuzzing/builds/nanomq-asan/nng/src/sp/transport/mqtt/broker_tcp.c:845 tcptran_pipe_recv_cb: Invalid subscribe packet!
2026-09-16 01:03:42 [1345545] WARN  /home/kadir/mqtt-fuzzing/builds/nanomq-asan/nng/src/sp/transport/mqtt/broker_tcp.c:895 tcptran_pipe_recv_cb: tcptran_pipe_recv_cb: recv_error rv: 130

2026-09-16 01:03:42 [1345543] WARN  /home/kadir/mqtt-fuzzing/builds/nanomq-asan/nng/src/sp/protocol/mqtt/mqtt_parser.c:1363 nano_msg_notify: test offline!
2026-09-16 01:03:42 [1345544] WARN  /home/kadir/mqtt-fuzzing/builds/nanomq-asan/nng/src/sp/protocol/mqtt/mqtt_parser.c:1359 nano_msg_notify: test online!
2026-09-16 01:03:42 [1345541] WARN  /home/kadir/mqtt-fuzzing/builds/nanomq-asan/nng/src/sp/transport/mqtt/broker_tcp.c:628 tcptran_pipe_recv_cb: nni aio recv error!! Connection shutdown

2026-09-16 01:03:42 [1345541] WARN  /home/kadir/mqtt-fuzzing/builds/nanomq-asan/nng/src/sp/transport/mqtt/broker_tcp.c:895 tcptran_pipe_recv_cb: tcptran_pipe_recv_cb: recv_error rv: 139

2026-09-16 01:03:42 [1345542] WARN  /home/kadir/mqtt-fuzzing/builds/nanomq-asan/nng/src/sp/protocol/mqtt/mqtt_parser.c:1363 nano_msg_notify: test offline!
2026-09-16 01:03:42 [1345543] WARN  /home/kadir/mqtt-fuzzing/builds/nanomq-asan/nng/src/sp/protocol/mqtt/mqtt_parser.c:1359 nano_msg_notify: test online!
2026-09-16 01:03:42 [1345544] ERROR /home/kadir/mqtt-fuzzing/builds/nanomq-asan/nng/src/sp/transport/mqtt/broker_tcp.c:845 tcptran_pipe_recv_cb: Invalid subscribe packet!
2026-09-16 01:03:42 [1345544] WARN  /home/kadir/mqtt-fuzzing/builds/nanomq-asan/nng/src/sp/transport/mqtt/broker_tcp.c:895 tcptran_pipe_recv_cb: tcptran_pipe_recv_cb: recv_error rv: 130

2026-09-16 01:03:42 [1345545] WARN  /home/kadir/mqtt-fuzzing/builds/nanomq-asan/nng/src/sp/protocol/mqtt/mqtt_parser.c:1363 nano_msg_notify: test offline!
2026-09-16 01:03:42 [1345540] WARN  /home/kadir/mqtt-fuzzing/builds/nanomq-asan/nng/src/sp/protocol/mqtt/mqtt_parser.c:1359 nano_msg_notify: test online!
2026-09-16 01:03:42 [1345543] ERROR /home/kadir/mqtt-fuzzing/builds/nanomq-asan/nng/src/sp/transport/mqtt/broker_tcp.c:845 tcptran_pipe_recv_cb: Invalid subscribe packet!
2026-09-16 01:03:42 [1345543] WARN  /home/kadir/mqtt-fuzzing/builds/nanomq-asan/nng/src/sp/transport/mqtt/broker_tcp.c:895 tcptran_pipe_recv_cb: tcptran_pipe_recv_cb: recv_error rv: 130

2026-09-16 01:03:42 [1345543] WARN  /home/kadir/mqtt-fuzzing/builds/nanomq-asan/nng/src/sp/protocol/mqtt/mqtt_parser.c:1363 nano_msg_notify: test offline!
2026-09-16 01:03:42 [1345546] WARN  /home/kadir/mqtt-fuzzing/builds/nanomq-asan/nng/src/sp/protocol/mqtt/mqtt_parser.c:1359 nano_msg_notify: test online!
2026-09-16 01:03:42 [1345543] ERROR /home/kadir/mqtt-fuzzing/builds/nanomq-asan/nng/src/sp/transport/mqtt/broker_tcp.c:845 tcptran_pipe_recv_cb: Invalid subscribe packet!
2026-09-16 01:03:42 [1345543] WARN  /home/kadir/mqtt-fuzzing/builds/nanomq-asan/nng/src/sp/transport/mqtt/broker_tcp.c:895 tcptran_pipe_recv_cb: tcptran_pipe_recv_cb: recv_error rv: 130

2026-09-16 01:03:42 [1345539] WARN  /home/kadir/mqtt-fuzzing/builds/nanomq-asan/nng/src/sp/protocol/mqtt/mqtt_parser.c:1363 nano_msg_notify: test offline!
2026-09-16 01:03:42 [1345540] WARN  /home/kadir/mqtt-fuzzing/builds/nanomq-asan/nng/src/sp/protocol/mqtt/mqtt_parser.c:1359 nano_msg_notify: test online!
2026-09-16 01:03:42 [1345545] WARN  /home/kadir/mqtt-fuzzing/builds/nanomq-asan/nng/src/sp/transport/mqtt/broker_tcp.c:628 tcptran_pipe_recv_cb: nni aio recv error!! Connection shutdown

2026-09-16 01:03:42 [1345545] WARN  /home/kadir/mqtt-fuzzing/builds/nanomq-asan/nng/src/sp/transport/mqtt/broker_tcp.c:895 tcptran_pipe_recv_cb: tcptran_pipe_recv_cb: recv_error rv: 139

2026-09-16 01:03:42 [1345543] WARN  /home/kadir/mqtt-fuzzing/builds/nanomq-asan/nng/src/sp/protocol/mqtt/mqtt_parser.c:1363 nano_msg_notify: test offline!
2026-09-16 01:03:42 [1345545] WARN  /home/kadir/mqtt-fuzzing/builds/nanomq-asan/nng/src/sp/protocol/mqtt/mqtt_parser.c:1359 nano_msg_notify: test online!
2026-09-16 01:03:42 [1345540] WARN  /home/kadir/mqtt-fuzzing/builds/nanomq-asan/nng/src/sp/transport/mqtt/broker_tcp.c:628 tcptran_pipe_recv_cb: nni aio recv error!! Connection shutdown

2026-09-16 01:03:42 [1345540] WARN  /home/kadir/mqtt-fuzzing/builds/nanomq-asan/nng/src/sp/transport/mqtt/broker_tcp.c:895 tcptran_pipe_recv_cb: tcptran_pipe_recv_cb: recv_error rv: 139

2026-09-16 01:03:42 [1345540] WARN  /home/kadir/mqtt-fuzzing/builds/nanomq-asan/nng/src/sp/protocol/mqtt/mqtt_parser.c:1363 nano_msg_notify: test offline!
2026-09-16 01:03:42 [1345539] WARN  /home/kadir/mqtt-fuzzing/builds/nanomq-asan/nng/src/sp/protocol/mqtt/mqtt_parser.c:1359 nano_msg_notify: test online!
2026-09-16 01:03:42 [1345541] ERROR /home/kadir/mqtt-fuzzing/builds/nanomq-asan/nng/src/sp/transport/mqtt/broker_tcp.c:845 tcptran_pipe_recv_cb: Invalid subscribe packet!
2026-09-16 01:03:42 [1345541] WARN  /home/kadir/mqtt-fuzzing/builds/nanomq-asan/nng/src/sp/transport/mqtt/broker_tcp.c:895 tcptran_pipe_recv_cb: tcptran_pipe_recv_cb: recv_error rv: 130

2026-09-16 01:03:42 [1345544] WARN  /home/kadir/mqtt-fuzzing/builds/nanomq-asan/nng/src/sp/protocol/mqtt/mqtt_parser.c:1363 nano_msg_notify: test offline!
2026-09-16 01:03:42 [1345539] WARN  /home/kadir/mqtt-fuzzing/builds/nanomq-asan/nng/src/sp/protocol/mqtt/mqtt_parser.c:1359 nano_msg_notify: test online!
2026-09-16 01:03:42 [1345541] ERROR /home/kadir/mqtt-fuzzing/builds/nanomq-asan/nng/src/sp/transport/mqtt/broker_tcp.c:845 tcptran_pipe_recv_cb: Invalid subscribe packet!
2026-09-16 01:03:42 [1345541] WARN  /home/kadir/mqtt-fuzzing/builds/nanomq-asan/nng/src/sp/transport/mqtt/broker_tcp.c:895 tcptran_pipe_recv_cb: tcptran_pipe_recv_cb: recv_error rv: 130

2026-09-16 01:03:42 [1345542] WARN  /home/kadir/mqtt-fuzzing/builds/nanomq-asan/nng/src/sp/protocol/mqtt/mqtt_parser.c:1363 nano_msg_notify: test offline!
2026-09-16 01:03:42 [1345543] WARN  /home/kadir/mqtt-fuzzing/builds/nanomq-asan/nng/src/sp/protocol/mqtt/mqtt_parser.c:1359 nano_msg_notify: test online!
2026-09-16 01:03:42 [1345545] ERROR /home/kadir/mqtt-fuzzing/builds/nanomq-asan/nng/src/sp/transport/mqtt/broker_tcp.c:845 tcptran_pipe_recv_cb: Invalid subscribe packet!
2026-09-16 01:03:42 [1345545] WARN  /home/kadir/mqtt-fuzzing/builds/nanomq-asan/nng/src/sp/transport/mqtt/broker_tcp.c:895 tcptran_pipe_recv_cb: tcptran_pipe_recv_cb: recv_error rv: 130

2026-09-16 01:03:42 [1345540] WARN  /home/kadir/mqtt-fuzzing/builds/nanomq-asan/nng/src/sp/protocol/mqtt/mqtt_parser.c:1363 nano_msg_notify: test offline!
2026-09-16 01:03:42 [1345545] WARN  /home/kadir/mqtt-fuzzing/builds/nanomq-asan/nng/src/sp/protocol/mqtt/mqtt_parser.c:1359 nano_msg_notify: test online!
2026-09-16 01:03:42 [1345540] ERROR /home/kadir/mqtt-fuzzing/builds/nanomq-asan/nng/src/sp/transport/mqtt/broker_tcp.c:845 tcptran_pipe_recv_cb: Invalid subscribe packet!
2026-09-16 01:03:42 [1345540] WARN  /home/kadir/mqtt-fuzzing/builds/nanomq-asan/nng/src/sp/transport/mqtt/broker_tcp.c:895 tcptran_pipe_recv_cb: tcptran_pipe_recv_cb: recv_error rv: 130

2026-09-16 01:03:42 [1345539] WARN  /home/kadir/mqtt-fuzzing/builds/nanomq-asan/nng/src/sp/protocol/mqtt/mqtt_parser.c:1363 nano_msg_notify: test offline!
2026-09-16 01:03:42 [1345540] WARN  /home/kadir/mqtt-fuzzing/builds/nanomq-asan/nng/src/sp/protocol/mqtt/mqtt_parser.c:1359 nano_msg_notify: test online!
2026-09-16 01:03:42 [1345544] ERROR /home/kadir/mqtt-fuzzing/builds/nanomq-asan/nng/src/sp/transport/mqtt/broker_tcp.c:845 tcptran_pipe_recv_cb: Invalid subscribe packet!
2026-09-16 01:03:42 [1345544] WARN  /home/kadir/mqtt-fuzzing/builds/nanomq-asan/nng/src/sp/transport/mqtt/broker_tcp.c:895 tcptran_pipe_recv_cb: tcptran_pipe_recv_cb: recv_error rv: 130

2026-09-16 01:03:42 [1345544] WARN  /home/kadir/mqtt-fuzzing/builds/nanomq-asan/nng/src/sp/protocol/mqtt/mqtt_parser.c:1363 nano_msg_notify: test offline!
2026-09-16 01:03:42 [1345544] WARN  /home/kadir/mqtt-fuzzing/builds/nanomq-asan/nng/src/sp/protocol/mqtt/mqtt_parser.c:1359 nano_msg_notify: test online!
2026-09-16 01:03:42 [1345540] ERROR /home/kadir/mqtt-fuzzing/builds/nanomq-asan/nng/src/sp/transport/mqtt/broker_tcp.c:845 tcptran_pipe_recv_cb: Invalid subscribe packet!
2026-09-16 01:03:42 [1345540] WARN  /home/kadir/mqtt-fuzzing/builds/nanomq-asan/nng/src/sp/transport/mqtt/broker_tcp.c:895 tcptran_pipe_recv_cb: tcptran_pipe_recv_cb: recv_error rv: 130

2026-09-16 01:03:42 [1345541] WARN  /home/kadir/mqtt-fuzzing/builds/nanomq-asan/nng/src/sp/protocol/mqtt/mqtt_parser.c:1363 nano_msg_notify: test offline!
2026-09-16 01:03:42 [1345543] WARN  /home/kadir/mqtt-fuzzing/builds/nanomq-asan/nng/src/sp/protocol/mqtt/mqtt_parser.c:1359 nano_msg_notify: test online!
2026-09-16 01:03:42 [1345546] WARN  /home/kadir/mqtt-fuzzing/builds/nanomq-asan/nng/src/sp/transport/mqtt/broker_tcp.c:628 tcptran_pipe_recv_cb: nni aio recv error!! Connection shutdown

2026-09-16 01:03:42 [1345546] WARN  /home/kadir/mqtt-fuzzing/builds/nanomq-asan/nng/src/sp/transport/mqtt/broker_tcp.c:895 tcptran_pipe_recv_cb: tcptran_pipe_recv_cb: recv_error rv: 139

2026-09-16 01:03:42 [1345545] WARN  /home/kadir/mqtt-fuzzing/builds/nanomq-asan/nng/src/sp/protocol/mqtt/mqtt_parser.c:1363 nano_msg_notify: test offline!
2026-09-16 01:03:42 [1345546] WARN  /home/kadir/mqtt-fuzzing/builds/nanomq-asan/nng/src/sp/protocol/mqtt/mqtt_parser.c:1359 nano_msg_notify: test online!
2026-09-16 01:03:42 [1345543] ERROR /home/kadir/mqtt-fuzzing/builds/nanomq-asan/nng/src/sp/transport/mqtt/broker_tcp.c:845 tcptran_pipe_recv_cb: Invalid subscribe packet!
2026-09-16 01:03:42 [1345543] WARN  /home/kadir/mqtt-fuzzing/builds/nanomq-asan/nng/src/sp/transport/mqtt/broker_tcp.c:895 tcptran_pipe_recv_cb: tcptran_pipe_recv_cb: recv_error rv: 130

2026-09-16 01:03:42 [1345540] WARN  /home/kadir/mqtt-fuzzing/builds/nanomq-asan/nng/src/sp/protocol/mqtt/mqtt_parser.c:1363 nano_msg_notify: test offline!
2026-09-16 01:03:42 [1345542] WARN  /home/kadir/mqtt-fuzzing/builds/nanomq-asan/nng/src/sp/protocol/mqtt/mqtt_parser.c:1359 nano_msg_notify: test online!
2026-09-16 01:03:42 [1345545] WARN  /home/kadir/mqtt-fuzzing/builds/nanomq-asan/nng/src/sp/transport/mqtt/broker_tcp.c:628 tcptran_pipe_recv_cb: nni aio recv error!! Connection shutdown

2026-09-16 01:03:42 [1345545] WARN  /home/kadir/mqtt-fuzzing/builds/nanomq-asan/nng/src/sp/transport/mqtt/broker_tcp.c:895 tcptran_pipe_recv_cb: tcptran_pipe_recv_cb: recv_error rv: 139

2026-09-16 01:03:42 [1345543] WARN  /home/kadir/mqtt-fuzzing/builds/nanomq-asan/nng/src/sp/protocol/mqtt/mqtt_parser.c:1363 nano_msg_notify: test offline!
2026-09-16 01:03:42 [1345546] WARN  /home/kadir/mqtt-fuzzing/builds/nanomq-asan/nng/src/sp/transport/mqtt/broker_tcp.c:628 tcptran_pipe_recv_cb: nni aio recv error!! Connection shutdown

2026-09-16 01:03:42 [1345546] WARN  /home/kadir/mqtt-fuzzing/builds/nanomq-asan/nng/src/sp/transport/mqtt/broker_tcp.c:895 tcptran_pipe_recv_cb: tcptran_pipe_recv_cb: recv_error rv: 139

2026-09-16 01:03:42 [1345542] WARN  /home/kadir/mqtt-fuzzing/builds/nanomq-asan/nng/src/sp/protocol/mqtt/mqtt_parser.c:1359 nano_msg_notify: test online!
2026-09-16 01:03:42 [1345544] WARN  /home/kadir/mqtt-fuzzing/builds/nanomq-asan/nng/src/sp/protocol/mqtt/mqtt_parser.c:1363 nano_msg_notify: test offline!
2026-09-16 01:03:42 [1345541] WARN  /home/kadir/mqtt-fuzzing/builds/nanomq-asan/nng/src/sp/protocol/mqtt/mqtt_parser.c:1359 nano_msg_notify: test online!
2026-09-16 01:03:42 [1345544] WARN  /home/kadir/mqtt-fuzzing/builds/nanomq-asan/nng/src/sp/transport/mqtt/broker_tcp.c:628 tcptran_pipe_recv_cb: nni aio recv error!! Connection shutdown

2026-09-16 01:03:42 [1345544] WARN  /home/kadir/mqtt-fuzzing/builds/nanomq-asan/nng/src/sp/transport/mqtt/broker_tcp.c:895 tcptran_pipe_recv_cb: tcptran_pipe_recv_cb: recv_error rv: 139

2026-09-16 01:03:42 [1345545] WARN  /home/kadir/mqtt-fuzzing/builds/nanomq-asan/nng/src/sp/protocol/mqtt/mqtt_parser.c:1363 nano_msg_notify: test offline!
2026-09-16 01:03:42 [1345540] WARN  /home/kadir/mqtt-fuzzing/builds/nanomq-asan/nng/src/sp/protocol/mqtt/mqtt_parser.c:1359 nano_msg_notify: test online!
2026-09-16 01:03:42 [1345544] ERROR /home/kadir/mqtt-fuzzing/builds/nanomq-asan/nng/src/sp/transport/mqtt/broker_tcp.c:845 tcptran_pipe_recv_cb: Invalid subscribe packet!
2026-09-16 01:03:42 [1345544] WARN  /home/kadir/mqtt-fuzzing/builds/nanomq-asan/nng/src/sp/transport/mqtt/broker_tcp.c:895 tcptran_pipe_recv_cb: tcptran_pipe_recv_cb: recv_error rv: 130

2026-09-16 01:03:42 [1345542] WARN  /home/kadir/mqtt-fuzzing/builds/nanomq-asan/nng/src/sp/protocol/mqtt/mqtt_parser.c:1363 nano_msg_notify: test offline!
2026-09-16 01:03:42 [1345544] WARN  /home/kadir/mqtt-fuzzing/builds/nanomq-asan/nng/src/sp/protocol/mqtt/mqtt_parser.c:1359 nano_msg_notify: test online!
2026-09-16 01:03:42 [1345542] ERROR /home/kadir/mqtt-fuzzing/builds/nanomq-asan/nng/src/sp/transport/mqtt/broker_tcp.c:845 tcptran_pipe_recv_cb: Invalid subscribe packet!
2026-09-16 01:03:42 [1345542] WARN  /home/kadir/mqtt-fuzzing/builds/nanomq-asan/nng/src/sp/transport/mqtt/broker_tcp.c:895 tcptran_pipe_recv_cb: tcptran_pipe_recv_cb: recv_error rv: 130

2026-09-16 01:03:42 [1345546] WARN  /home/kadir/mqtt-fuzzing/builds/nanomq-asan/nng/src/sp/protocol/mqtt/mqtt_parser.c:1363 nano_msg_notify: test offline!
2026-09-16 01:03:42 [1345545] WARN  /home/kadir/mqtt-fuzzing/builds/nanomq-asan/nng/src/sp/protocol/mqtt/mqtt_parser.c:1359 nano_msg_notify: test online!
2026-09-16 01:03:42 [1345544] ERROR /home/kadir/mqtt-fuzzing/builds/nanomq-asan/nng/src/sp/transport/mqtt/broker_tcp.c:845 tcptran_pipe_recv_cb: Invalid subscribe packet!
2026-09-16 01:03:42 [1345544] WARN  /home/kadir/mqtt-fuzzing/builds/nanomq-asan/nng/src/sp/transport/mqtt/broker_tcp.c:895 tcptran_pipe_recv_cb: tcptran_pipe_recv_cb: recv_error rv: 130

2026-09-16 01:03:42 [1345543] WARN  /home/kadir/mqtt-fuzzing/builds/nanomq-asan/nng/src/sp/protocol/mqtt/mqtt_parser.c:1363 nano_msg_notify: test offline!
2026-09-16 01:03:42 [1345539] WARN  /home/kadir/mqtt-fuzzing/builds/nanomq-asan/nng/src/sp/protocol/mqtt/mqtt_parser.c:1359 nano_msg_notify: test online!
2026-09-16 01:03:42 [1345545] ERROR /home/kadir/mqtt-fuzzing/builds/nanomq-asan/nng/src/sp/transport/mqtt/broker_tcp.c:845 tcptran_pipe_recv_cb: Invalid subscribe packet!
2026-09-16 01:03:42 [1345545] WARN  /home/kadir/mqtt-fuzzing/builds/nanomq-asan/nng/src/sp/transport/mqtt/broker_tcp.c:895 tcptran_pipe_recv_cb: tcptran_pipe_recv_cb: recv_error rv: 130

2026-09-16 01:03:42 [1345545] WARN  /home/kadir/mqtt-fuzzing/builds/nanomq-asan/nng/src/sp/protocol/mqtt/mqtt_parser.c:1363 nano_msg_notify: test offline!
2026-09-16 01:03:42 [1345542] WARN  /home/kadir/mqtt-fuzzing/builds/nanomq-asan/nng/src/sp/protocol/mqtt/mqtt_parser.c:1359 nano_msg_notify: test online!
2026-09-16 01:03:42 [1345539] ERROR /home/kadir/mqtt-fuzzing/builds/nanomq-asan/nng/src/sp/transport/mqtt/broker_tcp.c:845 tcptran_pipe_recv_cb: Invalid subscribe packet!
2026-09-16 01:03:42 [1345539] WARN  /home/kadir/mqtt-fuzzing/builds/nanomq-asan/nng/src/sp/transport/mqtt/broker_tcp.c:895 tcptran_pipe_recv_cb: tcptran_pipe_recv_cb: recv_error rv: 130

2026-09-16 01:03:42 [1345543] WARN  /home/kadir/mqtt-fuzzing/builds/nanomq-asan/nng/src/sp/protocol/mqtt/mqtt_parser.c:1363 nano_msg_notify: test offline!
2026-09-16 01:03:42 [1345541] WARN  /home/kadir/mqtt-fuzzing/builds/nanomq-asan/nng/src/sp/protocol/mqtt/mqtt_parser.c:1359 nano_msg_notify: test online!
2026-09-16 01:03:42 [1345542] WARN  /home/kadir/mqtt-fuzzing/builds/nanomq-asan/nng/src/sp/transport/mqtt/broker_tcp.c:731 tcptran_pipe_recv_cb: Invalid Packet Type: 0 len received! Connection closed.
2026-09-16 01:03:42 [1345542] WARN  /home/kadir/mqtt-fuzzing/builds/nanomq-asan/nng/src/sp/transport/mqtt/broker_tcp.c:895 tcptran_pipe_recv_cb: tcptran_pipe_recv_cb: recv_error rv: 129

2026-09-16 01:03:42 [1345543] WARN  /home/kadir/mqtt-fuzzing/builds/nanomq-asan/nng/src/sp/protocol/mqtt/mqtt_parser.c:1363 nano_msg_notify: test offline!
2026-09-16 01:03:42 [1345542] WARN  /home/kadir/mqtt-fuzzing/builds/nanomq-asan/nng/src/sp/protocol/mqtt/mqtt_parser.c:1359 nano_msg_notify: test online!
2026-09-16 01:03:42 [1345540] WARN  /home/kadir/mqtt-fuzzing/builds/nanomq-asan/nng/src/sp/transport/mqtt/broker_tcp.c:628 tcptran_pipe_recv_cb: nni aio recv error!! Connection shutdown

2026-09-16 01:03:42 [1345540] WARN  /home/kadir/mqtt-fuzzing/builds/nanomq-asan/nng/src/sp/transport/mqtt/broker_tcp.c:895 tcptran_pipe_recv_cb: tcptran_pipe_recv_cb: recv_error rv: 139

2026-09-16 01:03:42 [1345545] WARN  /home/kadir/mqtt-fuzzing/builds/nanomq-asan/nng/src/sp/protocol/mqtt/mqtt_parser.c:1363 nano_msg_notify: test offline!
2026-09-16 01:03:42 [1345543] WARN  /home/kadir/mqtt-fuzzing/builds/nanomq-asan/nng/src/sp/protocol/mqtt/mqtt_parser.c:1359 nano_msg_notify: test online!
2026-09-16 01:03:42 [1345541] WARN  /home/kadir/mqtt-fuzzing/builds/nanomq-asan/nng/src/sp/transport/mqtt/broker_tcp.c:628 tcptran_pipe_recv_cb: nni aio recv error!! Connection shutdown

2026-09-16 01:03:42 [1345541] WARN  /home/kadir/mqtt-fuzzing/builds/nanomq-asan/nng/src/sp/transport/mqtt/broker_tcp.c:895 tcptran_pipe_recv_cb: tcptran_pipe_recv_cb: recv_error rv: 139

2026-09-16 01:03:42 [1345541] WARN  /home/kadir/mqtt-fuzzing/builds/nanomq-asan/nng/src/sp/protocol/mqtt/mqtt_parser.c:1363 nano_msg_notify: test offline!
2026-09-16 01:03:42 [1345543] WARN  /home/kadir/mqtt-fuzzing/builds/nanomq-asan/nng/src/sp/protocol/mqtt/mqtt_parser.c:1359 nano_msg_notify: test online!
2026-09-16 01:03:42 [1345545] ERROR /home/kadir/mqtt-fuzzing/builds/nanomq-asan/nng/src/sp/transport/mqtt/broker_tcp.c:845 tcptran_pipe_recv_cb: Invalid subscribe packet!
2026-09-16 01:03:42 [1345545] WARN  /home/kadir/mqtt-fuzzing/builds/nanomq-asan/nng/src/sp/transport/mqtt/broker_tcp.c:895 tcptran_pipe_recv_cb: tcptran_pipe_recv_cb: recv_error rv: 130

2026-09-16 01:03:42 [1345540] WARN  /home/kadir/mqtt-fuzzing/builds/nanomq-asan/nng/src/sp/protocol/mqtt/mqtt_parser.c:1363 nano_msg_notify: test offline!
2026-09-16 01:03:42 [1345545] WARN  /home/kadir/mqtt-fuzzing/builds/nanomq-asan/nng/src/sp/protocol/mqtt/mqtt_parser.c:1359 nano_msg_notify: test online!
2026-09-16 01:03:42 [1345540] WARN  /home/kadir/mqtt-fuzzing/builds/nanomq-asan/nng/src/sp/transport/mqtt/broker_tcp.c:628 tcptran_pipe_recv_cb: nni aio recv error!! Connection shutdown

2026-09-16 01:03:42 [1345540] WARN  /home/kadir/mqtt-fuzzing/builds/nanomq-asan/nng/src/sp/transport/mqtt/broker_tcp.c:895 tcptran_pipe_recv_cb: tcptran_pipe_recv_cb: recv_error rv: 139

2026-09-16 01:03:42 [1345542] WARN  /home/kadir/mqtt-fuzzing/builds/nanomq-asan/nng/src/sp/protocol/mqtt/mqtt_parser.c:1363 nano_msg_notify: test offline!
2026-09-16 01:03:42 [1345539] WARN  /home/kadir/mqtt-fuzzing/builds/nanomq-asan/nng/src/sp/protocol/mqtt/mqtt_parser.c:1359 nano_msg_notify: test online!
2026-09-16 01:03:42 [1345543] WARN  /home/kadir/mqtt-fuzzing/builds/nanomq-asan/nng/src/sp/transport/mqtt/broker_tcp.c:628 tcptran_pipe_recv_cb: nni aio recv error!! Connection shutdown

2026-09-16 01:03:42 [1345543] WARN  /home/kadir/mqtt-fuzzing/builds/nanomq-asan/nng/src/sp/transport/mqtt/broker_tcp.c:895 tcptran_pipe_recv_cb: tcptran_pipe_recv_cb: recv_error rv: 139

2026-09-16 01:03:42 [1345544] WARN  /home/kadir/mqtt-fuzzing/builds/nanomq-asan/nng/src/sp/protocol/mqtt/mqtt_parser.c:1363 nano_msg_notify: test offline!
2026-09-16 01:03:42 [1345546] WARN  /home/kadir/mqtt-fuzzing/builds/nanomq-asan/nng/src/sp/protocol/mqtt/mqtt_parser.c:1359 nano_msg_notify: test online!
2026-09-16 01:03:42 [1345542] ERROR /home/kadir/mqtt-fuzzing/builds/nanomq-asan/nng/src/sp/transport/mqtt/broker_tcp.c:845 tcptran_pipe_recv_cb: Invalid subscribe packet!
2026-09-16 01:03:42 [1345542] WARN  /home/kadir/mqtt-fuzzing/builds/nanomq-asan/nng/src/sp/transport/mqtt/broker_tcp.c:895 tcptran_pipe_recv_cb: tcptran_pipe_recv_cb: recv_error rv: 130

2026-09-16 01:03:42 [1345539] WARN  /home/kadir/mqtt-fuzzing/builds/nanomq-asan/nng/src/sp/protocol/mqtt/mqtt_parser.c:1363 nano_msg_notify: test offline!
2026-09-16 01:03:42 [1345541] WARN  /home/kadir/mqtt-fuzzing/builds/nanomq-asan/nng/src/sp/protocol/mqtt/mqtt_parser.c:1359 nano_msg_notify: test online!
2026-09-16 01:03:42 [1345545] WARN  /home/kadir/mqtt-fuzzing/builds/nanomq-asan/nng/src/sp/transport/mqtt/broker_tcp.c:628 tcptran_pipe_recv_cb: nni aio recv error!! Connection shutdown

2026-09-16 01:03:42 [1345545] WARN  /home/kadir/mqtt-fuzzing/builds/nanomq-asan/nng/src/sp/transport/mqtt/broker_tcp.c:895 tcptran_pipe_recv_cb: tcptran_pipe_recv_cb: recv_error rv: 139

2026-09-16 01:03:42 [1345542] WARN  /home/kadir/mqtt-fuzzing/builds/nanomq-asan/nng/src/sp/protocol/mqtt/mqtt_parser.c:1363 nano_msg_notify: test offline!
2026-09-16 01:03:42 [1345540] WARN  /home/kadir/mqtt-fuzzing/builds/nanomq-asan/nng/src/sp/protocol/mqtt/mqtt_parser.c:1359 nano_msg_notify: test online!
2026-09-16 01:03:42 [1345539] WARN  /home/kadir/mqtt-fuzzing/builds/nanomq-asan/nng/src/sp/transport/mqtt/broker_tcp.c:895 tcptran_pipe_recv_cb: tcptran_pipe_recv_cb: recv_error rv: 153

2026-09-16 01:03:42 [1345544] WARN  /home/kadir/mqtt-fuzzing/builds/nanomq-asan/nng/src/sp/protocol/mqtt/mqtt_parser.c:1363 nano_msg_notify: test offline!
2026-09-16 01:03:42 [1345544] ERROR /home/kadir/mqtt-fuzzing/builds/nanomq-asan/nng/src/sp/transport/mqtt/broker_tcp.c:845 tcptran_pipe_recv_cb: Invalid subscribe packet!
2026-09-16 01:03:42 [1345544] WARN  /home/kadir/mqtt-fuzzing/builds/nanomq-asan/nng/src/sp/transport/mqtt/broker_tcp.c:895 tcptran_pipe_recv_cb: tcptran_pipe_recv_cb: recv_error rv: 130

2026-09-16 01:03:42 [1345541] WARN  /home/kadir/mqtt-fuzzing/builds/nanomq-asan/nng/src/sp/protocol/mqtt/mqtt_parser.c:1359 nano_msg_notify: test online!
2026-09-16 01:03:42 [1345545] WARN  /home/kadir/mqtt-fuzzing/builds/nanomq-asan/nng/src/sp/protocol/mqtt/mqtt_parser.c:1363 nano_msg_notify: test offline!
2026-09-16 01:03:42 [1345544] WARN  /home/kadir/mqtt-fuzzing/builds/nanomq-asan/nng/src/sp/protocol/mqtt/mqtt_parser.c:1359 nano_msg_notify: test online!
2026-09-16 01:03:42 [1345546] WARN  /home/kadir/mqtt-fuzzing/builds/nanomq-asan/nng/src/sp/transport/mqtt/broker_tcp.c:628 tcptran_pipe_recv_cb: nni aio recv error!! Connection shutdown

2026-09-16 01:03:42 [1345546] WARN  /home/kadir/mqtt-fuzzing/builds/nanomq-asan/nng/src/sp/transport/mqtt/broker_tcp.c:895 tcptran_pipe_recv_cb: tcptran_pipe_recv_cb: recv_error rv: 139

2026-09-16 01:03:42 [1345541] WARN  /home/kadir/mqtt-fuzzing/builds/nanomq-asan/nng/src/sp/protocol/mqtt/mqtt_parser.c:1363 nano_msg_notify: test offline!
2026-09-16 01:03:42 [1345539] WARN  /home/kadir/mqtt-fuzzing/builds/nanomq-asan/nng/src/sp/protocol/mqtt/mqtt_parser.c:1359 nano_msg_notify: test online!
2026-09-16 01:03:42 [1345545] WARN  /home/kadir/mqtt-fuzzing/builds/nanomq-asan/nng/src/sp/transport/mqtt/broker_tcp.c:662 tcptran_pipe_recv_cb: MALFORMED_PACKET received.
2026-09-16 01:03:42 [1345545] WARN  /home/kadir/mqtt-fuzzing/builds/nanomq-asan/nng/src/sp/transport/mqtt/broker_tcp.c:895 tcptran_pipe_recv_cb: tcptran_pipe_recv_cb: recv_error rv: 17

2026-09-16 01:03:42 [1345542] WARN  /home/kadir/mqtt-fuzzing/builds/nanomq-asan/nng/src/sp/protocol/mqtt/mqtt_parser.c:1363 nano_msg_notify: test offline!
2026-09-16 01:03:42 [1345546] WARN  /home/kadir/mqtt-fuzzing/builds/nanomq-asan/nng/src/sp/protocol/mqtt/mqtt_parser.c:1359 nano_msg_notify: test online!
2026-09-16 01:03:42 [1345541] ERROR /home/kadir/mqtt-fuzzing/builds/nanomq-asan/nng/src/sp/transport/mqtt/broker_tcp.c:845 tcptran_pipe_recv_cb: Invalid subscribe packet!
2026-09-16 01:03:42 [1345541] WARN  /home/kadir/mqtt-fuzzing/builds/nanomq-asan/nng/src/sp/transport/mqtt/broker_tcp.c:895 tcptran_pipe_recv_cb: tcptran_pipe_recv_cb: recv_error rv: 130

2026-09-16 01:03:42 [1345542] WARN  /home/kadir/mqtt-fuzzing/builds/nanomq-asan/nng/src/sp/protocol/mqtt/mqtt_parser.c:1363 nano_msg_notify: test offline!
2026-09-16 01:03:42 [1345540] WARN  /home/kadir/mqtt-fuzzing/builds/nanomq-asan/nng/src/sp/protocol/mqtt/mqtt_parser.c:1359 nano_msg_notify: test online!
2026-09-16 01:03:42 [1345544] ERROR /home/kadir/mqtt-fuzzing/builds/nanomq-asan/nng/src/sp/transport/mqtt/broker_tcp.c:845 tcptran_pipe_recv_cb: Invalid subscribe packet!
2026-09-16 01:03:42 [1345544] WARN  /home/kadir/mqtt-fuzzing/builds/nanomq-asan/nng/src/sp/transport/mqtt/broker_tcp.c:895 tcptran_pipe_recv_cb: tcptran_pipe_recv_cb: recv_error rv: 130

2026-09-16 01:03:42 [1345546] WARN  /home/kadir/mqtt-fuzzing/builds/nanomq-asan/nng/src/sp/protocol/mqtt/mqtt_parser.c:1363 nano_msg_notify: test offline!
2026-09-16 01:03:42 [1345544] WARN  /home/kadir/mqtt-fuzzing/builds/nanomq-asan/nng/src/sp/protocol/mqtt/mqtt_parser.c:1359 nano_msg_notify: test online!
2026-09-16 01:03:42 [1345543] ERROR /home/kadir/mqtt-fuzzing/builds/nanomq-asan/nng/src/sp/transport/mqtt/broker_tcp.c:845 tcptran_pipe_recv_cb: Invalid subscribe packet!
2026-09-16 01:03:42 [1345543] WARN  /home/kadir/mqtt-fuzzing/builds/nanomq-asan/nng/src/sp/transport/mqtt/broker_tcp.c:895 tcptran_pipe_recv_cb: tcptran_pipe_recv_cb: recv_error rv: 130

2026-09-16 01:03:42 [1345543] WARN  /home/kadir/mqtt-fuzzing/builds/nanomq-asan/nng/src/sp/protocol/mqtt/mqtt_parser.c:1363 nano_msg_notify: test offline!
2026-09-16 01:03:42 [1345544] WARN  /home/kadir/mqtt-fuzzing/builds/nanomq-asan/nng/src/sp/protocol/mqtt/mqtt_parser.c:1359 nano_msg_notify: test online!
2026-09-16 01:03:42 [1345543] ERROR /home/kadir/mqtt-fuzzing/builds/nanomq-asan/nng/src/sp/transport/mqtt/broker_tcp.c:845 tcptran_pipe_recv_cb: Invalid subscribe packet!
2026-09-16 01:03:42 [1345543] WARN  /home/kadir/mqtt-fuzzing/builds/nanomq-asan/nng/src/sp/transport/mqtt/broker_tcp.c:895 tcptran_pipe_recv_cb: tcptran_pipe_recv_cb: recv_error rv: 130

2026-09-16 01:03:42 [1345543] WARN  /home/kadir/mqtt-fuzzing/builds/nanomq-asan/nng/src/sp/protocol/mqtt/mqtt_parser.c:1363 nano_msg_notify: test offline!
2026-09-16 01:03:42 [1345545] WARN  /home/kadir/mqtt-fuzzing/builds/nanomq-asan/nng/src/sp/protocol/mqtt/mqtt_parser.c:1359 nano_msg_notify: test online!
2026-09-16 01:03:42 [1345543] WARN  /home/kadir/mqtt-fuzzing/builds/nanomq-asan/nng/src/sp/protocol/mqtt/mqtt_parser.c:1363 nano_msg_notify: test offline!
2026-09-16 01:03:42 [1345546] WARN  /home/kadir/mqtt-fuzzing/builds/nanomq-asan/nng/src/sp/protocol/mqtt/mqtt_parser.c:1359 nano_msg_notify: test online!
2026-09-16 01:03:42 [1345542] WARN  /home/kadir/mqtt-fuzzing/builds/nanomq-asan/nng/src/sp/transport/mqtt/broker_tcp.c:662 tcptran_pipe_recv_cb: MALFORMED_PACKET received.
2026-09-16 01:03:42 [1345542] WARN  /home/kadir/mqtt-fuzzing/builds/nanomq-asan/nng/src/sp/transport/mqtt/broker_tcp.c:895 tcptran_pipe_recv_cb: tcptran_pipe_recv_cb: recv_error rv: 17

2026-09-16 01:03:42 [1345544] WARN  /home/kadir/mqtt-fuzzing/builds/nanomq-asan/nng/src/sp/protocol/mqtt/mqtt_parser.c:1363 nano_msg_notify: test offline!
2026-09-16 01:03:42 [1345540] WARN  /home/kadir/mqtt-fuzzing/builds/nanomq-asan/nng/src/sp/protocol/mqtt/mqtt_parser.c:1359 nano_msg_notify: test online!
2026-09-16 01:03:42 [1345541] ERROR /home/kadir/mqtt-fuzzing/builds/nanomq-asan/nng/src/sp/transport/mqtt/broker_tcp.c:691 tcptran_pipe_recv_cb: Size of packet exceeds limitation: 0x95

2026-09-16 01:03:42 [1345541] WARN  /home/kadir/mqtt-fuzzing/builds/nanomq-asan/nng/src/sp/transport/mqtt/broker_tcp.c:895 tcptran_pipe_recv_cb: tcptran_pipe_recv_cb: recv_error rv: 149

2026-09-16 01:03:42 [1345540] WARN  /home/kadir/mqtt-fuzzing/builds/nanomq-asan/nng/src/sp/protocol/mqtt/mqtt_parser.c:1363 nano_msg_notify: test offline!
2026-09-16 01:03:42 [1345546] WARN  /home/kadir/mqtt-fuzzing/builds/nanomq-asan/nng/src/sp/protocol/mqtt/mqtt_parser.c:1359 nano_msg_notify: test online!
2026-09-16 01:03:42 [1345544] ERROR /home/kadir/mqtt-fuzzing/builds/nanomq-asan/nng/src/sp/transport/mqtt/broker_tcp.c:845 tcptran_pipe_recv_cb: Invalid subscribe packet!
2026-09-16 01:03:42 [1345544] WARN  /home/kadir/mqtt-fuzzing/builds/nanomq-asan/nng/src/sp/transport/mqtt/broker_tcp.c:895 tcptran_pipe_recv_cb: tcptran_pipe_recv_cb: recv_error rv: 130

2026-09-16 01:03:42 [1345544] WARN  /home/kadir/mqtt-fuzzing/builds/nanomq-asan/nng/src/sp/protocol/mqtt/mqtt_parser.c:1363 nano_msg_notify: test offline!
2026-09-16 01:03:42 [1345546] WARN  /home/kadir/mqtt-fuzzing/builds/nanomq-asan/nng/src/sp/protocol/mqtt/mqtt_parser.c:1359 nano_msg_notify: test online!
2026-09-16 01:03:42 [1345542] ERROR /home/kadir/mqtt-fuzzing/builds/nanomq-asan/nng/src/sp/transport/mqtt/broker_tcp.c:845 tcptran_pipe_recv_cb: Invalid subscribe packet!
2026-09-16 01:03:42 [1345542] WARN  /home/kadir/mqtt-fuzzing/builds/nanomq-asan/nng/src/sp/transport/mqtt/broker_tcp.c:895 tcptran_pipe_recv_cb: tcptran_pipe_recv_cb: recv_error rv: 130

2026-09-16 01:03:42 [1345545] WARN  /home/kadir/mqtt-fuzzing/builds/nanomq-asan/nng/src/sp/protocol/mqtt/mqtt_parser.c:1363 nano_msg_notify: test offline!
2026-09-16 01:03:42 [1345542] WARN  /home/kadir/mqtt-fuzzing/builds/nanomq-asan/nng/src/sp/protocol/mqtt/mqtt_parser.c:1359 nano_msg_notify: test online!
2026-09-16 01:03:42 [1345539] ERROR /home/kadir/mqtt-fuzzing/builds/nanomq-asan/nng/src/sp/transport/mqtt/broker_tcp.c:845 tcptran_pipe_recv_cb: Invalid subscribe packet!
2026-09-16 01:03:42 [1345539] WARN  /home/kadir/mqtt-fuzzing/builds/nanomq-asan/nng/src/sp/transport/mqtt/broker_tcp.c:895 tcptran_pipe_recv_cb: tcptran_pipe_recv_cb: recv_error rv: 130

2026-09-16 01:03:42 [1345543] WARN  /home/kadir/mqtt-fuzzing/builds/nanomq-asan/nng/src/sp/protocol/mqtt/mqtt_parser.c:1363 nano_msg_notify: test offline!
2026-09-16 01:03:42 [1345543] ERROR /home/kadir/mqtt-fuzzing/builds/nanomq-asan/nng/src/sp/transport/mqtt/broker_tcp.c:845 tcptran_pipe_recv_cb: Invalid subscribe packet!
2026-09-16 01:03:42 [1345546] WARN  /home/kadir/mqtt-fuzzing/builds/nanomq-asan/nng/src/sp/protocol/mqtt/mqtt_parser.c:1359 nano_msg_notify: test online!
2026-09-16 01:03:42 [1345543] WARN  /home/kadir/mqtt-fuzzing/builds/nanomq-asan/nng/src/sp/transport/mqtt/broker_tcp.c:895 tcptran_pipe_recv_cb: tcptran_pipe_recv_cb: recv_error rv: 130

2026-09-16 01:03:42 [1345542] WARN  /home/kadir/mqtt-fuzzing/builds/nanomq-asan/nng/src/sp/protocol/mqtt/mqtt_parser.c:1363 nano_msg_notify: test offline!
2026-09-16 01:03:42 [1345543] WARN  /home/kadir/mqtt-fuzzing/builds/nanomq-asan/nng/src/sp/protocol/mqtt/mqtt_parser.c:1359 nano_msg_notify: test online!
2026-09-16 01:03:42 [1345545] ERROR /home/kadir/mqtt-fuzzing/builds/nanomq-asan/nng/src/sp/transport/mqtt/broker_tcp.c:845 tcptran_pipe_recv_cb: Invalid subscribe packet!
2026-09-16 01:03:42 [1345545] WARN  /home/kadir/mqtt-fuzzing/builds/nanomq-asan/nng/src/sp/transport/mqtt/broker_tcp.c:895 tcptran_pipe_recv_cb: tcptran_pipe_recv_cb: recv_error rv: 130

2026-09-16 01:03:42 [1345544] WARN  /home/kadir/mqtt-fuzzing/builds/nanomq-asan/nng/src/sp/protocol/mqtt/mqtt_parser.c:1363 nano_msg_notify: test offline!
2026-09-16 01:03:42 [1345543] WARN  /home/kadir/mqtt-fuzzing/builds/nanomq-asan/nng/src/sp/protocol/mqtt/mqtt_parser.c:1359 nano_msg_notify: test online!
2026-09-16 01:03:42 [1345545] ERROR /home/kadir/mqtt-fuzzing/builds/nanomq-asan/nng/src/sp/transport/mqtt/broker_tcp.c:845 tcptran_pipe_recv_cb: Invalid subscribe packet!
2026-09-16 01:03:42 [1345545] WARN  /home/kadir/mqtt-fuzzing/builds/nanomq-asan/nng/src/sp/transport/mqtt/broker_tcp.c:895 tcptran_pipe_recv_cb: tcptran_pipe_recv_cb: recv_error rv: 130

2026-09-16 01:03:42 [1345542] WARN  /home/kadir/mqtt-fuzzing/builds/nanomq-asan/nng/src/sp/protocol/mqtt/mqtt_parser.c:1363 nano_msg_notify: test offline!
2026-09-16 01:03:42 [1345545] WARN  /home/kadir/mqtt-fuzzing/builds/nanomq-asan/nng/src/sp/protocol/mqtt/mqtt_parser.c:1359 nano_msg_notify: test online!
2026-09-16 01:03:42 [1345544] ERROR /home/kadir/mqtt-fuzzing/builds/nanomq-asan/nng/src/sp/transport/mqtt/broker_tcp.c:845 tcptran_pipe_recv_cb: Invalid subscribe packet!
2026-09-16 01:03:42 [1345544] WARN  /home/kadir/mqtt-fuzzing/builds/nanomq-asan/nng/src/sp/transport/mqtt/broker_tcp.c:895 tcptran_pipe_recv_cb: tcptran_pipe_recv_cb: recv_error rv: 130

2026-09-16 01:03:42 [1345540] WARN  /home/kadir/mqtt-fuzzing/builds/nanomq-asan/nng/src/sp/protocol/mqtt/mqtt_parser.c:1363 nano_msg_notify: test offline!
2026-09-16 01:03:42 [1345544] WARN  /home/kadir/mqtt-fuzzing/builds/nanomq-asan/nng/src/sp/protocol/mqtt/mqtt_parser.c:1359 nano_msg_notify: test online!
2026-09-16 01:03:42 [1345541] ERROR /home/kadir/mqtt-fuzzing/builds/nanomq-asan/nng/src/sp/transport/mqtt/broker_tcp.c:845 tcptran_pipe_recv_cb: Invalid subscribe packet!
2026-09-16 01:03:42 [1345541] WARN  /home/kadir/mqtt-fuzzing/builds/nanomq-asan/nng/src/sp/transport/mqtt/broker_tcp.c:895 tcptran_pipe_recv_cb: tcptran_pipe_recv_cb: recv_error rv: 130

2026-09-16 01:03:42 [1345543] WARN  /home/kadir/mqtt-fuzzing/builds/nanomq-asan/nng/src/sp/protocol/mqtt/mqtt_parser.c:1363 nano_msg_notify: test offline!
2026-09-16 01:03:42 [1345542] WARN  /home/kadir/mqtt-fuzzing/builds/nanomq-asan/nng/src/sp/protocol/mqtt/mqtt_parser.c:1359 nano_msg_notify: test online!
2026-09-16 01:03:42 [1345544] ERROR /home/kadir/mqtt-fuzzing/builds/nanomq-asan/nng/src/sp/transport/mqtt/broker_tcp.c:845 tcptran_pipe_recv_cb: Invalid subscribe packet!
2026-09-16 01:03:42 [1345544] WARN  /home/kadir/mqtt-fuzzing/builds/nanomq-asan/nng/src/sp/transport/mqtt/broker_tcp.c:895 tcptran_pipe_recv_cb: tcptran_pipe_recv_cb: recv_error rv: 130

2026-09-16 01:03:42 [1345540] WARN  /home/kadir/mqtt-fuzzing/builds/nanomq-asan/nng/src/sp/protocol/mqtt/mqtt_parser.c:1363 nano_msg_notify: test offline!
2026-09-16 01:03:42 [1345539] WARN  /home/kadir/mqtt-fuzzing/builds/nanomq-asan/nng/src/sp/protocol/mqtt/mqtt_parser.c:1359 nano_msg_notify: test online!
2026-09-16 01:03:42 [1345543] ERROR /home/kadir/mqtt-fuzzing/builds/nanomq-asan/nng/src/sp/transport/mqtt/broker_tcp.c:845 tcptran_pipe_recv_cb: Invalid subscribe packet!
2026-09-16 01:03:42 [1345543] WARN  /home/kadir/mqtt-fuzzing/builds/nanomq-asan/nng/src/sp/transport/mqtt/broker_tcp.c:895 tcptran_pipe_recv_cb: tcptran_pipe_recv_cb: recv_error rv: 130

2026-09-16 01:03:42 [1345546] WARN  /home/kadir/mqtt-fuzzing/builds/nanomq-asan/nng/src/sp/protocol/mqtt/mqtt_parser.c:1363 nano_msg_notify: test offline!
2026-09-16 01:03:42 [1345543] WARN  /home/kadir/mqtt-fuzzing/builds/nanomq-asan/nng/src/sp/protocol/mqtt/mqtt_parser.c:1359 nano_msg_notify: test online!
2026-09-16 01:03:42 [1345539] ERROR /home/kadir/mqtt-fuzzing/builds/nanomq-asan/nng/src/sp/transport/mqtt/broker_tcp.c:845 tcptran_pipe_recv_cb: Invalid subscribe packet!
2026-09-16 01:03:42 [1345539] WARN  /home/kadir/mqtt-fuzzing/builds/nanomq-asan/nng/src/sp/transport/mqtt/broker_tcp.c:895 tcptran_pipe_recv_cb: tcptran_pipe_recv_cb: recv_error rv: 130

2026-09-16 01:03:42 [1345545] WARN  /home/kadir/mqtt-fuzzing/builds/nanomq-asan/nng/src/sp/protocol/mqtt/mqtt_parser.c:1363 nano_msg_notify: test offline!
2026-09-16 01:03:42 [1345541] WARN  /home/kadir/mqtt-fuzzing/builds/nanomq-asan/nng/src/sp/protocol/mqtt/mqtt_parser.c:1359 nano_msg_notify: test online!
2026-09-16 01:03:42 [1345546] ERROR /home/kadir/mqtt-fuzzing/builds/nanomq-asan/nng/src/sp/transport/mqtt/broker_tcp.c:845 tcptran_pipe_recv_cb: Invalid subscribe packet!
2026-09-16 01:03:42 [1345546] WARN  /home/kadir/mqtt-fuzzing/builds/nanomq-asan/nng/src/sp/transport/mqtt/broker_tcp.c:895 tcptran_pipe_recv_cb: tcptran_pipe_recv_cb: recv_error rv: 130

2026-09-16 01:03:42 [1345540] WARN  /home/kadir/mqtt-fuzzing/builds/nanomq-asan/nng/src/sp/protocol/mqtt/mqtt_parser.c:1363 nano_msg_notify: test offline!
2026-09-16 01:03:42 [1345539] WARN  /home/kadir/mqtt-fuzzing/builds/nanomq-asan/nng/src/sp/protocol/mqtt/mqtt_parser.c:1359 nano_msg_notify: test online!
2026-09-16 01:03:42 [1345542] ERROR /home/kadir/mqtt-fuzzing/builds/nanomq-asan/nng/src/sp/transport/mqtt/broker_tcp.c:845 tcptran_pipe_recv_cb: Invalid subscribe packet!
2026-09-16 01:03:42 [1345542] WARN  /home/kadir/mqtt-fuzzing/builds/nanomq-asan/nng/src/sp/transport/mqtt/broker_tcp.c:895 tcptran_pipe_recv_cb: tcptran_pipe_recv_cb: recv_error rv: 130

2026-09-16 01:03:42 [1345545] WARN  /home/kadir/mqtt-fuzzing/builds/nanomq-asan/nng/src/sp/protocol/mqtt/mqtt_parser.c:1363 nano_msg_notify: test offline!
2026-09-16 01:03:42 [1345543] WARN  /home/kadir/mqtt-fuzzing/builds/nanomq-asan/nng/src/sp/protocol/mqtt/mqtt_parser.c:1359 nano_msg_notify: test online!
2026-09-16 01:03:42 [1345542] WARN  /home/kadir/mqtt-fuzzing/builds/nanomq-asan/nng/src/sp/transport/mqtt/broker_tcp.c:628 tcptran_pipe_recv_cb: nni aio recv error!! Connection shutdown

2026-09-16 01:03:42 [1345542] WARN  /home/kadir/mqtt-fuzzing/builds/nanomq-asan/nng/src/sp/transport/mqtt/broker_tcp.c:895 tcptran_pipe_recv_cb: tcptran_pipe_recv_cb: recv_error rv: 139

2026-09-16 01:03:42 [1345541] WARN  /home/kadir/mqtt-fuzzing/builds/nanomq-asan/nng/src/sp/protocol/mqtt/mqtt_parser.c:1363 nano_msg_notify: test offline!
2026-09-16 01:03:42 [1345545] WARN  /home/kadir/mqtt-fuzzing/builds/nanomq-asan/nng/src/sp/protocol/mqtt/mqtt_parser.c:1359 nano_msg_notify: test online!
2026-09-16 01:03:42 [1345546] ERROR /home/kadir/mqtt-fuzzing/builds/nanomq-asan/nng/src/sp/transport/mqtt/broker_tcp.c:845 tcptran_pipe_recv_cb: Invalid subscribe packet!
2026-09-16 01:03:42 [1345546] WARN  /home/kadir/mqtt-fuzzing/builds/nanomq-asan/nng/src/sp/transport/mqtt/broker_tcp.c:895 tcptran_pipe_recv_cb: tcptran_pipe_recv_cb: recv_error rv: 130

2026-09-16 01:03:42 [1345540] WARN  /home/kadir/mqtt-fuzzing/builds/nanomq-asan/nng/src/sp/protocol/mqtt/mqtt_parser.c:1363 nano_msg_notify: test offline!
2026-09-16 01:03:42 [1345546] WARN  /home/kadir/mqtt-fuzzing/builds/nanomq-asan/nng/src/sp/protocol/mqtt/mqtt_parser.c:1359 nano_msg_notify: test online!
2026-09-16 01:03:42 [1345542] ERROR /home/kadir/mqtt-fuzzing/builds/nanomq-asan/nng/src/sp/transport/mqtt/broker_tcp.c:845 tcptran_pipe_recv_cb: Invalid subscribe packet!
2026-09-16 01:03:42 [1345542] WARN  /home/kadir/mqtt-fuzzing/builds/nanomq-asan/nng/src/sp/transport/mqtt/broker_tcp.c:895 tcptran_pipe_recv_cb: tcptran_pipe_recv_cb: recv_error rv: 130

2026-09-16 01:03:42 [1345539] WARN  /home/kadir/mqtt-fuzzing/builds/nanomq-asan/nng/src/sp/protocol/mqtt/mqtt_parser.c:1363 nano_msg_notify: test offline!
2026-09-16 01:03:42 [1345541] WARN  /home/kadir/mqtt-fuzzing/builds/nanomq-asan/nng/src/sp/protocol/mqtt/mqtt_parser.c:1359 nano_msg_notify: test online!
2026-09-16 01:03:42 [1345539] ERROR /home/kadir/mqtt-fuzzing/builds/nanomq-asan/nng/src/sp/transport/mqtt/broker_tcp.c:845 tcptran_pipe_recv_cb: Invalid subscribe packet!
2026-09-16 01:03:42 [1345539] WARN  /home/kadir/mqtt-fuzzing/builds/nanomq-asan/nng/src/sp/transport/mqtt/broker_tcp.c:895 tcptran_pipe_recv_cb: tcptran_pipe_recv_cb: recv_error rv: 130

2026-09-16 01:03:42 [1345544] WARN  /home/kadir/mqtt-fuzzing/builds/nanomq-asan/nng/src/sp/protocol/mqtt/mqtt_parser.c:1363 nano_msg_notify: test offline!
2026-09-16 01:03:42 [1345543] WARN  /home/kadir/mqtt-fuzzing/builds/nanomq-asan/nng/src/sp/protocol/mqtt/mqtt_parser.c:1359 nano_msg_notify: test online!
2026-09-16 01:03:42 [1345542] WARN  /home/kadir/mqtt-fuzzing/builds/nanomq-asan/nng/src/sp/transport/mqtt/broker_tcp.c:628 tcptran_pipe_recv_cb: nni aio recv error!! Connection shutdown

2026-09-16 01:03:42 [1345542] WARN  /home/kadir/mqtt-fuzzing/builds/nanomq-asan/nng/src/sp/transport/mqtt/broker_tcp.c:895 tcptran_pipe_recv_cb: tcptran_pipe_recv_cb: recv_error rv: 139

2026-09-16 01:03:42 [1345542] WARN  /home/kadir/mqtt-fuzzing/builds/nanomq-asan/nng/src/sp/protocol/mqtt/mqtt_parser.c:1363 nano_msg_notify: test offline!
2026-09-16 01:03:42 [1345540] WARN  /home/kadir/mqtt-fuzzing/builds/nanomq-asan/nng/src/sp/protocol/mqtt/mqtt_parser.c:1359 nano_msg_notify: test online!
2026-09-16 01:03:42 [1345539] WARN  /home/kadir/mqtt-fuzzing/builds/nanomq-asan/nng/src/sp/transport/mqtt/broker_tcp.c:628 tcptran_pipe_recv_cb: nni aio recv error!! Connection shutdown

2026-09-16 01:03:42 [1345539] WARN  /home/kadir/mqtt-fuzzing/builds/nanomq-asan/nng/src/sp/transport/mqtt/broker_tcp.c:895 tcptran_pipe_recv_cb: tcptran_pipe_recv_cb: recv_error rv: 139

2026-09-16 01:03:42 [1345544] WARN  /home/kadir/mqtt-fuzzing/builds/nanomq-asan/nng/src/sp/protocol/mqtt/mqtt_parser.c:1363 nano_msg_notify: test offline!
2026-09-16 01:03:42 [1345545] WARN  /home/kadir/mqtt-fuzzing/builds/nanomq-asan/nng/src/sp/protocol/mqtt/mqtt_parser.c:1363 nano_msg_notify: test offline!
2026-09-16 01:03:42 [1345542] WARN  /home/kadir/mqtt-fuzzing/builds/nanomq-asan/nng/src/sp/protocol/mqtt/mqtt_parser.c:1359 nano_msg_notify: test online!
2026-09-16 01:03:42 [1345543] WARN  /home/kadir/mqtt-fuzzing/builds/nanomq-asan/nng/src/sp/protocol/mqtt/mqtt_parser.c:1359 nano_msg_notify: test online!
2026-09-16 01:03:42 [1345539] ERROR /home/kadir/mqtt-fuzzing/builds/nanomq-asan/nng/src/sp/transport/mqtt/broker_tcp.c:845 tcptran_pipe_recv_cb: Invalid subscribe packet!
2026-09-16 01:03:42 [1345539] WARN  /home/kadir/mqtt-fuzzing/builds/nanomq-asan/nng/src/sp/transport/mqtt/broker_tcp.c:895 tcptran_pipe_recv_cb: tcptran_pipe_recv_cb: recv_error rv: 130

2026-09-16 01:03:42 [1345542] WARN  /home/kadir/mqtt-fuzzing/builds/nanomq-asan/nng/src/sp/protocol/mqtt/mqtt_parser.c:1363 nano_msg_notify: test offline!
2026-09-16 01:03:42 [1345539] WARN  /home/kadir/mqtt-fuzzing/builds/nanomq-asan/nng/src/sp/protocol/mqtt/mqtt_parser.c:1359 nano_msg_notify: test online!
2026-09-16 01:03:42 [1345545] WARN  /home/kadir/mqtt-fuzzing/builds/nanomq-asan/nng/src/sp/transport/mqtt/broker_tcp.c:628 tcptran_pipe_recv_cb: nni aio recv error!! Connection shutdown

2026-09-16 01:03:42 [1345545] WARN  /home/kadir/mqtt-fuzzing/builds/nanomq-asan/nng/src/sp/transport/mqtt/broker_tcp.c:895 tcptran_pipe_recv_cb: tcptran_pipe_recv_cb: recv_error rv: 139

2026-09-16 01:03:42 [1345540] WARN  /home/kadir/mqtt-fuzzing/builds/nanomq-asan/nng/src/sp/protocol/mqtt/mqtt_parser.c:1363 nano_msg_notify: test offline!
2026-09-16 01:03:42 [1345541] ERROR /home/kadir/mqtt-fuzzing/builds/nanomq-asan/nng/src/sp/transport/mqtt/broker_tcp.c:691 tcptran_pipe_recv_cb: Size of packet exceeds limitation: 0x95

2026-09-16 01:03:42 [1345541] WARN  /home/kadir/mqtt-fuzzing/builds/nanomq-asan/nng/src/sp/transport/mqtt/broker_tcp.c:895 tcptran_pipe_recv_cb: tcptran_pipe_recv_cb: recv_error rv: 149

2026-09-16 01:03:42 [1345545] WARN  /home/kadir/mqtt-fuzzing/builds/nanomq-asan/nng/src/sp/protocol/mqtt/mqtt_parser.c:1359 nano_msg_notify: test online!
2026-09-16 01:03:42 [1345541] WARN  /home/kadir/mqtt-fuzzing/builds/nanomq-asan/nng/src/sp/protocol/mqtt/mqtt_parser.c:1363 nano_msg_notify: test offline!
2026-09-16 01:03:42 [1345546] WARN  /home/kadir/mqtt-fuzzing/builds/nanomq-asan/nng/src/sp/protocol/mqtt/mqtt_parser.c:1359 nano_msg_notify: test online!
2026-09-16 01:03:42 [1345540] WARN  /home/kadir/mqtt-fuzzing/builds/nanomq-asan/nng/src/sp/transport/mqtt/broker_tcp.c:628 tcptran_pipe_recv_cb: nni aio recv error!! Connection shutdown

2026-09-16 01:03:42 [1345540] WARN  /home/kadir/mqtt-fuzzing/builds/nanomq-asan/nng/src/sp/transport/mqtt/broker_tcp.c:895 tcptran_pipe_recv_cb: tcptran_pipe_recv_cb: recv_error rv: 139

2026-09-16 01:03:42 [1345543] WARN  /home/kadir/mqtt-fuzzing/builds/nanomq-asan/nng/src/sp/protocol/mqtt/mqtt_parser.c:1363 nano_msg_notify: test offline!
2026-09-16 01:03:42 [1345541] WARN  /home/kadir/mqtt-fuzzing/builds/nanomq-asan/nng/src/sp/protocol/mqtt/mqtt_parser.c:1359 nano_msg_notify: test online!
2026-09-16 01:03:42 [1345540] WARN  /home/kadir/mqtt-fuzzing/builds/nanomq-asan/nng/src/sp/transport/mqtt/broker_tcp.c:628 tcptran_pipe_recv_cb: nni aio recv error!! Connection shutdown

2026-09-16 01:03:42 [1345540] WARN  /home/kadir/mqtt-fuzzing/builds/nanomq-asan/nng/src/sp/transport/mqtt/broker_tcp.c:895 tcptran_pipe_recv_cb: tcptran_pipe_recv_cb: recv_error rv: 139

2026-09-16 01:03:42 [1345540] WARN  /home/kadir/mqtt-fuzzing/builds/nanomq-asan/nng/src/sp/protocol/mqtt/mqtt_parser.c:1363 nano_msg_notify: test offline!
2026-09-16 01:03:42 [1345546] WARN  /home/kadir/mqtt-fuzzing/builds/nanomq-asan/nng/src/sp/protocol/mqtt/mqtt_parser.c:1359 nano_msg_notify: test online!
2026-09-16 01:03:42 [1345540] WARN  /home/kadir/mqtt-fuzzing/builds/nanomq-asan/nng/src/sp/transport/mqtt/broker_tcp.c:628 tcptran_pipe_recv_cb: nni aio recv error!! Connection shutdown

2026-09-16 01:03:42 [1345540] WARN  /home/kadir/mqtt-fuzzing/builds/nanomq-asan/nng/src/sp/transport/mqtt/broker_tcp.c:895 tcptran_pipe_recv_cb: tcptran_pipe_recv_cb: recv_error rv: 139

2026-09-16 01:03:42 [1345545] WARN  /home/kadir/mqtt-fuzzing/builds/nanomq-asan/nng/src/sp/protocol/mqtt/mqtt_parser.c:1363 nano_msg_notify: test offline!
2026-09-16 01:03:42 [1345541] WARN  /home/kadir/mqtt-fuzzing/builds/nanomq-asan/nng/src/sp/protocol/mqtt/mqtt_parser.c:1359 nano_msg_notify: test online!
2026-09-16 01:03:42 [1345546] ERROR /home/kadir/mqtt-fuzzing/builds/nanomq-asan/nng/src/sp/transport/mqtt/broker_tcp.c:845 tcptran_pipe_recv_cb: Invalid subscribe packet!
2026-09-16 01:03:42 [1345546] WARN  /home/kadir/mqtt-fuzzing/builds/nanomq-asan/nng/src/sp/transport/mqtt/broker_tcp.c:895 tcptran_pipe_recv_cb: tcptran_pipe_recv_cb: recv_error rv: 130

2026-09-16 01:03:42 [1345542] WARN  /home/kadir/mqtt-fuzzing/builds/nanomq-asan/nng/src/sp/protocol/mqtt/mqtt_parser.c:1363 nano_msg_notify: test offline!
2026-09-16 01:03:42 [1345541] WARN  /home/kadir/mqtt-fuzzing/builds/nanomq-asan/nng/src/sp/protocol/mqtt/mqtt_parser.c:1359 nano_msg_notify: test online!
2026-09-16 01:03:42 [1345539] ERROR /home/kadir/mqtt-fuzzing/builds/nanomq-asan/nng/src/sp/transport/mqtt/broker_tcp.c:845 tcptran_pipe_recv_cb: Invalid subscribe packet!
2026-09-16 01:03:42 [1345539] WARN  /home/kadir/mqtt-fuzzing/builds/nanomq-asan/nng/src/sp/transport/mqtt/broker_tcp.c:895 tcptran_pipe_recv_cb: tcptran_pipe_recv_cb: recv_error rv: 130

2026-09-16 01:03:42 [1345545] WARN  /home/kadir/mqtt-fuzzing/builds/nanomq-asan/nng/src/sp/protocol/mqtt/mqtt_parser.c:1363 nano_msg_notify: test offline!
2026-09-16 01:03:42 [1345543] WARN  /home/kadir/mqtt-fuzzing/builds/nanomq-asan/nng/src/sp/protocol/mqtt/mqtt_parser.c:1359 nano_msg_notify: test online!
2026-09-16 01:03:42 [1345546] ERROR /home/kadir/mqtt-fuzzing/builds/nanomq-asan/nng/src/sp/transport/mqtt/broker_tcp.c:845 tcptran_pipe_recv_cb: Invalid subscribe packet!
2026-09-16 01:03:42 [1345546] WARN  /home/kadir/mqtt-fuzzing/builds/nanomq-asan/nng/src/sp/transport/mqtt/broker_tcp.c:895 tcptran_pipe_recv_cb: tcptran_pipe_recv_cb: recv_error rv: 130

2026-09-16 01:03:42 [1345544] WARN  /home/kadir/mqtt-fuzzing/builds/nanomq-asan/nng/src/sp/protocol/mqtt/mqtt_parser.c:1363 nano_msg_notify: test offline!
2026-09-16 01:03:42 [1345546] WARN  /home/kadir/mqtt-fuzzing/builds/nanomq-asan/nng/src/sp/protocol/mqtt/mqtt_parser.c:1359 nano_msg_notify: test online!
2026-09-16 01:03:42 [1345540] ERROR /home/kadir/mqtt-fuzzing/builds/nanomq-asan/nng/src/sp/transport/mqtt/broker_tcp.c:845 tcptran_pipe_recv_cb: Invalid subscribe packet!
2026-09-16 01:03:42 [1345540] WARN  /home/kadir/mqtt-fuzzing/builds/nanomq-asan/nng/src/sp/transport/mqtt/broker_tcp.c:895 tcptran_pipe_recv_cb: tcptran_pipe_recv_cb: recv_error rv: 130

2026-09-16 01:03:42 [1345543] WARN  /home/kadir/mqtt-fuzzing/builds/nanomq-asan/nng/src/sp/protocol/mqtt/mqtt_parser.c:1363 nano_msg_notify: test offline!
2026-09-16 01:03:42 [1345540] WARN  /home/kadir/mqtt-fuzzing/builds/nanomq-asan/nng/src/sp/protocol/mqtt/mqtt_parser.c:1359 nano_msg_notify: test online!
2026-09-16 01:03:42 [1345542] WARN  /home/kadir/mqtt-fuzzing/builds/nanomq-asan/nng/src/sp/transport/mqtt/broker_tcp.c:628 tcptran_pipe_recv_cb: nni aio recv error!! Connection shutdown

2026-09-16 01:03:42 [1345542] WARN  /home/kadir/mqtt-fuzzing/builds/nanomq-asan/nng/src/sp/transport/mqtt/broker_tcp.c:895 tcptran_pipe_recv_cb: tcptran_pipe_recv_cb: recv_error rv: 139

2026-09-16 01:03:42 [1345541] WARN  /home/kadir/mqtt-fuzzing/builds/nanomq-asan/nng/src/sp/protocol/mqtt/mqtt_parser.c:1363 nano_msg_notify: test offline!
2026-09-16 01:03:42 [1345539] WARN  /home/kadir/mqtt-fuzzing/builds/nanomq-asan/nng/src/sp/protocol/mqtt/mqtt_parser.c:1359 nano_msg_notify: test online!
2026-09-16 01:03:42 [1345544] ERROR /home/kadir/mqtt-fuzzing/builds/nanomq-asan/nng/src/sp/transport/mqtt/broker_tcp.c:845 tcptran_pipe_recv_cb: Invalid subscribe packet!
2026-09-16 01:03:42 [1345544] WARN  /home/kadir/mqtt-fuzzing/builds/nanomq-asan/nng/src/sp/transport/mqtt/broker_tcp.c:895 tcptran_pipe_recv_cb: tcptran_pipe_recv_cb: recv_error rv: 130

2026-09-16 01:03:42 [1345542] WARN  /home/kadir/mqtt-fuzzing/builds/nanomq-asan/nng/src/sp/protocol/mqtt/mqtt_parser.c:1363 nano_msg_notify: test offline!
2026-09-16 01:03:42 [1345540] WARN  /home/kadir/mqtt-fuzzing/builds/nanomq-asan/nng/src/sp/protocol/mqtt/mqtt_parser.c:1359 nano_msg_notify: test online!
2026-09-16 01:03:42 [1345546] ERROR /home/kadir/mqtt-fuzzing/builds/nanomq-asan/nng/src/sp/transport/mqtt/broker_tcp.c:845 tcptran_pipe_recv_cb: Invalid subscribe packet!
2026-09-16 01:03:42 [1345546] WARN  /home/kadir/mqtt-fuzzing/builds/nanomq-asan/nng/src/sp/transport/mqtt/broker_tcp.c:895 tcptran_pipe_recv_cb: tcptran_pipe_recv_cb: recv_error rv: 130

2026-09-16 01:03:42 [1345546] WARN  /home/kadir/mqtt-fuzzing/builds/nanomq-asan/nng/src/sp/protocol/mqtt/mqtt_parser.c:1363 nano_msg_notify: test offline!
2026-09-16 01:03:42 [1345544] WARN  /home/kadir/mqtt-fuzzing/builds/nanomq-asan/nng/src/sp/protocol/mqtt/mqtt_parser.c:1359 nano_msg_notify: test online!
2026-09-16 01:03:42 [1345543] ERROR /home/kadir/mqtt-fuzzing/builds/nanomq-asan/nng/src/sp/transport/mqtt/broker_tcp.c:845 tcptran_pipe_recv_cb: Invalid subscribe packet!
2026-09-16 01:03:42 [1345543] WARN  /home/kadir/mqtt-fuzzing/builds/nanomq-asan/nng/src/sp/transport/mqtt/broker_tcp.c:895 tcptran_pipe_recv_cb: tcptran_pipe_recv_cb: recv_error rv: 130

2026-09-16 01:03:42 [1345542] WARN  /home/kadir/mqtt-fuzzing/builds/nanomq-asan/nng/src/sp/protocol/mqtt/mqtt_parser.c:1363 nano_msg_notify: test offline!
2026-09-16 01:03:42 [1345540] WARN  /home/kadir/mqtt-fuzzing/builds/nanomq-asan/nng/src/sp/protocol/mqtt/mqtt_parser.c:1359 nano_msg_notify: test online!
2026-09-16 01:03:42 [1345545] ERROR /home/kadir/mqtt-fuzzing/builds/nanomq-asan/nng/src/sp/transport/mqtt/broker_tcp.c:691 tcptran_pipe_recv_cb: Size of packet exceeds limitation: 0x95

2026-09-16 01:03:42 [1345545] WARN  /home/kadir/mqtt-fuzzing/builds/nanomq-asan/nng/src/sp/transport/mqtt/broker_tcp.c:895 tcptran_pipe_recv_cb: tcptran_pipe_recv_cb: recv_error rv: 149

2026-09-16 01:03:42 [1345542] WARN  /home/kadir/mqtt-fuzzing/builds/nanomq-asan/nng/src/sp/protocol/mqtt/mqtt_parser.c:1363 nano_msg_notify: test offline!
2026-09-16 01:03:42 [1345541] WARN  /home/kadir/mqtt-fuzzing/builds/nanomq-asan/nng/src/sp/protocol/mqtt/mqtt_parser.c:1359 nano_msg_notify: test online!
2026-09-16 01:03:42 [1345544] ERROR /home/kadir/mqtt-fuzzing/builds/nanomq-asan/nng/src/sp/transport/mqtt/broker_tcp.c:845 tcptran_pipe_recv_cb: Invalid subscribe packet!
2026-09-16 01:03:42 [1345544] WARN  /home/kadir/mqtt-fuzzing/builds/nanomq-asan/nng/src/sp/transport/mqtt/broker_tcp.c:895 tcptran_pipe_recv_cb: tcptran_pipe_recv_cb: recv_error rv: 130

2026-09-16 01:03:42 [1345545] WARN  /home/kadir/mqtt-fuzzing/builds/nanomq-asan/nng/src/sp/protocol/mqtt/mqtt_parser.c:1363 nano_msg_notify: test offline!
2026-09-16 01:03:42 [1345541] WARN  /home/kadir/mqtt-fuzzing/builds/nanomq-asan/nng/src/sp/protocol/mqtt/mqtt_parser.c:1359 nano_msg_notify: test online!
2026-09-16 01:03:42 [1345546] ERROR /home/kadir/mqtt-fuzzing/builds/nanomq-asan/nng/src/sp/transport/mqtt/broker_tcp.c:845 tcptran_pipe_recv_cb: Invalid subscribe packet!
2026-09-16 01:03:42 [1345546] WARN  /home/kadir/mqtt-fuzzing/builds/nanomq-asan/nng/src/sp/transport/mqtt/broker_tcp.c:895 tcptran_pipe_recv_cb: tcptran_pipe_recv_cb: recv_error rv: 130

2026-09-16 01:03:42 [1345540] WARN  /home/kadir/mqtt-fuzzing/builds/nanomq-asan/nng/src/sp/protocol/mqtt/mqtt_parser.c:1363 nano_msg_notify: test offline!
2026-09-16 01:03:42 [1345543] WARN  /home/kadir/mqtt-fuzzing/builds/nanomq-asan/nng/src/sp/protocol/mqtt/mqtt_parser.c:1359 nano_msg_notify: test online!
2026-09-16 01:03:42 [1345542] ERROR /home/kadir/mqtt-fuzzing/builds/nanomq-asan/nng/src/sp/transport/mqtt/broker_tcp.c:845 tcptran_pipe_recv_cb: Invalid subscribe packet!
2026-09-16 01:03:42 [1345542] WARN  /home/kadir/mqtt-fuzzing/builds/nanomq-asan/nng/src/sp/transport/mqtt/broker_tcp.c:895 tcptran_pipe_recv_cb: tcptran_pipe_recv_cb: recv_error rv: 130

2026-09-16 01:03:42 [1345539] WARN  /home/kadir/mqtt-fuzzing/builds/nanomq-asan/nng/src/sp/protocol/mqtt/mqtt_parser.c:1363 nano_msg_notify: test offline!
2026-09-16 01:03:42 [1345542] WARN  /home/kadir/mqtt-fuzzing/builds/nanomq-asan/nng/src/sp/protocol/mqtt/mqtt_parser.c:1359 nano_msg_notify: test online!
2026-09-16 01:03:42 [1345546] ERROR /home/kadir/mqtt-fuzzing/builds/nanomq-asan/nng/src/sp/transport/mqtt/broker_tcp.c:845 tcptran_pipe_recv_cb: Invalid subscribe packet!
2026-09-16 01:03:42 [1345546] WARN  /home/kadir/mqtt-fuzzing/builds/nanomq-asan/nng/src/sp/transport/mqtt/broker_tcp.c:895 tcptran_pipe_recv_cb: tcptran_pipe_recv_cb: recv_error rv: 130

2026-09-16 01:03:42 [1345545] WARN  /home/kadir/mqtt-fuzzing/builds/nanomq-asan/nng/src/sp/protocol/mqtt/mqtt_parser.c:1363 nano_msg_notify: test offline!
2026-09-16 01:03:42 [1345542] WARN  /home/kadir/mqtt-fuzzing/builds/nanomq-asan/nng/src/sp/protocol/mqtt/mqtt_parser.c:1359 nano_msg_notify: test online!
2026-09-16 01:03:42 [1345543] WARN  /home/kadir/mqtt-fuzzing/builds/nanomq-asan/nng/src/sp/transport/mqtt/broker_tcp.c:628 tcptran_pipe_recv_cb: nni aio recv error!! Connection shutdown

2026-09-16 01:03:42 [1345543] WARN  /home/kadir/mqtt-fuzzing/builds/nanomq-asan/nng/src/sp/transport/mqtt/broker_tcp.c:895 tcptran_pipe_recv_cb: tcptran_pipe_recv_cb: recv_error rv: 139

2026-09-16 01:03:42 [1345545] WARN  /home/kadir/mqtt-fuzzing/builds/nanomq-asan/nng/src/sp/protocol/mqtt/mqtt_parser.c:1363 nano_msg_notify: test offline!
2026-09-16 01:03:42 [1345541] WARN  /home/kadir/mqtt-fuzzing/builds/nanomq-asan/nng/src/sp/protocol/mqtt/mqtt_parser.c:1359 nano_msg_notify: test online!
2026-09-16 01:03:42 [1345545] WARN  /home/kadir/mqtt-fuzzing/builds/nanomq-asan/nng/src/sp/protocol/mqtt/mqtt_parser.c:1730 nmq_subinfo_decode:  0 Packetid in subscribe request
2026-09-16 01:03:42 [1345545] ERROR /home/kadir/mqtt-fuzzing/builds/nanomq-asan/nng/src/sp/transport/mqtt/broker_tcp.c:845 tcptran_pipe_recv_cb: Invalid subscribe packet!
2026-09-16 01:03:42 [1345540] WARN  /home/kadir/mqtt-fuzzing/builds/nanomq-asan/nng/src/sp/protocol/mqtt/mqtt_parser.c:1363 nano_msg_notify: test offline!
2026-09-16 01:03:42 [1345545] WARN  /home/kadir/mqtt-fuzzing/builds/nanomq-asan/nng/src/sp/transport/mqtt/broker_tcp.c:895 tcptran_pipe_recv_cb: tcptran_pipe_recv_cb: recv_error rv: 130

2026-09-16 01:03:42 [1345544] WARN  /home/kadir/mqtt-fuzzing/builds/nanomq-asan/nng/src/sp/protocol/mqtt/mqtt_parser.c:1359 nano_msg_notify: test online!
2026-09-16 01:03:42 [1345542] ERROR /home/kadir/mqtt-fuzzing/builds/nanomq-asan/nng/src/sp/transport/mqtt/broker_tcp.c:845 tcptran_pipe_recv_cb: Invalid subscribe packet!
2026-09-16 01:03:42 [1345542] WARN  /home/kadir/mqtt-fuzzing/builds/nanomq-asan/nng/src/sp/transport/mqtt/broker_tcp.c:895 tcptran_pipe_recv_cb: tcptran_pipe_recv_cb: recv_error rv: 130

2026-09-16 01:03:42 [1345545] WARN  /home/kadir/mqtt-fuzzing/builds/nanomq-asan/nng/src/sp/protocol/mqtt/mqtt_parser.c:1363 nano_msg_notify: test offline!
2026-09-16 01:03:42 [1345541] WARN  /home/kadir/mqtt-fuzzing/builds/nanomq-asan/nng/src/sp/protocol/mqtt/mqtt_parser.c:1359 nano_msg_notify: test online!
2026-09-16 01:03:42 [1345546] ERROR /home/kadir/mqtt-fuzzing/builds/nanomq-asan/nng/src/sp/transport/mqtt/broker_tcp.c:845 tcptran_pipe_recv_cb: Invalid subscribe packet!
2026-09-16 01:03:42 [1345546] WARN  /home/kadir/mqtt-fuzzing/builds/nanomq-asan/nng/src/sp/transport/mqtt/broker_tcp.c:895 tcptran_pipe_recv_cb: tcptran_pipe_recv_cb: recv_error rv: 130

2026-09-16 01:03:42 [1345544] WARN  /home/kadir/mqtt-fuzzing/builds/nanomq-asan/nng/src/sp/protocol/mqtt/mqtt_parser.c:1363 nano_msg_notify: test offline!
2026-09-16 01:03:42 [1345546] WARN  /home/kadir/mqtt-fuzzing/builds/nanomq-asan/nng/src/sp/protocol/mqtt/mqtt_parser.c:1359 nano_msg_notify: test online!
2026-09-16 01:03:42 [1345540] WARN  /home/kadir/mqtt-fuzzing/builds/nanomq-asan/nng/src/sp/protocol/mqtt/mqtt_parser.c:1730 nmq_subinfo_decode:  0 Packetid in subscribe request
2026-09-16 01:03:42 [1345540] ERROR /home/kadir/mqtt-fuzzing/builds/nanomq-asan/nng/src/sp/transport/mqtt/broker_tcp.c:845 tcptran_pipe_recv_cb: Invalid subscribe packet!
2026-09-16 01:03:42 [1345540] WARN  /home/kadir/mqtt-fuzzing/builds/nanomq-asan/nng/src/sp/transport/mqtt/broker_tcp.c:895 tcptran_pipe_recv_cb: tcptran_pipe_recv_cb: recv_error rv: 130

2026-09-16 01:03:42 [1345540] WARN  /home/kadir/mqtt-fuzzing/builds/nanomq-asan/nng/src/sp/protocol/mqtt/mqtt_parser.c:1363 nano_msg_notify: test offline!
2026-09-16 01:03:42 [1345542] WARN  /home/kadir/mqtt-fuzzing/builds/nanomq-asan/nng/src/sp/transport/mqtt/broker_tcp.c:628 tcptran_pipe_recv_cb: nni aio recv error!! Connection shutdown

2026-09-16 01:03:42 [1345542] WARN  /home/kadir/mqtt-fuzzing/builds/nanomq-asan/nng/src/sp/transport/mqtt/broker_tcp.c:895 tcptran_pipe_recv_cb: tcptran_pipe_recv_cb: recv_error rv: 139

2026-09-16 01:03:42 [1345539] WARN  /home/kadir/mqtt-fuzzing/builds/nanomq-asan/nng/src/sp/protocol/mqtt/mqtt_parser.c:1359 nano_msg_notify: test online!
2026-09-16 01:03:42 [1345545] WARN  /home/kadir/mqtt-fuzzing/builds/nanomq-asan/nng/src/sp/protocol/mqtt/mqtt_parser.c:1363 nano_msg_notify: test offline!
2026-09-16 01:03:42 [1345546] WARN  /home/kadir/mqtt-fuzzing/builds/nanomq-asan/nng/src/sp/protocol/mqtt/mqtt_parser.c:1359 nano_msg_notify: test online!
2026-09-16 01:03:42 [1345540] WARN  /home/kadir/mqtt-fuzzing/builds/nanomq-asan/nng/src/sp/transport/mqtt/broker_tcp.c:628 tcptran_pipe_recv_cb: nni aio recv error!! Connection shutdown

2026-09-16 01:03:42 [1345540] WARN  /home/kadir/mqtt-fuzzing/builds/nanomq-asan/nng/src/sp/transport/mqtt/broker_tcp.c:895 tcptran_pipe_recv_cb: tcptran_pipe_recv_cb: recv_error rv: 139

2026-09-16 01:03:42 [1345543] WARN  /home/kadir/mqtt-fuzzing/builds/nanomq-asan/nng/src/sp/protocol/mqtt/mqtt_parser.c:1363 nano_msg_notify: test offline!
2026-09-16 01:03:42 [1345546] WARN  /home/kadir/mqtt-fuzzing/builds/nanomq-asan/nng/src/sp/protocol/mqtt/mqtt_parser.c:1359 nano_msg_notify: test online!
2026-09-16 01:03:42 [1345542] ERROR /home/kadir/mqtt-fuzzing/builds/nanomq-asan/nng/src/sp/transport/mqtt/broker_tcp.c:845 tcptran_pipe_recv_cb: Invalid subscribe packet!
2026-09-16 01:03:42 [1345542] WARN  /home/kadir/mqtt-fuzzing/builds/nanomq-asan/nng/src/sp/transport/mqtt/broker_tcp.c:895 tcptran_pipe_recv_cb: tcptran_pipe_recv_cb: recv_error rv: 130

2026-09-16 01:03:42 [1345540] WARN  /home/kadir/mqtt-fuzzing/builds/nanomq-asan/nng/src/sp/protocol/mqtt/mqtt_parser.c:1363 nano_msg_notify: test offline!
2026-09-16 01:03:42 [1345539] WARN  /home/kadir/mqtt-fuzzing/builds/nanomq-asan/nng/src/sp/protocol/mqtt/mqtt_parser.c:1359 nano_msg_notify: test online!
2026-09-16 01:03:42 [1345541] ERROR /home/kadir/mqtt-fuzzing/builds/nanomq-asan/nng/src/sp/transport/mqtt/broker_tcp.c:845 tcptran_pipe_recv_cb: Invalid subscribe packet!
2026-09-16 01:03:42 [1345541] WARN  /home/kadir/mqtt-fuzzing/builds/nanomq-asan/nng/src/sp/transport/mqtt/broker_tcp.c:895 tcptran_pipe_recv_cb: tcptran_pipe_recv_cb: recv_error rv: 130

2026-09-16 01:03:42 [1345546] WARN  /home/kadir/mqtt-fuzzing/builds/nanomq-asan/nng/src/sp/protocol/mqtt/mqtt_parser.c:1363 nano_msg_notify: test offline!
2026-09-16 01:03:42 [1345544] WARN  /home/kadir/mqtt-fuzzing/builds/nanomq-asan/nng/src/sp/protocol/mqtt/mqtt_parser.c:1359 nano_msg_notify: test online!
2026-09-16 01:03:42 [1345543] ERROR /home/kadir/mqtt-fuzzing/builds/nanomq-asan/nng/src/sp/transport/mqtt/broker_tcp.c:845 tcptran_pipe_recv_cb: Invalid subscribe packet!
2026-09-16 01:03:42 [1345543] WARN  /home/kadir/mqtt-fuzzing/builds/nanomq-asan/nng/src/sp/transport/mqtt/broker_tcp.c:895 tcptran_pipe_recv_cb: tcptran_pipe_recv_cb: recv_error rv: 130

2026-09-16 01:03:42 [1345542] WARN  /home/kadir/mqtt-fuzzing/builds/nanomq-asan/nng/src/sp/protocol/mqtt/mqtt_parser.c:1363 nano_msg_notify: test offline!
2026-09-16 01:03:42 [1345543] WARN  /home/kadir/mqtt-fuzzing/builds/nanomq-asan/nng/src/sp/protocol/mqtt/mqtt_parser.c:1359 nano_msg_notify: test online!
2026-09-16 01:03:42 [1345542] ERROR /home/kadir/mqtt-fuzzing/builds/nanomq-asan/nng/src/sp/transport/mqtt/broker_tcp.c:845 tcptran_pipe_recv_cb: Invalid subscribe packet!
2026-09-16 01:03:42 [1345542] WARN  /home/kadir/mqtt-fuzzing/builds/nanomq-asan/nng/src/sp/transport/mqtt/broker_tcp.c:895 tcptran_pipe_recv_cb: tcptran_pipe_recv_cb: recv_error rv: 130

2026-09-16 01:03:42 [1345544] WARN  /home/kadir/mqtt-fuzzing/builds/nanomq-asan/nng/src/sp/protocol/mqtt/mqtt_parser.c:1363 nano_msg_notify: test offline!
2026-09-16 01:03:42 [1345546] WARN  /home/kadir/mqtt-fuzzing/builds/nanomq-asan/nng/src/sp/protocol/mqtt/mqtt_parser.c:1359 nano_msg_notify: test online!
2026-09-16 01:03:43 [1345543] ERROR /home/kadir/mqtt-fuzzing/builds/nanomq-asan/nng/src/sp/transport/mqtt/broker_tcp.c:845 tcptran_pipe_recv_cb: Invalid subscribe packet!
2026-09-16 01:03:43 [1345543] WARN  /home/kadir/mqtt-fuzzing/builds/nanomq-asan/nng/src/sp/transport/mqtt/broker_tcp.c:895 tcptran_pipe_recv_cb: tcptran_pipe_recv_cb: recv_error rv: 130

2026-09-16 01:03:43 [1345542] WARN  /home/kadir/mqtt-fuzzing/builds/nanomq-asan/nng/src/sp/protocol/mqtt/mqtt_parser.c:1363 nano_msg_notify: test offline!
2026-09-16 01:03:43 [1345541] WARN  /home/kadir/mqtt-fuzzing/builds/nanomq-asan/nng/src/sp/protocol/mqtt/mqtt_parser.c:1359 nano_msg_notify: test online!
2026-09-16 01:03:43 [1345544] ERROR /home/kadir/mqtt-fuzzing/builds/nanomq-asan/nng/src/sp/transport/mqtt/broker_tcp.c:691 tcptran_pipe_recv_cb: Size of packet exceeds limitation: 0x95

2026-09-16 01:03:43 [1345544] WARN  /home/kadir/mqtt-fuzzing/builds/nanomq-asan/nng/src/sp/transport/mqtt/broker_tcp.c:895 tcptran_pipe_recv_cb: tcptran_pipe_recv_cb: recv_error rv: 149

2026-09-16 01:03:43 [1345544] WARN  /home/kadir/mqtt-fuzzing/builds/nanomq-asan/nng/src/sp/protocol/mqtt/mqtt_parser.c:1363 nano_msg_notify: test offline!
2026-09-16 01:03:43 [1345541] WARN  /home/kadir/mqtt-fuzzing/builds/nanomq-asan/nng/src/sp/protocol/mqtt/mqtt_parser.c:1359 nano_msg_notify: test online!
2026-09-16 01:03:43 [1345540] ERROR /home/kadir/mqtt-fuzzing/builds/nanomq-asan/nng/src/sp/transport/mqtt/broker_tcp.c:845 tcptran_pipe_recv_cb: Invalid subscribe packet!
2026-09-16 01:03:43 [1345540] WARN  /home/kadir/mqtt-fuzzing/builds/nanomq-asan/nng/src/sp/transport/mqtt/broker_tcp.c:895 tcptran_pipe_recv_cb: tcptran_pipe_recv_cb: recv_error rv: 130

2026-09-16 01:03:43 [1345544] WARN  /home/kadir/mqtt-fuzzing/builds/nanomq-asan/nng/src/sp/protocol/mqtt/mqtt_parser.c:1363 nano_msg_notify: test offline!
2026-09-16 01:03:43 [1345540] WARN  /home/kadir/mqtt-fuzzing/builds/nanomq-asan/nng/src/sp/protocol/mqtt/mqtt_parser.c:1359 nano_msg_notify: test online!
2026-09-16 01:03:43 [1345544] ERROR /home/kadir/mqtt-fuzzing/builds/nanomq-asan/nng/src/sp/transport/mqtt/broker_tcp.c:845 tcptran_pipe_recv_cb: Invalid subscribe packet!
2026-09-16 01:03:43 [1345544] WARN  /home/kadir/mqtt-fuzzing/builds/nanomq-asan/nng/src/sp/transport/mqtt/broker_tcp.c:895 tcptran_pipe_recv_cb: tcptran_pipe_recv_cb: recv_error rv: 130

2026-09-16 01:03:43 [1345546] WARN  /home/kadir/mqtt-fuzzing/builds/nanomq-asan/nng/src/sp/protocol/mqtt/mqtt_parser.c:1363 nano_msg_notify: test offline!
2026-09-16 01:03:43 [1345539] WARN  /home/kadir/mqtt-fuzzing/builds/nanomq-asan/nng/src/sp/protocol/mqtt/mqtt_parser.c:1359 nano_msg_notify: test online!
2026-09-16 01:03:43 [1345543] ERROR /home/kadir/mqtt-fuzzing/builds/nanomq-asan/nng/src/sp/transport/mqtt/broker_tcp.c:845 tcptran_pipe_recv_cb: Invalid subscribe packet!
2026-09-16 01:03:43 [1345543] WARN  /home/kadir/mqtt-fuzzing/builds/nanomq-asan/nng/src/sp/transport/mqtt/broker_tcp.c:895 tcptran_pipe_recv_cb: tcptran_pipe_recv_cb: recv_error rv: 130

2026-09-16 01:03:43 [1345546] WARN  /home/kadir/mqtt-fuzzing/builds/nanomq-asan/nng/src/sp/protocol/mqtt/mqtt_parser.c:1363 nano_msg_notify: test offline!
2026-09-16 01:03:43 [1345542] WARN  /home/kadir/mqtt-fuzzing/builds/nanomq-asan/nng/src/sp/protocol/mqtt/mqtt_parser.c:1359 nano_msg_notify: test online!
2026-09-16 01:03:43 [1345546] ERROR /home/kadir/mqtt-fuzzing/builds/nanomq-asan/nng/src/sp/transport/mqtt/broker_tcp.c:691 tcptran_pipe_recv_cb: Size of packet exceeds limitation: 0x95

2026-09-16 01:03:43 [1345546] WARN  /home/kadir/mqtt-fuzzing/builds/nanomq-asan/nng/src/sp/transport/mqtt/broker_tcp.c:895 tcptran_pipe_recv_cb: tcptran_pipe_recv_cb: recv_error rv: 149

2026-09-16 01:03:43 [1345546] WARN  /home/kadir/mqtt-fuzzing/builds/nanomq-asan/nng/src/sp/protocol/mqtt/mqtt_parser.c:1363 nano_msg_notify: test offline!
2026-09-16 01:03:43 [1345545] WARN  /home/kadir/mqtt-fuzzing/builds/nanomq-asan/nng/src/sp/protocol/mqtt/mqtt_parser.c:1359 nano_msg_notify: test online!
2026-09-16 01:03:43 [1345541] ERROR /home/kadir/mqtt-fuzzing/builds/nanomq-asan/nng/src/sp/transport/mqtt/broker_tcp.c:845 tcptran_pipe_recv_cb: Invalid subscribe packet!
2026-09-16 01:03:43 [1345541] WARN  /home/kadir/mqtt-fuzzing/builds/nanomq-asan/nng/src/sp/transport/mqtt/broker_tcp.c:895 tcptran_pipe_recv_cb: tcptran_pipe_recv_cb: recv_error rv: 130

2026-09-16 01:03:43 [1345544] WARN  /home/kadir/mqtt-fuzzing/builds/nanomq-asan/nng/src/sp/protocol/mqtt/mqtt_parser.c:1363 nano_msg_notify: test offline!
2026-09-16 01:03:43 [1345545] ERROR /home/kadir/mqtt-fuzzing/builds/nanomq-asan/nng/src/sp/transport/mqtt/broker_tcp.c:845 tcptran_pipe_recv_cb: Invalid subscribe packet!
2026-09-16 01:03:43 [1345545] WARN  /home/kadir/mqtt-fuzzing/builds/nanomq-asan/nng/src/sp/transport/mqtt/broker_tcp.c:895 tcptran_pipe_recv_cb: tcptran_pipe_recv_cb: recv_error rv: 130

2026-09-16 01:03:43 [1345541] WARN  /home/kadir/mqtt-fuzzing/builds/nanomq-asan/nng/src/sp/protocol/mqtt/mqtt_parser.c:1359 nano_msg_notify: test online!
2026-09-16 01:03:43 [1345543] WARN  /home/kadir/mqtt-fuzzing/builds/nanomq-asan/nng/src/sp/protocol/mqtt/mqtt_parser.c:1363 nano_msg_notify: test offline!
2026-09-16 01:03:43 [1345543] ERROR /home/kadir/mqtt-fuzzing/builds/nanomq-asan/nng/src/sp/transport/mqtt/broker_tcp.c:845 tcptran_pipe_recv_cb: Invalid subscribe packet!
2026-09-16 01:03:43 [1345543] WARN  /home/kadir/mqtt-fuzzing/builds/nanomq-asan/nng/src/sp/transport/mqtt/broker_tcp.c:895 tcptran_pipe_recv_cb: tcptran_pipe_recv_cb: recv_error rv: 130

2026-09-16 01:03:43 [1345541] WARN  /home/kadir/mqtt-fuzzing/builds/nanomq-asan/nng/src/sp/protocol/mqtt/mqtt_parser.c:1359 nano_msg_notify: test online!
2026-09-16 01:03:43 [1345543] WARN  /home/kadir/mqtt-fuzzing/builds/nanomq-asan/nng/src/sp/protocol/mqtt/mqtt_parser.c:1363 nano_msg_notify: test offline!
2026-09-16 01:03:43 [1345539] WARN  /home/kadir/mqtt-fuzzing/builds/nanomq-asan/nng/src/sp/protocol/mqtt/mqtt_parser.c:1359 nano_msg_notify: test online!
2026-09-16 01:03:43 [1345542] WARN  /home/kadir/mqtt-fuzzing/builds/nanomq-asan/nng/src/sp/transport/mqtt/broker_tcp.c:628 tcptran_pipe_recv_cb: nni aio recv error!! Connection shutdown

2026-09-16 01:03:43 [1345542] WARN  /home/kadir/mqtt-fuzzing/builds/nanomq-asan/nng/src/sp/transport/mqtt/broker_tcp.c:895 tcptran_pipe_recv_cb: tcptran_pipe_recv_cb: recv_error rv: 139

2026-09-16 01:03:43 [1345541] WARN  /home/kadir/mqtt-fuzzing/builds/nanomq-asan/nng/src/sp/protocol/mqtt/mqtt_parser.c:1363 nano_msg_notify: test offline!
2026-09-16 01:03:43 [1345545] WARN  /home/kadir/mqtt-fuzzing/builds/nanomq-asan/nng/src/sp/protocol/mqtt/mqtt_parser.c:1359 nano_msg_notify: test online!
2026-09-16 01:03:43 [1345546] ERROR /home/kadir/mqtt-fuzzing/builds/nanomq-asan/nng/src/sp/transport/mqtt/broker_tcp.c:845 tcptran_pipe_recv_cb: Invalid subscribe packet!
2026-09-16 01:03:43 [1345546] WARN  /home/kadir/mqtt-fuzzing/builds/nanomq-asan/nng/src/sp/transport/mqtt/broker_tcp.c:895 tcptran_pipe_recv_cb: tcptran_pipe_recv_cb: recv_error rv: 130

2026-09-16 01:03:43 [1345539] WARN  /home/kadir/mqtt-fuzzing/builds/nanomq-asan/nng/src/sp/protocol/mqtt/mqtt_parser.c:1363 nano_msg_notify: test offline!
2026-09-16 01:03:43 [1345540] WARN  /home/kadir/mqtt-fuzzing/builds/nanomq-asan/nng/src/sp/protocol/mqtt/mqtt_parser.c:1359 nano_msg_notify: test online!
2026-09-16 01:03:43 [1345545] ERROR /home/kadir/mqtt-fuzzing/builds/nanomq-asan/nng/src/sp/transport/mqtt/broker_tcp.c:845 tcptran_pipe_recv_cb: Invalid subscribe packet!
2026-09-16 01:03:43 [1345545] WARN  /home/kadir/mqtt-fuzzing/builds/nanomq-asan/nng/src/sp/transport/mqtt/broker_tcp.c:895 tcptran_pipe_recv_cb: tcptran_pipe_recv_cb: recv_error rv: 130

2026-09-16 01:03:43 [1345539] WARN  /home/kadir/mqtt-fuzzing/builds/nanomq-asan/nng/src/sp/protocol/mqtt/mqtt_parser.c:1363 nano_msg_notify: test offline!
2026-09-16 01:03:43 [1345541] WARN  /home/kadir/mqtt-fuzzing/builds/nanomq-asan/nng/src/sp/protocol/mqtt/mqtt_parser.c:1359 nano_msg_notify: test online!
2026-09-16 01:03:43 [1345544] ERROR /home/kadir/mqtt-fuzzing/builds/nanomq-asan/nng/src/sp/transport/mqtt/broker_tcp.c:845 tcptran_pipe_recv_cb: Invalid subscribe packet!
2026-09-16 01:03:43 [1345544] WARN  /home/kadir/mqtt-fuzzing/builds/nanomq-asan/nng/src/sp/transport/mqtt/broker_tcp.c:895 tcptran_pipe_recv_cb: tcptran_pipe_recv_cb: recv_error rv: 130

2026-09-16 01:03:43 [1345540] WARN  /home/kadir/mqtt-fuzzing/builds/nanomq-asan/nng/src/sp/protocol/mqtt/mqtt_parser.c:1363 nano_msg_notify: test offline!
2026-09-16 01:03:43 [1345544] WARN  /home/kadir/mqtt-fuzzing/builds/nanomq-asan/nng/src/sp/protocol/mqtt/mqtt_parser.c:1359 nano_msg_notify: test online!
2026-09-16 01:03:43 [1345539] ERROR /home/kadir/mqtt-fuzzing/builds/nanomq-asan/nng/src/sp/transport/mqtt/broker_tcp.c:845 tcptran_pipe_recv_cb: Invalid subscribe packet!
2026-09-16 01:03:43 [1345539] WARN  /home/kadir/mqtt-fuzzing/builds/nanomq-asan/nng/src/sp/transport/mqtt/broker_tcp.c:895 tcptran_pipe_recv_cb: tcptran_pipe_recv_cb: recv_error rv: 130

2026-09-16 01:03:43 [1345541] WARN  /home/kadir/mqtt-fuzzing/builds/nanomq-asan/nng/src/sp/protocol/mqtt/mqtt_parser.c:1363 nano_msg_notify: test offline!
2026-09-16 01:03:43 [1345542] WARN  /home/kadir/mqtt-fuzzing/builds/nanomq-asan/nng/src/sp/protocol/mqtt/mqtt_parser.c:1359 nano_msg_notify: test online!
2026-09-16 01:03:43 [1345544] ERROR /home/kadir/mqtt-fuzzing/builds/nanomq-asan/nng/src/sp/transport/mqtt/broker_tcp.c:845 tcptran_pipe_recv_cb: Invalid subscribe packet!
2026-09-16 01:03:43 [1345544] WARN  /home/kadir/mqtt-fuzzing/builds/nanomq-asan/nng/src/sp/transport/mqtt/broker_tcp.c:895 tcptran_pipe_recv_cb: tcptran_pipe_recv_cb: recv_error rv: 130

2026-09-16 01:03:43 [1345544] WARN  /home/kadir/mqtt-fuzzing/builds/nanomq-asan/nng/src/sp/protocol/mqtt/mqtt_parser.c:1363 nano_msg_notify: test offline!
2026-09-16 01:03:43 [1345542] WARN  /home/kadir/mqtt-fuzzing/builds/nanomq-asan/nng/src/sp/protocol/mqtt/mqtt_parser.c:1359 nano_msg_notify: test online!
2026-09-16 01:03:43 [1345544] WARN  /home/kadir/mqtt-fuzzing/builds/nanomq-asan/nng/src/sp/transport/mqtt/broker_tcp.c:628 tcptran_pipe_recv_cb: nni aio recv error!! Connection shutdown

2026-09-16 01:03:43 [1345544] WARN  /home/kadir/mqtt-fuzzing/builds/nanomq-asan/nng/src/sp/transport/mqtt/broker_tcp.c:895 tcptran_pipe_recv_cb: tcptran_pipe_recv_cb: recv_error rv: 139

2026-09-16 01:03:43 [1345541] WARN  /home/kadir/mqtt-fuzzing/builds/nanomq-asan/nng/src/sp/protocol/mqtt/mqtt_parser.c:1363 nano_msg_notify: test offline!
2026-09-16 01:03:43 [1345543] WARN  /home/kadir/mqtt-fuzzing/builds/nanomq-asan/nng/src/sp/protocol/mqtt/mqtt_parser.c:1359 nano_msg_notify: test online!
2026-09-16 01:03:43 [1345539] ERROR /home/kadir/mqtt-fuzzing/builds/nanomq-asan/nng/src/sp/transport/mqtt/broker_tcp.c:845 tcptran_pipe_recv_cb: Invalid subscribe packet!
2026-09-16 01:03:43 [1345539] WARN  /home/kadir/mqtt-fuzzing/builds/nanomq-asan/nng/src/sp/transport/mqtt/broker_tcp.c:895 tcptran_pipe_recv_cb: tcptran_pipe_recv_cb: recv_error rv: 130

2026-09-16 01:03:43 [1345546] WARN  /home/kadir/mqtt-fuzzing/builds/nanomq-asan/nng/src/sp/protocol/mqtt/mqtt_parser.c:1363 nano_msg_notify: test offline!
2026-09-16 01:03:43 [1345539] WARN  /home/kadir/mqtt-fuzzing/builds/nanomq-asan/nng/src/sp/protocol/mqtt/mqtt_parser.c:1359 nano_msg_notify: test online!
2026-09-16 01:03:43 [1345543] ERROR /home/kadir/mqtt-fuzzing/builds/nanomq-asan/nng/src/sp/transport/mqtt/broker_tcp.c:845 tcptran_pipe_recv_cb: Invalid subscribe packet!
2026-09-16 01:03:43 [1345543] WARN  /home/kadir/mqtt-fuzzing/builds/nanomq-asan/nng/src/sp/transport/mqtt/broker_tcp.c:895 tcptran_pipe_recv_cb: tcptran_pipe_recv_cb: recv_error rv: 130

2026-09-16 01:03:43 [1345543] WARN  /home/kadir/mqtt-fuzzing/builds/nanomq-asan/nng/src/sp/protocol/mqtt/mqtt_parser.c:1363 nano_msg_notify: test offline!
2026-09-16 01:03:43 [1345546] ERROR /home/kadir/mqtt-fuzzing/builds/nanomq-asan/nng/src/sp/transport/mqtt/broker_tcp.c:845 tcptran_pipe_recv_cb: Invalid subscribe packet!
2026-09-16 01:03:43 [1345546] WARN  /home/kadir/mqtt-fuzzing/builds/nanomq-asan/nng/src/sp/transport/mqtt/broker_tcp.c:895 tcptran_pipe_recv_cb: tcptran_pipe_recv_cb: recv_error rv: 130

2026-09-16 01:03:43 [1345545] WARN  /home/kadir/mqtt-fuzzing/builds/nanomq-asan/nng/src/sp/protocol/mqtt/mqtt_parser.c:1363 nano_msg_notify: test offline!
2026-09-16 01:03:43 [1345544] WARN  /home/kadir/mqtt-fuzzing/builds/nanomq-asan/nng/src/sp/protocol/mqtt/mqtt_parser.c:1359 nano_msg_notify: test online!
2026-09-16 01:03:43 [1345544] ERROR /home/kadir/mqtt-fuzzing/builds/nanomq-asan/nng/src/sp/transport/mqtt/broker_tcp.c:845 tcptran_pipe_recv_cb: Invalid subscribe packet!
2026-09-16 01:03:43 [1345541] WARN  /home/kadir/mqtt-fuzzing/builds/nanomq-asan/nng/src/sp/protocol/mqtt/mqtt_parser.c:1359 nano_msg_notify: test online!
2026-09-16 01:03:43 [1345543] ERROR /home/kadir/mqtt-fuzzing/builds/nanomq-asan/nng/src/core/pipe.c:484 nni_pipe_set_pid: Client ID collision or set ID failed!
2026-09-16 01:03:43 [1345544] WARN  /home/kadir/mqtt-fuzzing/builds/nanomq-asan/nng/src/sp/transport/mqtt/broker_tcp.c:895 tcptran_pipe_recv_cb: 2026-09-16 01:03:43 [1345546] WARN  /home/kadir/mqtt-fuzzing/builds/nanomq-asan/nng/src/sp/protocol/mqtt/mqtt_parser.c:1363 nano_msg_notify: tcptran_pipe_recv_cb: recv_error rv: 130

test offline!
2026-09-16 01:03:43 [1345543] WARN  /home/kadir/mqtt-fuzzing/builds/nanomq-asan/nng/src/sp/protocol/mqtt/mqtt_parser.c:1359 nano_msg_notify: test online!
2026-09-16 01:03:43 [1345542] ERROR /home/kadir/mqtt-fuzzing/builds/nanomq-asan/nng/src/sp/transport/mqtt/broker_tcp.c:845 tcptran_pipe_recv_cb: Invalid subscribe packet!
2026-09-16 01:03:43 [1345542] WARN  /home/kadir/mqtt-fuzzing/builds/nanomq-asan/nng/src/sp/transport/mqtt/broker_tcp.c:895 tcptran_pipe_recv_cb: tcptran_pipe_recv_cb: recv_error rv: 130

2026-09-16 01:03:43 [1345540] WARN  /home/kadir/mqtt-fuzzing/builds/nanomq-asan/nng/src/sp/protocol/mqtt/mqtt_parser.c:1363 nano_msg_notify: test offline!
2026-09-16 01:03:43 [1345539] ERROR /home/kadir/mqtt-fuzzing/builds/nanomq-asan/nng/src/core/pipe.c:484 nni_pipe_set_pid: Client ID collision or set ID failed!
2026-09-16 01:03:43 [1345539] WARN  /home/kadir/mqtt-fuzzing/builds/nanomq-asan/nng/src/sp/protocol/mqtt/mqtt_parser.c:1359 nano_msg_notify: test online!
2026-09-16 01:03:43 [1345542] ERROR /home/kadir/mqtt-fuzzing/builds/nanomq-asan/nng/src/sp/transport/mqtt/broker_tcp.c:845 tcptran_pipe_recv_cb: Invalid subscribe packet!
2026-09-16 01:03:43 [1345542] WARN  /home/kadir/mqtt-fuzzing/builds/nanomq-asan/nng/src/sp/transport/mqtt/broker_tcp.c:895 tcptran_pipe_recv_cb: tcptran_pipe_recv_cb: recv_error rv: 130

2026-09-16 01:03:43 [1345543] WARN  /home/kadir/mqtt-fuzzing/builds/nanomq-asan/nng/src/sp/protocol/mqtt/mqtt_parser.c:1363 nano_msg_notify: test offline!
2026-09-16 01:03:43 [1345542] WARN  /home/kadir/mqtt-fuzzing/builds/nanomq-asan/nng/src/sp/protocol/mqtt/mqtt_parser.c:1359 nano_msg_notify: test online!
2026-09-16 01:03:43 [1345544] WARN  /home/kadir/mqtt-fuzzing/builds/nanomq-asan/nng/src/sp/transport/mqtt/broker_tcp.c:628 tcptran_pipe_recv_cb: nni aio recv error!! Connection shutdown

2026-09-16 01:03:43 [1345544] WARN  /home/kadir/mqtt-fuzzing/builds/nanomq-asan/nng/src/sp/transport/mqtt/broker_tcp.c:895 tcptran_pipe_recv_cb: tcptran_pipe_recv_cb: recv_error rv: 139

2026-09-16 01:03:43 [1345540] WARN  /home/kadir/mqtt-fuzzing/builds/nanomq-asan/nng/src/sp/protocol/mqtt/mqtt_parser.c:1363 nano_msg_notify: test offline!
2026-09-16 01:03:43 [1345541] WARN  /home/kadir/mqtt-fuzzing/builds/nanomq-asan/nng/src/sp/protocol/mqtt/mqtt_parser.c:1359 nano_msg_notify: test online!
2026-09-16 01:03:43 [1345543] WARN  /home/kadir/mqtt-fuzzing/builds/nanomq-asan/nng/src/sp/transport/mqtt/broker_tcp.c:662 tcptran_pipe_recv_cb: MALFORMED_PACKET received.
2026-09-16 01:03:43 [1345543] WARN  /home/kadir/mqtt-fuzzing/builds/nanomq-asan/nng/src/sp/transport/mqtt/broker_tcp.c:895 tcptran_pipe_recv_cb: tcptran_pipe_recv_cb: recv_error rv: 17

2026-09-16 01:03:43 [1345546] WARN  /home/kadir/mqtt-fuzzing/builds/nanomq-asan/nng/src/sp/protocol/mqtt/mqtt_parser.c:1363 nano_msg_notify: test offline!
2026-09-16 01:03:43 [1345543] WARN  /home/kadir/mqtt-fuzzing/builds/nanomq-asan/nng/src/sp/protocol/mqtt/mqtt_parser.c:1359 nano_msg_notify: test online!
2026-09-16 01:03:43 [1345545] ERROR /home/kadir/mqtt-fuzzing/builds/nanomq-asan/nng/src/sp/transport/mqtt/broker_tcp.c:845 tcptran_pipe_recv_cb: Invalid subscribe packet!
2026-09-16 01:03:43 [1345545] WARN  /home/kadir/mqtt-fuzzing/builds/nanomq-asan/nng/src/sp/transport/mqtt/broker_tcp.c:895 tcptran_pipe_recv_cb: tcptran_pipe_recv_cb: recv_error rv: 130

2026-09-16 01:03:43 [1345545] WARN  /home/kadir/mqtt-fuzzing/builds/nanomq-asan/nng/src/sp/protocol/mqtt/mqtt_parser.c:1363 nano_msg_notify: test offline!
2026-09-16 01:03:43 [1345541] WARN  /home/kadir/mqtt-fuzzing/builds/nanomq-asan/nng/src/sp/protocol/mqtt/mqtt_parser.c:1359 nano_msg_notify: test online!
2026-09-16 01:03:43 [1345545] ERROR /home/kadir/mqtt-fuzzing/builds/nanomq-asan/nng/src/sp/transport/mqtt/broker_tcp.c:845 tcptran_pipe_recv_cb: Invalid subscribe packet!
2026-09-16 01:03:43 [1345545] WARN  /home/kadir/mqtt-fuzzing/builds/nanomq-asan/nng/src/sp/transport/mqtt/broker_tcp.c:895 tcptran_pipe_recv_cb: tcptran_pipe_recv_cb: recv_error rv: 130

2026-09-16 01:03:43 [1345546] WARN  /home/kadir/mqtt-fuzzing/builds/nanomq-asan/nng/src/sp/protocol/mqtt/mqtt_parser.c:1363 nano_msg_notify: test offline!
2026-09-16 01:03:43 [1345540] ERROR /home/kadir/mqtt-fuzzing/builds/nanomq-asan/nng/src/sp/transport/mqtt/broker_tcp.c:845 tcptran_pipe_recv_cb: Invalid subscribe packet!
2026-09-16 01:03:43 [1345543] WARN  /home/kadir/mqtt-fuzzing/builds/nanomq-asan/nng/src/sp/protocol/mqtt/mqtt_parser.c:1359 nano_msg_notify: test online!
2026-09-16 01:03:43 [1345541] WARN  /home/kadir/mqtt-fuzzing/builds/nanomq-asan/nng/src/sp/protocol/mqtt/mqtt_parser.c:1363 nano_msg_notify: test offline!
2026-09-16 01:03:43 [1345540] WARN  /home/kadir/mqtt-fuzzing/builds/nanomq-asan/nng/src/sp/transport/mqtt/broker_tcp.c:895 tcptran_pipe_recv_cb: tcptran_pipe_recv_cb: recv_error rv: 130

2026-09-16 01:03:43 [1345545] WARN  /home/kadir/mqtt-fuzzing/builds/nanomq-asan/nng/src/sp/protocol/mqtt/mqtt_parser.c:1359 nano_msg_notify: test online!
2026-09-16 01:03:43 [1345544] ERROR /home/kadir/mqtt-fuzzing/builds/nanomq-asan/nng/src/sp/transport/mqtt/broker_tcp.c:845 tcptran_pipe_recv_cb: Invalid subscribe packet!
2026-09-16 01:03:43 [1345544] WARN  /home/kadir/mqtt-fuzzing/builds/nanomq-asan/nng/src/sp/transport/mqtt/broker_tcp.c:895 tcptran_pipe_recv_cb: tcptran_pipe_recv_cb: recv_error rv: 130

2026-09-16 01:03:43 [1345540] WARN  /home/kadir/mqtt-fuzzing/builds/nanomq-asan/nng/src/sp/protocol/mqtt/mqtt_parser.c:1363 nano_msg_notify: test offline!
2026-09-16 01:03:43 [1345544] WARN  /home/kadir/mqtt-fuzzing/builds/nanomq-asan/nng/src/sp/protocol/mqtt/mqtt_parser.c:1359 nano_msg_notify: test online!
2026-09-16 01:03:43 [1345543] WARN  /home/kadir/mqtt-fuzzing/builds/nanomq-asan/nng/src/sp/transport/mqtt/broker_tcp.c:662 tcptran_pipe_recv_cb: MALFORMED_PACKET received.
2026-09-16 01:03:43 [1345543] WARN  /home/kadir/mqtt-fuzzing/builds/nanomq-asan/nng/src/sp/transport/mqtt/broker_tcp.c:895 tcptran_pipe_recv_cb: tcptran_pipe_recv_cb: recv_error rv: 17

2026-09-16 01:03:43 [1345539] WARN  /home/kadir/mqtt-fuzzing/builds/nanomq-asan/nng/src/sp/protocol/mqtt/mqtt_parser.c:1363 nano_msg_notify: test offline!
2026-09-16 01:03:43 [1345543] WARN  /home/kadir/mqtt-fuzzing/builds/nanomq-asan/nng/src/sp/protocol/mqtt/mqtt_parser.c:1359 nano_msg_notify: test online!
2026-09-16 01:03:43 [1345544] ERROR /home/kadir/mqtt-fuzzing/builds/nanomq-asan/nng/src/sp/transport/mqtt/broker_tcp.c:845 tcptran_pipe_recv_cb: Invalid subscribe packet!
2026-09-16 01:03:43 [1345544] WARN  /home/kadir/mqtt-fuzzing/builds/nanomq-asan/nng/src/sp/transport/mqtt/broker_tcp.c:895 tcptran_pipe_recv_cb: tcptran_pipe_recv_cb: recv_error rv: 130

2026-09-16 01:03:43 [1345541] WARN  /home/kadir/mqtt-fuzzing/builds/nanomq-asan/nng/src/sp/protocol/mqtt/mqtt_parser.c:1363 nano_msg_notify: test offline!
2026-09-16 01:03:43 [1345545] WARN  /home/kadir/mqtt-fuzzing/builds/nanomq-asan/nng/src/sp/protocol/mqtt/mqtt_parser.c:1359 nano_msg_notify: test online!
2026-09-16 01:03:43 [1345544] ERROR /home/kadir/mqtt-fuzzing/builds/nanomq-asan/nng/src/sp/transport/mqtt/broker_tcp.c:845 tcptran_pipe_recv_cb: Invalid subscribe packet!
2026-09-16 01:03:43 [1345544] WARN  /home/kadir/mqtt-fuzzing/builds/nanomq-asan/nng/src/sp/transport/mqtt/broker_tcp.c:895 tcptran_pipe_recv_cb: tcptran_pipe_recv_cb: recv_error rv: 130

2026-09-16 01:03:43 [1345546] WARN  /home/kadir/mqtt-fuzzing/builds/nanomq-asan/nng/src/sp/protocol/mqtt/mqtt_parser.c:1363 nano_msg_notify: test offline!
2026-09-16 01:03:43 [1345539] WARN  /home/kadir/mqtt-fuzzing/builds/nanomq-asan/nng/src/sp/protocol/mqtt/mqtt_parser.c:1359 nano_msg_notify: test online!
2026-09-16 01:03:43 [1345543] ERROR /home/kadir/mqtt-fuzzing/builds/nanomq-asan/nng/src/sp/transport/mqtt/broker_tcp.c:845 tcptran_pipe_recv_cb: Invalid subscribe packet!
2026-09-16 01:03:43 [1345543] WARN  /home/kadir/mqtt-fuzzing/builds/nanomq-asan/nng/src/sp/transport/mqtt/broker_tcp.c:895 tcptran_pipe_recv_cb: tcptran_pipe_recv_cb: recv_error rv: 130

2026-09-16 01:03:43 [1345541] WARN  /home/kadir/mqtt-fuzzing/builds/nanomq-asan/nng/src/sp/protocol/mqtt/mqtt_parser.c:1363 nano_msg_notify: test offline!
2026-09-16 01:03:43 [1345543] WARN  /home/kadir/mqtt-fuzzing/builds/nanomq-asan/nng/src/sp/protocol/mqtt/mqtt_parser.c:1359 nano_msg_notify: test online!
2026-09-16 01:03:43 [1345546] ERROR /home/kadir/mqtt-fuzzing/builds/nanomq-asan/nng/src/sp/transport/mqtt/broker_tcp.c:845 tcptran_pipe_recv_cb: Invalid subscribe packet!
2026-09-16 01:03:43 [1345546] WARN  /home/kadir/mqtt-fuzzing/builds/nanomq-asan/nng/src/sp/transport/mqtt/broker_tcp.c:895 tcptran_pipe_recv_cb: tcptran_pipe_recv_cb: recv_error rv: 130

2026-09-16 01:03:43 [1345542] WARN  /home/kadir/mqtt-fuzzing/builds/nanomq-asan/nng/src/sp/protocol/mqtt/mqtt_parser.c:1363 nano_msg_notify: test offline!
2026-09-16 01:03:43 [1345544] WARN  /home/kadir/mqtt-fuzzing/builds/nanomq-asan/nng/src/sp/protocol/mqtt/mqtt_parser.c:1359 nano_msg_notify: test online!
2026-09-16 01:03:43 [1345542] ERROR /home/kadir/mqtt-fuzzing/builds/nanomq-asan/nng/src/sp/transport/mqtt/broker_tcp.c:845 tcptran_pipe_recv_cb: Invalid subscribe packet!
2026-09-16 01:03:43 [1345542] WARN  /home/kadir/mqtt-fuzzing/builds/nanomq-asan/nng/src/sp/transport/mqtt/broker_tcp.c:895 tcptran_pipe_recv_cb: tcptran_pipe_recv_cb: recv_error rv: 130

2026-09-16 01:03:43 [1345540] WARN  /home/kadir/mqtt-fuzzing/builds/nanomq-asan/nng/src/sp/protocol/mqtt/mqtt_parser.c:1363 nano_msg_notify: test offline!
2026-09-16 01:03:43 [1345546] WARN  /home/kadir/mqtt-fuzzing/builds/nanomq-asan/nng/src/sp/protocol/mqtt/mqtt_parser.c:1359 nano_msg_notify: test online!
2026-09-16 01:03:43 [1345542] WARN  /home/kadir/mqtt-fuzzing/builds/nanomq-asan/nng/src/sp/transport/mqtt/broker_tcp.c:662 tcptran_pipe_recv_cb: MALFORMED_PACKET received.
2026-09-16 01:03:43 [1345539] WARN  /home/kadir/mqtt-fuzzing/builds/nanomq-asan/nng/src/sp/protocol/mqtt/mqtt_parser.c:1363 nano_msg_notify: test offline!
2026-09-16 01:03:43 [1345542] WARN  /home/kadir/mqtt-fuzzing/builds/nanomq-asan/nng/src/sp/transport/mqtt/broker_tcp.c:895 tcptran_pipe_recv_cb: tcptran_pipe_recv_cb: recv_error rv: 17

2026-09-16 01:03:43 [1345543] WARN  /home/kadir/mqtt-fuzzing/builds/nanomq-asan/nng/src/sp/protocol/mqtt/mqtt_parser.c:1359 nano_msg_notify: test online!
2026-09-16 01:03:43 [1345539] WARN  /home/kadir/mqtt-fuzzing/builds/nanomq-asan/nng/src/sp/transport/mqtt/broker_tcp.c:662 tcptran_pipe_recv_cb: MALFORMED_PACKET received.
2026-09-16 01:03:43 [1345539] WARN  /home/kadir/mqtt-fuzzing/builds/nanomq-asan/nng/src/sp/transport/mqtt/broker_tcp.c:895 tcptran_pipe_recv_cb: tcptran_pipe_recv_cb: recv_error rv: 17

2026-09-16 01:03:43 [1345540] WARN  /home/kadir/mqtt-fuzzing/builds/nanomq-asan/nng/src/sp/protocol/mqtt/mqtt_parser.c:1363 nano_msg_notify: test offline!
2026-09-16 01:03:43 [1345545] WARN  /home/kadir/mqtt-fuzzing/builds/nanomq-asan/nng/src/sp/protocol/mqtt/mqtt_parser.c:1359 nano_msg_notify: test online!
2026-09-16 01:03:43 [1345546] ERROR /home/kadir/mqtt-fuzzing/builds/nanomq-asan/nng/src/sp/transport/mqtt/broker_tcp.c:845 tcptran_pipe_recv_cb: Invalid subscribe packet!
2026-09-16 01:03:43 [1345546] WARN  /home/kadir/mqtt-fuzzing/builds/nanomq-asan/nng/src/sp/transport/mqtt/broker_tcp.c:895 tcptran_pipe_recv_cb: tcptran_pipe_recv_cb: recv_error rv: 130

2026-09-16 01:03:43 [1345546] WARN  /home/kadir/mqtt-fuzzing/builds/nanomq-asan/nng/src/sp/protocol/mqtt/mqtt_parser.c:1363 nano_msg_notify: test offline!
2026-09-16 01:03:43 [1345543] WARN  /home/kadir/mqtt-fuzzing/builds/nanomq-asan/nng/src/sp/protocol/mqtt/mqtt_parser.c:1359 nano_msg_notify: test online!
2026-09-16 01:03:43 [1345541] ERROR /home/kadir/mqtt-fuzzing/builds/nanomq-asan/nng/src/sp/transport/mqtt/broker_tcp.c:691 tcptran_pipe_recv_cb: Size of packet exceeds limitation: 0x95

2026-09-16 01:03:43 [1345541] WARN  /home/kadir/mqtt-fuzzing/builds/nanomq-asan/nng/src/sp/transport/mqtt/broker_tcp.c:895 tcptran_pipe_recv_cb: tcptran_pipe_recv_cb: recv_error rv: 149

2026-09-16 01:03:43 [1345546] WARN  /home/kadir/mqtt-fuzzing/builds/nanomq-asan/nng/src/sp/protocol/mqtt/mqtt_parser.c:1363 nano_msg_notify: test offline!
2026-09-16 01:03:43 [1345541] WARN  /home/kadir/mqtt-fuzzing/builds/nanomq-asan/nng/src/sp/protocol/mqtt/mqtt_parser.c:1359 nano_msg_notify: test online!
2026-09-16 01:03:43 [1345539] ERROR /home/kadir/mqtt-fuzzing/builds/nanomq-asan/nng/src/sp/transport/mqtt/broker_tcp.c:845 tcptran_pipe_recv_cb: Invalid subscribe packet!
2026-09-16 01:03:43 [1345539] WARN  /home/kadir/mqtt-fuzzing/builds/nanomq-asan/nng/src/sp/transport/mqtt/broker_tcp.c:895 tcptran_pipe_recv_cb: tcptran_pipe_recv_cb: recv_error rv: 130

2026-09-16 01:03:43 [1345544] WARN  /home/kadir/mqtt-fuzzing/builds/nanomq-asan/nng/src/sp/protocol/mqtt/mqtt_parser.c:1363 nano_msg_notify: test offline!
2026-09-16 01:03:43 [1345542] WARN  /home/kadir/mqtt-fuzzing/builds/nanomq-asan/nng/src/sp/protocol/mqtt/mqtt_parser.c:1359 nano_msg_notify: test online!
2026-09-16 01:03:43 [1345544] ERROR /home/kadir/mqtt-fuzzing/builds/nanomq-asan/nng/src/sp/transport/mqtt/broker_tcp.c:845 tcptran_pipe_recv_cb: Invalid subscribe packet!
2026-09-16 01:03:43 [1345544] WARN  /home/kadir/mqtt-fuzzing/builds/nanomq-asan/nng/src/sp/transport/mqtt/broker_tcp.c:895 tcptran_pipe_recv_cb: tcptran_pipe_recv_cb: recv_error rv: 130

2026-09-16 01:03:43 [1345545] WARN  /home/kadir/mqtt-fuzzing/builds/nanomq-asan/nng/src/sp/protocol/mqtt/mqtt_parser.c:1363 nano_msg_notify: test offline!
2026-09-16 01:03:43 [1345540] WARN  /home/kadir/mqtt-fuzzing/builds/nanomq-asan/nng/src/sp/protocol/mqtt/mqtt_parser.c:1359 nano_msg_notify: test online!
2026-09-16 01:03:43 [1345542] ERROR /home/kadir/mqtt-fuzzing/builds/nanomq-asan/nng/src/sp/transport/mqtt/broker_tcp.c:845 tcptran_pipe_recv_cb: Invalid subscribe packet!
2026-09-16 01:03:43 [1345542] WARN  /home/kadir/mqtt-fuzzing/builds/nanomq-asan/nng/src/sp/transport/mqtt/broker_tcp.c:895 tcptran_pipe_recv_cb: tcptran_pipe_recv_cb: recv_error rv: 130

2026-09-16 01:03:43 [1345541] WARN  /home/kadir/mqtt-fuzzing/builds/nanomq-asan/nng/src/sp/protocol/mqtt/mqtt_parser.c:1363 nano_msg_notify: test offline!
2026-09-16 01:03:43 [1345544] WARN  /home/kadir/mqtt-fuzzing/builds/nanomq-asan/nng/src/sp/protocol/mqtt/mqtt_parser.c:1359 nano_msg_notify: test online!
2026-09-16 01:03:43 [1345541] WARN  /home/kadir/mqtt-fuzzing/builds/nanomq-asan/nng/src/sp/transport/mqtt/broker_tcp.c:662 tcptran_pipe_recv_cb: MALFORMED_PACKET received.
2026-09-16 01:03:43 [1345541] WARN  /home/kadir/mqtt-fuzzing/builds/nanomq-asan/nng/src/sp/transport/mqtt/broker_tcp.c:895 tcptran_pipe_recv_cb: tcptran_pipe_recv_cb: recv_error rv: 17

2026-09-16 01:03:43 [1345545] WARN  /home/kadir/mqtt-fuzzing/builds/nanomq-asan/nng/src/sp/protocol/mqtt/mqtt_parser.c:1363 nano_msg_notify: test offline!
2026-09-16 01:03:43 [1345539] WARN  /home/kadir/mqtt-fuzzing/builds/nanomq-asan/nng/src/sp/protocol/mqtt/mqtt_parser.c:1359 nano_msg_notify: test online!
2026-09-16 01:03:43 [1345543] WARN  /home/kadir/mqtt-fuzzing/builds/nanomq-asan/nng/src/sp/transport/mqtt/broker_tcp.c:628 tcptran_pipe_recv_cb: nni aio recv error!! Connection shutdown

2026-09-16 01:03:43 [1345543] WARN  /home/kadir/mqtt-fuzzing/builds/nanomq-asan/nng/src/sp/transport/mqtt/broker_tcp.c:895 tcptran_pipe_recv_cb: tcptran_pipe_recv_cb: recv_error rv: 139

2026-09-16 01:03:43 [1345543] WARN  /home/kadir/mqtt-fuzzing/builds/nanomq-asan/nng/src/sp/protocol/mqtt/mqtt_parser.c:1363 nano_msg_notify: test offline!
2026-09-16 01:03:43 [1345546] WARN  /home/kadir/mqtt-fuzzing/builds/nanomq-asan/nng/src/sp/protocol/mqtt/mqtt_parser.c:1359 nano_msg_notify: test online!
2026-09-16 01:03:43 [1345540] WARN  /home/kadir/mqtt-fuzzing/builds/nanomq-asan/nng/src/sp/transport/mqtt/broker_tcp.c:628 tcptran_pipe_recv_cb: nni aio recv error!! Connection shutdown

2026-09-16 01:03:43 [1345540] WARN  /home/kadir/mqtt-fuzzing/builds/nanomq-asan/nng/src/sp/transport/mqtt/broker_tcp.c:895 tcptran_pipe_recv_cb: tcptran_pipe_recv_cb: recv_error rv: 139

2026-09-16 01:03:43 [1345544] WARN  /home/kadir/mqtt-fuzzing/builds/nanomq-asan/nng/src/sp/protocol/mqtt/mqtt_parser.c:1363 nano_msg_notify: test offline!
2026-09-16 01:03:43 [1345546] WARN  /home/kadir/mqtt-fuzzing/builds/nanomq-asan/nng/src/sp/protocol/mqtt/mqtt_parser.c:1359 nano_msg_notify: test online!
2026-09-16 01:03:43 [1345539] WARN  /home/kadir/mqtt-fuzzing/builds/nanomq-asan/nng/src/sp/transport/mqtt/broker_tcp.c:628 tcptran_pipe_recv_cb: nni aio recv error!! Connection shutdown

2026-09-16 01:03:43 [1345539] WARN  /home/kadir/mqtt-fuzzing/builds/nanomq-asan/nng/src/sp/transport/mqtt/broker_tcp.c:895 tcptran_pipe_recv_cb: tcptran_pipe_recv_cb: recv_error rv: 139

2026-09-16 01:03:43 [1345542] WARN  /home/kadir/mqtt-fuzzing/builds/nanomq-asan/nng/src/sp/protocol/mqtt/mqtt_parser.c:1363 nano_msg_notify: test offline!
2026-09-16 01:03:43 [1345539] ERROR /home/kadir/mqtt-fuzzing/builds/nanomq-asan/nng/src/sp/transport/mqtt/broker_tcp.c:845 tcptran_pipe_recv_cb: Invalid subscribe packet!
2026-09-16 01:03:43 [1345539] WARN  /home/kadir/mqtt-fuzzing/builds/nanomq-asan/nng/src/sp/transport/mqtt/broker_tcp.c:895 tcptran_pipe_recv_cb: tcptran_pipe_recv_cb: recv_error rv: 130

2026-09-16 01:03:43 [1345543] WARN  /home/kadir/mqtt-fuzzing/builds/nanomq-asan/nng/src/sp/protocol/mqtt/mqtt_parser.c:1359 nano_msg_notify: test online!
2026-09-16 01:03:43 [1345545] WARN  /home/kadir/mqtt-fuzzing/builds/nanomq-asan/nng/src/sp/protocol/mqtt/mqtt_parser.c:1363 nano_msg_notify: test offline!
2026-09-16 01:03:43 [1345544] WARN  /home/kadir/mqtt-fuzzing/builds/nanomq-asan/nng/src/sp/protocol/mqtt/mqtt_parser.c:1359 nano_msg_notify: test online!
2026-09-16 01:03:43 [1345540] ERROR /home/kadir/mqtt-fuzzing/builds/nanomq-asan/nng/src/sp/transport/mqtt/broker_tcp.c:845 tcptran_pipe_recv_cb: Invalid subscribe packet!
2026-09-16 01:03:43 [1345540] WARN  /home/kadir/mqtt-fuzzing/builds/nanomq-asan/nng/src/sp/transport/mqtt/broker_tcp.c:895 tcptran_pipe_recv_cb: tcptran_pipe_recv_cb: recv_error rv: 130

2026-09-16 01:03:43 [1345539] WARN  /home/kadir/mqtt-fuzzing/builds/nanomq-asan/nng/src/sp/protocol/mqtt/mqtt_parser.c:1363 nano_msg_notify: test offline!
2026-09-16 01:03:43 [1345540] WARN  /home/kadir/mqtt-fuzzing/builds/nanomq-asan/nng/src/sp/transport/mqtt/broker_tcp.c:662 tcptran_pipe_recv_cb: MALFORMED_PACKET received.
2026-09-16 01:03:43 [1345543] WARN  /home/kadir/mqtt-fuzzing/builds/nanomq-asan/nng/src/sp/protocol/mqtt/mqtt_parser.c:1359 nano_msg_notify: test online!
2026-09-16 01:03:43 [1345540] WARN  /home/kadir/mqtt-fuzzing/builds/nanomq-asan/nng/src/sp/transport/mqtt/broker_tcp.c:895 tcptran_pipe_recv_cb: tcptran_pipe_recv_cb: recv_error rv: 17

2026-09-16 01:03:43 [1345544] WARN  /home/kadir/mqtt-fuzzing/builds/nanomq-asan/nng/src/sp/protocol/mqtt/mqtt_parser.c:1363 nano_msg_notify: test offline!
2026-09-16 01:03:43 [1345542] WARN  /home/kadir/mqtt-fuzzing/builds/nanomq-asan/nng/src/sp/protocol/mqtt/mqtt_parser.c:1359 nano_msg_notify: test online!
2026-09-16 01:03:43 [1345546] WARN  /home/kadir/mqtt-fuzzing/builds/nanomq-asan/nng/src/sp/transport/mqtt/broker_tcp.c:662 tcptran_pipe_recv_cb: MALFORMED_PACKET received.
2026-09-16 01:03:43 [1345546] WARN  /home/kadir/mqtt-fuzzing/builds/nanomq-asan/nng/src/sp/transport/mqtt/broker_tcp.c:895 tcptran_pipe_recv_cb: tcptran_pipe_recv_cb: recv_error rv: 17

2026-09-16 01:03:43 [1345540] WARN  /home/kadir/mqtt-fuzzing/builds/nanomq-asan/nng/src/sp/protocol/mqtt/mqtt_parser.c:1363 nano_msg_notify: test offline!
2026-09-16 01:03:43 [1345541] WARN  /home/kadir/mqtt-fuzzing/builds/nanomq-asan/nng/src/sp/protocol/mqtt/mqtt_parser.c:1359 nano_msg_notify: test online!
2026-09-16 01:03:43 [1345543] ERROR /home/kadir/mqtt-fuzzing/builds/nanomq-asan/nng/src/sp/transport/mqtt/broker_tcp.c:845 tcptran_pipe_recv_cb: Invalid subscribe packet!
2026-09-16 01:03:43 [1345543] WARN  /home/kadir/mqtt-fuzzing/builds/nanomq-asan/nng/src/sp/transport/mqtt/broker_tcp.c:895 tcptran_pipe_recv_cb: tcptran_pipe_recv_cb: recv_error rv: 130

2026-09-16 01:03:43 [1345539] WARN  /home/kadir/mqtt-fuzzing/builds/nanomq-asan/nng/src/sp/protocol/mqtt/mqtt_parser.c:1363 nano_msg_notify: test offline!
2026-09-16 01:03:43 [1345546] WARN  /home/kadir/mqtt-fuzzing/builds/nanomq-asan/nng/src/sp/protocol/mqtt/mqtt_parser.c:1359 nano_msg_notify: test online!
2026-09-16 01:03:43 [1345539] ERROR /home/kadir/mqtt-fuzzing/builds/nanomq-asan/nng/src/sp/transport/mqtt/broker_tcp.c:691 tcptran_pipe_recv_cb: Size of packet exceeds limitation: 0x95

2026-09-16 01:03:43 [1345539] WARN  /home/kadir/mqtt-fuzzing/builds/nanomq-asan/nng/src/sp/transport/mqtt/broker_tcp.c:895 tcptran_pipe_recv_cb: tcptran_pipe_recv_cb: recv_error rv: 149

2026-09-16 01:03:43 [1345545] WARN  /home/kadir/mqtt-fuzzing/builds/nanomq-asan/nng/src/sp/protocol/mqtt/mqtt_parser.c:1363 nano_msg_notify: test offline!
2026-09-16 01:03:43 [1345541] WARN  /home/kadir/mqtt-fuzzing/builds/nanomq-asan/nng/src/sp/protocol/mqtt/mqtt_parser.c:1359 nano_msg_notify: test online!
2026-09-16 01:03:43 [1345540] ERROR /home/kadir/mqtt-fuzzing/builds/nanomq-asan/nng/src/sp/transport/mqtt/broker_tcp.c:691 tcptran_pipe_recv_cb: Size of packet exceeds limitation: 0x95

2026-09-16 01:03:43 [1345540] WARN  /home/kadir/mqtt-fuzzing/builds/nanomq-asan/nng/src/sp/transport/mqtt/broker_tcp.c:895 tcptran_pipe_recv_cb: tcptran_pipe_recv_cb: recv_error rv: 149

2026-09-16 01:03:43 [1345545] WARN  /home/kadir/mqtt-fuzzing/builds/nanomq-asan/nng/src/sp/protocol/mqtt/mqtt_parser.c:1363 nano_msg_notify: test offline!
2026-09-16 01:03:43 [1345540] WARN  /home/kadir/mqtt-fuzzing/builds/nanomq-asan/nng/src/sp/protocol/mqtt/mqtt_parser.c:1359 nano_msg_notify: test online!
2026-09-16 01:03:43 [1345541] WARN  /home/kadir/mqtt-fuzzing/builds/nanomq-asan/nng/src/sp/transport/mqtt/broker_tcp.c:662 tcptran_pipe_recv_cb: MALFORMED_PACKET received.
2026-09-16 01:03:43 [1345545] WARN  /home/kadir/mqtt-fuzzing/builds/nanomq-asan/nng/src/sp/protocol/mqtt/mqtt_parser.c:1363 nano_msg_notify: test offline!
2026-09-16 01:03:43 [1345541] WARN  /home/kadir/mqtt-fuzzing/builds/nanomq-asan/nng/src/sp/transport/mqtt/broker_tcp.c:895 tcptran_pipe_recv_cb: tcptran_pipe_recv_cb: recv_error rv: 17

2026-09-16 01:03:43 [1345539] WARN  /home/kadir/mqtt-fuzzing/builds/nanomq-asan/nng/src/sp/protocol/mqtt/mqtt_parser.c:1359 nano_msg_notify: test online!
2026-09-16 01:03:43 [1345545] ERROR /home/kadir/mqtt-fuzzing/builds/nanomq-asan/nng/src/sp/transport/mqtt/broker_tcp.c:845 tcptran_pipe_recv_cb: Invalid subscribe packet!
2026-09-16 01:03:43 [1345542] WARN  /home/kadir/mqtt-fuzzing/builds/nanomq-asan/nng/src/sp/protocol/mqtt/mqtt_parser.c:1363 nano_msg_notify: test offline!
2026-09-16 01:03:43 [1345545] WARN  /home/kadir/mqtt-fuzzing/builds/nanomq-asan/nng/src/sp/transport/mqtt/broker_tcp.c:895 tcptran_pipe_recv_cb: tcptran_pipe_recv_cb: recv_error rv: 130

2026-09-16 01:03:43 [1345544] WARN  /home/kadir/mqtt-fuzzing/builds/nanomq-asan/nng/src/sp/protocol/mqtt/mqtt_parser.c:1359 nano_msg_notify: test online!
2026-09-16 01:03:43 [1345546] ERROR /home/kadir/mqtt-fuzzing/builds/nanomq-asan/nng/src/sp/transport/mqtt/broker_tcp.c:845 tcptran_pipe_recv_cb: Invalid subscribe packet!
2026-09-16 01:03:43 [1345546] WARN  /home/kadir/mqtt-fuzzing/builds/nanomq-asan/nng/src/sp/transport/mqtt/broker_tcp.c:895 tcptran_pipe_recv_cb: tcptran_pipe_recv_cb: recv_error rv: 130

2026-09-16 01:03:43 [1345539] WARN  /home/kadir/mqtt-fuzzing/builds/nanomq-asan/nng/src/sp/protocol/mqtt/mqtt_parser.c:1363 nano_msg_notify: test offline!
2026-09-16 01:03:43 [1345546] WARN  /home/kadir/mqtt-fuzzing/builds/nanomq-asan/nng/src/sp/protocol/mqtt/mqtt_parser.c:1359 nano_msg_notify: test online!
2026-09-16 01:03:43 [1345539] ERROR /home/kadir/mqtt-fuzzing/builds/nanomq-asan/nng/src/sp/transport/mqtt/broker_tcp.c:845 tcptran_pipe_recv_cb: Invalid subscribe packet!
2026-09-16 01:03:43 [1345539] WARN  /home/kadir/mqtt-fuzzing/builds/nanomq-asan/nng/src/sp/transport/mqtt/broker_tcp.c:895 tcptran_pipe_recv_cb: tcptran_pipe_recv_cb: recv_error rv: 130

2026-09-16 01:03:43 [1345542] WARN  /home/kadir/mqtt-fuzzing/builds/nanomq-asan/nng/src/sp/protocol/mqtt/mqtt_parser.c:1363 nano_msg_notify: test offline!
2026-09-16 01:03:43 [1345543] WARN  /home/kadir/mqtt-fuzzing/builds/nanomq-asan/nng/src/sp/protocol/mqtt/mqtt_parser.c:1359 nano_msg_notify: test online!
2026-09-16 01:03:43 [1345544] ERROR /home/kadir/mqtt-fuzzing/builds/nanomq-asan/nng/src/sp/transport/mqtt/broker_tcp.c:845 tcptran_pipe_recv_cb: Invalid subscribe packet!
2026-09-16 01:03:43 [1345544] WARN  /home/kadir/mqtt-fuzzing/builds/nanomq-asan/nng/src/sp/transport/mqtt/broker_tcp.c:895 tcptran_pipe_recv_cb: tcptran_pipe_recv_cb: recv_error rv: 130

2026-09-16 01:03:43 [1345539] WARN  /home/kadir/mqtt-fuzzing/builds/nanomq-asan/nng/src/sp/protocol/mqtt/mqtt_parser.c:1363 nano_msg_notify: test offline!
2026-09-16 01:03:43 [1345540] WARN  /home/kadir/mqtt-fuzzing/builds/nanomq-asan/nng/src/sp/protocol/mqtt/mqtt_parser.c:1359 nano_msg_notify: test online!
2026-09-16 01:03:43 [1345544] WARN  /home/kadir/mqtt-fuzzing/builds/nanomq-asan/nng/src/sp/transport/mqtt/broker_tcp.c:628 tcptran_pipe_recv_cb: nni aio recv error!! Connection shutdown

2026-09-16 01:03:43 [1345544] WARN  /home/kadir/mqtt-fuzzing/builds/nanomq-asan/nng/src/sp/transport/mqtt/broker_tcp.c:895 tcptran_pipe_recv_cb: tcptran_pipe_recv_cb: recv_error rv: 139

2026-09-16 01:03:43 [1345545] WARN  /home/kadir/mqtt-fuzzing/builds/nanomq-asan/nng/src/sp/protocol/mqtt/mqtt_parser.c:1363 nano_msg_notify: test offline!
2026-09-16 01:03:43 [1345546] WARN  /home/kadir/mqtt-fuzzing/builds/nanomq-asan/nng/src/sp/protocol/mqtt/mqtt_parser.c:1359 nano_msg_notify: test online!
2026-09-16 01:03:43 [1345545] ERROR /home/kadir/mqtt-fuzzing/builds/nanomq-asan/nng/src/sp/transport/mqtt/broker_tcp.c:845 tcptran_pipe_recv_cb: Invalid subscribe packet!
2026-09-16 01:03:43 [1345545] WARN  /home/kadir/mqtt-fuzzing/builds/nanomq-asan/nng/src/sp/transport/mqtt/broker_tcp.c:895 tcptran_pipe_recv_cb: tcptran_pipe_recv_cb: recv_error rv: 130

2026-09-16 01:03:43 [1345540] WARN  /home/kadir/mqtt-fuzzing/builds/nanomq-asan/nng/src/sp/protocol/mqtt/mqtt_parser.c:1363 nano_msg_notify: test offline!
2026-09-16 01:03:43 [1345544] WARN  /home/kadir/mqtt-fuzzing/builds/nanomq-asan/nng/src/sp/protocol/mqtt/mqtt_parser.c:1359 nano_msg_notify: test online!
2026-09-16 01:03:43 [1345540] ERROR /home/kadir/mqtt-fuzzing/builds/nanomq-asan/nng/src/sp/transport/mqtt/broker_tcp.c:845 tcptran_pipe_recv_cb: Invalid subscribe packet!
2026-09-16 01:03:43 [1345540] WARN  /home/kadir/mqtt-fuzzing/builds/nanomq-asan/nng/src/sp/transport/mqtt/broker_tcp.c:895 tcptran_pipe_recv_cb: tcptran_pipe_recv_cb: recv_error rv: 130

2026-09-16 01:03:43 [1345540] WARN  /home/kadir/mqtt-fuzzing/builds/nanomq-asan/nng/src/sp/protocol/mqtt/mqtt_parser.c:1363 nano_msg_notify: test offline!
2026-09-16 01:03:43 [1345546] WARN  /home/kadir/mqtt-fuzzing/builds/nanomq-asan/nng/src/sp/protocol/mqtt/mqtt_parser.c:1359 nano_msg_notify: test online!
2026-09-16 01:03:43 [1345540] ERROR /home/kadir/mqtt-fuzzing/builds/nanomq-asan/nng/src/sp/transport/mqtt/broker_tcp.c:845 tcptran_pipe_recv_cb: Invalid subscribe packet!
2026-09-16 01:03:43 [1345540] WARN  /home/kadir/mqtt-fuzzing/builds/nanomq-asan/nng/src/sp/transport/mqtt/broker_tcp.c:895 tcptran_pipe_recv_cb: tcptran_pipe_recv_cb: recv_error rv: 130

2026-09-16 01:03:43 [1345542] WARN  /home/kadir/mqtt-fuzzing/builds/nanomq-asan/nng/src/sp/protocol/mqtt/mqtt_parser.c:1363 nano_msg_notify: test offline!
2026-09-16 01:03:43 [1345539] WARN  /home/kadir/mqtt-fuzzing/builds/nanomq-asan/nng/src/sp/transport/mqtt/broker_tcp.c:628 tcptran_pipe_recv_cb: nni aio recv error!! Connection shutdown

2026-09-16 01:03:43 [1345540] WARN  /home/kadir/mqtt-fuzzing/builds/nanomq-asan/nng/src/sp/protocol/mqtt/mqtt_parser.c:1359 nano_msg_notify: test online!
2026-09-16 01:03:43 [1345539] WARN  /home/kadir/mqtt-fuzzing/builds/nanomq-asan/nng/src/sp/transport/mqtt/broker_tcp.c:895 tcptran_pipe_recv_cb: tcptran_pipe_recv_cb: recv_error rv: 139

2026-09-16 01:03:43 [1345539] WARN  /home/kadir/mqtt-fuzzing/builds/nanomq-asan/nng/src/sp/protocol/mqtt/mqtt_parser.c:1363 nano_msg_notify: test offline!
2026-09-16 01:03:43 [1345545] WARN  /home/kadir/mqtt-fuzzing/builds/nanomq-asan/nng/src/sp/protocol/mqtt/mqtt_parser.c:1359 nano_msg_notify: test online!
2026-09-16 01:03:43 [1345544] ERROR /home/kadir/mqtt-fuzzing/builds/nanomq-asan/nng/src/sp/transport/mqtt/broker_tcp.c:845 tcptran_pipe_recv_cb: Invalid subscribe packet!
2026-09-16 01:03:43 [1345544] WARN  /home/kadir/mqtt-fuzzing/builds/nanomq-asan/nng/src/sp/transport/mqtt/broker_tcp.c:895 tcptran_pipe_recv_cb: tcptran_pipe_recv_cb: recv_error rv: 130

2026-09-16 01:03:43 [1345544] WARN  /home/kadir/mqtt-fuzzing/builds/nanomq-asan/nng/src/sp/protocol/mqtt/mqtt_parser.c:1363 nano_msg_notify: test offline!
2026-09-16 01:03:43 [1345540] WARN  /home/kadir/mqtt-fuzzing/builds/nanomq-asan/nng/src/sp/protocol/mqtt/mqtt_parser.c:1359 nano_msg_notify: test online!
2026-09-16 01:03:43 [1345545] WARN  /home/kadir/mqtt-fuzzing/builds/nanomq-asan/nng/src/sp/transport/mqtt/broker_tcp.c:628 tcptran_pipe_recv_cb: nni aio recv error!! Connection shutdown

2026-09-16 01:03:43 [1345545] WARN  /home/kadir/mqtt-fuzzing/builds/nanomq-asan/nng/src/sp/transport/mqtt/broker_tcp.c:895 tcptran_pipe_recv_cb: tcptran_pipe_recv_cb: recv_error rv: 139

2026-09-16 01:03:43 [1345544] WARN  /home/kadir/mqtt-fuzzing/builds/nanomq-asan/nng/src/sp/protocol/mqtt/mqtt_parser.c:1363 nano_msg_notify: test offline!
2026-09-16 01:03:43 [1345541] WARN  /home/kadir/mqtt-fuzzing/builds/nanomq-asan/nng/src/sp/transport/mqtt/broker_tcp.c:662 tcptran_pipe_recv_cb: MALFORMED_PACKET received.
2026-09-16 01:03:43 [1345541] WARN  /home/kadir/mqtt-fuzzing/builds/nanomq-asan/nng/src/sp/transport/mqtt/broker_tcp.c:895 tcptran_pipe_recv_cb: tcptran_pipe_recv_cb: recv_error rv: 17

2026-09-16 01:03:43 [1345540] WARN  /home/kadir/mqtt-fuzzing/builds/nanomq-asan/nng/src/sp/protocol/mqtt/mqtt_parser.c:1359 nano_msg_notify: test online!
2026-09-16 01:03:43 [1345543] WARN  /home/kadir/mqtt-fuzzing/builds/nanomq-asan/nng/src/sp/protocol/mqtt/mqtt_parser.c:1363 nano_msg_notify: test offline!
2026-09-16 01:03:43 [1345541] WARN  /home/kadir/mqtt-fuzzing/builds/nanomq-asan/nng/src/sp/protocol/mqtt/mqtt_parser.c:1359 nano_msg_notify: test online!
2026-09-16 01:03:43 [1345544] WARN  /home/kadir/mqtt-fuzzing/builds/nanomq-asan/nng/src/sp/transport/mqtt/broker_tcp.c:662 tcptran_pipe_recv_cb: MALFORMED_PACKET received.
2026-09-16 01:03:43 [1345544] WARN  /home/kadir/mqtt-fuzzing/builds/nanomq-asan/nng/src/sp/transport/mqtt/broker_tcp.c:895 tcptran_pipe_recv_cb: tcptran_pipe_recv_cb: recv_error rv: 17

2026-09-16 01:03:43 [1345545] WARN  /home/kadir/mqtt-fuzzing/builds/nanomq-asan/nng/src/sp/protocol/mqtt/mqtt_parser.c:1363 nano_msg_notify: test offline!
2026-09-16 01:03:43 [1345545] WARN  /home/kadir/mqtt-fuzzing/builds/nanomq-asan/nng/src/sp/transport/mqtt/broker_tcp.c:628 tcptran_pipe_recv_cb: nni aio recv error!! Connection shutdown

2026-09-16 01:03:43 [1345545] WARN  /home/kadir/mqtt-fuzzing/builds/nanomq-asan/nng/src/sp/transport/mqtt/broker_tcp.c:895 tcptran_pipe_recv_cb: tcptran_pipe_recv_cb: recv_error rv: 139

2026-09-16 01:03:43 [1345541] WARN  /home/kadir/mqtt-fuzzing/builds/nanomq-asan/nng/src/sp/protocol/mqtt/mqtt_parser.c:1359 nano_msg_notify: test online!
2026-09-16 01:03:43 [1345540] WARN  /home/kadir/mqtt-fuzzing/builds/nanomq-asan/nng/src/sp/protocol/mqtt/mqtt_parser.c:1363 nano_msg_notify: test offline!
2026-09-16 01:03:43 [1345544] WARN  /home/kadir/mqtt-fuzzing/builds/nanomq-asan/nng/src/sp/protocol/mqtt/mqtt_parser.c:1359 nano_msg_notify: test online!
2026-09-16 01:03:43 [1345541] WARN  /home/kadir/mqtt-fuzzing/builds/nanomq-asan/nng/src/sp/protocol/mqtt/mqtt_parser.c:1730 nmq_subinfo_decode:  0 Packetid in subscribe request
2026-09-16 01:03:43 [1345541] ERROR /home/kadir/mqtt-fuzzing/builds/nanomq-asan/nng/src/sp/transport/mqtt/broker_tcp.c:845 tcptran_pipe_recv_cb: Invalid subscribe packet!
2026-09-16 01:03:43 [1345541] WARN  /home/kadir/mqtt-fuzzing/builds/nanomq-asan/nng/src/sp/transport/mqtt/broker_tcp.c:895 tcptran_pipe_recv_cb: tcptran_pipe_recv_cb: recv_error rv: 130

2026-09-16 01:03:43 [1345542] WARN  /home/kadir/mqtt-fuzzing/builds/nanomq-asan/nng/src/sp/protocol/mqtt/mqtt_parser.c:1363 nano_msg_notify: test offline!
2026-09-16 01:03:43 [1345539] WARN  /home/kadir/mqtt-fuzzing/builds/nanomq-asan/nng/src/sp/protocol/mqtt/mqtt_parser.c:1359 nano_msg_notify: test online!
2026-09-16 01:03:43 [1345546] WARN  /home/kadir/mqtt-fuzzing/builds/nanomq-asan/nng/src/sp/transport/mqtt/broker_tcp.c:662 tcptran_pipe_recv_cb: MALFORMED_PACKET received.
2026-09-16 01:03:43 [1345546] WARN  /home/kadir/mqtt-fuzzing/builds/nanomq-asan/nng/src/sp/transport/mqtt/broker_tcp.c:895 tcptran_pipe_recv_cb: tcptran_pipe_recv_cb: recv_error rv: 17

2026-09-16 01:03:43 [1345541] WARN  /home/kadir/mqtt-fuzzing/builds/nanomq-asan/nng/src/sp/protocol/mqtt/mqtt_parser.c:1363 nano_msg_notify: test offline!
2026-09-16 01:03:43 [1345544] WARN  /home/kadir/mqtt-fuzzing/builds/nanomq-asan/nng/src/sp/protocol/mqtt/mqtt_parser.c:1359 nano_msg_notify: test online!
2026-09-16 01:03:43 [1345539] ERROR /home/kadir/mqtt-fuzzing/builds/nanomq-asan/nng/src/sp/transport/mqtt/broker_tcp.c:845 tcptran_pipe_recv_cb: Invalid subscribe packet!
2026-09-16 01:03:43 [1345539] WARN  /home/kadir/mqtt-fuzzing/builds/nanomq-asan/nng/src/sp/transport/mqtt/broker_tcp.c:895 tcptran_pipe_recv_cb: tcptran_pipe_recv_cb: recv_error rv: 130

2026-09-16 01:03:43 [1345545] WARN  /home/kadir/mqtt-fuzzing/builds/nanomq-asan/nng/src/sp/protocol/mqtt/mqtt_parser.c:1363 nano_msg_notify: test offline!
2026-09-16 01:03:43 [1345544] WARN  /home/kadir/mqtt-fuzzing/builds/nanomq-asan/nng/src/sp/protocol/mqtt/mqtt_parser.c:1359 nano_msg_notify: test online!
2026-09-16 01:03:43 [1345546] WARN  /home/kadir/mqtt-fuzzing/builds/nanomq-asan/nng/src/sp/transport/mqtt/broker_tcp.c:662 tcptran_pipe_recv_cb: MALFORMED_PACKET received.
2026-09-16 01:03:43 [1345546] WARN  /home/kadir/mqtt-fuzzing/builds/nanomq-asan/nng/src/sp/transport/mqtt/broker_tcp.c:895 tcptran_pipe_recv_cb: tcptran_pipe_recv_cb: recv_error rv: 17

2026-09-16 01:03:43 [1345542] WARN  /home/kadir/mqtt-fuzzing/builds/nanomq-asan/nng/src/sp/protocol/mqtt/mqtt_parser.c:1363 nano_msg_notify: test offline!
2026-09-16 01:03:43 [1345546] WARN  /home/kadir/mqtt-fuzzing/builds/nanomq-asan/nng/src/sp/protocol/mqtt/mqtt_parser.c:1359 nano_msg_notify: test online!
2026-09-16 01:03:43 [1345543] ERROR /home/kadir/mqtt-fuzzing/builds/nanomq-asan/nng/src/sp/transport/mqtt/broker_tcp.c:845 tcptran_pipe_recv_cb: Invalid subscribe packet!
2026-09-16 01:03:43 [1345543] WARN  /home/kadir/mqtt-fuzzing/builds/nanomq-asan/nng/src/sp/transport/mqtt/broker_tcp.c:895 tcptran_pipe_recv_cb: tcptran_pipe_recv_cb: recv_error rv: 130

2026-09-16 01:03:43 [1345544] WARN  /home/kadir/mqtt-fuzzing/builds/nanomq-asan/nng/src/sp/protocol/mqtt/mqtt_parser.c:1363 nano_msg_notify: test offline!
2026-09-16 01:03:43 [1345543] WARN  /home/kadir/mqtt-fuzzing/builds/nanomq-asan/nng/src/sp/protocol/mqtt/mqtt_parser.c:1359 nano_msg_notify: test online!
2026-09-16 01:03:43 [1345544] ERROR /home/kadir/mqtt-fuzzing/builds/nanomq-asan/nng/src/sp/transport/mqtt/broker_tcp.c:845 tcptran_pipe_recv_cb: Invalid subscribe packet!
2026-09-16 01:03:43 [1345544] WARN  /home/kadir/mqtt-fuzzing/builds/nanomq-asan/nng/src/sp/transport/mqtt/broker_tcp.c:895 tcptran_pipe_recv_cb: tcptran_pipe_recv_cb: recv_error rv: 130

2026-09-16 01:03:43 [1345540] WARN  /home/kadir/mqtt-fuzzing/builds/nanomq-asan/nng/src/sp/protocol/mqtt/mqtt_parser.c:1363 nano_msg_notify: test offline!
2026-09-16 01:03:43 [1345544] WARN  /home/kadir/mqtt-fuzzing/builds/nanomq-asan/nng/src/sp/protocol/mqtt/mqtt_parser.c:1359 nano_msg_notify: test online!
2026-09-16 01:03:43 [1345541] WARN  /home/kadir/mqtt-fuzzing/builds/nanomq-asan/nng/src/sp/transport/mqtt/broker_tcp.c:628 tcptran_pipe_recv_cb: nni aio recv error!! Connection shutdown

2026-09-16 01:03:43 [1345541] WARN  /home/kadir/mqtt-fuzzing/builds/nanomq-asan/nng/src/sp/transport/mqtt/broker_tcp.c:895 tcptran_pipe_recv_cb: tcptran_pipe_recv_cb: recv_error rv: 139

2026-09-16 01:03:43 [1345545] WARN  /home/kadir/mqtt-fuzzing/builds/nanomq-asan/nng/src/sp/protocol/mqtt/mqtt_parser.c:1363 nano_msg_notify: test offline!
2026-09-16 01:03:43 [1345544] WARN  /home/kadir/mqtt-fuzzing/builds/nanomq-asan/nng/src/sp/protocol/mqtt/mqtt_parser.c:1359 nano_msg_notify: test online!
2026-09-16 01:03:43 [1345545] ERROR /home/kadir/mqtt-fuzzing/builds/nanomq-asan/nng/src/sp/transport/mqtt/broker_tcp.c:845 tcptran_pipe_recv_cb: Invalid subscribe packet!
2026-09-16 01:03:43 [1345545] WARN  /home/kadir/mqtt-fuzzing/builds/nanomq-asan/nng/src/sp/transport/mqtt/broker_tcp.c:895 tcptran_pipe_recv_cb: tcptran_pipe_recv_cb: recv_error rv: 130

2026-09-16 01:03:43 [1345542] WARN  /home/kadir/mqtt-fuzzing/builds/nanomq-asan/nng/src/sp/protocol/mqtt/mqtt_parser.c:1363 nano_msg_notify: test offline!
2026-09-16 01:03:43 [1345544] WARN  /home/kadir/mqtt-fuzzing/builds/nanomq-asan/nng/src/sp/protocol/mqtt/mqtt_parser.c:1359 nano_msg_notify: test online!
2026-09-16 01:03:43 [1345542] ERROR /home/kadir/mqtt-fuzzing/builds/nanomq-asan/nng/src/sp/transport/mqtt/broker_tcp.c:845 tcptran_pipe_recv_cb: Invalid subscribe packet!
2026-09-16 01:03:43 [1345542] WARN  /home/kadir/mqtt-fuzzing/builds/nanomq-asan/nng/src/sp/transport/mqtt/broker_tcp.c:895 tcptran_pipe_recv_cb: tcptran_pipe_recv_cb: recv_error rv: 130

2026-09-16 01:03:43 [1345540] WARN  /home/kadir/mqtt-fuzzing/builds/nanomq-asan/nng/src/sp/protocol/mqtt/mqtt_parser.c:1363 nano_msg_notify: test offline!
2026-09-16 01:03:43 [1345542] WARN  /home/kadir/mqtt-fuzzing/builds/nanomq-asan/nng/src/sp/protocol/mqtt/mqtt_parser.c:1359 nano_msg_notify: test online!
2026-09-16 01:03:43 [1345540] ERROR /home/kadir/mqtt-fuzzing/builds/nanomq-asan/nng/src/sp/transport/mqtt/broker_tcp.c:845 tcptran_pipe_recv_cb: Invalid subscribe packet!
2026-09-16 01:03:43 [1345540] WARN  /home/kadir/mqtt-fuzzing/builds/nanomq-asan/nng/src/sp/transport/mqtt/broker_tcp.c:895 tcptran_pipe_recv_cb: tcptran_pipe_recv_cb: recv_error rv: 130

2026-09-16 01:03:43 [1345544] WARN  /home/kadir/mqtt-fuzzing/builds/nanomq-asan/nng/src/sp/protocol/mqtt/mqtt_parser.c:1363 nano_msg_notify: test offline!
2026-09-16 01:03:43 [1345543] WARN  /home/kadir/mqtt-fuzzing/builds/nanomq-asan/nng/src/sp/transport/mqtt/broker_tcp.c:525 nmq_tcptran_pipe_send_cb:  send aio error Object closed(7)
2026-09-16 01:03:43 [1345545] WARN  /home/kadir/mqtt-fuzzing/builds/nanomq-asan/nng/src/sp/protocol/mqtt/mqtt_parser.c:1359 nano_msg_notify: test online!
2026-09-16 01:03:43 [1345539] ERROR /home/kadir/mqtt-fuzzing/builds/nanomq-asan/nng/src/sp/transport/mqtt/broker_tcp.c:845 tcptran_pipe_recv_cb: Invalid subscribe packet!
2026-09-16 01:03:43 [1345539] WARN  /home/kadir/mqtt-fuzzing/builds/nanomq-asan/nng/src/sp/transport/mqtt/broker_tcp.c:895 tcptran_pipe_recv_cb: tcptran_pipe_recv_cb: recv_error rv: 130

2026-09-16 01:03:43 [1345541] WARN  /home/kadir/mqtt-fuzzing/builds/nanomq-asan/nng/src/sp/protocol/mqtt/mqtt_parser.c:1363 nano_msg_notify: test offline!
2026-09-16 01:03:43 [1345545] WARN  /home/kadir/mqtt-fuzzing/builds/nanomq-asan/nng/src/sp/protocol/mqtt/mqtt_parser.c:1359 nano_msg_notify: test online!
2026-09-16 01:03:43 [1345546] ERROR /home/kadir/mqtt-fuzzing/builds/nanomq-asan/nng/src/sp/transport/mqtt/broker_tcp.c:845 tcptran_pipe_recv_cb: Invalid subscribe packet!
2026-09-16 01:03:43 [1345546] WARN  /home/kadir/mqtt-fuzzing/builds/nanomq-asan/nng/src/sp/transport/mqtt/broker_tcp.c:895 tcptran_pipe_recv_cb: tcptran_pipe_recv_cb: recv_error rv: 130

2026-09-16 01:03:43 [1345542] WARN  /home/kadir/mqtt-fuzzing/builds/nanomq-asan/nng/src/sp/protocol/mqtt/mqtt_parser.c:1363 nano_msg_notify: test offline!
2026-09-16 01:03:43 [1345546] WARN  /home/kadir/mqtt-fuzzing/builds/nanomq-asan/nng/src/sp/protocol/mqtt/mqtt_parser.c:1359 nano_msg_notify: test online!
2026-09-16 01:03:43 [1345542] ERROR /home/kadir/mqtt-fuzzing/builds/nanomq-asan/nng/src/sp/transport/mqtt/broker_tcp.c:845 tcptran_pipe_recv_cb: Invalid subscribe packet!
2026-09-16 01:03:43 [1345542] WARN  /home/kadir/mqtt-fuzzing/builds/nanomq-asan/nng/src/sp/transport/mqtt/broker_tcp.c:895 tcptran_pipe_recv_cb: tcptran_pipe_recv_cb: recv_error rv: 130

2026-09-16 01:03:43 [1345540] WARN  /home/kadir/mqtt-fuzzing/builds/nanomq-asan/nng/src/sp/protocol/mqtt/mqtt_parser.c:1363 nano_msg_notify: test offline!
2026-09-16 01:03:43 [1345539] WARN  /home/kadir/mqtt-fuzzing/builds/nanomq-asan/nng/src/sp/protocol/mqtt/mqtt_parser.c:1359 nano_msg_notify: test online!
2026-09-16 01:03:43 [1345540] ERROR /home/kadir/mqtt-fuzzing/builds/nanomq-asan/nng/src/sp/transport/mqtt/broker_tcp.c:845 tcptran_pipe_recv_cb: Invalid subscribe packet!
2026-09-16 01:03:43 [1345540] WARN  /home/kadir/mqtt-fuzzing/builds/nanomq-asan/nng/src/sp/transport/mqtt/broker_tcp.c:895 tcptran_pipe_recv_cb: tcptran_pipe_recv_cb: recv_error rv: 130

2026-09-16 01:03:43 [1345545] WARN  /home/kadir/mqtt-fuzzing/builds/nanomq-asan/nng/src/sp/protocol/mqtt/mqtt_parser.c:1363 nano_msg_notify: test offline!
2026-09-16 01:03:43 [1345546] WARN  /home/kadir/mqtt-fuzzing/builds/nanomq-asan/nng/src/sp/protocol/mqtt/mqtt_parser.c:1359 nano_msg_notify: test online!
2026-09-16 01:03:43 [1345542] ERROR /home/kadir/mqtt-fuzzing/builds/nanomq-asan/nng/src/sp/transport/mqtt/broker_tcp.c:845 tcptran_pipe_recv_cb: Invalid subscribe packet!
2026-09-16 01:03:43 [1345542] WARN  /home/kadir/mqtt-fuzzing/builds/nanomq-asan/nng/src/sp/transport/mqtt/broker_tcp.c:895 tcptran_pipe_recv_cb: tcptran_pipe_recv_cb: recv_error rv: 130

2026-09-16 01:03:43 [1345543] WARN  /home/kadir/mqtt-fuzzing/builds/nanomq-asan/nng/src/sp/protocol/mqtt/mqtt_parser.c:1363 nano_msg_notify: test offline!
2026-09-16 01:03:43 [1345542] WARN  /home/kadir/mqtt-fuzzing/builds/nanomq-asan/nng/src/sp/protocol/mqtt/mqtt_parser.c:1359 nano_msg_notify: test online!
2026-09-16 01:03:43 [1345545] WARN  /home/kadir/mqtt-fuzzing/builds/nanomq-asan/nng/src/sp/transport/mqtt/broker_tcp.c:662 tcptran_pipe_recv_cb: MALFORMED_PACKET received.
2026-09-16 01:03:43 [1345545] WARN  /home/kadir/mqtt-fuzzing/builds/nanomq-asan/nng/src/sp/transport/mqtt/broker_tcp.c:895 tcptran_pipe_recv_cb: tcptran_pipe_recv_cb: recv_error rv: 17

2026-09-16 01:03:43 [1345546] WARN  /home/kadir/mqtt-fuzzing/builds/nanomq-asan/nng/src/sp/transport/mqtt/broker_tcp.c:525 nmq_tcptran_pipe_send_cb:  send aio error Object closed(7)
2026-09-16 01:03:43 [1345543] WARN  /home/kadir/mqtt-fuzzing/builds/nanomq-asan/nng/src/sp/protocol/mqtt/mqtt_parser.c:1363 nano_msg_notify: test offline!
2026-09-16 01:03:43 [1345541] WARN  /home/kadir/mqtt-fuzzing/builds/nanomq-asan/nng/src/sp/protocol/mqtt/mqtt_parser.c:1359 nano_msg_notify: test online!
2026-09-16 01:03:43 [1345540] WARN  /home/kadir/mqtt-fuzzing/builds/nanomq-asan/nng/src/sp/transport/mqtt/broker_tcp.c:662 tcptran_pipe_recv_cb: MALFORMED_PACKET received.
2026-09-16 01:03:43 [1345540] WARN  /home/kadir/mqtt-fuzzing/builds/nanomq-asan/nng/src/sp/transport/mqtt/broker_tcp.c:895 tcptran_pipe_recv_cb: tcptran_pipe_recv_cb: recv_error rv: 17

2026-09-16 01:03:43 [1345541] WARN  /home/kadir/mqtt-fuzzing/builds/nanomq-asan/nng/src/sp/protocol/mqtt/mqtt_parser.c:1363 nano_msg_notify: test offline!
2026-09-16 01:03:43 [1345540] WARN  /home/kadir/mqtt-fuzzing/builds/nanomq-asan/nng/src/sp/protocol/mqtt/mqtt_parser.c:1359 nano_msg_notify: test online!
2026-09-16 01:03:43 [1345540] WARN  /home/kadir/mqtt-fuzzing/builds/nanomq-asan/nng/src/sp/transport/mqtt/broker_tcp.c:628 tcptran_pipe_recv_cb: nni aio recv error!! Connection shutdown

2026-09-16 01:03:43 [1345540] WARN  /home/kadir/mqtt-fuzzing/builds/nanomq-asan/nng/src/sp/transport/mqtt/broker_tcp.c:895 tcptran_pipe_recv_cb: tcptran_pipe_recv_cb: recv_error rv: 139

2026-09-16 01:03:43 [1345541] WARN  /home/kadir/mqtt-fuzzing/builds/nanomq-asan/nng/src/sp/protocol/mqtt/mqtt_parser.c:1363 nano_msg_notify: test offline!
2026-09-16 01:03:43 [1345542] WARN  /home/kadir/mqtt-fuzzing/builds/nanomq-asan/nng/src/sp/protocol/mqtt/mqtt_parser.c:1359 nano_msg_notify: test online!
2026-09-16 01:03:43 [1345539] ERROR /home/kadir/mqtt-fuzzing/builds/nanomq-asan/nng/src/sp/transport/mqtt/broker_tcp.c:845 tcptran_pipe_recv_cb: Invalid subscribe packet!
2026-09-16 01:03:43 [1345539] WARN  /home/kadir/mqtt-fuzzing/builds/nanomq-asan/nng/src/sp/transport/mqtt/broker_tcp.c:895 tcptran_pipe_recv_cb: tcptran_pipe_recv_cb: recv_error rv: 130

2026-09-16 01:03:43 [1345543] WARN  /home/kadir/mqtt-fuzzing/builds/nanomq-asan/nng/src/sp/protocol/mqtt/mqtt_parser.c:1363 nano_msg_notify: test offline!
2026-09-16 01:03:43 [1345544] WARN  /home/kadir/mqtt-fuzzing/builds/nanomq-asan/nng/src/sp/protocol/mqtt/mqtt_parser.c:1359 nano_msg_notify: test online!
2026-09-16 01:03:43 [1345540] ERROR /home/kadir/mqtt-fuzzing/builds/nanomq-asan/nng/src/sp/transport/mqtt/broker_tcp.c:845 tcptran_pipe_recv_cb: Invalid subscribe packet!
2026-09-16 01:03:43 [1345540] WARN  /home/kadir/mqtt-fuzzing/builds/nanomq-asan/nng/src/sp/transport/mqtt/broker_tcp.c:895 tcptran_pipe_recv_cb: tcptran_pipe_recv_cb: recv_error rv: 130

2026-09-16 01:03:43 [1345541] WARN  /home/kadir/mqtt-fuzzing/builds/nanomq-asan/nng/src/sp/protocol/mqtt/mqtt_parser.c:1363 nano_msg_notify: test offline!
2026-09-16 01:03:43 [1345544] WARN  /home/kadir/mqtt-fuzzing/builds/nanomq-asan/nng/src/sp/protocol/mqtt/mqtt_parser.c:1359 nano_msg_notify: test online!
2026-09-16 01:03:43 [1345544] WARN  /home/kadir/mqtt-fuzzing/builds/nanomq-asan/nng/src/sp/transport/mqtt/broker_tcp.c:628 tcptran_pipe_recv_cb: nni aio recv error!! Connection shutdown

2026-09-16 01:03:43 [1345544] WARN  /home/kadir/mqtt-fuzzing/builds/nanomq-asan/nng/src/sp/transport/mqtt/broker_tcp.c:895 tcptran_pipe_recv_cb: tcptran_pipe_recv_cb: recv_error rv: 139

2026-09-16 01:03:43 [1345546] WARN  /home/kadir/mqtt-fuzzing/builds/nanomq-asan/nng/src/sp/protocol/mqtt/mqtt_parser.c:1363 nano_msg_notify: test offline!
2026-09-16 01:03:43 [1345542] WARN  /home/kadir/mqtt-fuzzing/builds/nanomq-asan/nng/src/sp/protocol/mqtt/mqtt_parser.c:1359 nano_msg_notify: test online!
2026-09-16 01:03:43 [1345546] ERROR /home/kadir/mqtt-fuzzing/builds/nanomq-asan/nng/src/sp/transport/mqtt/broker_tcp.c:845 tcptran_pipe_recv_cb: Invalid subscribe packet!
2026-09-16 01:03:43 [1345546] WARN  /home/kadir/mqtt-fuzzing/builds/nanomq-asan/nng/src/sp/transport/mqtt/broker_tcp.c:895 tcptran_pipe_recv_cb: tcptran_pipe_recv_cb: recv_error rv: 130

2026-09-16 01:03:43 [1345546] WARN  /home/kadir/mqtt-fuzzing/builds/nanomq-asan/nng/src/sp/protocol/mqtt/mqtt_parser.c:1363 nano_msg_notify: test offline!
2026-09-16 01:03:43 [1345543] WARN  /home/kadir/mqtt-fuzzing/builds/nanomq-asan/nng/src/sp/protocol/mqtt/mqtt_parser.c:1359 nano_msg_notify: test online!
2026-09-16 01:03:43 [1345539] WARN  /home/kadir/mqtt-fuzzing/builds/nanomq-asan/nng/src/sp/protocol/mqtt/mqtt_parser.c:1730 nmq_subinfo_decode:  0 Packetid in subscribe request
2026-09-16 01:03:43 [1345539] ERROR /home/kadir/mqtt-fuzzing/builds/nanomq-asan/nng/src/sp/transport/mqtt/broker_tcp.c:845 tcptran_pipe_recv_cb: Invalid subscribe packet!
2026-09-16 01:03:43 [1345539] WARN  /home/kadir/mqtt-fuzzing/builds/nanomq-asan/nng/src/sp/transport/mqtt/broker_tcp.c:895 tcptran_pipe_recv_cb: tcptran_pipe_recv_cb: recv_error rv: 130

2026-09-16 01:03:43 [1345541] WARN  /home/kadir/mqtt-fuzzing/builds/nanomq-asan/nng/src/sp/protocol/mqtt/mqtt_parser.c:1363 nano_msg_notify: test offline!
2026-09-16 01:03:43 [1345543] WARN  /home/kadir/mqtt-fuzzing/builds/nanomq-asan/nng/src/sp/protocol/mqtt/mqtt_parser.c:1359 nano_msg_notify: test online!
2026-09-16 01:03:43 [1345545] ERROR /home/kadir/mqtt-fuzzing/builds/nanomq-asan/nng/src/sp/transport/mqtt/broker_tcp.c:845 tcptran_pipe_recv_cb: Invalid subscribe packet!
2026-09-16 01:03:43 [1345545] WARN  /home/kadir/mqtt-fuzzing/builds/nanomq-asan/nng/src/sp/transport/mqtt/broker_tcp.c:895 tcptran_pipe_recv_cb: tcptran_pipe_recv_cb: recv_error rv: 130

2026-09-16 01:03:43 [1345546] WARN  /home/kadir/mqtt-fuzzing/builds/nanomq-asan/nng/src/sp/protocol/mqtt/mqtt_parser.c:1363 nano_msg_notify: test offline!
2026-09-16 01:03:43 [1345545] WARN  /home/kadir/mqtt-fuzzing/builds/nanomq-asan/nng/src/sp/protocol/mqtt/mqtt_parser.c:1359 nano_msg_notify: test online!
2026-09-16 01:03:43 [1345546] WARN  /home/kadir/mqtt-fuzzing/builds/nanomq-asan/nng/src/sp/transport/mqtt/broker_tcp.c:628 tcptran_pipe_recv_cb: nni aio recv error!! Connection shutdown

2026-09-16 01:03:43 [1345546] WARN  /home/kadir/mqtt-fuzzing/builds/nanomq-asan/nng/src/sp/transport/mqtt/broker_tcp.c:895 tcptran_pipe_recv_cb: tcptran_pipe_recv_cb: recv_error rv: 139

2026-09-16 01:03:43 [1345545] WARN  /home/kadir/mqtt-fuzzing/builds/nanomq-asan/nng/src/sp/protocol/mqtt/mqtt_parser.c:1363 nano_msg_notify: test offline!
2026-09-16 01:03:43 [1345541] WARN  /home/kadir/mqtt-fuzzing/builds/nanomq-asan/nng/src/sp/protocol/mqtt/mqtt_parser.c:1359 nano_msg_notify: test online!
2026-09-16 01:03:43 [1345543] WARN  /home/kadir/mqtt-fuzzing/builds/nanomq-asan/nng/src/sp/transport/mqtt/broker_tcp.c:662 tcptran_pipe_recv_cb: MALFORMED_PACKET received.
2026-09-16 01:03:43 [1345543] WARN  /home/kadir/mqtt-fuzzing/builds/nanomq-asan/nng/src/sp/transport/mqtt/broker_tcp.c:895 tcptran_pipe_recv_cb: tcptran_pipe_recv_cb: recv_error rv: 17

2026-09-16 01:03:43 [1345543] WARN  /home/kadir/mqtt-fuzzing/builds/nanomq-asan/nng/src/sp/protocol/mqtt/mqtt_parser.c:1363 nano_msg_notify: test offline!
2026-09-16 01:03:43 [1345544] WARN  /home/kadir/mqtt-fuzzing/builds/nanomq-asan/nng/src/sp/protocol/mqtt/mqtt_parser.c:1359 nano_msg_notify: test online!
2026-09-16 01:03:43 [1345541] WARN  /home/kadir/mqtt-fuzzing/builds/nanomq-asan/nng/src/sp/transport/mqtt/broker_tcp.c:628 tcptran_pipe_recv_cb: nni aio recv error!! Connection shutdown

2026-09-16 01:03:43 [1345541] WARN  /home/kadir/mqtt-fuzzing/builds/nanomq-asan/nng/src/sp/transport/mqtt/broker_tcp.c:895 tcptran_pipe_recv_cb: tcptran_pipe_recv_cb: recv_error rv: 139

2026-09-16 01:03:43 [1345546] WARN  /home/kadir/mqtt-fuzzing/builds/nanomq-asan/nng/src/sp/protocol/mqtt/mqtt_parser.c:1363 nano_msg_notify: test offline!
2026-09-16 01:03:43 [1345539] ERROR /home/kadir/mqtt-fuzzing/builds/nanomq-asan/nng/src/sp/transport/mqtt/broker_tcp.c:845 tcptran_pipe_recv_cb: Invalid subscribe packet!
2026-09-16 01:03:43 [1345539] WARN  /home/kadir/mqtt-fuzzing/builds/nanomq-asan/nng/src/sp/transport/mqtt/broker_tcp.c:895 tcptran_pipe_recv_cb: tcptran_pipe_recv_cb: recv_error rv: 130

2026-09-16 01:03:43 [1345543] WARN  /home/kadir/mqtt-fuzzing/builds/nanomq-asan/nng/src/sp/protocol/mqtt/mqtt_parser.c:1359 nano_msg_notify: test online!
2026-09-16 01:03:43 [1345539] WARN  /home/kadir/mqtt-fuzzing/builds/nanomq-asan/nng/src/sp/protocol/mqtt/mqtt_parser.c:1363 nano_msg_notify: test offline!
2026-09-16 01:03:43 [1345546] WARN  /home/kadir/mqtt-fuzzing/builds/nanomq-asan/nng/src/sp/protocol/mqtt/mqtt_parser.c:1359 nano_msg_notify: test online!
2026-09-16 01:03:43 [1345541] ERROR /home/kadir/mqtt-fuzzing/builds/nanomq-asan/nng/src/sp/transport/mqtt/broker_tcp.c:845 tcptran_pipe_recv_cb: Invalid subscribe packet!
2026-09-16 01:03:43 [1345541] WARN  /home/kadir/mqtt-fuzzing/builds/nanomq-asan/nng/src/sp/transport/mqtt/broker_tcp.c:895 tcptran_pipe_recv_cb: tcptran_pipe_recv_cb: recv_error rv: 130

2026-09-16 01:03:43 [1345542] WARN  /home/kadir/mqtt-fuzzing/builds/nanomq-asan/nng/src/sp/protocol/mqtt/mqtt_parser.c:1363 nano_msg_notify: test offline!
2026-09-16 01:03:43 [1345541] WARN  /home/kadir/mqtt-fuzzing/builds/nanomq-asan/nng/src/sp/protocol/mqtt/mqtt_parser.c:1359 nano_msg_notify: test online!
2026-09-16 01:03:43 [1345545] ERROR /home/kadir/mqtt-fuzzing/builds/nanomq-asan/nng/src/sp/transport/mqtt/broker_tcp.c:845 tcptran_pipe_recv_cb: Invalid subscribe packet!
2026-09-16 01:03:43 [1345545] WARN  /home/kadir/mqtt-fuzzing/builds/nanomq-asan/nng/src/sp/transport/mqtt/broker_tcp.c:895 tcptran_pipe_recv_cb: tcptran_pipe_recv_cb: recv_error rv: 130

2026-09-16 01:03:43 [1345543] WARN  /home/kadir/mqtt-fuzzing/builds/nanomq-asan/nng/src/sp/protocol/mqtt/mqtt_parser.c:1363 nano_msg_notify: test offline!
2026-09-16 01:03:43 [1345540] WARN  /home/kadir/mqtt-fuzzing/builds/nanomq-asan/nng/src/sp/protocol/mqtt/mqtt_parser.c:1359 nano_msg_notify: test online!
2026-09-16 01:03:43 [1345541] WARN  /home/kadir/mqtt-fuzzing/builds/nanomq-asan/nng/src/sp/transport/mqtt/broker_tcp.c:628 tcptran_pipe_recv_cb: nni aio recv error!! Connection shutdown

2026-09-16 01:03:43 [1345541] WARN  /home/kadir/mqtt-fuzzing/builds/nanomq-asan/nng/src/sp/transport/mqtt/broker_tcp.c:895 tcptran_pipe_recv_cb: tcptran_pipe_recv_cb: recv_error rv: 139

2026-09-16 01:03:43 [1345545] WARN  /home/kadir/mqtt-fuzzing/builds/nanomq-asan/nng/src/sp/protocol/mqtt/mqtt_parser.c:1363 nano_msg_notify: test offline!
2026-09-16 01:03:43 [1345539] WARN  /home/kadir/mqtt-fuzzing/builds/nanomq-asan/nng/src/sp/protocol/mqtt/mqtt_parser.c:1359 nano_msg_notify: test online!
2026-09-16 01:03:43 [1345544] WARN  /home/kadir/mqtt-fuzzing/builds/nanomq-asan/nng/src/sp/transport/mqtt/broker_tcp.c:662 tcptran_pipe_recv_cb: MALFORMED_PACKET received.
2026-09-16 01:03:43 [1345544] WARN  /home/kadir/mqtt-fuzzing/builds/nanomq-asan/nng/src/sp/transport/mqtt/broker_tcp.c:895 tcptran_pipe_recv_cb: tcptran_pipe_recv_cb: recv_error rv: 17

2026-09-16 01:03:43 [1345544] WARN  /home/kadir/mqtt-fuzzing/builds/nanomq-asan/nng/src/sp/protocol/mqtt/mqtt_parser.c:1363 nano_msg_notify: test offline!
2026-09-16 01:03:43 [1345541] WARN  /home/kadir/mqtt-fuzzing/builds/nanomq-asan/nng/src/sp/protocol/mqtt/mqtt_parser.c:1359 nano_msg_notify: test online!
2026-09-16 01:03:43 [1345544] ERROR /home/kadir/mqtt-fuzzing/builds/nanomq-asan/nng/src/sp/transport/mqtt/broker_tcp.c:845 tcptran_pipe_recv_cb: Invalid subscribe packet!
2026-09-16 01:03:43 [1345544] WARN  /home/kadir/mqtt-fuzzing/builds/nanomq-asan/nng/src/sp/transport/mqtt/broker_tcp.c:895 tcptran_pipe_recv_cb: tcptran_pipe_recv_cb: recv_error rv: 130

2026-09-16 01:03:43 [1345540] WARN  /home/kadir/mqtt-fuzzing/builds/nanomq-asan/nng/src/sp/protocol/mqtt/mqtt_parser.c:1363 nano_msg_notify: test offline!

### ... ORTA KISIM CIKARILDI ...

2026-09-16 03:11:44 [1345544] WARN  /home/kadir/mqtt-fuzzing/builds/nanomq-asan/nng/src/sp/protocol/mqtt/mqtt_parser.c:1363 nano_msg_notify: test offline!
2026-09-16 03:11:44 [1345545] WARN  /home/kadir/mqtt-fuzzing/builds/nanomq-asan/nng/src/sp/protocol/mqtt/mqtt_parser.c:1359 nano_msg_notify: test online!
2026-09-16 03:11:44 [1345541] WARN  /home/kadir/mqtt-fuzzing/builds/nanomq-asan/nng/src/sp/transport/mqtt/broker_tcp.c:739 tcptran_pipe_recv_cb: Got invalid CONNECT from client!
2026-09-16 03:11:44 [1345540] WARN  /home/kadir/mqtt-fuzzing/builds/nanomq-asan/nng/src/sp/protocol/mqtt/mqtt_parser.c:1363 nano_msg_notify: test offline!
2026-09-16 03:11:44 [1345541] WARN  /home/kadir/mqtt-fuzzing/builds/nanomq-asan/nng/src/sp/transport/mqtt/broker_tcp.c:895 tcptran_pipe_recv_cb: tcptran_pipe_recv_cb: recv_error rv: 129

2026-09-16 03:11:44 [1345540] WARN  /home/kadir/mqtt-fuzzing/builds/nanomq-asan/nng/src/sp/protocol/mqtt/mqtt_parser.c:1359 nano_msg_notify: test online!
2026-09-16 03:11:44 [1345541] WARN  /home/kadir/mqtt-fuzzing/builds/nanomq-asan/nng/src/sp/transport/mqtt/broker_tcp.c:739 tcptran_pipe_recv_cb: Got invalid CONNECT from client!
2026-09-16 03:11:44 [1345541] WARN  /home/kadir/mqtt-fuzzing/builds/nanomq-asan/nng/src/sp/transport/mqtt/broker_tcp.c:895 tcptran_pipe_recv_cb: tcptran_pipe_recv_cb: recv_error rv: 129

2026-09-16 03:11:44 [1345544] WARN  /home/kadir/mqtt-fuzzing/builds/nanomq-asan/nng/src/sp/protocol/mqtt/mqtt_parser.c:1363 nano_msg_notify: test offline!
2026-09-16 03:11:44 [1345541] WARN  /home/kadir/mqtt-fuzzing/builds/nanomq-asan/nng/src/sp/protocol/mqtt/mqtt_parser.c:1359 nano_msg_notify: test online!
2026-09-16 03:11:44 [1345546] WARN  /home/kadir/mqtt-fuzzing/builds/nanomq-asan/nng/src/sp/transport/mqtt/broker_tcp.c:662 tcptran_pipe_recv_cb: MALFORMED_PACKET received.
2026-09-16 03:11:44 [1345546] WARN  /home/kadir/mqtt-fuzzing/builds/nanomq-asan/nng/src/sp/transport/mqtt/broker_tcp.c:895 tcptran_pipe_recv_cb: tcptran_pipe_recv_cb: recv_error rv: 17

2026-09-16 03:11:44 [1345542] WARN  /home/kadir/mqtt-fuzzing/builds/nanomq-asan/nng/src/sp/protocol/mqtt/mqtt_parser.c:1363 nano_msg_notify: test offline!
2026-09-16 03:11:44 [1345546] WARN  /home/kadir/mqtt-fuzzing/builds/nanomq-asan/nng/src/sp/protocol/mqtt/mqtt_parser.c:1359 nano_msg_notify: test online!
2026-09-16 03:11:44 [1345542] WARN  /home/kadir/mqtt-fuzzing/builds/nanomq-asan/nng/src/sp/transport/mqtt/broker_tcp.c:739 tcptran_pipe_recv_cb: Got invalid CONNECT from client!
2026-09-16 03:11:44 [1345542] WARN  /home/kadir/mqtt-fuzzing/builds/nanomq-asan/nng/src/sp/transport/mqtt/broker_tcp.c:895 tcptran_pipe_recv_cb: tcptran_pipe_recv_cb: recv_error rv: 129

2026-09-16 03:11:44 [1345541] WARN  /home/kadir/mqtt-fuzzing/builds/nanomq-asan/nng/src/sp/protocol/mqtt/mqtt_parser.c:1363 nano_msg_notify: test offline!
2026-09-16 03:11:44 [1345542] WARN  /home/kadir/mqtt-fuzzing/builds/nanomq-asan/nng/src/sp/protocol/mqtt/mqtt_parser.c:1359 nano_msg_notify: test online!
2026-09-16 03:11:44 [1345546] WARN  /home/kadir/mqtt-fuzzing/builds/nanomq-asan/nng/src/sp/transport/mqtt/broker_tcp.c:739 tcptran_pipe_recv_cb: Got invalid CONNECT from client!
2026-09-16 03:11:44 [1345546] WARN  /home/kadir/mqtt-fuzzing/builds/nanomq-asan/nng/src/sp/transport/mqtt/broker_tcp.c:895 tcptran_pipe_recv_cb: tcptran_pipe_recv_cb: recv_error rv: 129

2026-09-16 03:11:44 [1345543] WARN  /home/kadir/mqtt-fuzzing/builds/nanomq-asan/nng/src/sp/protocol/mqtt/mqtt_parser.c:1363 nano_msg_notify: test offline!
2026-09-16 03:11:44 [1345540] WARN  /home/kadir/mqtt-fuzzing/builds/nanomq-asan/nng/src/sp/protocol/mqtt/mqtt_parser.c:1359 nano_msg_notify: test online!
2026-09-16 03:11:44 [1345543] WARN  /home/kadir/mqtt-fuzzing/builds/nanomq-asan/nng/src/sp/transport/mqtt/broker_tcp.c:739 tcptran_pipe_recv_cb: Got invalid CONNECT from client!
2026-09-16 03:11:44 [1345543] WARN  /home/kadir/mqtt-fuzzing/builds/nanomq-asan/nng/src/sp/transport/mqtt/broker_tcp.c:895 tcptran_pipe_recv_cb: tcptran_pipe_recv_cb: recv_error rv: 129

2026-09-16 03:11:44 [1345539] WARN  /home/kadir/mqtt-fuzzing/builds/nanomq-asan/nng/src/sp/protocol/mqtt/mqtt_parser.c:1363 nano_msg_notify: test offline!
2026-09-16 03:11:44 [1345540] WARN  /home/kadir/mqtt-fuzzing/builds/nanomq-asan/nng/src/sp/protocol/mqtt/mqtt_parser.c:1359 nano_msg_notify: test online!
2026-09-16 03:11:44 [1345546] WARN  /home/kadir/mqtt-fuzzing/builds/nanomq-asan/nng/src/sp/transport/mqtt/broker_tcp.c:739 tcptran_pipe_recv_cb: Got invalid CONNECT from client!
2026-09-16 03:11:44 [1345546] WARN  /home/kadir/mqtt-fuzzing/builds/nanomq-asan/nng/src/sp/transport/mqtt/broker_tcp.c:895 tcptran_pipe_recv_cb: tcptran_pipe_recv_cb: recv_error rv: 129

2026-09-16 03:11:44 [1345546] WARN  /home/kadir/mqtt-fuzzing/builds/nanomq-asan/nng/src/sp/protocol/mqtt/mqtt_parser.c:1363 nano_msg_notify: test offline!
2026-09-16 03:11:44 [1345544] WARN  /home/kadir/mqtt-fuzzing/builds/nanomq-asan/nng/src/sp/transport/mqtt/broker_tcp.c:739 tcptran_pipe_recv_cb: Got invalid CONNECT from client!
2026-09-16 03:11:44 [1345544] WARN  /home/kadir/mqtt-fuzzing/builds/nanomq-asan/nng/src/sp/transport/mqtt/broker_tcp.c:895 tcptran_pipe_recv_cb: tcptran_pipe_recv_cb: recv_error rv: 129

2026-09-16 03:11:44 [1345542] WARN  /home/kadir/mqtt-fuzzing/builds/nanomq-asan/nng/src/sp/protocol/mqtt/mqtt_parser.c:1359 nano_msg_notify: test online!
2026-09-16 03:11:44 [1345540] WARN  /home/kadir/mqtt-fuzzing/builds/nanomq-asan/nng/src/sp/protocol/mqtt/mqtt_parser.c:1363 nano_msg_notify: test offline!
2026-09-16 03:11:44 [1345539] WARN  /home/kadir/mqtt-fuzzing/builds/nanomq-asan/nng/src/sp/protocol/mqtt/mqtt_parser.c:1359 nano_msg_notify: test online!
2026-09-16 03:11:44 [1345541] WARN  /home/kadir/mqtt-fuzzing/builds/nanomq-asan/nng/src/sp/transport/mqtt/broker_tcp.c:739 tcptran_pipe_recv_cb: Got invalid CONNECT from client!
2026-09-16 03:11:44 [1345541] WARN  /home/kadir/mqtt-fuzzing/builds/nanomq-asan/nng/src/sp/transport/mqtt/broker_tcp.c:895 tcptran_pipe_recv_cb: tcptran_pipe_recv_cb: recv_error rv: 129

2026-09-16 03:11:44 [1345541] WARN  /home/kadir/mqtt-fuzzing/builds/nanomq-asan/nng/src/sp/protocol/mqtt/mqtt_parser.c:1363 nano_msg_notify: test offline!
2026-09-16 03:11:44 [1345539] WARN  /home/kadir/mqtt-fuzzing/builds/nanomq-asan/nng/src/sp/protocol/mqtt/mqtt_parser.c:1359 nano_msg_notify: test online!
2026-09-16 03:11:44 [1345545] WARN  /home/kadir/mqtt-fuzzing/builds/nanomq-asan/nng/src/sp/transport/mqtt/broker_tcp.c:739 tcptran_pipe_recv_cb: Got invalid CONNECT from client!
2026-09-16 03:11:44 [1345545] WARN  /home/kadir/mqtt-fuzzing/builds/nanomq-asan/nng/src/sp/transport/mqtt/broker_tcp.c:895 tcptran_pipe_recv_cb: tcptran_pipe_recv_cb: recv_error rv: 129

2026-09-16 03:11:44 [1345546] WARN  /home/kadir/mqtt-fuzzing/builds/nanomq-asan/nng/src/sp/protocol/mqtt/mqtt_parser.c:1363 nano_msg_notify: test offline!
2026-09-16 03:11:44 [1345539] WARN  /home/kadir/mqtt-fuzzing/builds/nanomq-asan/nng/src/sp/protocol/mqtt/mqtt_parser.c:1359 nano_msg_notify: test online!
2026-09-16 03:11:44 [1345542] WARN  /home/kadir/mqtt-fuzzing/builds/nanomq-asan/nng/src/sp/transport/mqtt/broker_tcp.c:739 tcptran_pipe_recv_cb: Got invalid CONNECT from client!
2026-09-16 03:11:44 [1345542] WARN  /home/kadir/mqtt-fuzzing/builds/nanomq-asan/nng/src/sp/transport/mqtt/broker_tcp.c:895 tcptran_pipe_recv_cb: tcptran_pipe_recv_cb: recv_error rv: 129

2026-09-16 03:11:44 [1345540] WARN  /home/kadir/mqtt-fuzzing/builds/nanomq-asan/nng/src/sp/protocol/mqtt/mqtt_parser.c:1363 nano_msg_notify: test offline!
2026-09-16 03:11:44 [1345544] WARN  /home/kadir/mqtt-fuzzing/builds/nanomq-asan/nng/src/sp/protocol/mqtt/mqtt_parser.c:1359 nano_msg_notify: test online!
2026-09-16 03:11:44 [1345542] WARN  /home/kadir/mqtt-fuzzing/builds/nanomq-asan/nng/src/sp/transport/mqtt/broker_tcp.c:739 tcptran_pipe_recv_cb: Got invalid CONNECT from client!
2026-09-16 03:11:44 [1345542] WARN  /home/kadir/mqtt-fuzzing/builds/nanomq-asan/nng/src/sp/transport/mqtt/broker_tcp.c:895 tcptran_pipe_recv_cb: tcptran_pipe_recv_cb: recv_error rv: 129

2026-09-16 03:11:44 [1345545] WARN  /home/kadir/mqtt-fuzzing/builds/nanomq-asan/nng/src/sp/protocol/mqtt/mqtt_parser.c:1363 nano_msg_notify: test offline!
2026-09-16 03:11:44 [1345544] WARN  /home/kadir/mqtt-fuzzing/builds/nanomq-asan/nng/src/sp/protocol/mqtt/mqtt_parser.c:1359 nano_msg_notify: test online!
2026-09-16 03:11:44 [1345540] WARN  /home/kadir/mqtt-fuzzing/builds/nanomq-asan/nng/src/sp/transport/mqtt/broker_tcp.c:662 tcptran_pipe_recv_cb: MALFORMED_PACKET received.
2026-09-16 03:11:44 [1345540] WARN  /home/kadir/mqtt-fuzzing/builds/nanomq-asan/nng/src/sp/transport/mqtt/broker_tcp.c:895 tcptran_pipe_recv_cb: tcptran_pipe_recv_cb: recv_error rv: 17

2026-09-16 03:11:44 [1345540] WARN  /home/kadir/mqtt-fuzzing/builds/nanomq-asan/nng/src/sp/protocol/mqtt/mqtt_parser.c:1363 nano_msg_notify: test offline!
2026-09-16 03:11:44 [1345544] WARN  /home/kadir/mqtt-fuzzing/builds/nanomq-asan/nng/src/sp/protocol/mqtt/mqtt_parser.c:1359 nano_msg_notify: test online!
2026-09-16 03:11:44 [1345542] WARN  /home/kadir/mqtt-fuzzing/builds/nanomq-asan/nng/src/sp/transport/mqtt/broker_tcp.c:739 tcptran_pipe_recv_cb: Got invalid CONNECT from client!
2026-09-16 03:11:44 [1345542] WARN  /home/kadir/mqtt-fuzzing/builds/nanomq-asan/nng/src/sp/transport/mqtt/broker_tcp.c:895 tcptran_pipe_recv_cb: tcptran_pipe_recv_cb: recv_error rv: 129

2026-09-16 03:11:44 [1345543] WARN  /home/kadir/mqtt-fuzzing/builds/nanomq-asan/nng/src/sp/protocol/mqtt/mqtt_parser.c:1363 nano_msg_notify: test offline!
2026-09-16 03:11:44 [1345544] WARN  /home/kadir/mqtt-fuzzing/builds/nanomq-asan/nng/src/sp/protocol/mqtt/mqtt_parser.c:1359 nano_msg_notify: test online!
2026-09-16 03:11:44 [1345545] WARN  /home/kadir/mqtt-fuzzing/builds/nanomq-asan/nng/src/sp/transport/mqtt/broker_tcp.c:739 tcptran_pipe_recv_cb: Got invalid CONNECT from client!
2026-09-16 03:11:44 [1345545] WARN  /home/kadir/mqtt-fuzzing/builds/nanomq-asan/nng/src/sp/transport/mqtt/broker_tcp.c:895 tcptran_pipe_recv_cb: tcptran_pipe_recv_cb: recv_error rv: 129

2026-09-16 03:11:44 [1345542] WARN  /home/kadir/mqtt-fuzzing/builds/nanomq-asan/nng/src/sp/protocol/mqtt/mqtt_parser.c:1363 nano_msg_notify: test offline!
2026-09-16 03:11:44 [1345541] WARN  /home/kadir/mqtt-fuzzing/builds/nanomq-asan/nng/src/sp/protocol/mqtt/mqtt_parser.c:1359 nano_msg_notify: 2026-09-16 03:11:44 [1345542] WARN  /home/kadir/mqtt-fuzzing/builds/nanomq-asan/nng/src/sp/transport/mqtt/broker_tcp.c:739 tcptran_pipe_recv_cb: Got invalid CONNECT from client!
test online!
2026-09-16 03:11:44 [1345542] WARN  /home/kadir/mqtt-fuzzing/builds/nanomq-asan/nng/src/sp/transport/mqtt/broker_tcp.c:895 tcptran_pipe_recv_cb: tcptran_pipe_recv_cb: recv_error rv: 129

2026-09-16 03:11:44 [1345546] WARN  /home/kadir/mqtt-fuzzing/builds/nanomq-asan/nng/src/sp/protocol/mqtt/mqtt_parser.c:1363 nano_msg_notify: test offline!
2026-09-16 03:11:44 [1345542] WARN  /home/kadir/mqtt-fuzzing/builds/nanomq-asan/nng/src/sp/protocol/mqtt/mqtt_parser.c:1359 nano_msg_notify: test online!
2026-09-16 03:11:44 [1345543] WARN  /home/kadir/mqtt-fuzzing/builds/nanomq-asan/nng/src/sp/transport/mqtt/broker_tcp.c:739 tcptran_pipe_recv_cb: Got invalid CONNECT from client!
2026-09-16 03:11:44 [1345543] WARN  /home/kadir/mqtt-fuzzing/builds/nanomq-asan/nng/src/sp/transport/mqtt/broker_tcp.c:895 tcptran_pipe_recv_cb: tcptran_pipe_recv_cb: recv_error rv: 129

2026-09-16 03:11:44 [1345541] WARN  /home/kadir/mqtt-fuzzing/builds/nanomq-asan/nng/src/sp/protocol/mqtt/mqtt_parser.c:1363 nano_msg_notify: test offline!
2026-09-16 03:11:44 [1345543] WARN  /home/kadir/mqtt-fuzzing/builds/nanomq-asan/nng/src/sp/protocol/mqtt/mqtt_parser.c:1359 nano_msg_notify: test online!
2026-09-16 03:11:44 [1345541] WARN  /home/kadir/mqtt-fuzzing/builds/nanomq-asan/nng/src/sp/transport/mqtt/broker_tcp.c:739 tcptran_pipe_recv_cb: Got invalid CONNECT from client!
2026-09-16 03:11:44 [1345541] WARN  /home/kadir/mqtt-fuzzing/builds/nanomq-asan/nng/src/sp/transport/mqtt/broker_tcp.c:895 tcptran_pipe_recv_cb: tcptran_pipe_recv_cb: recv_error rv: 129

2026-09-16 03:11:44 [1345540] WARN  /home/kadir/mqtt-fuzzing/builds/nanomq-asan/nng/src/sp/protocol/mqtt/mqtt_parser.c:1363 nano_msg_notify: test offline!
2026-09-16 03:11:44 [1345546] WARN  /home/kadir/mqtt-fuzzing/builds/nanomq-asan/nng/src/sp/protocol/mqtt/mqtt_parser.c:1359 nano_msg_notify: test online!
2026-09-16 03:11:44 [1345543] WARN  /home/kadir/mqtt-fuzzing/builds/nanomq-asan/nng/src/sp/transport/mqtt/broker_tcp.c:739 tcptran_pipe_recv_cb: Got invalid CONNECT from client!
2026-09-16 03:11:44 [1345543] WARN  /home/kadir/mqtt-fuzzing/builds/nanomq-asan/nng/src/sp/transport/mqtt/broker_tcp.c:895 tcptran_pipe_recv_cb: tcptran_pipe_recv_cb: recv_error rv: 129

2026-09-16 03:11:44 [1345539] WARN  /home/kadir/mqtt-fuzzing/builds/nanomq-asan/nng/src/sp/protocol/mqtt/mqtt_parser.c:1363 nano_msg_notify: test offline!
2026-09-16 03:11:44 [1345546] WARN  /home/kadir/mqtt-fuzzing/builds/nanomq-asan/nng/src/sp/protocol/mqtt/mqtt_parser.c:1359 nano_msg_notify: test online!
2026-09-16 03:11:44 [1345543] WARN  /home/kadir/mqtt-fuzzing/builds/nanomq-asan/nng/src/sp/transport/mqtt/broker_tcp.c:628 tcptran_pipe_recv_cb: nni aio recv error!! Connection shutdown

2026-09-16 03:11:44 [1345543] WARN  /home/kadir/mqtt-fuzzing/builds/nanomq-asan/nng/src/sp/transport/mqtt/broker_tcp.c:895 tcptran_pipe_recv_cb: tcptran_pipe_recv_cb: recv_error rv: 139

2026-09-16 03:11:44 [1345542] WARN  /home/kadir/mqtt-fuzzing/builds/nanomq-asan/nng/src/sp/protocol/mqtt/mqtt_parser.c:1363 nano_msg_notify: test offline!
2026-09-16 03:11:44 [1345540] WARN  /home/kadir/mqtt-fuzzing/builds/nanomq-asan/nng/src/sp/protocol/mqtt/mqtt_parser.c:1359 nano_msg_notify: test online!
2026-09-16 03:11:44 [1345539] WARN  /home/kadir/mqtt-fuzzing/builds/nanomq-asan/nng/src/sp/transport/mqtt/broker_tcp.c:739 tcptran_pipe_recv_cb: Got invalid CONNECT from client!
2026-09-16 03:11:44 [1345539] WARN  /home/kadir/mqtt-fuzzing/builds/nanomq-asan/nng/src/sp/transport/mqtt/broker_tcp.c:895 tcptran_pipe_recv_cb: tcptran_pipe_recv_cb: recv_error rv: 129

2026-09-16 03:11:44 [1345543] WARN  /home/kadir/mqtt-fuzzing/builds/nanomq-asan/nng/src/sp/protocol/mqtt/mqtt_parser.c:1363 nano_msg_notify: test offline!
2026-09-16 03:11:44 [1345540] WARN  /home/kadir/mqtt-fuzzing/builds/nanomq-asan/nng/src/sp/protocol/mqtt/mqtt_parser.c:1359 nano_msg_notify: test online!
2026-09-16 03:11:44 [1345542] WARN  /home/kadir/mqtt-fuzzing/builds/nanomq-asan/nng/src/sp/transport/mqtt/broker_tcp.c:739 tcptran_pipe_recv_cb: Got invalid CONNECT from client!
2026-09-16 03:11:44 [1345542] WARN  /home/kadir/mqtt-fuzzing/builds/nanomq-asan/nng/src/sp/transport/mqtt/broker_tcp.c:895 tcptran_pipe_recv_cb: tcptran_pipe_recv_cb: recv_error rv: 129

2026-09-16 03:11:44 [1345541] WARN  /home/kadir/mqtt-fuzzing/builds/nanomq-asan/nng/src/sp/protocol/mqtt/mqtt_parser.c:1363 nano_msg_notify: test offline!
2026-09-16 03:11:44 [1345541] WARN  /home/kadir/mqtt-fuzzing/builds/nanomq-asan/nng/src/sp/transport/mqtt/broker_tcp.c:739 tcptran_pipe_recv_cb: Got invalid CONNECT from client!2026-09-16 03:11:44 [1345542] WARN  /home/kadir/mqtt-fuzzing/builds/nanomq-asan/nng/src/sp/protocol/mqtt/mqtt_parser.c:1359 nano_msg_notify: test online!

2026-09-16 03:11:44 [1345541] WARN  /home/kadir/mqtt-fuzzing/builds/nanomq-asan/nng/src/sp/transport/mqtt/broker_tcp.c:895 tcptran_pipe_recv_cb: tcptran_pipe_recv_cb: recv_error rv: 129

2026-09-16 03:11:44 [1345546] WARN  /home/kadir/mqtt-fuzzing/builds/nanomq-asan/nng/src/sp/protocol/mqtt/mqtt_parser.c:1363 nano_msg_notify: test offline!
2026-09-16 03:11:44 [1345543] WARN  /home/kadir/mqtt-fuzzing/builds/nanomq-asan/nng/src/sp/protocol/mqtt/mqtt_parser.c:1359 nano_msg_notify: test online!
2026-09-16 03:11:44 [1345545] WARN  /home/kadir/mqtt-fuzzing/builds/nanomq-asan/nng/src/sp/transport/mqtt/broker_tcp.c:739 tcptran_pipe_recv_cb: Got invalid CONNECT from client!
2026-09-16 03:11:44 [1345545] WARN  /home/kadir/mqtt-fuzzing/builds/nanomq-asan/nng/src/sp/transport/mqtt/broker_tcp.c:895 tcptran_pipe_recv_cb: tcptran_pipe_recv_cb: recv_error rv: 129

2026-09-16 03:11:44 [1345542] WARN  /home/kadir/mqtt-fuzzing/builds/nanomq-asan/nng/src/sp/protocol/mqtt/mqtt_parser.c:1363 nano_msg_notify: test offline!
2026-09-16 03:11:44 [1345543] WARN  /home/kadir/mqtt-fuzzing/builds/nanomq-asan/nng/src/sp/protocol/mqtt/mqtt_parser.c:1359 nano_msg_notify: test online!
2026-09-16 03:11:44 [1345542] WARN  /home/kadir/mqtt-fuzzing/builds/nanomq-asan/nng/src/sp/transport/mqtt/broker_tcp.c:739 tcptran_pipe_recv_cb: Got invalid CONNECT from client!
2026-09-16 03:11:44 [1345542] WARN  /home/kadir/mqtt-fuzzing/builds/nanomq-asan/nng/src/sp/transport/mqtt/broker_tcp.c:895 tcptran_pipe_recv_cb: tcptran_pipe_recv_cb: recv_error rv: 129

2026-09-16 03:11:44 [1345540] WARN  /home/kadir/mqtt-fuzzing/builds/nanomq-asan/nng/src/sp/protocol/mqtt/mqtt_parser.c:1363 nano_msg_notify: test offline!
2026-09-16 03:11:44 [1345541] WARN  /home/kadir/mqtt-fuzzing/builds/nanomq-asan/nng/src/sp/protocol/mqtt/mqtt_parser.c:1359 nano_msg_notify: test online!
2026-09-16 03:11:44 [1345544] WARN  /home/kadir/mqtt-fuzzing/builds/nanomq-asan/nng/src/sp/transport/mqtt/broker_tcp.c:739 tcptran_pipe_recv_cb: Got invalid CONNECT from client!
2026-09-16 03:11:44 [1345544] WARN  /home/kadir/mqtt-fuzzing/builds/nanomq-asan/nng/src/sp/transport/mqtt/broker_tcp.c:895 tcptran_pipe_recv_cb: tcptran_pipe_recv_cb: recv_error rv: 129

2026-09-16 03:11:44 [1345542] WARN  /home/kadir/mqtt-fuzzing/builds/nanomq-asan/nng/src/sp/protocol/mqtt/mqtt_parser.c:1363 nano_msg_notify: test offline!
2026-09-16 03:11:44 [1345539] WARN  /home/kadir/mqtt-fuzzing/builds/nanomq-asan/nng/src/sp/protocol/mqtt/mqtt_parser.c:1359 nano_msg_notify: test online!
2026-09-16 03:11:44 [1345543] WARN  /home/kadir/mqtt-fuzzing/builds/nanomq-asan/nng/src/sp/transport/mqtt/broker_tcp.c:739 tcptran_pipe_recv_cb: Got invalid CONNECT from client!
2026-09-16 03:11:44 [1345543] WARN  /home/kadir/mqtt-fuzzing/builds/nanomq-asan/nng/src/sp/transport/mqtt/broker_tcp.c:895 tcptran_pipe_recv_cb: tcptran_pipe_recv_cb: recv_error rv: 129

2026-09-16 03:11:44 [1345540] WARN  /home/kadir/mqtt-fuzzing/builds/nanomq-asan/nng/src/sp/protocol/mqtt/mqtt_parser.c:1363 nano_msg_notify: test offline!
2026-09-16 03:11:44 [1345543] WARN  /home/kadir/mqtt-fuzzing/builds/nanomq-asan/nng/src/sp/protocol/mqtt/mqtt_parser.c:1359 nano_msg_notify: test online!
2026-09-16 03:11:44 [1345540] WARN  /home/kadir/mqtt-fuzzing/builds/nanomq-asan/nng/src/sp/transport/mqtt/broker_tcp.c:739 tcptran_pipe_recv_cb: Got invalid CONNECT from client!
2026-09-16 03:11:44 [1345540] WARN  /home/kadir/mqtt-fuzzing/builds/nanomq-asan/nng/src/sp/transport/mqtt/broker_tcp.c:895 tcptran_pipe_recv_cb: tcptran_pipe_recv_cb: recv_error rv: 129

2026-09-16 03:11:44 [1345541] WARN  /home/kadir/mqtt-fuzzing/builds/nanomq-asan/nng/src/sp/protocol/mqtt/mqtt_parser.c:1363 nano_msg_notify: test offline!
2026-09-16 03:11:44 [1345544] WARN  /home/kadir/mqtt-fuzzing/builds/nanomq-asan/nng/src/sp/protocol/mqtt/mqtt_parser.c:1359 nano_msg_notify: test online!
2026-09-16 03:11:44 [1345545] WARN  /home/kadir/mqtt-fuzzing/builds/nanomq-asan/nng/src/sp/transport/mqtt/broker_tcp.c:739 tcptran_pipe_recv_cb: Got invalid CONNECT from client!
2026-09-16 03:11:44 [1345545] WARN  /home/kadir/mqtt-fuzzing/builds/nanomq-asan/nng/src/sp/transport/mqtt/broker_tcp.c:895 tcptran_pipe_recv_cb: tcptran_pipe_recv_cb: recv_error rv: 129

2026-09-16 03:11:44 [1345546] WARN  /home/kadir/mqtt-fuzzing/builds/nanomq-asan/nng/src/sp/protocol/mqtt/mqtt_parser.c:1363 nano_msg_notify: test offline!
2026-09-16 03:11:44 [1345545] WARN  /home/kadir/mqtt-fuzzing/builds/nanomq-asan/nng/src/sp/protocol/mqtt/mqtt_parser.c:1359 nano_msg_notify: test online!
2026-09-16 03:11:44 [1345543] WARN  /home/kadir/mqtt-fuzzing/builds/nanomq-asan/nng/src/sp/transport/mqtt/broker_tcp.c:739 tcptran_pipe_recv_cb: Got invalid CONNECT from client!
2026-09-16 03:11:44 [1345543] WARN  /home/kadir/mqtt-fuzzing/builds/nanomq-asan/nng/src/sp/transport/mqtt/broker_tcp.c:895 tcptran_pipe_recv_cb: tcptran_pipe_recv_cb: recv_error rv: 129

2026-09-16 03:11:44 [1345540] WARN  /home/kadir/mqtt-fuzzing/builds/nanomq-asan/nng/src/sp/protocol/mqtt/mqtt_parser.c:1363 nano_msg_notify: test offline!
2026-09-16 03:11:44 [1345543] WARN  /home/kadir/mqtt-fuzzing/builds/nanomq-asan/nng/src/sp/protocol/mqtt/mqtt_parser.c:1359 nano_msg_notify: test online!
2026-09-16 03:11:44 [1345540] WARN  /home/kadir/mqtt-fuzzing/builds/nanomq-asan/nng/src/sp/transport/mqtt/broker_tcp.c:739 tcptran_pipe_recv_cb: Got invalid CONNECT from client!
2026-09-16 03:11:44 [1345540] WARN  /home/kadir/mqtt-fuzzing/builds/nanomq-asan/nng/src/sp/transport/mqtt/broker_tcp.c:895 tcptran_pipe_recv_cb: tcptran_pipe_recv_cb: recv_error rv: 129

2026-09-16 03:11:44 [1345541] WARN  /home/kadir/mqtt-fuzzing/builds/nanomq-asan/nng/src/sp/protocol/mqtt/mqtt_parser.c:1363 nano_msg_notify: test offline!
2026-09-16 03:11:44 [1345543] WARN  /home/kadir/mqtt-fuzzing/builds/nanomq-asan/nng/src/sp/protocol/mqtt/mqtt_parser.c:1359 nano_msg_notify: test online!
2026-09-16 03:11:44 [1345544] WARN  /home/kadir/mqtt-fuzzing/builds/nanomq-asan/nng/src/sp/transport/mqtt/broker_tcp.c:739 tcptran_pipe_recv_cb: Got invalid CONNECT from client!
2026-09-16 03:11:44 [1345543] WARN  /home/kadir/mqtt-fuzzing/builds/nanomq-asan/nng/src/sp/protocol/mqtt/mqtt_parser.c:1363 nano_msg_notify: test offline!
2026-09-16 03:11:44 [1345544] WARN  /home/kadir/mqtt-fuzzing/builds/nanomq-asan/nng/src/sp/transport/mqtt/broker_tcp.c:895 tcptran_pipe_recv_cb: tcptran_pipe_recv_cb: recv_error rv: 129

2026-09-16 03:11:44 [1345542] WARN  /home/kadir/mqtt-fuzzing/builds/nanomq-asan/nng/src/sp/protocol/mqtt/mqtt_parser.c:1359 nano_msg_notify: test online!
2026-09-16 03:11:44 [1345543] WARN  /home/kadir/mqtt-fuzzing/builds/nanomq-asan/nng/src/sp/transport/mqtt/broker_tcp.c:739 tcptran_pipe_recv_cb: Got invalid CONNECT from client!
2026-09-16 03:11:44 [1345543] WARN  /home/kadir/mqtt-fuzzing/builds/nanomq-asan/nng/src/sp/transport/mqtt/broker_tcp.c:895 tcptran_pipe_recv_cb: tcptran_pipe_recv_cb: recv_error rv: 129

2026-09-16 03:11:44 [1345546] WARN  /home/kadir/mqtt-fuzzing/builds/nanomq-asan/nng/src/sp/protocol/mqtt/mqtt_parser.c:1363 nano_msg_notify: test offline!
2026-09-16 03:11:44 [1345542] WARN  /home/kadir/mqtt-fuzzing/builds/nanomq-asan/nng/src/sp/protocol/mqtt/mqtt_parser.c:1359 nano_msg_notify: test online!
2026-09-16 03:11:44 [1345546] WARN  /home/kadir/mqtt-fuzzing/builds/nanomq-asan/nng/src/sp/transport/mqtt/broker_tcp.c:628 tcptran_pipe_recv_cb: nni aio recv error!! Connection shutdown

2026-09-16 03:11:44 [1345546] WARN  /home/kadir/mqtt-fuzzing/builds/nanomq-asan/nng/src/sp/transport/mqtt/broker_tcp.c:895 tcptran_pipe_recv_cb: tcptran_pipe_recv_cb: recv_error rv: 139

2026-09-16 03:11:44 [1345541] WARN  /home/kadir/mqtt-fuzzing/builds/nanomq-asan/nng/src/sp/protocol/mqtt/mqtt_parser.c:1363 nano_msg_notify: test offline!
2026-09-16 03:11:44 [1345543] WARN  /home/kadir/mqtt-fuzzing/builds/nanomq-asan/nng/src/sp/protocol/mqtt/mqtt_parser.c:1359 nano_msg_notify: test online!
2026-09-16 03:11:44 [1345545] WARN  /home/kadir/mqtt-fuzzing/builds/nanomq-asan/nng/src/sp/transport/mqtt/broker_tcp.c:739 tcptran_pipe_recv_cb: Got invalid CONNECT from client!
2026-09-16 03:11:44 [1345545] WARN  /home/kadir/mqtt-fuzzing/builds/nanomq-asan/nng/src/sp/transport/mqtt/broker_tcp.c:895 tcptran_pipe_recv_cb: tcptran_pipe_recv_cb: recv_error rv: 129

2026-09-16 03:11:44 [1345540] WARN  /home/kadir/mqtt-fuzzing/builds/nanomq-asan/nng/src/sp/protocol/mqtt/mqtt_parser.c:1363 nano_msg_notify: test offline!
2026-09-16 03:11:44 [1345545] WARN  /home/kadir/mqtt-fuzzing/builds/nanomq-asan/nng/src/sp/protocol/mqtt/mqtt_parser.c:1359 nano_msg_notify: test online!
2026-09-16 03:11:44 [1345541] WARN  /home/kadir/mqtt-fuzzing/builds/nanomq-asan/nng/src/sp/transport/mqtt/broker_tcp.c:739 tcptran_pipe_recv_cb: Got invalid CONNECT from client!
2026-09-16 03:11:44 [1345541] WARN  /home/kadir/mqtt-fuzzing/builds/nanomq-asan/nng/src/sp/transport/mqtt/broker_tcp.c:895 tcptran_pipe_recv_cb: tcptran_pipe_recv_cb: recv_error rv: 129

2026-09-16 03:11:44 [1345541] WARN  /home/kadir/mqtt-fuzzing/builds/nanomq-asan/nng/src/sp/protocol/mqtt/mqtt_parser.c:1363 nano_msg_notify: test offline!
2026-09-16 03:11:44 [1345540] WARN  /home/kadir/mqtt-fuzzing/builds/nanomq-asan/nng/src/sp/protocol/mqtt/mqtt_parser.c:1359 nano_msg_notify: test online!
2026-09-16 03:11:44 [1345546] WARN  /home/kadir/mqtt-fuzzing/builds/nanomq-asan/nng/src/sp/transport/mqtt/broker_tcp.c:739 tcptran_pipe_recv_cb: Got invalid CONNECT from client!
2026-09-16 03:11:44 [1345546] WARN  /home/kadir/mqtt-fuzzing/builds/nanomq-asan/nng/src/sp/transport/mqtt/broker_tcp.c:895 tcptran_pipe_recv_cb: tcptran_pipe_recv_cb: recv_error rv: 129

2026-09-16 03:11:44 [1345545] WARN  /home/kadir/mqtt-fuzzing/builds/nanomq-asan/nng/src/sp/protocol/mqtt/mqtt_parser.c:1363 nano_msg_notify: test offline!
2026-09-16 03:11:44 [1345543] WARN  /home/kadir/mqtt-fuzzing/builds/nanomq-asan/nng/src/sp/protocol/mqtt/mqtt_parser.c:1359 nano_msg_notify: test online!
2026-09-16 03:11:44 [1345539] WARN  /home/kadir/mqtt-fuzzing/builds/nanomq-asan/nng/src/sp/transport/mqtt/broker_tcp.c:739 tcptran_pipe_recv_cb: Got invalid CONNECT from client!
2026-09-16 03:11:44 [1345539] WARN  /home/kadir/mqtt-fuzzing/builds/nanomq-asan/nng/src/sp/transport/mqtt/broker_tcp.c:895 tcptran_pipe_recv_cb: tcptran_pipe_recv_cb: recv_error rv: 129

2026-09-16 03:11:44 [1345541] WARN  /home/kadir/mqtt-fuzzing/builds/nanomq-asan/nng/src/sp/protocol/mqtt/mqtt_parser.c:1363 nano_msg_notify: test offline!
2026-09-16 03:11:44 [1345539] WARN  /home/kadir/mqtt-fuzzing/builds/nanomq-asan/nng/src/sp/protocol/mqtt/mqtt_parser.c:1359 nano_msg_notify: test online!
2026-09-16 03:11:44 [1345545] WARN  /home/kadir/mqtt-fuzzing/builds/nanomq-asan/nng/src/sp/transport/mqtt/broker_tcp.c:739 tcptran_pipe_recv_cb: Got invalid CONNECT from client!
2026-09-16 03:11:44 [1345545] WARN  /home/kadir/mqtt-fuzzing/builds/nanomq-asan/nng/src/sp/transport/mqtt/broker_tcp.c:895 tcptran_pipe_recv_cb: tcptran_pipe_recv_cb: recv_error rv: 129

2026-09-16 03:11:44 [1345546] WARN  /home/kadir/mqtt-fuzzing/builds/nanomq-asan/nng/src/sp/protocol/mqtt/mqtt_parser.c:1363 nano_msg_notify: test offline!
2026-09-16 03:11:44 [1345540] WARN  /home/kadir/mqtt-fuzzing/builds/nanomq-asan/nng/src/sp/protocol/mqtt/mqtt_parser.c:1359 nano_msg_notify: test online!
2026-09-16 03:11:44 [1345544] WARN  /home/kadir/mqtt-fuzzing/builds/nanomq-asan/nng/src/sp/transport/mqtt/broker_tcp.c:739 tcptran_pipe_recv_cb: Got invalid CONNECT from client!
2026-09-16 03:11:44 [1345544] WARN  /home/kadir/mqtt-fuzzing/builds/nanomq-asan/nng/src/sp/transport/mqtt/broker_tcp.c:895 tcptran_pipe_recv_cb: tcptran_pipe_recv_cb: recv_error rv: 129

2026-09-16 03:11:44 [1345543] WARN  /home/kadir/mqtt-fuzzing/builds/nanomq-asan/nng/src/sp/protocol/mqtt/mqtt_parser.c:1363 nano_msg_notify: test offline!
2026-09-16 03:11:44 [1345542] WARN  /home/kadir/mqtt-fuzzing/builds/nanomq-asan/nng/src/sp/protocol/mqtt/mqtt_parser.c:1359 nano_msg_notify: test online!
2026-09-16 03:11:44 [1345546] WARN  /home/kadir/mqtt-fuzzing/builds/nanomq-asan/nng/src/sp/transport/mqtt/broker_tcp.c:739 tcptran_pipe_recv_cb: Got invalid CONNECT from client!
2026-09-16 03:11:44 [1345546] WARN  /home/kadir/mqtt-fuzzing/builds/nanomq-asan/nng/src/sp/transport/mqtt/broker_tcp.c:895 tcptran_pipe_recv_cb: tcptran_pipe_recv_cb: recv_error rv: 129

2026-09-16 03:11:44 [1345545] WARN  /home/kadir/mqtt-fuzzing/builds/nanomq-asan/nng/src/sp/protocol/mqtt/mqtt_parser.c:1363 nano_msg_notify: test offline!
2026-09-16 03:11:44 [1345544] WARN  /home/kadir/mqtt-fuzzing/builds/nanomq-asan/nng/src/sp/protocol/mqtt/mqtt_parser.c:1359 nano_msg_notify: test online!
2026-09-16 03:11:44 [1345545] WARN  /home/kadir/mqtt-fuzzing/builds/nanomq-asan/nng/src/sp/transport/mqtt/broker_tcp.c:739 tcptran_pipe_recv_cb: Got invalid CONNECT from client!
2026-09-16 03:11:44 [1345545] WARN  /home/kadir/mqtt-fuzzing/builds/nanomq-asan/nng/src/sp/transport/mqtt/broker_tcp.c:895 tcptran_pipe_recv_cb: tcptran_pipe_recv_cb: recv_error rv: 129

2026-09-16 03:11:44 [1345546] WARN  /home/kadir/mqtt-fuzzing/builds/nanomq-asan/nng/src/sp/protocol/mqtt/mqtt_parser.c:1363 nano_msg_notify: test offline!
2026-09-16 03:11:44 [1345544] WARN  /home/kadir/mqtt-fuzzing/builds/nanomq-asan/nng/src/sp/protocol/mqtt/mqtt_parser.c:1359 nano_msg_notify: test online!
2026-09-16 03:11:44 [1345539] ERROR /home/kadir/mqtt-fuzzing/builds/nanomq-asan/nng/src/sp/transport/mqtt/broker_tcp.c:691 tcptran_pipe_recv_cb: Size of packet exceeds limitation: 0x95

2026-09-16 03:11:44 [1345539] WARN  /home/kadir/mqtt-fuzzing/builds/nanomq-asan/nng/src/sp/transport/mqtt/broker_tcp.c:895 tcptran_pipe_recv_cb: tcptran_pipe_recv_cb: recv_error rv: 149

2026-09-16 03:11:44 [1345540] WARN  /home/kadir/mqtt-fuzzing/builds/nanomq-asan/nng/src/sp/protocol/mqtt/mqtt_parser.c:1363 nano_msg_notify: test offline!
2026-09-16 03:11:44 [1345546] WARN  /home/kadir/mqtt-fuzzing/builds/nanomq-asan/nng/src/sp/protocol/mqtt/mqtt_parser.c:1359 nano_msg_notify: test online!
2026-09-16 03:11:44 [1345539] WARN  /home/kadir/mqtt-fuzzing/builds/nanomq-asan/nng/src/sp/transport/mqtt/broker_tcp.c:739 tcptran_pipe_recv_cb: Got invalid CONNECT from client!
2026-09-16 03:11:44 [1345539] WARN  /home/kadir/mqtt-fuzzing/builds/nanomq-asan/nng/src/sp/transport/mqtt/broker_tcp.c:895 tcptran_pipe_recv_cb: tcptran_pipe_recv_cb: recv_error rv: 129

2026-09-16 03:11:44 [1345541] WARN  /home/kadir/mqtt-fuzzing/builds/nanomq-asan/nng/src/sp/protocol/mqtt/mqtt_parser.c:1363 nano_msg_notify: test offline!
2026-09-16 03:11:44 [1345539] WARN  /home/kadir/mqtt-fuzzing/builds/nanomq-asan/nng/src/sp/protocol/mqtt/mqtt_parser.c:1359 nano_msg_notify: test online!
2026-09-16 03:11:44 [1345546] WARN  /home/kadir/mqtt-fuzzing/builds/nanomq-asan/nng/src/sp/transport/mqtt/broker_tcp.c:739 tcptran_pipe_recv_cb: Got invalid CONNECT from client!
2026-09-16 03:11:44 [1345546] WARN  /home/kadir/mqtt-fuzzing/builds/nanomq-asan/nng/src/sp/transport/mqtt/broker_tcp.c:895 tcptran_pipe_recv_cb: tcptran_pipe_recv_cb: recv_error rv: 129

2026-09-16 03:11:44 [1345544] WARN  /home/kadir/mqtt-fuzzing/builds/nanomq-asan/nng/src/sp/protocol/mqtt/mqtt_parser.c:1363 nano_msg_notify: test offline!
2026-09-16 03:11:44 [1345546] WARN  /home/kadir/mqtt-fuzzing/builds/nanomq-asan/nng/src/sp/protocol/mqtt/mqtt_parser.c:1359 nano_msg_notify: test online!
2026-09-16 03:11:44 [1345544] WARN  /home/kadir/mqtt-fuzzing/builds/nanomq-asan/nng/src/sp/transport/mqtt/broker_tcp.c:739 tcptran_pipe_recv_cb: Got invalid CONNECT from client!
2026-09-16 03:11:44 [1345544] WARN  /home/kadir/mqtt-fuzzing/builds/nanomq-asan/nng/src/sp/transport/mqtt/broker_tcp.c:895 tcptran_pipe_recv_cb: tcptran_pipe_recv_cb: recv_error rv: 129

2026-09-16 03:11:44 [1345541] WARN  /home/kadir/mqtt-fuzzing/builds/nanomq-asan/nng/src/sp/protocol/mqtt/mqtt_parser.c:1363 nano_msg_notify: test offline!
2026-09-16 03:11:44 [1345546] WARN  /home/kadir/mqtt-fuzzing/builds/nanomq-asan/nng/src/sp/protocol/mqtt/mqtt_parser.c:1359 nano_msg_notify: test online!
2026-09-16 03:11:44 [1345543] ERROR /home/kadir/mqtt-fuzzing/builds/nanomq-asan/nng/src/sp/transport/mqtt/broker_tcp.c:691 tcptran_pipe_recv_cb: Size of packet exceeds limitation: 0x95

2026-09-16 03:11:44 [1345543] WARN  /home/kadir/mqtt-fuzzing/builds/nanomq-asan/nng/src/sp/transport/mqtt/broker_tcp.c:895 tcptran_pipe_recv_cb: tcptran_pipe_recv_cb: recv_error rv: 149

2026-09-16 03:11:44 [1345543] WARN  /home/kadir/mqtt-fuzzing/builds/nanomq-asan/nng/src/sp/protocol/mqtt/mqtt_parser.c:1363 nano_msg_notify: test offline!
2026-09-16 03:11:44 [1345540] WARN  /home/kadir/mqtt-fuzzing/builds/nanomq-asan/nng/src/sp/protocol/mqtt/mqtt_parser.c:1359 nano_msg_notify: test online!
2026-09-16 03:11:44 [1345541] WARN  /home/kadir/mqtt-fuzzing/builds/nanomq-asan/nng/src/sp/transport/mqtt/broker_tcp.c:739 tcptran_pipe_recv_cb: Got invalid CONNECT from client!
2026-09-16 03:11:44 [1345541] WARN  /home/kadir/mqtt-fuzzing/builds/nanomq-asan/nng/src/sp/transport/mqtt/broker_tcp.c:895 tcptran_pipe_recv_cb: tcptran_pipe_recv_cb: recv_error rv: 129

2026-09-16 03:11:44 [1345544] WARN  /home/kadir/mqtt-fuzzing/builds/nanomq-asan/nng/src/sp/protocol/mqtt/mqtt_parser.c:1363 nano_msg_notify: test offline!
2026-09-16 03:11:44 [1345542] WARN  /home/kadir/mqtt-fuzzing/builds/nanomq-asan/nng/src/sp/protocol/mqtt/mqtt_parser.c:1359 nano_msg_notify: test online!
2026-09-16 03:11:44 [1345544] WARN  /home/kadir/mqtt-fuzzing/builds/nanomq-asan/nng/src/sp/transport/mqtt/broker_tcp.c:739 tcptran_pipe_recv_cb: Got invalid CONNECT from client!
2026-09-16 03:11:44 [1345544] WARN  /home/kadir/mqtt-fuzzing/builds/nanomq-asan/nng/src/sp/transport/mqtt/broker_tcp.c:895 tcptran_pipe_recv_cb: tcptran_pipe_recv_cb: recv_error rv: 129

2026-09-16 03:11:44 [1345545] WARN  /home/kadir/mqtt-fuzzing/builds/nanomq-asan/nng/src/sp/protocol/mqtt/mqtt_parser.c:1363 nano_msg_notify: test offline!
2026-09-16 03:11:44 [1345546] WARN  /home/kadir/mqtt-fuzzing/builds/nanomq-asan/nng/src/sp/transport/mqtt/broker_tcp.c:739 tcptran_pipe_recv_cb: Got invalid CONNECT from client!
2026-09-16 03:11:44 [1345542] WARN  /home/kadir/mqtt-fuzzing/builds/nanomq-asan/nng/src/sp/protocol/mqtt/mqtt_parser.c:1359 nano_msg_notify: test online!
2026-09-16 03:11:44 [1345546] WARN  /home/kadir/mqtt-fuzzing/builds/nanomq-asan/nng/src/sp/transport/mqtt/broker_tcp.c:895 tcptran_pipe_recv_cb: tcptran_pipe_recv_cb: recv_error rv: 129

2026-09-16 03:11:44 [1345540] WARN  /home/kadir/mqtt-fuzzing/builds/nanomq-asan/nng/src/sp/protocol/mqtt/mqtt_parser.c:1363 nano_msg_notify: test offline!
2026-09-16 03:11:44 [1345541] WARN  /home/kadir/mqtt-fuzzing/builds/nanomq-asan/nng/src/sp/protocol/mqtt/mqtt_parser.c:1359 nano_msg_notify: test online!
2026-09-16 03:11:44 [1345542] WARN  /home/kadir/mqtt-fuzzing/builds/nanomq-asan/nng/src/sp/transport/mqtt/broker_tcp.c:739 tcptran_pipe_recv_cb: Got invalid CONNECT from client!
2026-09-16 03:11:44 [1345542] WARN  /home/kadir/mqtt-fuzzing/builds/nanomq-asan/nng/src/sp/transport/mqtt/broker_tcp.c:895 tcptran_pipe_recv_cb: tcptran_pipe_recv_cb: recv_error rv: 129

2026-09-16 03:11:44 [1345545] WARN  /home/kadir/mqtt-fuzzing/builds/nanomq-asan/nng/src/sp/protocol/mqtt/mqtt_parser.c:1363 nano_msg_notify: test offline!
2026-09-16 03:11:44 [1345544] WARN  /home/kadir/mqtt-fuzzing/builds/nanomq-asan/nng/src/sp/protocol/mqtt/mqtt_parser.c:1359 nano_msg_notify: test online!
2026-09-16 03:11:44 [1345546] WARN  /home/kadir/mqtt-fuzzing/builds/nanomq-asan/nng/src/sp/transport/mqtt/broker_tcp.c:739 tcptran_pipe_recv_cb: Got invalid CONNECT from client!
2026-09-16 03:11:44 [1345546] WARN  /home/kadir/mqtt-fuzzing/builds/nanomq-asan/nng/src/sp/transport/mqtt/broker_tcp.c:895 tcptran_pipe_recv_cb: tcptran_pipe_recv_cb: recv_error rv: 129

2026-09-16 03:11:44 [1345545] WARN  /home/kadir/mqtt-fuzzing/builds/nanomq-asan/nng/src/sp/protocol/mqtt/mqtt_parser.c:1363 nano_msg_notify: test offline!
2026-09-16 03:11:44 [1345540] WARN  /home/kadir/mqtt-fuzzing/builds/nanomq-asan/nng/src/sp/protocol/mqtt/mqtt_parser.c:1359 nano_msg_notify: test online!
2026-09-16 03:11:44 [1345542] WARN  /home/kadir/mqtt-fuzzing/builds/nanomq-asan/nng/src/sp/transport/mqtt/broker_tcp.c:739 tcptran_pipe_recv_cb: Got invalid CONNECT from client!
2026-09-16 03:11:44 [1345542] WARN  /home/kadir/mqtt-fuzzing/builds/nanomq-asan/nng/src/sp/transport/mqtt/broker_tcp.c:895 tcptran_pipe_recv_cb: tcptran_pipe_recv_cb: recv_error rv: 129

2026-09-16 03:11:44 [1345540] WARN  /home/kadir/mqtt-fuzzing/builds/nanomq-asan/nng/src/sp/protocol/mqtt/mqtt_parser.c:1363 nano_msg_notify: test offline!
2026-09-16 03:11:44 [1345542] WARN  /home/kadir/mqtt-fuzzing/builds/nanomq-asan/nng/src/sp/protocol/mqtt/mqtt_parser.c:1359 nano_msg_notify: test online!
2026-09-16 03:11:44 [1345543] WARN  /home/kadir/mqtt-fuzzing/builds/nanomq-asan/nng/src/sp/transport/mqtt/broker_tcp.c:739 tcptran_pipe_recv_cb: Got invalid CONNECT from client!
2026-09-16 03:11:44 [1345543] WARN  /home/kadir/mqtt-fuzzing/builds/nanomq-asan/nng/src/sp/transport/mqtt/broker_tcp.c:895 tcptran_pipe_recv_cb: tcptran_pipe_recv_cb: recv_error rv: 129

2026-09-16 03:11:44 [1345539] WARN  /home/kadir/mqtt-fuzzing/builds/nanomq-asan/nng/src/sp/protocol/mqtt/mqtt_parser.c:1363 nano_msg_notify: test offline!
2026-09-16 03:11:44 [1345543] WARN  /home/kadir/mqtt-fuzzing/builds/nanomq-asan/nng/src/sp/protocol/mqtt/mqtt_parser.c:1359 nano_msg_notify: test online!
2026-09-16 03:11:44 [1345540] WARN  /home/kadir/mqtt-fuzzing/builds/nanomq-asan/nng/src/sp/transport/mqtt/broker_tcp.c:739 tcptran_pipe_recv_cb: Got invalid CONNECT from client!
2026-09-16 03:11:44 [1345540] WARN  /home/kadir/mqtt-fuzzing/builds/nanomq-asan/nng/src/sp/transport/mqtt/broker_tcp.c:895 tcptran_pipe_recv_cb: tcptran_pipe_recv_cb: recv_error rv: 129

2026-09-16 03:11:44 [1345539] WARN  /home/kadir/mqtt-fuzzing/builds/nanomq-asan/nng/src/sp/protocol/mqtt/mqtt_parser.c:1363 nano_msg_notify: test offline!
2026-09-16 03:11:44 [1345540] WARN  /home/kadir/mqtt-fuzzing/builds/nanomq-asan/nng/src/sp/protocol/mqtt/mqtt_parser.c:1359 nano_msg_notify: test online!
2026-09-16 03:11:44 [1345545] WARN  /home/kadir/mqtt-fuzzing/builds/nanomq-asan/nng/src/sp/transport/mqtt/broker_tcp.c:739 tcptran_pipe_recv_cb: Got invalid CONNECT from client!
2026-09-16 03:11:44 [1345545] WARN  /home/kadir/mqtt-fuzzing/builds/nanomq-asan/nng/src/sp/transport/mqtt/broker_tcp.c:895 tcptran_pipe_recv_cb: tcptran_pipe_recv_cb: recv_error rv: 129

2026-09-16 03:11:44 [1345542] WARN  /home/kadir/mqtt-fuzzing/builds/nanomq-asan/nng/src/sp/protocol/mqtt/mqtt_parser.c:1363 nano_msg_notify: test offline!
2026-09-16 03:11:44 [1345540] WARN  /home/kadir/mqtt-fuzzing/builds/nanomq-asan/nng/src/sp/protocol/mqtt/mqtt_parser.c:1359 nano_msg_notify: test online!
2026-09-16 03:11:44 [1345545] WARN  /home/kadir/mqtt-fuzzing/builds/nanomq-asan/nng/src/sp/transport/mqtt/broker_tcp.c:662 tcptran_pipe_recv_cb: MALFORMED_PACKET received.
2026-09-16 03:11:44 [1345545] WARN  /home/kadir/mqtt-fuzzing/builds/nanomq-asan/nng/src/sp/transport/mqtt/broker_tcp.c:895 tcptran_pipe_recv_cb: tcptran_pipe_recv_cb: recv_error rv: 17

2026-09-16 03:11:44 [1345544] WARN  /home/kadir/mqtt-fuzzing/builds/nanomq-asan/nng/src/sp/protocol/mqtt/mqtt_parser.c:1363 nano_msg_notify: test offline!
2026-09-16 03:11:44 [1345545] WARN  /home/kadir/mqtt-fuzzing/builds/nanomq-asan/nng/src/sp/protocol/mqtt/mqtt_parser.c:1359 nano_msg_notify: test online!
2026-09-16 03:11:44 [1345544] WARN  /home/kadir/mqtt-fuzzing/builds/nanomq-asan/nng/src/sp/transport/mqtt/broker_tcp.c:739 tcptran_pipe_recv_cb: Got invalid CONNECT from client!
2026-09-16 03:11:44 [1345544] WARN  /home/kadir/mqtt-fuzzing/builds/nanomq-asan/nng/src/sp/transport/mqtt/broker_tcp.c:895 tcptran_pipe_recv_cb: tcptran_pipe_recv_cb: recv_error rv: 129

2026-09-16 03:11:44 [1345546] WARN  /home/kadir/mqtt-fuzzing/builds/nanomq-asan/nng/src/sp/protocol/mqtt/mqtt_parser.c:1363 nano_msg_notify: test offline!
2026-09-16 03:11:44 [1345539] WARN  /home/kadir/mqtt-fuzzing/builds/nanomq-asan/nng/src/sp/protocol/mqtt/mqtt_parser.c:1359 nano_msg_notify: test online!
2026-09-16 03:11:44 [1345540] WARN  /home/kadir/mqtt-fuzzing/builds/nanomq-asan/nng/src/sp/transport/mqtt/broker_tcp.c:739 tcptran_pipe_recv_cb: Got invalid CONNECT from client!
2026-09-16 03:11:44 [1345540] WARN  /home/kadir/mqtt-fuzzing/builds/nanomq-asan/nng/src/sp/transport/mqtt/broker_tcp.c:895 tcptran_pipe_recv_cb: tcptran_pipe_recv_cb: recv_error rv: 129

2026-09-16 03:11:44 [1345546] WARN  /home/kadir/mqtt-fuzzing/builds/nanomq-asan/nng/src/sp/protocol/mqtt/mqtt_parser.c:1363 nano_msg_notify: test offline!
2026-09-16 03:11:44 [1345540] WARN  /home/kadir/mqtt-fuzzing/builds/nanomq-asan/nng/src/sp/protocol/mqtt/mqtt_parser.c:1359 nano_msg_notify: test online!
2026-09-16 03:11:44 [1345539] WARN  /home/kadir/mqtt-fuzzing/builds/nanomq-asan/nng/src/sp/transport/mqtt/broker_tcp.c:739 tcptran_pipe_recv_cb: Got invalid CONNECT from client!
2026-09-16 03:11:44 [1345539] WARN  /home/kadir/mqtt-fuzzing/builds/nanomq-asan/nng/src/sp/transport/mqtt/broker_tcp.c:895 tcptran_pipe_recv_cb: tcptran_pipe_recv_cb: recv_error rv: 129

2026-09-16 03:11:44 [1345542] WARN  /home/kadir/mqtt-fuzzing/builds/nanomq-asan/nng/src/sp/protocol/mqtt/mqtt_parser.c:1363 nano_msg_notify: test offline!
2026-09-16 03:11:44 [1345540] WARN  /home/kadir/mqtt-fuzzing/builds/nanomq-asan/nng/src/sp/protocol/mqtt/mqtt_parser.c:1359 nano_msg_notify: test online!
2026-09-16 03:11:44 [1345543] WARN  /home/kadir/mqtt-fuzzing/builds/nanomq-asan/nng/src/sp/transport/mqtt/broker_tcp.c:628 tcptran_pipe_recv_cb: nni aio recv error!! Connection shutdown

2026-09-16 03:11:44 [1345543] WARN  /home/kadir/mqtt-fuzzing/builds/nanomq-asan/nng/src/sp/transport/mqtt/broker_tcp.c:895 tcptran_pipe_recv_cb: tcptran_pipe_recv_cb: recv_error rv: 139

2026-09-16 03:11:44 [1345542] WARN  /home/kadir/mqtt-fuzzing/builds/nanomq-asan/nng/src/sp/protocol/mqtt/mqtt_parser.c:1363 nano_msg_notify: test offline!
2026-09-16 03:11:44 [1345541] WARN  /home/kadir/mqtt-fuzzing/builds/nanomq-asan/nng/src/sp/protocol/mqtt/mqtt_parser.c:1359 nano_msg_notify: test online!
2026-09-16 03:11:44 [1345546] WARN  /home/kadir/mqtt-fuzzing/builds/nanomq-asan/nng/src/sp/transport/mqtt/broker_tcp.c:628 tcptran_pipe_recv_cb: nni aio recv error!! Connection shutdown

2026-09-16 03:11:44 [1345546] WARN  /home/kadir/mqtt-fuzzing/builds/nanomq-asan/nng/src/sp/transport/mqtt/broker_tcp.c:895 tcptran_pipe_recv_cb: tcptran_pipe_recv_cb: recv_error rv: 139

2026-09-16 03:11:44 [1345543] WARN  /home/kadir/mqtt-fuzzing/builds/nanomq-asan/nng/src/sp/protocol/mqtt/mqtt_parser.c:1363 nano_msg_notify: test offline!
2026-09-16 03:11:44 [1345539] WARN  /home/kadir/mqtt-fuzzing/builds/nanomq-asan/nng/src/sp/protocol/mqtt/mqtt_parser.c:1359 nano_msg_notify: test online!
2026-09-16 03:11:44 [1345542] WARN  /home/kadir/mqtt-fuzzing/builds/nanomq-asan/nng/src/sp/transport/mqtt/broker_tcp.c:895 tcptran_pipe_recv_cb: tcptran_pipe_recv_cb: recv_error rv: 153

2026-09-16 03:11:44 [1345545] WARN  /home/kadir/mqtt-fuzzing/builds/nanomq-asan/nng/src/sp/protocol/mqtt/mqtt_parser.c:1363 nano_msg_notify: test offline!
2026-09-16 03:11:44 [1345542] WARN  /home/kadir/mqtt-fuzzing/builds/nanomq-asan/nng/src/sp/protocol/mqtt/mqtt_parser.c:1359 nano_msg_notify: test online!
2026-09-16 03:11:44 [1345543] WARN  /home/kadir/mqtt-fuzzing/builds/nanomq-asan/nng/src/sp/transport/mqtt/broker_tcp.c:739 tcptran_pipe_recv_cb: Got invalid CONNECT from client!
2026-09-16 03:11:44 [1345543] WARN  /home/kadir/mqtt-fuzzing/builds/nanomq-asan/nng/src/sp/transport/mqtt/broker_tcp.c:895 tcptran_pipe_recv_cb: tcptran_pipe_recv_cb: recv_error rv: 129

2026-09-16 03:11:44 [1345545] WARN  /home/kadir/mqtt-fuzzing/builds/nanomq-asan/nng/src/sp/protocol/mqtt/mqtt_parser.c:1363 nano_msg_notify: test offline!
2026-09-16 03:11:44 [1345543] WARN  /home/kadir/mqtt-fuzzing/builds/nanomq-asan/nng/src/sp/protocol/mqtt/mqtt_parser.c:1359 nano_msg_notify: test online!
2026-09-16 03:11:44 [1345545] WARN  /home/kadir/mqtt-fuzzing/builds/nanomq-asan/nng/src/sp/transport/mqtt/broker_tcp.c:739 tcptran_pipe_recv_cb: Got invalid CONNECT from client!
2026-09-16 03:11:44 [1345545] WARN  /home/kadir/mqtt-fuzzing/builds/nanomq-asan/nng/src/sp/transport/mqtt/broker_tcp.c:895 tcptran_pipe_recv_cb: tcptran_pipe_recv_cb: recv_error rv: 129

2026-09-16 03:11:44 [1345541] WARN  /home/kadir/mqtt-fuzzing/builds/nanomq-asan/nng/src/sp/protocol/mqtt/mqtt_parser.c:1363 nano_msg_notify: test offline!
2026-09-16 03:11:44 [1345544] WARN  /home/kadir/mqtt-fuzzing/builds/nanomq-asan/nng/src/sp/protocol/mqtt/mqtt_parser.c:1359 nano_msg_notify: test online!
2026-09-16 03:11:44 [1345539] WARN  /home/kadir/mqtt-fuzzing/builds/nanomq-asan/nng/src/sp/transport/mqtt/broker_tcp.c:628 tcptran_pipe_recv_cb: nni aio recv error!! Connection shutdown

2026-09-16 03:11:44 [1345539] WARN  /home/kadir/mqtt-fuzzing/builds/nanomq-asan/nng/src/sp/transport/mqtt/broker_tcp.c:895 tcptran_pipe_recv_cb: tcptran_pipe_recv_cb: recv_error rv: 139

2026-09-16 03:11:44 [1345543] WARN  /home/kadir/mqtt-fuzzing/builds/nanomq-asan/nng/src/sp/protocol/mqtt/mqtt_parser.c:1363 nano_msg_notify: test offline!
2026-09-16 03:11:44 [1345542] WARN  /home/kadir/mqtt-fuzzing/builds/nanomq-asan/nng/src/sp/protocol/mqtt/mqtt_parser.c:1359 nano_msg_notify: test online!
2026-09-16 03:11:44 [1345545] WARN  /home/kadir/mqtt-fuzzing/builds/nanomq-asan/nng/src/sp/transport/mqtt/broker_tcp.c:739 tcptran_pipe_recv_cb: Got invalid CONNECT from client!
2026-09-16 03:11:44 [1345545] WARN  /home/kadir/mqtt-fuzzing/builds/nanomq-asan/nng/src/sp/transport/mqtt/broker_tcp.c:895 tcptran_pipe_recv_cb: tcptran_pipe_recv_cb: recv_error rv: 129

2026-09-16 03:11:44 [1345541] WARN  /home/kadir/mqtt-fuzzing/builds/nanomq-asan/nng/src/sp/protocol/mqtt/mqtt_parser.c:1363 nano_msg_notify: test offline!
2026-09-16 03:11:44 [1345545] WARN  /home/kadir/mqtt-fuzzing/builds/nanomq-asan/nng/src/sp/protocol/mqtt/mqtt_parser.c:1359 nano_msg_notify: test online!
2026-09-16 03:11:44 [1345541] WARN  /home/kadir/mqtt-fuzzing/builds/nanomq-asan/nng/src/sp/transport/mqtt/broker_tcp.c:739 tcptran_pipe_recv_cb: Got invalid CONNECT from client!
2026-09-16 03:11:44 [1345541] WARN  /home/kadir/mqtt-fuzzing/builds/nanomq-asan/nng/src/sp/transport/mqtt/broker_tcp.c:895 tcptran_pipe_recv_cb: tcptran_pipe_recv_cb: recv_error rv: 129

2026-09-16 03:11:44 [1345540] WARN  /home/kadir/mqtt-fuzzing/builds/nanomq-asan/nng/src/sp/protocol/mqtt/mqtt_parser.c:1363 nano_msg_notify: test offline!
2026-09-16 03:11:44 [1345545] WARN  /home/kadir/mqtt-fuzzing/builds/nanomq-asan/nng/src/sp/protocol/mqtt/mqtt_parser.c:1359 nano_msg_notify: test online!
2026-09-16 03:11:44 [1345546] WARN  /home/kadir/mqtt-fuzzing/builds/nanomq-asan/nng/src/sp/transport/mqtt/broker_tcp.c:739 tcptran_pipe_recv_cb: Got invalid CONNECT from client!
2026-09-16 03:11:44 [1345546] WARN  /home/kadir/mqtt-fuzzing/builds/nanomq-asan/nng/src/sp/transport/mqtt/broker_tcp.c:895 tcptran_pipe_recv_cb: tcptran_pipe_recv_cb: recv_error rv: 129

2026-09-16 03:11:44 [1345546] WARN  /home/kadir/mqtt-fuzzing/builds/nanomq-asan/nng/src/sp/protocol/mqtt/mqtt_parser.c:1363 nano_msg_notify: test offline!
2026-09-16 03:11:44 [1345545] WARN  /home/kadir/mqtt-fuzzing/builds/nanomq-asan/nng/src/sp/protocol/mqtt/mqtt_parser.c:1359 nano_msg_notify: test online!
2026-09-16 03:11:45 [1345546] WARN  /home/kadir/mqtt-fuzzing/builds/nanomq-asan/nng/src/sp/transport/mqtt/broker_tcp.c:628 tcptran_pipe_recv_cb: nni aio recv error!! Connection shutdown

2026-09-16 03:11:45 [1345546] WARN  /home/kadir/mqtt-fuzzing/builds/nanomq-asan/nng/src/sp/transport/mqtt/broker_tcp.c:895 tcptran_pipe_recv_cb: tcptran_pipe_recv_cb: recv_error rv: 139

2026-09-16 03:11:45 [1345544] WARN  /home/kadir/mqtt-fuzzing/builds/nanomq-asan/nng/src/sp/protocol/mqtt/mqtt_parser.c:1363 nano_msg_notify: test offline!
2026-09-16 03:11:45 [1345545] WARN  /home/kadir/mqtt-fuzzing/builds/nanomq-asan/nng/src/sp/protocol/mqtt/mqtt_parser.c:1359 nano_msg_notify: test online!
2026-09-16 03:11:45 [1345544] WARN  /home/kadir/mqtt-fuzzing/builds/nanomq-asan/nng/src/sp/transport/mqtt/broker_tcp.c:739 tcptran_pipe_recv_cb: Got invalid CONNECT from client!
2026-09-16 03:11:45 [1345544] WARN  /home/kadir/mqtt-fuzzing/builds/nanomq-asan/nng/src/sp/transport/mqtt/broker_tcp.c:895 tcptran_pipe_recv_cb: tcptran_pipe_recv_cb: recv_error rv: 129

2026-09-16 03:11:45 [1345541] WARN  /home/kadir/mqtt-fuzzing/builds/nanomq-asan/nng/src/sp/protocol/mqtt/mqtt_parser.c:1363 nano_msg_notify: test offline!
2026-09-16 03:11:45 [1345545] WARN  /home/kadir/mqtt-fuzzing/builds/nanomq-asan/nng/src/sp/protocol/mqtt/mqtt_parser.c:1359 nano_msg_notify: test online!
2026-09-16 03:11:45 [1345546] WARN  /home/kadir/mqtt-fuzzing/builds/nanomq-asan/nng/src/sp/transport/mqtt/broker_tcp.c:739 tcptran_pipe_recv_cb: Got invalid CONNECT from client!
2026-09-16 03:11:45 [1345546] WARN  /home/kadir/mqtt-fuzzing/builds/nanomq-asan/nng/src/sp/transport/mqtt/broker_tcp.c:895 tcptran_pipe_recv_cb: tcptran_pipe_recv_cb: recv_error rv: 129

2026-09-16 03:11:45 [1345541] WARN  /home/kadir/mqtt-fuzzing/builds/nanomq-asan/nng/src/sp/protocol/mqtt/mqtt_parser.c:1363 nano_msg_notify: test offline!
2026-09-16 03:11:45 [1345542] WARN  /home/kadir/mqtt-fuzzing/builds/nanomq-asan/nng/src/sp/protocol/mqtt/mqtt_parser.c:1359 nano_msg_notify: test online!
2026-09-16 03:11:45 [1345544] WARN  /home/kadir/mqtt-fuzzing/builds/nanomq-asan/nng/src/sp/transport/mqtt/broker_tcp.c:739 tcptran_pipe_recv_cb: Got invalid CONNECT from client!
2026-09-16 03:11:45 [1345544] WARN  /home/kadir/mqtt-fuzzing/builds/nanomq-asan/nng/src/sp/transport/mqtt/broker_tcp.c:895 tcptran_pipe_recv_cb: tcptran_pipe_recv_cb: recv_error rv: 129

2026-09-16 03:11:45 [1345543] WARN  /home/kadir/mqtt-fuzzing/builds/nanomq-asan/nng/src/sp/protocol/mqtt/mqtt_parser.c:1363 nano_msg_notify: test offline!
2026-09-16 03:11:45 [1345544] WARN  /home/kadir/mqtt-fuzzing/builds/nanomq-asan/nng/src/sp/protocol/mqtt/mqtt_parser.c:1359 nano_msg_notify: test online!
2026-09-16 03:11:45 [1345541] WARN  /home/kadir/mqtt-fuzzing/builds/nanomq-asan/nng/src/sp/transport/mqtt/broker_tcp.c:739 tcptran_pipe_recv_cb: Got invalid CONNECT from client!
2026-09-16 03:11:45 [1345541] WARN  /home/kadir/mqtt-fuzzing/builds/nanomq-asan/nng/src/sp/transport/mqtt/broker_tcp.c:895 tcptran_pipe_recv_cb: tcptran_pipe_recv_cb: recv_error rv: 129

2026-09-16 03:11:45 [1345540] WARN  /home/kadir/mqtt-fuzzing/builds/nanomq-asan/nng/src/sp/protocol/mqtt/mqtt_parser.c:1363 nano_msg_notify: test offline!
2026-09-16 03:11:45 [1345541] WARN  /home/kadir/mqtt-fuzzing/builds/nanomq-asan/nng/src/sp/protocol/mqtt/mqtt_parser.c:1359 nano_msg_notify: test online!
2026-09-16 03:11:45 [1345546] WARN  /home/kadir/mqtt-fuzzing/builds/nanomq-asan/nng/src/sp/transport/mqtt/broker_tcp.c:628 tcptran_pipe_recv_cb: nni aio recv error!! Connection shutdown

2026-09-16 03:11:45 [1345546] WARN  /home/kadir/mqtt-fuzzing/builds/nanomq-asan/nng/src/sp/transport/mqtt/broker_tcp.c:895 tcptran_pipe_recv_cb: tcptran_pipe_recv_cb: recv_error rv: 139

2026-09-16 03:11:45 [1345545] WARN  /home/kadir/mqtt-fuzzing/builds/nanomq-asan/nng/src/sp/protocol/mqtt/mqtt_parser.c:1363 nano_msg_notify: test offline!
2026-09-16 03:11:45 [1345546] WARN  /home/kadir/mqtt-fuzzing/builds/nanomq-asan/nng/src/sp/protocol/mqtt/mqtt_parser.c:1359 nano_msg_notify: test online!
2026-09-16 03:11:45 [1345542] WARN  /home/kadir/mqtt-fuzzing/builds/nanomq-asan/nng/src/sp/transport/mqtt/broker_tcp.c:739 tcptran_pipe_recv_cb: Got invalid CONNECT from client!
2026-09-16 03:11:45 [1345542] WARN  /home/kadir/mqtt-fuzzing/builds/nanomq-asan/nng/src/sp/transport/mqtt/broker_tcp.c:895 tcptran_pipe_recv_cb: tcptran_pipe_recv_cb: recv_error rv: 129

2026-09-16 03:11:45 [1345543] WARN  /home/kadir/mqtt-fuzzing/builds/nanomq-asan/nng/src/sp/protocol/mqtt/mqtt_parser.c:1363 nano_msg_notify: test offline!
2026-09-16 03:11:45 [1345540] WARN  /home/kadir/mqtt-fuzzing/builds/nanomq-asan/nng/src/sp/protocol/mqtt/mqtt_parser.c:1359 nano_msg_notify: test online!
2026-09-16 03:11:45 [1345543] WARN  /home/kadir/mqtt-fuzzing/builds/nanomq-asan/nng/src/sp/transport/mqtt/broker_tcp.c:739 tcptran_pipe_recv_cb: Got invalid CONNECT from client!
2026-09-16 03:11:45 [1345543] WARN  /home/kadir/mqtt-fuzzing/builds/nanomq-asan/nng/src/sp/transport/mqtt/broker_tcp.c:895 tcptran_pipe_recv_cb: tcptran_pipe_recv_cb: recv_error rv: 129

2026-09-16 03:11:45 [1345544] WARN  /home/kadir/mqtt-fuzzing/builds/nanomq-asan/nng/src/sp/protocol/mqtt/mqtt_parser.c:1363 nano_msg_notify: test offline!
2026-09-16 03:11:45 [1345545] WARN  /home/kadir/mqtt-fuzzing/builds/nanomq-asan/nng/src/sp/protocol/mqtt/mqtt_parser.c:1359 nano_msg_notify: test online!
2026-09-16 03:11:45 [1345541] WARN  /home/kadir/mqtt-fuzzing/builds/nanomq-asan/nng/src/sp/transport/mqtt/broker_tcp.c:895 tcptran_pipe_recv_cb: tcptran_pipe_recv_cb: recv_error rv: 153

2026-09-16 03:11:45 [1345541] WARN  /home/kadir/mqtt-fuzzing/builds/nanomq-asan/nng/src/sp/protocol/mqtt/mqtt_parser.c:1363 nano_msg_notify: test offline!
2026-09-16 03:11:45 [1345541] WARN  /home/kadir/mqtt-fuzzing/builds/nanomq-asan/nng/src/sp/protocol/mqtt/mqtt_parser.c:1359 nano_msg_notify: test online!
2026-09-16 03:11:45 [1345546] ERROR /home/kadir/mqtt-fuzzing/builds/nanomq-asan/nng/src/sp/transport/mqtt/broker_tcp.c:785 tcptran_pipe_recv_cb: decode PUBREC variable header failed!
2026-09-16 03:11:45 [1345546] WARN  /home/kadir/mqtt-fuzzing/builds/nanomq-asan/nng/src/sp/transport/mqtt/broker_tcp.c:895 tcptran_pipe_recv_cb: tcptran_pipe_recv_cb: recv_error rv: 3

2026-09-16 03:11:45 [1345543] WARN  /home/kadir/mqtt-fuzzing/builds/nanomq-asan/nng/src/sp/protocol/mqtt/mqtt_parser.c:1363 nano_msg_notify: test offline!
2026-09-16 03:11:45 [1345539] WARN  /home/kadir/mqtt-fuzzing/builds/nanomq-asan/nng/src/sp/protocol/mqtt/mqtt_parser.c:1359 nano_msg_notify: test online!
2026-09-16 03:11:45 [1345546] WARN  /home/kadir/mqtt-fuzzing/builds/nanomq-asan/nng/src/sp/transport/mqtt/broker_tcp.c:662 tcptran_pipe_recv_cb: MALFORMED_PACKET received.
2026-09-16 03:11:45 [1345546] WARN  /home/kadir/mqtt-fuzzing/builds/nanomq-asan/nng/src/sp/transport/mqtt/broker_tcp.c:895 tcptran_pipe_recv_cb: tcptran_pipe_recv_cb: recv_error rv: 17

2026-09-16 03:11:45 [1345544] WARN  /home/kadir/mqtt-fuzzing/builds/nanomq-asan/nng/src/sp/protocol/mqtt/mqtt_parser.c:1363 nano_msg_notify: test offline!
2026-09-16 03:11:45 [1345542] WARN  /home/kadir/mqtt-fuzzing/builds/nanomq-asan/nng/src/sp/protocol/mqtt/mqtt_parser.c:1359 nano_msg_notify: test online!
2026-09-16 03:11:45 [1345546] WARN  /home/kadir/mqtt-fuzzing/builds/nanomq-asan/nng/src/sp/transport/mqtt/broker_tcp.c:628 tcptran_pipe_recv_cb: nni aio recv error!! Connection shutdown

2026-09-16 03:11:45 [1345546] WARN  /home/kadir/mqtt-fuzzing/builds/nanomq-asan/nng/src/sp/transport/mqtt/broker_tcp.c:895 tcptran_pipe_recv_cb: tcptran_pipe_recv_cb: recv_error rv: 139

2026-09-16 03:11:45 [1345540] WARN  /home/kadir/mqtt-fuzzing/builds/nanomq-asan/nng/src/sp/protocol/mqtt/mqtt_parser.c:1363 nano_msg_notify: test offline!
2026-09-16 03:11:45 [1345546] WARN  /home/kadir/mqtt-fuzzing/builds/nanomq-asan/nng/src/sp/protocol/mqtt/mqtt_parser.c:1359 nano_msg_notify: test online!
2026-09-16 03:11:45 [1345544] WARN  /home/kadir/mqtt-fuzzing/builds/nanomq-asan/nng/src/sp/transport/mqtt/broker_tcp.c:739 tcptran_pipe_recv_cb: Got invalid CONNECT from client!
2026-09-16 03:11:45 [1345544] WARN  /home/kadir/mqtt-fuzzing/builds/nanomq-asan/nng/src/sp/transport/mqtt/broker_tcp.c:895 tcptran_pipe_recv_cb: tcptran_pipe_recv_cb: recv_error rv: 129

2026-09-16 03:11:45 [1345543] WARN  /home/kadir/mqtt-fuzzing/builds/nanomq-asan/nng/src/sp/protocol/mqtt/mqtt_parser.c:1363 nano_msg_notify: test offline!
2026-09-16 03:11:45 [1345539] WARN  /home/kadir/mqtt-fuzzing/builds/nanomq-asan/nng/src/sp/protocol/mqtt/mqtt_parser.c:1359 nano_msg_notify: test online!
2026-09-16 03:11:45 [1345540] WARN  /home/kadir/mqtt-fuzzing/builds/nanomq-asan/nng/src/sp/transport/mqtt/broker_tcp.c:628 tcptran_pipe_recv_cb: nni aio recv error!! Connection shutdown

2026-09-16 03:11:45 [1345540] WARN  /home/kadir/mqtt-fuzzing/builds/nanomq-asan/nng/src/sp/transport/mqtt/broker_tcp.c:895 tcptran_pipe_recv_cb: tcptran_pipe_recv_cb: recv_error rv: 139

2026-09-16 03:11:45 [1345540] WARN  /home/kadir/mqtt-fuzzing/builds/nanomq-asan/nng/src/sp/protocol/mqtt/mqtt_parser.c:1363 nano_msg_notify: test offline!
2026-09-16 03:11:45 [1345541] WARN  /home/kadir/mqtt-fuzzing/builds/nanomq-asan/nng/src/sp/protocol/mqtt/mqtt_parser.c:1359 nano_msg_notify: test online!
2026-09-16 03:11:45 [1345546] WARN  /home/kadir/mqtt-fuzzing/builds/nanomq-asan/nng/src/sp/transport/mqtt/broker_tcp.c:739 tcptran_pipe_recv_cb: Got invalid CONNECT from client!
2026-09-16 03:11:45 [1345546] WARN  /home/kadir/mqtt-fuzzing/builds/nanomq-asan/nng/src/sp/transport/mqtt/broker_tcp.c:895 tcptran_pipe_recv_cb: tcptran_pipe_recv_cb: recv_error rv: 129

2026-09-16 03:11:45 [1345539] WARN  /home/kadir/mqtt-fuzzing/builds/nanomq-asan/nng/src/sp/protocol/mqtt/mqtt_parser.c:1363 nano_msg_notify: test offline!
2026-09-16 03:11:45 [1345546] WARN  /home/kadir/mqtt-fuzzing/builds/nanomq-asan/nng/src/sp/protocol/mqtt/mqtt_parser.c:1359 nano_msg_notify: test online!
2026-09-16 03:11:45 [1345540] WARN  /home/kadir/mqtt-fuzzing/builds/nanomq-asan/nng/src/sp/transport/mqtt/broker_tcp.c:739 tcptran_pipe_recv_cb: Got invalid CONNECT from client!
2026-09-16 03:11:45 [1345540] WARN  /home/kadir/mqtt-fuzzing/builds/nanomq-asan/nng/src/sp/transport/mqtt/broker_tcp.c:895 tcptran_pipe_recv_cb: tcptran_pipe_recv_cb: recv_error rv: 129

2026-09-16 03:11:45 [1345540] WARN  /home/kadir/mqtt-fuzzing/builds/nanomq-asan/nng/src/sp/protocol/mqtt/mqtt_parser.c:1363 nano_msg_notify: test offline!
2026-09-16 03:11:45 [1345540] WARN  /home/kadir/mqtt-fuzzing/builds/nanomq-asan/nng/src/sp/protocol/mqtt/mqtt_parser.c:1359 nano_msg_notify: test online!
2026-09-16 03:11:45 [1345545] WARN  /home/kadir/mqtt-fuzzing/builds/nanomq-asan/nng/src/sp/transport/mqtt/broker_tcp.c:739 tcptran_pipe_recv_cb: Got invalid CONNECT from client!
2026-09-16 03:11:45 [1345545] WARN  /home/kadir/mqtt-fuzzing/builds/nanomq-asan/nng/src/sp/transport/mqtt/broker_tcp.c:895 tcptran_pipe_recv_cb: tcptran_pipe_recv_cb: recv_error rv: 129

2026-09-16 03:11:45 [1345539] WARN  /home/kadir/mqtt-fuzzing/builds/nanomq-asan/nng/src/sp/protocol/mqtt/mqtt_parser.c:1363 nano_msg_notify: test offline!
2026-09-16 03:11:45 [1345544] WARN  /home/kadir/mqtt-fuzzing/builds/nanomq-asan/nng/src/sp/protocol/mqtt/mqtt_parser.c:1359 nano_msg_notify: test online!
2026-09-16 03:11:45 [1345541] WARN  /home/kadir/mqtt-fuzzing/builds/nanomq-asan/nng/src/sp/transport/mqtt/broker_tcp.c:739 tcptran_pipe_recv_cb: Got invalid CONNECT from client!
2026-09-16 03:11:45 [1345542] WARN  /home/kadir/mqtt-fuzzing/builds/nanomq-asan/nng/src/sp/protocol/mqtt/mqtt_parser.c:1363 nano_msg_notify: test offline!
2026-09-16 03:11:45 [1345541] WARN  /home/kadir/mqtt-fuzzing/builds/nanomq-asan/nng/src/sp/transport/mqtt/broker_tcp.c:895 tcptran_pipe_recv_cb: tcptran_pipe_recv_cb: recv_error rv: 129

2026-09-16 03:11:45 [1345542] WARN  /home/kadir/mqtt-fuzzing/builds/nanomq-asan/nng/src/sp/protocol/mqtt/mqtt_parser.c:1359 nano_msg_notify: test online!
2026-09-16 03:11:45 [1345546] WARN  /home/kadir/mqtt-fuzzing/builds/nanomq-asan/nng/src/sp/transport/mqtt/broker_tcp.c:628 tcptran_pipe_recv_cb: nni aio recv error!! Connection shutdown

2026-09-16 03:11:45 [1345546] WARN  /home/kadir/mqtt-fuzzing/builds/nanomq-asan/nng/src/sp/transport/mqtt/broker_tcp.c:895 tcptran_pipe_recv_cb: tcptran_pipe_recv_cb: recv_error rv: 139

2026-09-16 03:11:45 [1345543] WARN  /home/kadir/mqtt-fuzzing/builds/nanomq-asan/nng/src/sp/protocol/mqtt/mqtt_parser.c:1363 nano_msg_notify: test offline!
2026-09-16 03:11:45 [1345540] WARN  /home/kadir/mqtt-fuzzing/builds/nanomq-asan/nng/src/sp/protocol/mqtt/mqtt_parser.c:1359 nano_msg_notify: test online!
2026-09-16 03:11:45 [1345539] WARN  /home/kadir/mqtt-fuzzing/builds/nanomq-asan/nng/src/sp/transport/mqtt/broker_tcp.c:739 tcptran_pipe_recv_cb: Got invalid CONNECT from client!
2026-09-16 03:11:45 [1345539] WARN  /home/kadir/mqtt-fuzzing/builds/nanomq-asan/nng/src/sp/transport/mqtt/broker_tcp.c:895 tcptran_pipe_recv_cb: tcptran_pipe_recv_cb: recv_error rv: 129

2026-09-16 03:11:45 [1345543] WARN  /home/kadir/mqtt-fuzzing/builds/nanomq-asan/nng/src/sp/protocol/mqtt/mqtt_parser.c:1363 nano_msg_notify: test offline!
2026-09-16 03:11:45 [1345545] WARN  /home/kadir/mqtt-fuzzing/builds/nanomq-asan/nng/src/sp/protocol/mqtt/mqtt_parser.c:1359 nano_msg_notify: test online!
2026-09-16 03:11:45 [1345540] WARN  /home/kadir/mqtt-fuzzing/builds/nanomq-asan/nng/src/sp/transport/mqtt/broker_tcp.c:739 tcptran_pipe_recv_cb: Got invalid CONNECT from client!
2026-09-16 03:11:45 [1345540] WARN  /home/kadir/mqtt-fuzzing/builds/nanomq-asan/nng/src/sp/transport/mqtt/broker_tcp.c:895 tcptran_pipe_recv_cb: tcptran_pipe_recv_cb: recv_error rv: 129

2026-09-16 03:11:45 [1345539] WARN  /home/kadir/mqtt-fuzzing/builds/nanomq-asan/nng/src/sp/protocol/mqtt/mqtt_parser.c:1363 nano_msg_notify: test offline!
2026-09-16 03:11:45 [1345541] WARN  /home/kadir/mqtt-fuzzing/builds/nanomq-asan/nng/src/sp/protocol/mqtt/mqtt_parser.c:1359 nano_msg_notify: test online!
2026-09-16 03:11:45 [1345544] WARN  /home/kadir/mqtt-fuzzing/builds/nanomq-asan/nng/src/sp/transport/mqtt/broker_tcp.c:739 tcptran_pipe_recv_cb: Got invalid CONNECT from client!
2026-09-16 03:11:45 [1345544] WARN  /home/kadir/mqtt-fuzzing/builds/nanomq-asan/nng/src/sp/transport/mqtt/broker_tcp.c:895 tcptran_pipe_recv_cb: tcptran_pipe_recv_cb: recv_error rv: 129

2026-09-16 03:11:45 [1345539] WARN  /home/kadir/mqtt-fuzzing/builds/nanomq-asan/nng/src/sp/protocol/mqtt/mqtt_parser.c:1363 nano_msg_notify: test offline!
2026-09-16 03:11:45 [1345543] WARN  /home/kadir/mqtt-fuzzing/builds/nanomq-asan/nng/src/sp/protocol/mqtt/mqtt_parser.c:1359 nano_msg_notify: test online!
2026-09-16 03:11:45 [1345539] WARN  /home/kadir/mqtt-fuzzing/builds/nanomq-asan/nng/src/sp/transport/mqtt/broker_tcp.c:739 tcptran_pipe_recv_cb: Got invalid CONNECT from client!
2026-09-16 03:11:45 [1345539] WARN  /home/kadir/mqtt-fuzzing/builds/nanomq-asan/nng/src/sp/transport/mqtt/broker_tcp.c:895 tcptran_pipe_recv_cb: tcptran_pipe_recv_cb: recv_error rv: 129

2026-09-16 03:11:45 [1345546] WARN  /home/kadir/mqtt-fuzzing/builds/nanomq-asan/nng/src/sp/protocol/mqtt/mqtt_parser.c:1363 nano_msg_notify: test offline!
2026-09-16 03:11:45 [1345541] WARN  /home/kadir/mqtt-fuzzing/builds/nanomq-asan/nng/src/sp/protocol/mqtt/mqtt_parser.c:1359 nano_msg_notify: test online!
2026-09-16 03:11:45 [1345545] WARN  /home/kadir/mqtt-fuzzing/builds/nanomq-asan/nng/src/sp/transport/mqtt/broker_tcp.c:739 tcptran_pipe_recv_cb: Got invalid CONNECT from client!
2026-09-16 03:11:45 [1345545] WARN  /home/kadir/mqtt-fuzzing/builds/nanomq-asan/nng/src/sp/transport/mqtt/broker_tcp.c:895 tcptran_pipe_recv_cb: tcptran_pipe_recv_cb: recv_error rv: 129

2026-09-16 03:11:45 [1345545] WARN  /home/kadir/mqtt-fuzzing/builds/nanomq-asan/nng/src/sp/protocol/mqtt/mqtt_parser.c:1363 nano_msg_notify: test offline!
2026-09-16 03:11:45 [1345540] WARN  /home/kadir/mqtt-fuzzing/builds/nanomq-asan/nng/src/sp/protocol/mqtt/mqtt_parser.c:1359 nano_msg_notify: test online!
2026-09-16 03:11:45 [1345544] WARN  /home/kadir/mqtt-fuzzing/builds/nanomq-asan/nng/src/sp/transport/mqtt/broker_tcp.c:739 tcptran_pipe_recv_cb: Got invalid CONNECT from client!
2026-09-16 03:11:45 [1345544] WARN  /home/kadir/mqtt-fuzzing/builds/nanomq-asan/nng/src/sp/transport/mqtt/broker_tcp.c:895 tcptran_pipe_recv_cb: tcptran_pipe_recv_cb: recv_error rv: 129

2026-09-16 03:11:45 [1345543] WARN  /home/kadir/mqtt-fuzzing/builds/nanomq-asan/nng/src/sp/protocol/mqtt/mqtt_parser.c:1363 nano_msg_notify: test offline!
2026-09-16 03:11:45 [1345543] WARN  /home/kadir/mqtt-fuzzing/builds/nanomq-asan/nng/src/sp/transport/mqtt/broker_tcp.c:739 tcptran_pipe_recv_cb: Got invalid CONNECT from client!
2026-09-16 03:11:45 [1345543] WARN  /home/kadir/mqtt-fuzzing/builds/nanomq-asan/nng/src/sp/transport/mqtt/broker_tcp.c:895 tcptran_pipe_recv_cb: tcptran_pipe_recv_cb: recv_error rv: 129

2026-09-16 03:11:45 [1345541] WARN  /home/kadir/mqtt-fuzzing/builds/nanomq-asan/nng/src/sp/protocol/mqtt/mqtt_parser.c:1363 nano_msg_notify: test offline!
2026-09-16 03:11:45 [1345539] WARN  /home/kadir/mqtt-fuzzing/builds/nanomq-asan/nng/src/sp/protocol/mqtt/mqtt_parser.c:1359 nano_msg_notify: test online!
2026-09-16 03:11:45 [1345543] WARN  /home/kadir/mqtt-fuzzing/builds/nanomq-asan/nng/src/sp/protocol/mqtt/mqtt_parser.c:1359 nano_msg_notify: test online!
2026-09-16 03:11:45 [1345539] WARN  /home/kadir/mqtt-fuzzing/builds/nanomq-asan/nng/src/sp/transport/mqtt/broker_tcp.c:739 tcptran_pipe_recv_cb: Got invalid CONNECT from client!
2026-09-16 03:11:45 [1345539] WARN  /home/kadir/mqtt-fuzzing/builds/nanomq-asan/nng/src/sp/transport/mqtt/broker_tcp.c:895 tcptran_pipe_recv_cb: tcptran_pipe_recv_cb: recv_error rv: 129

2026-09-16 03:11:45 [1345546] WARN  /home/kadir/mqtt-fuzzing/builds/nanomq-asan/nng/src/sp/protocol/mqtt/mqtt_parser.c:1363 nano_msg_notify: test offline!
2026-09-16 03:11:45 [1345539] WARN  /home/kadir/mqtt-fuzzing/builds/nanomq-asan/nng/src/sp/protocol/mqtt/mqtt_parser.c:1359 nano_msg_notify: test online!
2026-09-16 03:11:45 [1345540] WARN  /home/kadir/mqtt-fuzzing/builds/nanomq-asan/nng/src/sp/transport/mqtt/broker_tcp.c:628 tcptran_pipe_recv_cb: nni aio recv error!! Connection shutdown

2026-09-16 03:11:45 [1345540] WARN  /home/kadir/mqtt-fuzzing/builds/nanomq-asan/nng/src/sp/transport/mqtt/broker_tcp.c:895 tcptran_pipe_recv_cb: tcptran_pipe_recv_cb: recv_error rv: 139

2026-09-16 03:11:45 [1345542] WARN  /home/kadir/mqtt-fuzzing/builds/nanomq-asan/nng/src/sp/protocol/mqtt/mqtt_parser.c:1363 nano_msg_notify: test offline!
2026-09-16 03:11:45 [1345539] WARN  /home/kadir/mqtt-fuzzing/builds/nanomq-asan/nng/src/sp/protocol/mqtt/mqtt_parser.c:1359 nano_msg_notify: test online!
2026-09-16 03:11:45 [1345545] WARN  /home/kadir/mqtt-fuzzing/builds/nanomq-asan/nng/src/sp/transport/mqtt/broker_tcp.c:895 tcptran_pipe_recv_cb: tcptran_pipe_recv_cb: recv_error rv: 130

2026-09-16 03:11:45 [1345543] WARN  /home/kadir/mqtt-fuzzing/builds/nanomq-asan/nng/src/sp/protocol/mqtt/mqtt_parser.c:1363 nano_msg_notify: test offline!
2026-09-16 03:11:45 [1345540] WARN  /home/kadir/mqtt-fuzzing/builds/nanomq-asan/nng/src/sp/protocol/mqtt/mqtt_parser.c:1359 nano_msg_notify: test online!
2026-09-16 03:11:45 [1345545] WARN  /home/kadir/mqtt-fuzzing/builds/nanomq-asan/nng/src/sp/transport/mqtt/broker_tcp.c:739 tcptran_pipe_recv_cb: Got invalid CONNECT from client!
2026-09-16 03:11:45 [1345545] WARN  /home/kadir/mqtt-fuzzing/builds/nanomq-asan/nng/src/sp/transport/mqtt/broker_tcp.c:895 tcptran_pipe_recv_cb: tcptran_pipe_recv_cb: recv_error rv: 129

2026-09-16 03:11:45 [1345543] WARN  /home/kadir/mqtt-fuzzing/builds/nanomq-asan/nng/src/sp/protocol/mqtt/mqtt_parser.c:1363 nano_msg_notify: test offline!
2026-09-16 03:11:45 [1345542] WARN  /home/kadir/mqtt-fuzzing/builds/nanomq-asan/nng/src/sp/protocol/mqtt/mqtt_parser.c:1359 nano_msg_notify: test online!
2026-09-16 03:11:45 [1345541] WARN  /home/kadir/mqtt-fuzzing/builds/nanomq-asan/nng/src/sp/transport/mqtt/broker_tcp.c:628 tcptran_pipe_recv_cb: nni aio recv error!! Connection shutdown

2026-09-16 03:11:45 [1345541] WARN  /home/kadir/mqtt-fuzzing/builds/nanomq-asan/nng/src/sp/transport/mqtt/broker_tcp.c:895 tcptran_pipe_recv_cb: tcptran_pipe_recv_cb: recv_error rv: 139

2026-09-16 03:11:45 [1345540] WARN  /home/kadir/mqtt-fuzzing/builds/nanomq-asan/nng/src/sp/protocol/mqtt/mqtt_parser.c:1363 nano_msg_notify: test offline!
2026-09-16 03:11:45 [1345542] WARN  /home/kadir/mqtt-fuzzing/builds/nanomq-asan/nng/src/sp/protocol/mqtt/mqtt_parser.c:1359 nano_msg_notify: test online!
2026-09-16 03:11:45 [1345540] WARN  /home/kadir/mqtt-fuzzing/builds/nanomq-asan/nng/src/sp/transport/mqtt/broker_tcp.c:739 tcptran_pipe_recv_cb: Got invalid CONNECT from client!
2026-09-16 03:11:45 [1345540] WARN  /home/kadir/mqtt-fuzzing/builds/nanomq-asan/nng/src/sp/transport/mqtt/broker_tcp.c:895 tcptran_pipe_recv_cb: tcptran_pipe_recv_cb: recv_error rv: 129

2026-09-16 03:11:45 [1345544] WARN  /home/kadir/mqtt-fuzzing/builds/nanomq-asan/nng/src/sp/protocol/mqtt/mqtt_parser.c:1363 nano_msg_notify: test offline!
2026-09-16 03:11:45 [1345540] WARN  /home/kadir/mqtt-fuzzing/builds/nanomq-asan/nng/src/sp/protocol/mqtt/mqtt_parser.c:1359 nano_msg_notify: test online!
2026-09-16 03:11:45 [1345546] WARN  /home/kadir/mqtt-fuzzing/builds/nanomq-asan/nng/src/sp/transport/mqtt/broker_tcp.c:628 tcptran_pipe_recv_cb: nni aio recv error!! Connection shutdown

2026-09-16 03:11:45 [1345546] WARN  /home/kadir/mqtt-fuzzing/builds/nanomq-asan/nng/src/sp/transport/mqtt/broker_tcp.c:895 tcptran_pipe_recv_cb: tcptran_pipe_recv_cb: recv_error rv: 139

2026-09-16 03:11:45 [1345546] WARN  /home/kadir/mqtt-fuzzing/builds/nanomq-asan/nng/src/sp/protocol/mqtt/mqtt_parser.c:1363 nano_msg_notify: test offline!
2026-09-16 03:11:45 [1345542] WARN  /home/kadir/mqtt-fuzzing/builds/nanomq-asan/nng/src/sp/protocol/mqtt/mqtt_parser.c:1359 nano_msg_notify: test online!
2026-09-16 03:11:45 [1345540] WARN  /home/kadir/mqtt-fuzzing/builds/nanomq-asan/nng/src/sp/transport/mqtt/broker_tcp.c:739 tcptran_pipe_recv_cb: Got invalid CONNECT from client!
2026-09-16 03:11:45 [1345540] WARN  /home/kadir/mqtt-fuzzing/builds/nanomq-asan/nng/src/sp/transport/mqtt/broker_tcp.c:895 tcptran_pipe_recv_cb: tcptran_pipe_recv_cb: recv_error rv: 129

2026-09-16 03:11:45 [1345539] WARN  /home/kadir/mqtt-fuzzing/builds/nanomq-asan/nng/src/sp/protocol/mqtt/mqtt_parser.c:1363 nano_msg_notify: test offline!
2026-09-16 03:11:45 [1345543] WARN  /home/kadir/mqtt-fuzzing/builds/nanomq-asan/nng/src/sp/protocol/mqtt/mqtt_parser.c:1359 nano_msg_notify: test online!
2026-09-16 03:11:45 [1345541] WARN  /home/kadir/mqtt-fuzzing/builds/nanomq-asan/nng/src/sp/transport/mqtt/broker_tcp.c:628 tcptran_pipe_recv_cb: nni aio recv error!! Connection shutdown

2026-09-16 03:11:45 [1345541] WARN  /home/kadir/mqtt-fuzzing/builds/nanomq-asan/nng/src/sp/transport/mqtt/broker_tcp.c:895 tcptran_pipe_recv_cb: tcptran_pipe_recv_cb: recv_error rv: 139

2026-09-16 03:11:45 [1345541] WARN  /home/kadir/mqtt-fuzzing/builds/nanomq-asan/nng/src/sp/protocol/mqtt/mqtt_parser.c:1363 nano_msg_notify: test offline!
2026-09-16 03:11:45 [1345543] WARN  /home/kadir/mqtt-fuzzing/builds/nanomq-asan/nng/src/sp/protocol/mqtt/mqtt_parser.c:1359 nano_msg_notify: test online!
2026-09-16 03:11:45 [1345542] WARN  /home/kadir/mqtt-fuzzing/builds/nanomq-asan/nng/src/sp/transport/mqtt/broker_tcp.c:739 tcptran_pipe_recv_cb: Got invalid CONNECT from client!
2026-09-16 03:11:45 [1345542] WARN  /home/kadir/mqtt-fuzzing/builds/nanomq-asan/nng/src/sp/transport/mqtt/broker_tcp.c:895 tcptran_pipe_recv_cb: tcptran_pipe_recv_cb: recv_error rv: 129

2026-09-16 03:11:45 [1345544] WARN  /home/kadir/mqtt-fuzzing/builds/nanomq-asan/nng/src/sp/protocol/mqtt/mqtt_parser.c:1363 nano_msg_notify: test offline!
2026-09-16 03:11:45 [1345545] WARN  /home/kadir/mqtt-fuzzing/builds/nanomq-asan/nng/src/sp/protocol/mqtt/mqtt_parser.c:1359 nano_msg_notify: test online!
2026-09-16 03:11:45 [1345539] WARN  /home/kadir/mqtt-fuzzing/builds/nanomq-asan/nng/src/sp/transport/mqtt/broker_tcp.c:739 tcptran_pipe_recv_cb: Got invalid CONNECT from client!
2026-09-16 03:11:45 [1345539] WARN  /home/kadir/mqtt-fuzzing/builds/nanomq-asan/nng/src/sp/transport/mqtt/broker_tcp.c:895 tcptran_pipe_recv_cb: tcptran_pipe_recv_cb: recv_error rv: 129

2026-09-16 03:11:45 [1345544] WARN  /home/kadir/mqtt-fuzzing/builds/nanomq-asan/nng/src/sp/protocol/mqtt/mqtt_parser.c:1363 nano_msg_notify: test offline!
2026-09-16 03:11:45 [1345539] WARN  /home/kadir/mqtt-fuzzing/builds/nanomq-asan/nng/src/sp/protocol/mqtt/mqtt_parser.c:1359 nano_msg_notify: test online!
2026-09-16 03:11:45 [1345544] WARN  /home/kadir/mqtt-fuzzing/builds/nanomq-asan/nng/src/sp/transport/mqtt/broker_tcp.c:739 tcptran_pipe_recv_cb: Got invalid CONNECT from client!
2026-09-16 03:11:45 [1345544] WARN  /home/kadir/mqtt-fuzzing/builds/nanomq-asan/nng/src/sp/transport/mqtt/broker_tcp.c:895 tcptran_pipe_recv_cb: tcptran_pipe_recv_cb: recv_error rv: 129

2026-09-16 03:11:45 [1345540] WARN  /home/kadir/mqtt-fuzzing/builds/nanomq-asan/nng/src/sp/protocol/mqtt/mqtt_parser.c:1363 nano_msg_notify: test offline!
2026-09-16 03:11:45 [1345539] WARN  /home/kadir/mqtt-fuzzing/builds/nanomq-asan/nng/src/sp/protocol/mqtt/mqtt_parser.c:1359 nano_msg_notify: test online!
2026-09-16 03:11:45 [1345542] WARN  /home/kadir/mqtt-fuzzing/builds/nanomq-asan/nng/src/sp/transport/mqtt/broker_tcp.c:739 tcptran_pipe_recv_cb: Got invalid CONNECT from client!
2026-09-16 03:11:45 [1345542] WARN  /home/kadir/mqtt-fuzzing/builds/nanomq-asan/nng/src/sp/transport/mqtt/broker_tcp.c:895 tcptran_pipe_recv_cb: tcptran_pipe_recv_cb: recv_error rv: 129

2026-09-16 03:11:45 [1345546] WARN  /home/kadir/mqtt-fuzzing/builds/nanomq-asan/nng/src/sp/protocol/mqtt/mqtt_parser.c:1363 nano_msg_notify: test offline!
2026-09-16 03:11:45 [1345543] WARN  /home/kadir/mqtt-fuzzing/builds/nanomq-asan/nng/src/sp/protocol/mqtt/mqtt_parser.c:1359 nano_msg_notify: test online!
2026-09-16 03:11:45 [1345539] WARN  /home/kadir/mqtt-fuzzing/builds/nanomq-asan/nng/src/sp/transport/mqtt/broker_tcp.c:739 tcptran_pipe_recv_cb: Got invalid CONNECT from client!
2026-09-16 03:11:45 [1345539] WARN  /home/kadir/mqtt-fuzzing/builds/nanomq-asan/nng/src/sp/transport/mqtt/broker_tcp.c:895 tcptran_pipe_recv_cb: tcptran_pipe_recv_cb: recv_error rv: 129

2026-09-16 03:11:45 [1345541] WARN  /home/kadir/mqtt-fuzzing/builds/nanomq-asan/nng/src/sp/protocol/mqtt/mqtt_parser.c:1363 nano_msg_notify: test offline!
2026-09-16 03:11:45 [1345540] WARN  /home/kadir/mqtt-fuzzing/builds/nanomq-asan/nng/src/sp/protocol/mqtt/mqtt_parser.c:1359 nano_msg_notify: test online!
2026-09-16 03:11:45 [1345543] WARN  /home/kadir/mqtt-fuzzing/builds/nanomq-asan/nng/src/sp/transport/mqtt/broker_tcp.c:739 tcptran_pipe_recv_cb: Got invalid CONNECT from client!
2026-09-16 03:11:45 [1345543] WARN  /home/kadir/mqtt-fuzzing/builds/nanomq-asan/nng/src/sp/transport/mqtt/broker_tcp.c:895 tcptran_pipe_recv_cb: tcptran_pipe_recv_cb: recv_error rv: 129

2026-09-16 03:11:45 [1345540] WARN  /home/kadir/mqtt-fuzzing/builds/nanomq-asan/nng/src/sp/protocol/mqtt/mqtt_parser.c:1363 nano_msg_notify: test offline!
2026-09-16 03:11:45 [1345544] WARN  /home/kadir/mqtt-fuzzing/builds/nanomq-asan/nng/src/sp/protocol/mqtt/mqtt_parser.c:1359 nano_msg_notify: test online!
2026-09-16 03:11:45 [1345542] WARN  /home/kadir/mqtt-fuzzing/builds/nanomq-asan/nng/src/sp/transport/mqtt/broker_tcp.c:739 tcptran_pipe_recv_cb: Got invalid CONNECT from client!
2026-09-16 03:11:45 [1345542] WARN  /home/kadir/mqtt-fuzzing/builds/nanomq-asan/nng/src/sp/transport/mqtt/broker_tcp.c:895 tcptran_pipe_recv_cb: tcptran_pipe_recv_cb: recv_error rv: 129

2026-09-16 03:11:45 [1345541] WARN  /home/kadir/mqtt-fuzzing/builds/nanomq-asan/nng/src/sp/protocol/mqtt/mqtt_parser.c:1363 nano_msg_notify: test offline!
2026-09-16 03:11:45 [1345544] WARN  /home/kadir/mqtt-fuzzing/builds/nanomq-asan/nng/src/sp/protocol/mqtt/mqtt_parser.c:1359 nano_msg_notify: test online!
2026-09-16 03:11:45 [1345539] WARN  /home/kadir/mqtt-fuzzing/builds/nanomq-asan/nng/src/sp/transport/mqtt/broker_tcp.c:739 tcptran_pipe_recv_cb: Got invalid CONNECT from client!
2026-09-16 03:11:45 [1345539] WARN  /home/kadir/mqtt-fuzzing/builds/nanomq-asan/nng/src/sp/transport/mqtt/broker_tcp.c:895 tcptran_pipe_recv_cb: tcptran_pipe_recv_cb: recv_error rv: 129

2026-09-16 03:11:45 [1345543] WARN  /home/kadir/mqtt-fuzzing/builds/nanomq-asan/nng/src/sp/protocol/mqtt/mqtt_parser.c:1363 nano_msg_notify: test offline!
2026-09-16 03:11:45 [1345544] WARN  /home/kadir/mqtt-fuzzing/builds/nanomq-asan/nng/src/sp/protocol/mqtt/mqtt_parser.c:1359 nano_msg_notify: test online!
2026-09-16 03:11:45 [1345546] WARN  /home/kadir/mqtt-fuzzing/builds/nanomq-asan/nng/src/sp/transport/mqtt/broker_tcp.c:739 tcptran_pipe_recv_cb: Got invalid CONNECT from client!
2026-09-16 03:11:45 [1345541] WARN  /home/kadir/mqtt-fuzzing/builds/nanomq-asan/nng/src/sp/protocol/mqtt/mqtt_parser.c:1363 nano_msg_notify: test offline!
2026-09-16 03:11:45 [1345546] WARN  /home/kadir/mqtt-fuzzing/builds/nanomq-asan/nng/src/sp/transport/mqtt/broker_tcp.c:895 tcptran_pipe_recv_cb: tcptran_pipe_recv_cb: recv_error rv: 129

2026-09-16 03:11:45 [1345542] WARN  /home/kadir/mqtt-fuzzing/builds/nanomq-asan/nng/src/sp/protocol/mqtt/mqtt_parser.c:1359 nano_msg_notify: test online!
2026-09-16 03:11:45 [1345543] WARN  /home/kadir/mqtt-fuzzing/builds/nanomq-asan/nng/src/sp/transport/mqtt/broker_tcp.c:739 tcptran_pipe_recv_cb: Got invalid CONNECT from client!
2026-09-16 03:11:45 [1345543] WARN  /home/kadir/mqtt-fuzzing/builds/nanomq-asan/nng/src/sp/transport/mqtt/broker_tcp.c:895 tcptran_pipe_recv_cb: tcptran_pipe_recv_cb: recv_error rv: 129

2026-09-16 03:11:45 [1345545] WARN  /home/kadir/mqtt-fuzzing/builds/nanomq-asan/nng/src/sp/protocol/mqtt/mqtt_parser.c:1363 nano_msg_notify: test offline!
2026-09-16 03:11:45 [1345544] WARN  /home/kadir/mqtt-fuzzing/builds/nanomq-asan/nng/src/sp/protocol/mqtt/mqtt_parser.c:1359 nano_msg_notify: test online!
2026-09-16 03:11:45 [1345545] WARN  /home/kadir/mqtt-fuzzing/builds/nanomq-asan/nng/src/sp/transport/mqtt/broker_tcp.c:739 tcptran_pipe_recv_cb: Got invalid CONNECT from client!
2026-09-16 03:11:45 [1345545] WARN  /home/kadir/mqtt-fuzzing/builds/nanomq-asan/nng/src/sp/transport/mqtt/broker_tcp.c:895 tcptran_pipe_recv_cb: tcptran_pipe_recv_cb: recv_error rv: 129

2026-09-16 03:11:45 [1345542] WARN  /home/kadir/mqtt-fuzzing/builds/nanomq-asan/nng/src/sp/protocol/mqtt/mqtt_parser.c:1363 nano_msg_notify: test offline!
2026-09-16 03:11:45 [1345543] WARN  /home/kadir/mqtt-fuzzing/builds/nanomq-asan/nng/src/sp/transport/mqtt/broker_tcp.c:739 tcptran_pipe_recv_cb: Got invalid CONNECT from client!
2026-09-16 03:11:45 [1345544] WARN  /home/kadir/mqtt-fuzzing/builds/nanomq-asan/nng/src/sp/protocol/mqtt/mqtt_parser.c:1359 nano_msg_notify: test online!
2026-09-16 03:11:45 [1345543] WARN  /home/kadir/mqtt-fuzzing/builds/nanomq-asan/nng/src/sp/transport/mqtt/broker_tcp.c:895 tcptran_pipe_recv_cb: tcptran_pipe_recv_cb: recv_error rv: 129

2026-09-16 03:11:45 [1345542] WARN  /home/kadir/mqtt-fuzzing/builds/nanomq-asan/nng/src/sp/protocol/mqtt/mqtt_parser.c:1363 nano_msg_notify: test offline!
2026-09-16 03:11:45 [1345541] WARN  /home/kadir/mqtt-fuzzing/builds/nanomq-asan/nng/src/sp/protocol/mqtt/mqtt_parser.c:1359 nano_msg_notify: test online!
2026-09-16 03:11:45 [1345545] WARN  /home/kadir/mqtt-fuzzing/builds/nanomq-asan/nng/src/sp/transport/mqtt/broker_tcp.c:628 tcptran_pipe_recv_cb: nni aio recv error!! Connection shutdown

2026-09-16 03:11:45 [1345545] WARN  /home/kadir/mqtt-fuzzing/builds/nanomq-asan/nng/src/sp/transport/mqtt/broker_tcp.c:895 tcptran_pipe_recv_cb: tcptran_pipe_recv_cb: recv_error rv: 139

2026-09-16 03:11:45 [1345543] WARN  /home/kadir/mqtt-fuzzing/builds/nanomq-asan/nng/src/sp/protocol/mqtt/mqtt_parser.c:1363 nano_msg_notify: test offline!
2026-09-16 03:11:45 [1345541] WARN  /home/kadir/mqtt-fuzzing/builds/nanomq-asan/nng/src/sp/protocol/mqtt/mqtt_parser.c:1359 nano_msg_notify: test online!
2026-09-16 03:11:45 [1345546] WARN  /home/kadir/mqtt-fuzzing/builds/nanomq-asan/nng/src/sp/transport/mqtt/broker_tcp.c:739 tcptran_pipe_recv_cb: Got invalid CONNECT from client!
2026-09-16 03:11:45 [1345546] WARN  /home/kadir/mqtt-fuzzing/builds/nanomq-asan/nng/src/sp/transport/mqtt/broker_tcp.c:895 tcptran_pipe_recv_cb: tcptran_pipe_recv_cb: recv_error rv: 129

2026-09-16 03:11:45 [1345544] WARN  /home/kadir/mqtt-fuzzing/builds/nanomq-asan/nng/src/sp/protocol/mqtt/mqtt_parser.c:1363 nano_msg_notify: test offline!
2026-09-16 03:11:45 [1345541] WARN  /home/kadir/mqtt-fuzzing/builds/nanomq-asan/nng/src/sp/protocol/mqtt/mqtt_parser.c:1359 nano_msg_notify: test online!
2026-09-16 03:11:45 [1345542] WARN  /home/kadir/mqtt-fuzzing/builds/nanomq-asan/nng/src/sp/transport/mqtt/broker_tcp.c:739 tcptran_pipe_recv_cb: Got invalid CONNECT from client!
2026-09-16 03:11:45 [1345542] WARN  /home/kadir/mqtt-fuzzing/builds/nanomq-asan/nng/src/sp/transport/mqtt/broker_tcp.c:895 tcptran_pipe_recv_cb: tcptran_pipe_recv_cb: recv_error rv: 129

2026-09-16 03:11:45 [1345540] WARN  /home/kadir/mqtt-fuzzing/builds/nanomq-asan/nng/src/sp/protocol/mqtt/mqtt_parser.c:1363 nano_msg_notify: test offline!
2026-09-16 03:11:45 [1345542] WARN  /home/kadir/mqtt-fuzzing/builds/nanomq-asan/nng/src/sp/protocol/mqtt/mqtt_parser.c:1359 nano_msg_notify: test online!
2026-09-16 03:11:45 [1345540] WARN  /home/kadir/mqtt-fuzzing/builds/nanomq-asan/nng/src/sp/transport/mqtt/broker_tcp.c:739 tcptran_pipe_recv_cb: Got invalid CONNECT from client!
2026-09-16 03:11:45 [1345540] WARN  /home/kadir/mqtt-fuzzing/builds/nanomq-asan/nng/src/sp/transport/mqtt/broker_tcp.c:895 tcptran_pipe_recv_cb: tcptran_pipe_recv_cb: recv_error rv: 129

2026-09-16 03:11:45 [1345544] WARN  /home/kadir/mqtt-fuzzing/builds/nanomq-asan/nng/src/sp/protocol/mqtt/mqtt_parser.c:1363 nano_msg_notify: test offline!
2026-09-16 03:11:45 [1345542] WARN  /home/kadir/mqtt-fuzzing/builds/nanomq-asan/nng/src/sp/protocol/mqtt/mqtt_parser.c:1359 nano_msg_notify: test online!
2026-09-16 03:11:45 [1345545] WARN  /home/kadir/mqtt-fuzzing/builds/nanomq-asan/nng/src/sp/transport/mqtt/broker_tcp.c:739 tcptran_pipe_recv_cb: Got invalid CONNECT from client!
2026-09-16 03:11:45 [1345545] WARN  /home/kadir/mqtt-fuzzing/builds/nanomq-asan/nng/src/sp/transport/mqtt/broker_tcp.c:895 tcptran_pipe_recv_cb: tcptran_pipe_recv_cb: recv_error rv: 129

2026-09-16 03:11:45 [1345539] WARN  /home/kadir/mqtt-fuzzing/builds/nanomq-asan/nng/src/sp/protocol/mqtt/mqtt_parser.c:1363 nano_msg_notify: test offline!
2026-09-16 03:11:45 [1345542] WARN  /home/kadir/mqtt-fuzzing/builds/nanomq-asan/nng/src/sp/protocol/mqtt/mqtt_parser.c:1359 nano_msg_notify: test online!
2026-09-16 03:11:45 [1345543] WARN  /home/kadir/mqtt-fuzzing/builds/nanomq-asan/nng/src/sp/transport/mqtt/broker_tcp.c:739 tcptran_pipe_recv_cb: Got invalid CONNECT from client!
2026-09-16 03:11:45 [1345543] WARN  /home/kadir/mqtt-fuzzing/builds/nanomq-asan/nng/src/sp/transport/mqtt/broker_tcp.c:895 tcptran_pipe_recv_cb: tcptran_pipe_recv_cb: recv_error rv: 129

2026-09-16 03:11:45 [1345541] WARN  /home/kadir/mqtt-fuzzing/builds/nanomq-asan/nng/src/sp/protocol/mqtt/mqtt_parser.c:1363 nano_msg_notify: test offline!
2026-09-16 03:11:45 [1345540] WARN  /home/kadir/mqtt-fuzzing/builds/nanomq-asan/nng/src/sp/protocol/mqtt/mqtt_parser.c:1359 nano_msg_notify: test online!
2026-09-16 03:11:45 [1345541] WARN  /home/kadir/mqtt-fuzzing/builds/nanomq-asan/nng/src/sp/transport/mqtt/broker_tcp.c:739 tcptran_pipe_recv_cb: Got invalid CONNECT from client!
2026-09-16 03:11:45 [1345541] WARN  /home/kadir/mqtt-fuzzing/builds/nanomq-asan/nng/src/sp/transport/mqtt/broker_tcp.c:895 tcptran_pipe_recv_cb: tcptran_pipe_recv_cb: recv_error rv: 129

2026-09-16 03:11:45 [1345545] WARN  /home/kadir/mqtt-fuzzing/builds/nanomq-asan/nng/src/sp/protocol/mqtt/mqtt_parser.c:1363 nano_msg_notify: test offline!
2026-09-16 03:11:45 [1345541] WARN  /home/kadir/mqtt-fuzzing/builds/nanomq-asan/nng/src/sp/protocol/mqtt/mqtt_parser.c:1359 nano_msg_notify: test online!
2026-09-16 03:11:45 [1345544] WARN  /home/kadir/mqtt-fuzzing/builds/nanomq-asan/nng/src/sp/transport/mqtt/broker_tcp.c:739 tcptran_pipe_recv_cb: Got invalid CONNECT from client!
2026-09-16 03:11:45 [1345544] WARN  /home/kadir/mqtt-fuzzing/builds/nanomq-asan/nng/src/sp/transport/mqtt/broker_tcp.c:895 tcptran_pipe_recv_cb: tcptran_pipe_recv_cb: recv_error rv: 129

2026-09-16 03:11:45 [1345540] WARN  /home/kadir/mqtt-fuzzing/builds/nanomq-asan/nng/src/sp/protocol/mqtt/mqtt_parser.c:1363 nano_msg_notify: test offline!
2026-09-16 03:11:45 [1345546] WARN  /home/kadir/mqtt-fuzzing/builds/nanomq-asan/nng/src/sp/protocol/mqtt/mqtt_parser.c:1359 nano_msg_notify: test online!
2026-09-16 03:11:45 [1345542] WARN  /home/kadir/mqtt-fuzzing/builds/nanomq-asan/nng/src/sp/transport/mqtt/broker_tcp.c:628 tcptran_pipe_recv_cb: nni aio recv error!! Connection shutdown

2026-09-16 03:11:45 [1345542] WARN  /home/kadir/mqtt-fuzzing/builds/nanomq-asan/nng/src/sp/transport/mqtt/broker_tcp.c:895 tcptran_pipe_recv_cb: tcptran_pipe_recv_cb: recv_error rv: 139

2026-09-16 03:11:45 [1345542] WARN  /home/kadir/mqtt-fuzzing/builds/nanomq-asan/nng/src/sp/protocol/mqtt/mqtt_parser.c:1363 nano_msg_notify: test offline!
2026-09-16 03:11:45 [1345545] WARN  /home/kadir/mqtt-fuzzing/builds/nanomq-asan/nng/src/sp/protocol/mqtt/mqtt_parser.c:1359 nano_msg_notify: test online!
2026-09-16 03:11:45 [1345543] WARN  /home/kadir/mqtt-fuzzing/builds/nanomq-asan/nng/src/sp/transport/mqtt/broker_tcp.c:739 tcptran_pipe_recv_cb: Got invalid CONNECT from client!
2026-09-16 03:11:45 [1345543] WARN  /home/kadir/mqtt-fuzzing/builds/nanomq-asan/nng/src/sp/transport/mqtt/broker_tcp.c:895 tcptran_pipe_recv_cb: tcptran_pipe_recv_cb: recv_error rv: 129

2026-09-16 03:11:45 [1345544] WARN  /home/kadir/mqtt-fuzzing/builds/nanomq-asan/nng/src/sp/protocol/mqtt/mqtt_parser.c:1363 nano_msg_notify: test offline!
2026-09-16 03:11:45 [1345545] WARN  /home/kadir/mqtt-fuzzing/builds/nanomq-asan/nng/src/sp/protocol/mqtt/mqtt_parser.c:1359 nano_msg_notify: test online!
2026-09-16 03:11:45 [1345544] WARN  /home/kadir/mqtt-fuzzing/builds/nanomq-asan/nng/src/sp/transport/mqtt/broker_tcp.c:739 tcptran_pipe_recv_cb: Got invalid CONNECT from client!
2026-09-16 03:11:45 [1345544] WARN  /home/kadir/mqtt-fuzzing/builds/nanomq-asan/nng/src/sp/transport/mqtt/broker_tcp.c:895 tcptran_pipe_recv_cb: tcptran_pipe_recv_cb: recv_error rv: 129

2026-09-16 03:11:45 [1345540] WARN  /home/kadir/mqtt-fuzzing/builds/nanomq-asan/nng/src/sp/protocol/mqtt/mqtt_parser.c:1363 nano_msg_notify: test offline!
2026-09-16 03:11:45 [1345544] WARN  /home/kadir/mqtt-fuzzing/builds/nanomq-asan/nng/src/sp/protocol/mqtt/mqtt_parser.c:1359 nano_msg_notify: test online!
2026-09-16 03:11:45 [1345540] WARN  /home/kadir/mqtt-fuzzing/builds/nanomq-asan/nng/src/sp/transport/mqtt/broker_tcp.c:628 tcptran_pipe_recv_cb: nni aio recv error!! Connection shutdown

2026-09-16 03:11:45 [1345540] WARN  /home/kadir/mqtt-fuzzing/builds/nanomq-asan/nng/src/sp/transport/mqtt/broker_tcp.c:895 tcptran_pipe_recv_cb: tcptran_pipe_recv_cb: recv_error rv: 139

2026-09-16 03:11:45 [1345539] WARN  /home/kadir/mqtt-fuzzing/builds/nanomq-asan/nng/src/sp/protocol/mqtt/mqtt_parser.c:1363 nano_msg_notify: test offline!
2026-09-16 03:11:45 [1345540] WARN  /home/kadir/mqtt-fuzzing/builds/nanomq-asan/nng/src/sp/protocol/mqtt/mqtt_parser.c:1359 nano_msg_notify: test online!
2026-09-16 03:11:45 [1345539] WARN  /home/kadir/mqtt-fuzzing/builds/nanomq-asan/nng/src/sp/transport/mqtt/broker_tcp.c:739 tcptran_pipe_recv_cb: Got invalid CONNECT from client!
2026-09-16 03:11:45 [1345539] WARN  /home/kadir/mqtt-fuzzing/builds/nanomq-asan/nng/src/sp/transport/mqtt/broker_tcp.c:895 tcptran_pipe_recv_cb: tcptran_pipe_recv_cb: recv_error rv: 129

2026-09-16 03:11:45 [1345542] WARN  /home/kadir/mqtt-fuzzing/builds/nanomq-asan/nng/src/sp/protocol/mqtt/mqtt_parser.c:1363 nano_msg_notify: test offline!
2026-09-16 03:11:45 [1345546] WARN  /home/kadir/mqtt-fuzzing/builds/nanomq-asan/nng/src/sp/protocol/mqtt/mqtt_parser.c:1359 nano_msg_notify: test online!
2026-09-16 03:11:45 [1345542] WARN  /home/kadir/mqtt-fuzzing/builds/nanomq-asan/nng/src/sp/transport/mqtt/broker_tcp.c:739 tcptran_pipe_recv_cb: Got invalid CONNECT from client!
2026-09-16 03:11:45 [1345542] WARN  /home/kadir/mqtt-fuzzing/builds/nanomq-asan/nng/src/sp/transport/mqtt/broker_tcp.c:895 tcptran_pipe_recv_cb: tcptran_pipe_recv_cb: recv_error rv: 129

2026-09-16 03:11:45 [1345543] WARN  /home/kadir/mqtt-fuzzing/builds/nanomq-asan/nng/src/sp/protocol/mqtt/mqtt_parser.c:1363 nano_msg_notify: test offline!
2026-09-16 03:11:45 [1345542] WARN  /home/kadir/mqtt-fuzzing/builds/nanomq-asan/nng/src/sp/protocol/mqtt/mqtt_parser.c:1359 nano_msg_notify: test online!
2026-09-16 03:11:45 [1345545] WARN  /home/kadir/mqtt-fuzzing/builds/nanomq-asan/nng/src/sp/transport/mqtt/broker_tcp.c:739 tcptran_pipe_recv_cb: Got invalid CONNECT from client!
2026-09-16 03:11:45 [1345545] WARN  /home/kadir/mqtt-fuzzing/builds/nanomq-asan/nng/src/sp/transport/mqtt/broker_tcp.c:895 tcptran_pipe_recv_cb: tcptran_pipe_recv_cb: recv_error rv: 129

2026-09-16 03:11:45 [1345541] WARN  /home/kadir/mqtt-fuzzing/builds/nanomq-asan/nng/src/sp/protocol/mqtt/mqtt_parser.c:1363 nano_msg_notify: test offline!
2026-09-16 03:11:45 [1345540] WARN  /home/kadir/mqtt-fuzzing/builds/nanomq-asan/nng/src/sp/protocol/mqtt/mqtt_parser.c:1359 nano_msg_notify: test online!
2026-09-16 03:11:45 [1345542] WARN  /home/kadir/mqtt-fuzzing/builds/nanomq-asan/nng/src/sp/transport/mqtt/broker_tcp.c:739 tcptran_pipe_recv_cb: Got invalid CONNECT from client!
2026-09-16 03:11:45 [1345542] WARN  /home/kadir/mqtt-fuzzing/builds/nanomq-asan/nng/src/sp/transport/mqtt/broker_tcp.c:895 tcptran_pipe_recv_cb: tcptran_pipe_recv_cb: recv_error rv: 129

2026-09-16 03:11:45 [1345543] WARN  /home/kadir/mqtt-fuzzing/builds/nanomq-asan/nng/src/sp/protocol/mqtt/mqtt_parser.c:1363 nano_msg_notify: test offline!
2026-09-16 03:11:45 [1345542] WARN  /home/kadir/mqtt-fuzzing/builds/nanomq-asan/nng/src/sp/protocol/mqtt/mqtt_parser.c:1359 nano_msg_notify: test online!
2026-09-16 03:11:45 [1345539] WARN  /home/kadir/mqtt-fuzzing/builds/nanomq-asan/nng/src/sp/transport/mqtt/broker_tcp.c:739 tcptran_pipe_recv_cb: Got invalid CONNECT from client!
2026-09-16 03:11:45 [1345539] WARN  /home/kadir/mqtt-fuzzing/builds/nanomq-asan/nng/src/sp/transport/mqtt/broker_tcp.c:895 tcptran_pipe_recv_cb: tcptran_pipe_recv_cb: recv_error rv: 129

2026-09-16 03:11:45 [1345546] WARN  /home/kadir/mqtt-fuzzing/builds/nanomq-asan/nng/src/sp/protocol/mqtt/mqtt_parser.c:1363 nano_msg_notify: test offline!
2026-09-16 03:11:45 [1345545] WARN  /home/kadir/mqtt-fuzzing/builds/nanomq-asan/nng/src/sp/protocol/mqtt/mqtt_parser.c:1359 nano_msg_notify: test online!
2026-09-16 03:11:45 [1345541] WARN  /home/kadir/mqtt-fuzzing/builds/nanomq-asan/nng/src/sp/transport/mqtt/broker_tcp.c:739 tcptran_pipe_recv_cb: Got invalid CONNECT from client!
2026-09-16 03:11:45 [1345541] WARN  /home/kadir/mqtt-fuzzing/builds/nanomq-asan/nng/src/sp/transport/mqtt/broker_tcp.c:895 tcptran_pipe_recv_cb: tcptran_pipe_recv_cb: recv_error rv: 129

2026-09-16 03:11:45 [1345540] WARN  /home/kadir/mqtt-fuzzing/builds/nanomq-asan/nng/src/sp/protocol/mqtt/mqtt_parser.c:1363 nano_msg_notify: test offline!
2026-09-16 03:11:45 [1345541] WARN  /home/kadir/mqtt-fuzzing/builds/nanomq-asan/nng/src/sp/protocol/mqtt/mqtt_parser.c:1359 nano_msg_notify: test online!
2026-09-16 03:11:45 [1345542] WARN  /home/kadir/mqtt-fuzzing/builds/nanomq-asan/nng/src/sp/transport/mqtt/broker_tcp.c:739 tcptran_pipe_recv_cb: Got invalid CONNECT from client!
2026-09-16 03:11:45 [1345542] WARN  /home/kadir/mqtt-fuzzing/builds/nanomq-asan/nng/src/sp/transport/mqtt/broker_tcp.c:895 tcptran_pipe_recv_cb: tcptran_pipe_recv_cb: recv_error rv: 129

2026-09-16 03:11:45 [1345539] WARN  /home/kadir/mqtt-fuzzing/builds/nanomq-asan/nng/src/sp/protocol/mqtt/mqtt_parser.c:1363 nano_msg_notify: test offline!
2026-09-16 03:11:45 [1345542] WARN  /home/kadir/mqtt-fuzzing/builds/nanomq-asan/nng/src/sp/protocol/mqtt/mqtt_parser.c:1359 nano_msg_notify: test online!
2026-09-16 03:11:45 [1345539] WARN  /home/kadir/mqtt-fuzzing/builds/nanomq-asan/nng/src/sp/transport/mqtt/broker_tcp.c:739 tcptran_pipe_recv_cb: Got invalid CONNECT from client!
2026-09-16 03:11:45 [1345539] WARN  /home/kadir/mqtt-fuzzing/builds/nanomq-asan/nng/src/sp/transport/mqtt/broker_tcp.c:895 tcptran_pipe_recv_cb: tcptran_pipe_recv_cb: recv_error rv: 129

2026-09-16 03:11:45 [1345544] WARN  /home/kadir/mqtt-fuzzing/builds/nanomq-asan/nng/src/sp/protocol/mqtt/mqtt_parser.c:1363 nano_msg_notify: test offline!
2026-09-16 03:11:45 [1345546] WARN  /home/kadir/mqtt-fuzzing/builds/nanomq-asan/nng/src/sp/protocol/mqtt/mqtt_parser.c:1359 nano_msg_notify: test online!
2026-09-16 03:11:45 [1345540] WARN  /home/kadir/mqtt-fuzzing/builds/nanomq-asan/nng/src/sp/transport/mqtt/broker_tcp.c:739 tcptran_pipe_recv_cb: Got invalid CONNECT from client!
2026-09-16 03:11:45 [1345540] WARN  /home/kadir/mqtt-fuzzing/builds/nanomq-asan/nng/src/sp/transport/mqtt/broker_tcp.c:895 tcptran_pipe_recv_cb: tcptran_pipe_recv_cb: recv_error rv: 129

2026-09-16 03:11:45 [1345541] WARN  /home/kadir/mqtt-fuzzing/builds/nanomq-asan/nng/src/sp/protocol/mqtt/mqtt_parser.c:1363 nano_msg_notify: test offline!
2026-09-16 03:11:45 [1345542] WARN  /home/kadir/mqtt-fuzzing/builds/nanomq-asan/nng/src/sp/protocol/mqtt/mqtt_parser.c:1359 nano_msg_notify: test online!
2026-09-16 03:11:45 [1345544] WARN  /home/kadir/mqtt-fuzzing/builds/nanomq-asan/nng/src/sp/transport/mqtt/broker_tcp.c:739 tcptran_pipe_recv_cb: Got invalid CONNECT from client!
2026-09-16 03:11:45 [1345544] WARN  /home/kadir/mqtt-fuzzing/builds/nanomq-asan/nng/src/sp/transport/mqtt/broker_tcp.c:895 tcptran_pipe_recv_cb: tcptran_pipe_recv_cb: recv_error rv: 129

2026-09-16 03:11:45 [1345546] WARN  /home/kadir/mqtt-fuzzing/builds/nanomq-asan/nng/src/sp/protocol/mqtt/mqtt_parser.c:1363 nano_msg_notify: test offline!
2026-09-16 03:11:45 [1345543] WARN  /home/kadir/mqtt-fuzzing/builds/nanomq-asan/nng/src/sp/protocol/mqtt/mqtt_parser.c:1359 nano_msg_notify: test online!
2026-09-16 03:11:45 [1345545] WARN  /home/kadir/mqtt-fuzzing/builds/nanomq-asan/nng/src/sp/transport/mqtt/broker_tcp.c:739 tcptran_pipe_recv_cb: Got invalid CONNECT from client!
2026-09-16 03:11:45 [1345545] WARN  /home/kadir/mqtt-fuzzing/builds/nanomq-asan/nng/src/sp/transport/mqtt/broker_tcp.c:895 tcptran_pipe_recv_cb: tcptran_pipe_recv_cb: recv_error rv: 129

2026-09-16 03:11:45 [1345541] WARN  /home/kadir/mqtt-fuzzing/builds/nanomq-asan/nng/src/sp/protocol/mqtt/mqtt_parser.c:1363 nano_msg_notify: test offline!
2026-09-16 03:11:45 [1345545] WARN  /home/kadir/mqtt-fuzzing/builds/nanomq-asan/nng/src/sp/protocol/mqtt/mqtt_parser.c:1359 nano_msg_notify: test online!
2026-09-16 03:11:45 [1345546] WARN  /home/kadir/mqtt-fuzzing/builds/nanomq-asan/nng/src/sp/transport/mqtt/broker_tcp.c:628 tcptran_pipe_recv_cb: nni aio recv error!! Connection shutdown

2026-09-16 03:11:45 [1345546] WARN  /home/kadir/mqtt-fuzzing/builds/nanomq-asan/nng/src/sp/transport/mqtt/broker_tcp.c:895 tcptran_pipe_recv_cb: tcptran_pipe_recv_cb: recv_error rv: 139

2026-09-16 03:11:45 [1345542] WARN  /home/kadir/mqtt-fuzzing/builds/nanomq-asan/nng/src/sp/protocol/mqtt/mqtt_parser.c:1363 nano_msg_notify: test offline!
2026-09-16 03:11:45 [1345543] WARN  /home/kadir/mqtt-fuzzing/builds/nanomq-asan/nng/src/sp/protocol/mqtt/mqtt_parser.c:1359 nano_msg_notify: test online!
2026-09-16 03:11:45 [1345542] WARN  /home/kadir/mqtt-fuzzing/builds/nanomq-asan/nng/src/sp/transport/mqtt/broker_tcp.c:739 tcptran_pipe_recv_cb: Got invalid CONNECT from client!
2026-09-16 03:11:45 [1345542] WARN  /home/kadir/mqtt-fuzzing/builds/nanomq-asan/nng/src/sp/transport/mqtt/broker_tcp.c:895 tcptran_pipe_recv_cb: tcptran_pipe_recv_cb: recv_error rv: 129

2026-09-16 03:11:45 [1345540] WARN  /home/kadir/mqtt-fuzzing/builds/nanomq-asan/nng/src/sp/protocol/mqtt/mqtt_parser.c:1363 nano_msg_notify: test offline!
2026-09-16 03:11:45 [1345542] WARN  /home/kadir/mqtt-fuzzing/builds/nanomq-asan/nng/src/sp/protocol/mqtt/mqtt_parser.c:1359 nano_msg_notify: test online!
2026-09-16 03:11:45 [1345541] WARN  /home/kadir/mqtt-fuzzing/builds/nanomq-asan/nng/src/sp/transport/mqtt/broker_tcp.c:739 tcptran_pipe_recv_cb: Got invalid CONNECT from client!
2026-09-16 03:11:45 [1345541] WARN  /home/kadir/mqtt-fuzzing/builds/nanomq-asan/nng/src/sp/transport/mqtt/broker_tcp.c:895 tcptran_pipe_recv_cb: tcptran_pipe_recv_cb: recv_error rv: 129

2026-09-16 03:11:45 [1345541] WARN  /home/kadir/mqtt-fuzzing/builds/nanomq-asan/nng/src/sp/protocol/mqtt/mqtt_parser.c:1363 nano_msg_notify: test offline!
2026-09-16 03:11:45 [1345545] WARN  /home/kadir/mqtt-fuzzing/builds/nanomq-asan/nng/src/sp/protocol/mqtt/mqtt_parser.c:1359 nano_msg_notify: test online!
2026-09-16 03:11:45 [1345546] WARN  /home/kadir/mqtt-fuzzing/builds/nanomq-asan/nng/src/sp/transport/mqtt/broker_tcp.c:739 tcptran_pipe_recv_cb: Got invalid CONNECT from client!
2026-09-16 03:11:45 [1345546] WARN  /home/kadir/mqtt-fuzzing/builds/nanomq-asan/nng/src/sp/transport/mqtt/broker_tcp.c:895 tcptran_pipe_recv_cb: tcptran_pipe_recv_cb: recv_error rv: 129

2026-09-16 03:11:45 [1345546] WARN  /home/kadir/mqtt-fuzzing/builds/nanomq-asan/nng/src/sp/protocol/mqtt/mqtt_parser.c:1363 nano_msg_notify: test offline!
2026-09-16 03:11:45 [1345544] WARN  /home/kadir/mqtt-fuzzing/builds/nanomq-asan/nng/src/sp/protocol/mqtt/mqtt_parser.c:1359 nano_msg_notify: test online!
2026-09-16 03:11:45 [1345546] WARN  /home/kadir/mqtt-fuzzing/builds/nanomq-asan/nng/src/sp/transport/mqtt/broker_tcp.c:628 tcptran_pipe_recv_cb: nni aio recv error!! Connection shutdown

2026-09-16 03:11:45 [1345546] WARN  /home/kadir/mqtt-fuzzing/builds/nanomq-asan/nng/src/sp/transport/mqtt/broker_tcp.c:895 tcptran_pipe_recv_cb: tcptran_pipe_recv_cb: recv_error rv: 139

2026-09-16 03:11:45 [1345543] WARN  /home/kadir/mqtt-fuzzing/builds/nanomq-asan/nng/src/sp/protocol/mqtt/mqtt_parser.c:1363 nano_msg_notify: test offline!
2026-09-16 03:11:45 [1345541] WARN  /home/kadir/mqtt-fuzzing/builds/nanomq-asan/nng/src/sp/protocol/mqtt/mqtt_parser.c:1359 nano_msg_notify: test online!
2026-09-16 03:11:45 [1345540] WARN  /home/kadir/mqtt-fuzzing/builds/nanomq-asan/nng/src/sp/transport/mqtt/broker_tcp.c:739 tcptran_pipe_recv_cb: Got invalid CONNECT from client!
2026-09-16 03:11:45 [1345540] WARN  /home/kadir/mqtt-fuzzing/builds/nanomq-asan/nng/src/sp/transport/mqtt/broker_tcp.c:895 tcptran_pipe_recv_cb: tcptran_pipe_recv_cb: recv_error rv: 129

2026-09-16 03:11:45 [1345543] WARN  /home/kadir/mqtt-fuzzing/builds/nanomq-asan/nng/src/sp/protocol/mqtt/mqtt_parser.c:1363 nano_msg_notify: test offline!
2026-09-16 03:11:45 [1345544] WARN  /home/kadir/mqtt-fuzzing/builds/nanomq-asan/nng/src/sp/protocol/mqtt/mqtt_parser.c:1359 nano_msg_notify: test online!
2026-09-16 03:11:45 [1345541] WARN  /home/kadir/mqtt-fuzzing/builds/nanomq-asan/nng/src/sp/transport/mqtt/broker_tcp.c:628 tcptran_pipe_recv_cb: nni aio recv error!! Connection shutdown

2026-09-16 03:11:45 [1345541] WARN  /home/kadir/mqtt-fuzzing/builds/nanomq-asan/nng/src/sp/transport/mqtt/broker_tcp.c:895 tcptran_pipe_recv_cb: tcptran_pipe_recv_cb: recv_error rv: 139

2026-09-16 03:11:45 [1345545] WARN  /home/kadir/mqtt-fuzzing/builds/nanomq-asan/nng/src/sp/protocol/mqtt/mqtt_parser.c:1363 nano_msg_notify: test offline!
2026-09-16 03:11:45 [1345541] WARN  /home/kadir/mqtt-fuzzing/builds/nanomq-asan/nng/src/sp/protocol/mqtt/mqtt_parser.c:1359 nano_msg_notify: test online!
2026-09-16 03:11:45 [1345545] WARN  /home/kadir/mqtt-fuzzing/builds/nanomq-asan/nng/src/sp/transport/mqtt/broker_tcp.c:628 tcptran_pipe_recv_cb: nni aio recv error!! Connection shutdown

2026-09-16 03:11:45 [1345545] WARN  /home/kadir/mqtt-fuzzing/builds/nanomq-asan/nng/src/sp/transport/mqtt/broker_tcp.c:895 tcptran_pipe_recv_cb: tcptran_pipe_recv_cb: recv_error rv: 139

2026-09-16 03:11:45 [1345543] WARN  /home/kadir/mqtt-fuzzing/builds/nanomq-asan/nng/src/sp/protocol/mqtt/mqtt_parser.c:1363 nano_msg_notify: test offline!
2026-09-16 03:11:45 [1345541] WARN  /home/kadir/mqtt-fuzzing/builds/nanomq-asan/nng/src/sp/protocol/mqtt/mqtt_parser.c:1359 nano_msg_notify: test online!
2026-09-16 03:11:45 [1345544] WARN  /home/kadir/mqtt-fuzzing/builds/nanomq-asan/nng/src/sp/transport/mqtt/broker_tcp.c:628 tcptran_pipe_recv_cb: nni aio recv error!! Connection shutdown

2026-09-16 03:11:45 [1345544] WARN  /home/kadir/mqtt-fuzzing/builds/nanomq-asan/nng/src/sp/transport/mqtt/broker_tcp.c:895 tcptran_pipe_recv_cb: tcptran_pipe_recv_cb: recv_error rv: 139

2026-09-16 03:11:45 [1345539] WARN  /home/kadir/mqtt-fuzzing/builds/nanomq-asan/nng/src/sp/protocol/mqtt/mqtt_parser.c:1363 nano_msg_notify: test offline!
2026-09-16 03:11:45 [1345545] WARN  /home/kadir/mqtt-fuzzing/builds/nanomq-asan/nng/src/sp/protocol/mqtt/mqtt_parser.c:1359 nano_msg_notify: test online!
2026-09-16 03:11:45 [1345542] WARN  /home/kadir/mqtt-fuzzing/builds/nanomq-asan/nng/src/sp/transport/mqtt/broker_tcp.c:739 tcptran_pipe_recv_cb: Got invalid CONNECT from client!
2026-09-16 03:11:45 [1345546] WARN  /home/kadir/mqtt-fuzzing/builds/nanomq-asan/nng/src/sp/protocol/mqtt/mqtt_parser.c:1363 nano_msg_notify: test offline!
2026-09-16 03:11:45 [1345542] WARN  /home/kadir/mqtt-fuzzing/builds/nanomq-asan/nng/src/sp/transport/mqtt/broker_tcp.c:895 tcptran_pipe_recv_cb: tcptran_pipe_recv_cb: recv_error rv: 129

2026-09-16 03:11:45 [1345541] WARN  /home/kadir/mqtt-fuzzing/builds/nanomq-asan/nng/src/sp/protocol/mqtt/mqtt_parser.c:1359 nano_msg_notify: test online!
2026-09-16 03:11:45 [1345546] WARN  /home/kadir/mqtt-fuzzing/builds/nanomq-asan/nng/src/sp/transport/mqtt/broker_tcp.c:739 tcptran_pipe_recv_cb: Got invalid CONNECT from client!
2026-09-16 03:11:45 [1345546] WARN  /home/kadir/mqtt-fuzzing/builds/nanomq-asan/nng/src/sp/transport/mqtt/broker_tcp.c:895 tcptran_pipe_recv_cb: tcptran_pipe_recv_cb: recv_error rv: 129

2026-09-16 03:11:45 [1345545] WARN  /home/kadir/mqtt-fuzzing/builds/nanomq-asan/nng/src/sp/protocol/mqtt/mqtt_parser.c:1363 nano_msg_notify: test offline!
2026-09-16 03:11:45 [1345546] WARN  /home/kadir/mqtt-fuzzing/builds/nanomq-asan/nng/src/sp/protocol/mqtt/mqtt_parser.c:1359 nano_msg_notify: test online!
2026-09-16 03:11:45 [1345540] WARN  /home/kadir/mqtt-fuzzing/builds/nanomq-asan/nng/src/sp/transport/mqtt/broker_tcp.c:628 tcptran_pipe_recv_cb: nni aio recv error!! Connection shutdown

2026-09-16 03:11:45 [1345540] WARN  /home/kadir/mqtt-fuzzing/builds/nanomq-asan/nng/src/sp/transport/mqtt/broker_tcp.c:895 tcptran_pipe_recv_cb: tcptran_pipe_recv_cb: recv_error rv: 139

2026-09-16 03:11:45 [1345539] WARN  /home/kadir/mqtt-fuzzing/builds/nanomq-asan/nng/src/sp/protocol/mqtt/mqtt_parser.c:1363 nano_msg_notify: test offline!
2026-09-16 03:11:45 [1345543] WARN  /home/kadir/mqtt-fuzzing/builds/nanomq-asan/nng/src/sp/protocol/mqtt/mqtt_parser.c:1359 nano_msg_notify: test online!
2026-09-16 03:11:45 [1345539] WARN  /home/kadir/mqtt-fuzzing/builds/nanomq-asan/nng/src/sp/transport/mqtt/broker_tcp.c:739 tcptran_pipe_recv_cb: Got invalid CONNECT from client!
2026-09-16 03:11:45 [1345539] WARN  /home/kadir/mqtt-fuzzing/builds/nanomq-asan/nng/src/sp/transport/mqtt/broker_tcp.c:895 tcptran_pipe_recv_cb: tcptran_pipe_recv_cb: recv_error rv: 129

2026-09-16 03:11:45 [1345540] WARN  /home/kadir/mqtt-fuzzing/builds/nanomq-asan/nng/src/sp/protocol/mqtt/mqtt_parser.c:1363 nano_msg_notify: test offline!
2026-09-16 03:11:45 [1345543] WARN  /home/kadir/mqtt-fuzzing/builds/nanomq-asan/nng/src/sp/protocol/mqtt/mqtt_parser.c:1359 nano_msg_notify: test online!
2026-09-16 03:11:45 [1345540] WARN  /home/kadir/mqtt-fuzzing/builds/nanomq-asan/nng/src/sp/transport/mqtt/broker_tcp.c:739 tcptran_pipe_recv_cb: Got invalid CONNECT from client!
2026-09-16 03:11:45 [1345540] WARN  /home/kadir/mqtt-fuzzing/builds/nanomq-asan/nng/src/sp/transport/mqtt/broker_tcp.c:895 tcptran_pipe_recv_cb: tcptran_pipe_recv_cb: recv_error rv: 129

2026-09-16 03:11:45 [1345540] WARN  /home/kadir/mqtt-fuzzing/builds/nanomq-asan/nng/src/sp/protocol/mqtt/mqtt_parser.c:1363 nano_msg_notify: test offline!
2026-09-16 03:11:45 [1345546] WARN  /home/kadir/mqtt-fuzzing/builds/nanomq-asan/nng/src/sp/protocol/mqtt/mqtt_parser.c:1359 nano_msg_notify: test online!
2026-09-16 03:11:45 [1345541] WARN  /home/kadir/mqtt-fuzzing/builds/nanomq-asan/nng/src/sp/transport/mqtt/broker_tcp.c:739 tcptran_pipe_recv_cb: Got invalid CONNECT from client!
2026-09-16 03:11:45 [1345541] WARN  /home/kadir/mqtt-fuzzing/builds/nanomq-asan/nng/src/sp/transport/mqtt/broker_tcp.c:895 tcptran_pipe_recv_cb: tcptran_pipe_recv_cb: recv_error rv: 129

2026-09-16 03:11:45 [1345545] WARN  /home/kadir/mqtt-fuzzing/builds/nanomq-asan/nng/src/sp/protocol/mqtt/mqtt_parser.c:1363 nano_msg_notify: test offline!
2026-09-16 03:11:45 [1345543] WARN  /home/kadir/mqtt-fuzzing/builds/nanomq-asan/nng/src/sp/protocol/mqtt/mqtt_parser.c:1359 nano_msg_notify: test online!
2026-09-16 03:11:45 [1345546] WARN  /home/kadir/mqtt-fuzzing/builds/nanomq-asan/nng/src/sp/transport/mqtt/broker_tcp.c:739 tcptran_pipe_recv_cb: Got invalid CONNECT from client!
2026-09-16 03:11:45 [1345546] WARN  /home/kadir/mqtt-fuzzing/builds/nanomq-asan/nng/src/sp/transport/mqtt/broker_tcp.c:895 tcptran_pipe_recv_cb: tcptran_pipe_recv_cb: recv_error rv: 129

2026-09-16 03:11:45 [1345540] WARN  /home/kadir/mqtt-fuzzing/builds/nanomq-asan/nng/src/sp/protocol/mqtt/mqtt_parser.c:1363 nano_msg_notify: test offline!
2026-09-16 03:11:45 [1345544] WARN  /home/kadir/mqtt-fuzzing/builds/nanomq-asan/nng/src/sp/protocol/mqtt/mqtt_parser.c:1359 nano_msg_notify: test online!
2026-09-16 03:11:45 [1345540] WARN  /home/kadir/mqtt-fuzzing/builds/nanomq-asan/nng/src/sp/transport/mqtt/broker_tcp.c:739 tcptran_pipe_recv_cb: Got invalid CONNECT from client!
2026-09-16 03:11:45 [1345540] WARN  /home/kadir/mqtt-fuzzing/builds/nanomq-asan/nng/src/sp/transport/mqtt/broker_tcp.c:895 tcptran_pipe_recv_cb: tcptran_pipe_recv_cb: recv_error rv: 129

2026-09-16 03:11:45 [1345539] WARN  /home/kadir/mqtt-fuzzing/builds/nanomq-asan/nng/src/sp/protocol/mqtt/mqtt_parser.c:1363 nano_msg_notify: test offline!
2026-09-16 03:11:45 [1345540] WARN  /home/kadir/mqtt-fuzzing/builds/nanomq-asan/nng/src/sp/protocol/mqtt/mqtt_parser.c:1359 nano_msg_notify: test online!
2026-09-16 03:11:45 [1345542] WARN  /home/kadir/mqtt-fuzzing/builds/nanomq-asan/nng/src/sp/transport/mqtt/broker_tcp.c:628 tcptran_pipe_recv_cb: nni aio recv error!! Connection shutdown

2026-09-16 03:11:45 [1345542] WARN  /home/kadir/mqtt-fuzzing/builds/nanomq-asan/nng/src/sp/transport/mqtt/broker_tcp.c:895 tcptran_pipe_recv_cb: tcptran_pipe_recv_cb: recv_error rv: 139

2026-09-16 03:11:45 [1345543] WARN  /home/kadir/mqtt-fuzzing/builds/nanomq-asan/nng/src/sp/protocol/mqtt/mqtt_parser.c:1363 nano_msg_notify: test offline!
2026-09-16 03:11:45 [1345542] WARN  /home/kadir/mqtt-fuzzing/builds/nanomq-asan/nng/src/sp/protocol/mqtt/mqtt_parser.c:1359 nano_msg_notify: test online!
2026-09-16 03:11:45 [1345541] WARN  /home/kadir/mqtt-fuzzing/builds/nanomq-asan/nng/src/sp/transport/mqtt/broker_tcp.c:739 tcptran_pipe_recv_cb: Got invalid CONNECT from client!
2026-09-16 03:11:45 [1345541] WARN  /home/kadir/mqtt-fuzzing/builds/nanomq-asan/nng/src/sp/transport/mqtt/broker_tcp.c:895 tcptran_pipe_recv_cb: tcptran_pipe_recv_cb: recv_error rv: 129

2026-09-16 03:11:45 [1345544] WARN  /home/kadir/mqtt-fuzzing/builds/nanomq-asan/nng/src/sp/protocol/mqtt/mqtt_parser.c:1363 nano_msg_notify: test offline!
2026-09-16 03:11:45 [1345544] WARN  /home/kadir/mqtt-fuzzing/builds/nanomq-asan/nng/src/sp/transport/mqtt/broker_tcp.c:739 tcptran_pipe_recv_cb: Got invalid CONNECT from client!
2026-09-16 03:11:45 [1345544] WARN  /home/kadir/mqtt-fuzzing/builds/nanomq-asan/nng/src/sp/transport/mqtt/broker_tcp.c:895 tcptran_pipe_recv_cb: tcptran_pipe_recv_cb: recv_error rv: 129

2026-09-16 03:11:45 [1345539] WARN  /home/kadir/mqtt-fuzzing/builds/nanomq-asan/nng/src/sp/protocol/mqtt/mqtt_parser.c:1359 nano_msg_notify: test online!
2026-09-16 03:11:45 [1345546] WARN  /home/kadir/mqtt-fuzzing/builds/nanomq-asan/nng/src/sp/protocol/mqtt/mqtt_parser.c:1363 nano_msg_notify: test offline!
2026-09-16 03:11:45 [1345540] WARN  /home/kadir/mqtt-fuzzing/builds/nanomq-asan/nng/src/sp/protocol/mqtt/mqtt_parser.c:1359 nano_msg_notify: test online!
2026-09-16 03:11:45 [1345539] ERROR /home/kadir/mqtt-fuzzing/builds/nanomq-asan/nng/src/sp/transport/mqtt/broker_tcp.c:691 tcptran_pipe_recv_cb: Size of packet exceeds limitation: 0x95

2026-09-16 03:11:45 [1345539] WARN  /home/kadir/mqtt-fuzzing/builds/nanomq-asan/nng/src/sp/transport/mqtt/broker_tcp.c:895 tcptran_pipe_recv_cb: tcptran_pipe_recv_cb: recv_error rv: 149

2026-09-16 03:11:45 [1345544] WARN  /home/kadir/mqtt-fuzzing/builds/nanomq-asan/nng/src/sp/protocol/mqtt/mqtt_parser.c:1363 nano_msg_notify: test offline!
2026-09-16 03:11:45 [1345539] WARN  /home/kadir/mqtt-fuzzing/builds/nanomq-asan/nng/src/sp/protocol/mqtt/mqtt_parser.c:1359 nano_msg_notify: test online!
2026-09-16 03:11:45 [1345543] WARN  /home/kadir/mqtt-fuzzing/builds/nanomq-asan/nng/src/sp/transport/mqtt/broker_tcp.c:739 tcptran_pipe_recv_cb: Got invalid CONNECT from client!
2026-09-16 03:11:45 [1345543] WARN  /home/kadir/mqtt-fuzzing/builds/nanomq-asan/nng/src/sp/transport/mqtt/broker_tcp.c:895 tcptran_pipe_recv_cb: tcptran_pipe_recv_cb: recv_error rv: 129

2026-09-16 03:11:45 [1345545] WARN  /home/kadir/mqtt-fuzzing/builds/nanomq-asan/nng/src/sp/protocol/mqtt/mqtt_parser.c:1363 nano_msg_notify: test offline!
2026-09-16 03:11:45 [1345539] WARN  /home/kadir/mqtt-fuzzing/builds/nanomq-asan/nng/src/sp/protocol/mqtt/mqtt_parser.c:1359 nano_msg_notify: test online!
2026-09-16 03:11:45 [1345545] WARN  /home/kadir/mqtt-fuzzing/builds/nanomq-asan/nng/src/sp/transport/mqtt/broker_tcp.c:739 tcptran_pipe_recv_cb: Got invalid CONNECT from client!
2026-09-16 03:11:45 [1345545] WARN  /home/kadir/mqtt-fuzzing/builds/nanomq-asan/nng/src/sp/transport/mqtt/broker_tcp.c:895 tcptran_pipe_recv_cb: tcptran_pipe_recv_cb: recv_error rv: 129

2026-09-16 03:11:45 [1345546] WARN  /home/kadir/mqtt-fuzzing/builds/nanomq-asan/nng/src/sp/protocol/mqtt/mqtt_parser.c:1363 nano_msg_notify: test offline!
2026-09-16 03:11:45 [1345545] WARN  /home/kadir/mqtt-fuzzing/builds/nanomq-asan/nng/src/sp/protocol/mqtt/mqtt_parser.c:1359 nano_msg_notify: test online!
2026-09-16 03:11:45 [1345546] WARN  /home/kadir/mqtt-fuzzing/builds/nanomq-asan/nng/src/sp/transport/mqtt/broker_tcp.c:739 tcptran_pipe_recv_cb: Got invalid CONNECT from client!
2026-09-16 03:11:45 [1345546] WARN  /home/kadir/mqtt-fuzzing/builds/nanomq-asan/nng/src/sp/transport/mqtt/broker_tcp.c:895 tcptran_pipe_recv_cb: tcptran_pipe_recv_cb: recv_error rv: 129

2026-09-16 03:11:45 [1345543] WARN  /home/kadir/mqtt-fuzzing/builds/nanomq-asan/nng/src/sp/protocol/mqtt/mqtt_parser.c:1363 nano_msg_notify: test offline!
2026-09-16 03:11:45 [1345546] WARN  /home/kadir/mqtt-fuzzing/builds/nanomq-asan/nng/src/sp/protocol/mqtt/mqtt_parser.c:1359 nano_msg_notify: test online!
2026-09-16 03:11:45 [1345542] WARN  /home/kadir/mqtt-fuzzing/builds/nanomq-asan/nng/src/sp/transport/mqtt/broker_tcp.c:628 tcptran_pipe_recv_cb: nni aio recv error!! Connection shutdown

2026-09-16 03:11:45 [1345542] WARN  /home/kadir/mqtt-fuzzing/builds/nanomq-asan/nng/src/sp/transport/mqtt/broker_tcp.c:895 tcptran_pipe_recv_cb: tcptran_pipe_recv_cb: recv_error rv: 139

2026-09-16 03:11:45 [1345540] WARN  /home/kadir/mqtt-fuzzing/builds/nanomq-asan/nng/src/sp/protocol/mqtt/mqtt_parser.c:1363 nano_msg_notify: test offline!
2026-09-16 03:11:45 [1345541] WARN  /home/kadir/mqtt-fuzzing/builds/nanomq-asan/nng/src/sp/protocol/mqtt/mqtt_parser.c:1359 nano_msg_notify: test online!
2026-09-16 03:11:45 [1345540] WARN  /home/kadir/mqtt-fuzzing/builds/nanomq-asan/nng/src/sp/transport/mqtt/broker_tcp.c:628 tcptran_pipe_recv_cb: nni aio recv error!! Connection shutdown

2026-09-16 03:11:45 [1345540] WARN  /home/kadir/mqtt-fuzzing/builds/nanomq-asan/nng/src/sp/transport/mqtt/broker_tcp.c:895 tcptran_pipe_recv_cb: tcptran_pipe_recv_cb: recv_error rv: 139

2026-09-16 03:11:45 [1345542] WARN  /home/kadir/mqtt-fuzzing/builds/nanomq-asan/nng/src/sp/protocol/mqtt/mqtt_parser.c:1363 nano_msg_notify: test offline!
2026-09-16 03:11:45 [1345543] WARN  /home/kadir/mqtt-fuzzing/builds/nanomq-asan/nng/src/sp/protocol/mqtt/mqtt_parser.c:1359 nano_msg_notify: test online!
2026-09-16 03:11:45 [1345546] WARN  /home/kadir/mqtt-fuzzing/builds/nanomq-asan/nng/src/sp/transport/mqtt/broker_tcp.c:628 tcptran_pipe_recv_cb: nni aio recv error!! Connection shutdown

2026-09-16 03:11:45 [1345546] WARN  /home/kadir/mqtt-fuzzing/builds/nanomq-asan/nng/src/sp/transport/mqtt/broker_tcp.c:895 tcptran_pipe_recv_cb: tcptran_pipe_recv_cb: recv_error rv: 139

2026-09-16 03:11:45 [1345540] WARN  /home/kadir/mqtt-fuzzing/builds/nanomq-asan/nng/src/sp/protocol/mqtt/mqtt_parser.c:1363 nano_msg_notify: test offline!
2026-09-16 03:11:45 [1345546] WARN  /home/kadir/mqtt-fuzzing/builds/nanomq-asan/nng/src/sp/protocol/mqtt/mqtt_parser.c:1359 nano_msg_notify: test online!
2026-09-16 03:11:45 [1345542] WARN  /home/kadir/mqtt-fuzzing/builds/nanomq-asan/nng/src/sp/transport/mqtt/broker_tcp.c:628 tcptran_pipe_recv_cb: nni aio recv error!! Connection shutdown

2026-09-16 03:11:45 [1345542] WARN  /home/kadir/mqtt-fuzzing/builds/nanomq-asan/nng/src/sp/transport/mqtt/broker_tcp.c:895 tcptran_pipe_recv_cb: tcptran_pipe_recv_cb: recv_error rv: 139

2026-09-16 03:11:45 [1345544] WARN  /home/kadir/mqtt-fuzzing/builds/nanomq-asan/nng/src/sp/protocol/mqtt/mqtt_parser.c:1363 nano_msg_notify: test offline!
2026-09-16 03:11:45 [1345546] WARN  /home/kadir/mqtt-fuzzing/builds/nanomq-asan/nng/src/sp/protocol/mqtt/mqtt_parser.c:1359 nano_msg_notify: test online!
2026-09-16 03:11:45 [1345542] WARN  /home/kadir/mqtt-fuzzing/builds/nanomq-asan/nng/src/sp/transport/mqtt/broker_tcp.c:739 tcptran_pipe_recv_cb: Got invalid CONNECT from client!
2026-09-16 03:11:45 [1345542] WARN  /home/kadir/mqtt-fuzzing/builds/nanomq-asan/nng/src/sp/transport/mqtt/broker_tcp.c:895 tcptran_pipe_recv_cb: tcptran_pipe_recv_cb: recv_error rv: 129

2026-09-16 03:11:45 [1345543] WARN  /home/kadir/mqtt-fuzzing/builds/nanomq-asan/nng/src/sp/protocol/mqtt/mqtt_parser.c:1363 nano_msg_notify: test offline!
2026-09-16 03:11:45 [1345546] WARN  /home/kadir/mqtt-fuzzing/builds/nanomq-asan/nng/src/sp/protocol/mqtt/mqtt_parser.c:1359 nano_msg_notify: test online!
2026-09-16 03:11:45 [1345543] WARN  /home/kadir/mqtt-fuzzing/builds/nanomq-asan/nng/src/sp/transport/mqtt/broker_tcp.c:739 tcptran_pipe_recv_cb: Got invalid CONNECT from client!
2026-09-16 03:11:45 [1345543] WARN  /home/kadir/mqtt-fuzzing/builds/nanomq-asan/nng/src/sp/transport/mqtt/broker_tcp.c:895 tcptran_pipe_recv_cb: tcptran_pipe_recv_cb: recv_error rv: 129

2026-09-16 03:11:45 [1345545] WARN  /home/kadir/mqtt-fuzzing/builds/nanomq-asan/nng/src/sp/protocol/mqtt/mqtt_parser.c:1363 nano_msg_notify: test offline!
2026-09-16 03:11:45 [1345545] WARN  /home/kadir/mqtt-fuzzing/builds/nanomq-asan/nng/src/sp/protocol/mqtt/mqtt_parser.c:1359 nano_msg_notify: test online!
2026-09-16 03:11:45 [1345546] WARN  /home/kadir/mqtt-fuzzing/builds/nanomq-asan/nng/src/sp/transport/mqtt/broker_tcp.c:628 tcptran_pipe_recv_cb: nni aio recv error!! Connection shutdown

2026-09-16 03:11:45 [1345546] WARN  /home/kadir/mqtt-fuzzing/builds/nanomq-asan/nng/src/sp/transport/mqtt/broker_tcp.c:895 tcptran_pipe_recv_cb: tcptran_pipe_recv_cb: recv_error rv: 139

2026-09-16 03:11:45 [1345544] WARN  /home/kadir/mqtt-fuzzing/builds/nanomq-asan/nng/src/sp/protocol/mqtt/mqtt_parser.c:1363 nano_msg_notify: test offline!
2026-09-16 03:11:45 [1345543] WARN  /home/kadir/mqtt-fuzzing/builds/nanomq-asan/nng/src/sp/protocol/mqtt/mqtt_parser.c:1359 nano_msg_notify: test online!
2026-09-16 03:11:45 [1345546] WARN  /home/kadir/mqtt-fuzzing/builds/nanomq-asan/nng/src/sp/transport/mqtt/broker_tcp.c:662 tcptran_pipe_recv_cb: MALFORMED_PACKET received.
2026-09-16 03:11:45 [1345546] WARN  /home/kadir/mqtt-fuzzing/builds/nanomq-asan/nng/src/sp/transport/mqtt/broker_tcp.c:895 tcptran_pipe_recv_cb: tcptran_pipe_recv_cb: recv_error rv: 17

2026-09-16 03:11:45 [1345539] WARN  /home/kadir/mqtt-fuzzing/builds/nanomq-asan/nng/src/sp/protocol/mqtt/mqtt_parser.c:1363 nano_msg_notify: test offline!
2026-09-16 03:11:45 [1345544] WARN  /home/kadir/mqtt-fuzzing/builds/nanomq-asan/nng/src/sp/transport/mqtt/broker_tcp.c:739 tcptran_pipe_recv_cb: Got invalid CONNECT from client!
2026-09-16 03:11:45 [1345546] WARN  /home/kadir/mqtt-fuzzing/builds/nanomq-asan/nng/src/sp/protocol/mqtt/mqtt_parser.c:1359 nano_msg_notify: test online!
2026-09-16 03:11:45 [1345544] WARN  /home/kadir/mqtt-fuzzing/builds/nanomq-asan/nng/src/sp/transport/mqtt/broker_tcp.c:895 tcptran_pipe_recv_cb: tcptran_pipe_recv_cb: recv_error rv: 129

2026-09-16 03:11:45 [1345543] WARN  /home/kadir/mqtt-fuzzing/builds/nanomq-asan/nng/src/sp/protocol/mqtt/mqtt_parser.c:1363 nano_msg_notify: test offline!
2026-09-16 03:11:45 [1345541] WARN  /home/kadir/mqtt-fuzzing/builds/nanomq-asan/nng/src/sp/protocol/mqtt/mqtt_parser.c:1359 nano_msg_notify: test online!
2026-09-16 03:11:45 [1345546] WARN  /home/kadir/mqtt-fuzzing/builds/nanomq-asan/nng/src/sp/transport/mqtt/broker_tcp.c:739 tcptran_pipe_recv_cb: Got invalid CONNECT from client!
2026-09-16 03:11:45 [1345546] WARN  /home/kadir/mqtt-fuzzing/builds/nanomq-asan/nng/src/sp/transport/mqtt/broker_tcp.c:895 tcptran_pipe_recv_cb: tcptran_pipe_recv_cb: recv_error rv: 129

2026-09-16 03:11:45 [1345542] WARN  /home/kadir/mqtt-fuzzing/builds/nanomq-asan/nng/src/sp/protocol/mqtt/mqtt_parser.c:1363 nano_msg_notify: test offline!
2026-09-16 03:11:45 [1345546] WARN  /home/kadir/mqtt-fuzzing/builds/nanomq-asan/nng/src/sp/protocol/mqtt/mqtt_parser.c:1359 nano_msg_notify: test online!
2026-09-16 03:11:45 [1345542] WARN  /home/kadir/mqtt-fuzzing/builds/nanomq-asan/nng/src/sp/transport/mqtt/broker_tcp.c:895 tcptran_pipe_recv_cb: tcptran_pipe_recv_cb: recv_error rv: 153

2026-09-16 03:11:45 [1345539] WARN  /home/kadir/mqtt-fuzzing/builds/nanomq-asan/nng/src/sp/protocol/mqtt/mqtt_parser.c:1363 nano_msg_notify: test offline!
2026-09-16 03:11:45 [1345542] WARN  /home/kadir/mqtt-fuzzing/builds/nanomq-asan/nng/src/sp/protocol/mqtt/mqtt_parser.c:1359 nano_msg_notify: test online!
2026-09-16 03:11:45 [1345541] WARN  /home/kadir/mqtt-fuzzing/builds/nanomq-asan/nng/src/sp/transport/mqtt/broker_tcp.c:739 tcptran_pipe_recv_cb: Got invalid CONNECT from client!
2026-09-16 03:11:45 [1345541] WARN  /home/kadir/mqtt-fuzzing/builds/nanomq-asan/nng/src/sp/transport/mqtt/broker_tcp.c:895 tcptran_pipe_recv_cb: tcptran_pipe_recv_cb: recv_error rv: 129

2026-09-16 03:11:45 [1345539] WARN  /home/kadir/mqtt-fuzzing/builds/nanomq-asan/nng/src/sp/protocol/mqtt/mqtt_parser.c:1363 nano_msg_notify: test offline!
2026-09-16 03:11:45 [1345541] WARN  /home/kadir/mqtt-fuzzing/builds/nanomq-asan/nng/src/sp/protocol/mqtt/mqtt_parser.c:1359 nano_msg_notify: test online!
2026-09-16 03:11:45 [1345546] WARN  /home/kadir/mqtt-fuzzing/builds/nanomq-asan/nng/src/sp/transport/mqtt/broker_tcp.c:628 tcptran_pipe_recv_cb: nni aio recv error!! Connection shutdown

2026-09-16 03:11:45 [1345546] WARN  /home/kadir/mqtt-fuzzing/builds/nanomq-asan/nng/src/sp/transport/mqtt/broker_tcp.c:895 tcptran_pipe_recv_cb: tcptran_pipe_recv_cb: recv_error rv: 139

2026-09-16 03:11:45 [1345540] WARN  /home/kadir/mqtt-fuzzing/builds/nanomq-asan/nng/src/sp/protocol/mqtt/mqtt_parser.c:1363 nano_msg_notify: test offline!
2026-09-16 03:11:45 [1345544] WARN  /home/kadir/mqtt-fuzzing/builds/nanomq-asan/nng/src/sp/protocol/mqtt/mqtt_parser.c:1359 nano_msg_notify: test online!
2026-09-16 03:11:45 [1345539] WARN  /home/kadir/mqtt-fuzzing/builds/nanomq-asan/nng/src/sp/transport/mqtt/broker_tcp.c:628 tcptran_pipe_recv_cb: nni aio recv error!! Connection shutdown

2026-09-16 03:11:45 [1345539] WARN  /home/kadir/mqtt-fuzzing/builds/nanomq-asan/nng/src/sp/transport/mqtt/broker_tcp.c:895 tcptran_pipe_recv_cb: tcptran_pipe_recv_cb: recv_error rv: 139

2026-09-16 03:11:45 [1345546] WARN  /home/kadir/mqtt-fuzzing/builds/nanomq-asan/nng/src/sp/protocol/mqtt/mqtt_parser.c:1363 nano_msg_notify: test offline!
2026-09-16 03:11:45 [1345543] WARN  /home/kadir/mqtt-fuzzing/builds/nanomq-asan/nng/src/sp/protocol/mqtt/mqtt_parser.c:1359 nano_msg_notify: test online!
2026-09-16 03:11:45 [1345545] WARN  /home/kadir/mqtt-fuzzing/builds/nanomq-asan/nng/src/sp/transport/mqtt/broker_tcp.c:628 tcptran_pipe_recv_cb: nni aio recv error!! Connection shutdown

2026-09-16 03:11:45 [1345545] WARN  /home/kadir/mqtt-fuzzing/builds/nanomq-asan/nng/src/sp/transport/mqtt/broker_tcp.c:895 tcptran_pipe_recv_cb: tcptran_pipe_recv_cb: recv_error rv: 139

2026-09-16 03:11:45 [1345542] WARN  /home/kadir/mqtt-fuzzing/builds/nanomq-asan/nng/src/sp/protocol/mqtt/mqtt_parser.c:1363 nano_msg_notify: test offline!
2026-09-16 03:11:45 [1345539] WARN  /home/kadir/mqtt-fuzzing/builds/nanomq-asan/nng/src/sp/protocol/mqtt/mqtt_parser.c:1359 nano_msg_notify: test online!
2026-09-16 03:11:45 [1345540] WARN  /home/kadir/mqtt-fuzzing/builds/nanomq-asan/nng/src/sp/transport/mqtt/broker_tcp.c:628 tcptran_pipe_recv_cb: nni aio recv error!! Connection shutdown

2026-09-16 03:11:45 [1345540] WARN  /home/kadir/mqtt-fuzzing/builds/nanomq-asan/nng/src/sp/transport/mqtt/broker_tcp.c:895 tcptran_pipe_recv_cb: tcptran_pipe_recv_cb: recv_error rv: 139

2026-09-16 03:11:45 [1345541] WARN  /home/kadir/mqtt-fuzzing/builds/nanomq-asan/nng/src/sp/protocol/mqtt/mqtt_parser.c:1363 nano_msg_notify: test offline!
2026-09-16 03:11:45 [1345546] WARN  /home/kadir/mqtt-fuzzing/builds/nanomq-asan/nng/src/sp/protocol/mqtt/mqtt_parser.c:1359 nano_msg_notify: test online!
2026-09-16 03:11:45 [1345541] WARN  /home/kadir/mqtt-fuzzing/builds/nanomq-asan/nng/src/sp/transport/mqtt/broker_tcp.c:628 tcptran_pipe_recv_cb: nni aio recv error!! Connection shutdown

2026-09-16 03:11:45 [1345541] WARN  /home/kadir/mqtt-fuzzing/builds/nanomq-asan/nng/src/sp/transport/mqtt/broker_tcp.c:895 tcptran_pipe_recv_cb: tcptran_pipe_recv_cb: recv_error rv: 139

2026-09-16 03:11:45 [1345540] WARN  /home/kadir/mqtt-fuzzing/builds/nanomq-asan/nng/src/sp/protocol/mqtt/mqtt_parser.c:1363 nano_msg_notify: test offline!
2026-09-16 03:11:45 [1345539] WARN  /home/kadir/mqtt-fuzzing/builds/nanomq-asan/nng/src/sp/protocol/mqtt/mqtt_parser.c:1359 nano_msg_notify: test online!
2026-09-16 03:11:45 [1345540] WARN  /home/kadir/mqtt-fuzzing/builds/nanomq-asan/nng/src/sp/transport/mqtt/broker_tcp.c:628 tcptran_pipe_recv_cb: nni aio recv error!! Connection shutdown

2026-09-16 03:11:45 [1345540] WARN  /home/kadir/mqtt-fuzzing/builds/nanomq-asan/nng/src/sp/transport/mqtt/broker_tcp.c:895 tcptran_pipe_recv_cb: tcptran_pipe_recv_cb: recv_error rv: 139

2026-09-16 03:11:45 [1345542] WARN  /home/kadir/mqtt-fuzzing/builds/nanomq-asan/nng/src/sp/protocol/mqtt/mqtt_parser.c:1363 nano_msg_notify: test offline!
2026-09-16 03:11:45 [1345544] WARN  /home/kadir/mqtt-fuzzing/builds/nanomq-asan/nng/src/sp/protocol/mqtt/mqtt_parser.c:1359 nano_msg_notify: test online!
2026-09-16 03:11:45 [1345543] WARN  /home/kadir/mqtt-fuzzing/builds/nanomq-asan/nng/src/sp/transport/mqtt/broker_tcp.c:628 tcptran_pipe_recv_cb: nni aio recv error!! Connection shutdown

2026-09-16 03:11:45 [1345543] WARN  /home/kadir/mqtt-fuzzing/builds/nanomq-asan/nng/src/sp/transport/mqtt/broker_tcp.c:895 tcptran_pipe_recv_cb: tcptran_pipe_recv_cb: recv_error rv: 139

2026-09-16 03:11:45 [1345540] WARN  /home/kadir/mqtt-fuzzing/builds/nanomq-asan/nng/src/sp/protocol/mqtt/mqtt_parser.c:1363 nano_msg_notify: test offline!
2026-09-16 03:11:45 [1345541] WARN  /home/kadir/mqtt-fuzzing/builds/nanomq-asan/nng/src/sp/protocol/mqtt/mqtt_parser.c:1359 nano_msg_notify: test online!
2026-09-16 03:11:45 [1345546] WARN  /home/kadir/mqtt-fuzzing/builds/nanomq-asan/nng/src/sp/transport/mqtt/broker_tcp.c:662 tcptran_pipe_recv_cb: MALFORMED_PACKET received.
2026-09-16 03:11:45 [1345546] WARN  /home/kadir/mqtt-fuzzing/builds/nanomq-asan/nng/src/sp/transport/mqtt/broker_tcp.c:895 tcptran_pipe_recv_cb: tcptran_pipe_recv_cb: recv_error rv: 17

2026-09-16 03:11:45 [1345546] WARN  /home/kadir/mqtt-fuzzing/builds/nanomq-asan/nng/src/sp/protocol/mqtt/mqtt_parser.c:1363 nano_msg_notify: test offline!
2026-09-16 03:11:45 [1345545] WARN  /home/kadir/mqtt-fuzzing/builds/nanomq-asan/nng/src/sp/protocol/mqtt/mqtt_parser.c:1359 nano_msg_notify: test online!
2026-09-16 03:11:45 [1345541] WARN  /home/kadir/mqtt-fuzzing/builds/nanomq-asan/nng/src/sp/transport/mqtt/broker_tcp.c:662 tcptran_pipe_recv_cb: MALFORMED_PACKET received.
2026-09-16 03:11:45 [1345541] WARN  /home/kadir/mqtt-fuzzing/builds/nanomq-asan/nng/src/sp/transport/mqtt/broker_tcp.c:895 tcptran_pipe_recv_cb: tcptran_pipe_recv_cb: recv_error rv: 17

2026-09-16 03:11:45 [1345543] WARN  /home/kadir/mqtt-fuzzing/builds/nanomq-asan/nng/src/sp/protocol/mqtt/mqtt_parser.c:1363 nano_msg_notify: test offline!
2026-09-16 03:11:45 [1345546] WARN  /home/kadir/mqtt-fuzzing/builds/nanomq-asan/nng/src/sp/protocol/mqtt/mqtt_parser.c:1359 nano_msg_notify: test online!
2026-09-16 03:11:45 [1345540] WARN  /home/kadir/mqtt-fuzzing/builds/nanomq-asan/nng/src/sp/transport/mqtt/broker_tcp.c:739 tcptran_pipe_recv_cb: Got invalid CONNECT from client!
2026-09-16 03:11:45 [1345540] WARN  /home/kadir/mqtt-fuzzing/builds/nanomq-asan/nng/src/sp/transport/mqtt/broker_tcp.c:895 tcptran_pipe_recv_cb: tcptran_pipe_recv_cb: recv_error rv: 129

2026-09-16 03:11:45 [1345543] WARN  /home/kadir/mqtt-fuzzing/builds/nanomq-asan/nng/src/sp/protocol/mqtt/mqtt_parser.c:1363 nano_msg_notify: test offline!
2026-09-16 03:11:45 [1345540] WARN  /home/kadir/mqtt-fuzzing/builds/nanomq-asan/nng/src/sp/protocol/mqtt/mqtt_parser.c:1359 nano_msg_notify: test online!
2026-09-16 03:11:45 [1345544] WARN  /home/kadir/mqtt-fuzzing/builds/nanomq-asan/nng/src/sp/transport/mqtt/broker_tcp.c:739 tcptran_pipe_recv_cb: Got invalid CONNECT from client!
2026-09-16 03:11:45 [1345544] WARN  /home/kadir/mqtt-fuzzing/builds/nanomq-asan/nng/src/sp/transport/mqtt/broker_tcp.c:895 tcptran_pipe_recv_cb: tcptran_pipe_recv_cb: recv_error rv: 129

2026-09-16 03:11:45 [1345545] WARN  /home/kadir/mqtt-fuzzing/builds/nanomq-asan/nng/src/sp/protocol/mqtt/mqtt_parser.c:1363 nano_msg_notify: test offline!
2026-09-16 03:11:45 [1345539] WARN  /home/kadir/mqtt-fuzzing/builds/nanomq-asan/nng/src/sp/protocol/mqtt/mqtt_parser.c:1359 nano_msg_notify: test online!
2026-09-16 03:11:45 [1345545] WARN  /home/kadir/mqtt-fuzzing/builds/nanomq-asan/nng/src/sp/transport/mqtt/broker_tcp.c:739 tcptran_pipe_recv_cb: Got invalid CONNECT from client!
2026-09-16 03:11:45 [1345545] WARN  /home/kadir/mqtt-fuzzing/builds/nanomq-asan/nng/src/sp/transport/mqtt/broker_tcp.c:895 tcptran_pipe_recv_cb: tcptran_pipe_recv_cb: recv_error rv: 129

2026-09-16 03:11:45 [1345541] WARN  /home/kadir/mqtt-fuzzing/builds/nanomq-asan/nng/src/sp/protocol/mqtt/mqtt_parser.c:1363 nano_msg_notify: test offline!
2026-09-16 03:11:45 [1345539] WARN  /home/kadir/mqtt-fuzzing/builds/nanomq-asan/nng/src/sp/protocol/mqtt/mqtt_parser.c:1359 nano_msg_notify: test online!
2026-09-16 03:11:45 [1345544] WARN  /home/kadir/mqtt-fuzzing/builds/nanomq-asan/nng/src/sp/transport/mqtt/broker_tcp.c:739 tcptran_pipe_recv_cb: Got invalid CONNECT from client!
2026-09-16 03:11:45 [1345544] WARN  /home/kadir/mqtt-fuzzing/builds/nanomq-asan/nng/src/sp/transport/mqtt/broker_tcp.c:895 tcptran_pipe_recv_cb: tcptran_pipe_recv_cb: recv_error rv: 129

2026-09-16 03:11:45 [1345540] WARN  /home/kadir/mqtt-fuzzing/builds/nanomq-asan/nng/src/sp/protocol/mqtt/mqtt_parser.c:1363 nano_msg_notify: test offline!
2026-09-16 03:11:45 [1345544] WARN  /home/kadir/mqtt-fuzzing/builds/nanomq-asan/nng/src/sp/protocol/mqtt/mqtt_parser.c:1359 nano_msg_notify: test online!
2026-09-16 03:11:45 [1345540] WARN  /home/kadir/mqtt-fuzzing/builds/nanomq-asan/nng/src/sp/transport/mqtt/broker_tcp.c:628 tcptran_pipe_recv_cb: nni aio recv error!! Connection shutdown

2026-09-16 03:11:45 [1345540] WARN  /home/kadir/mqtt-fuzzing/builds/nanomq-asan/nng/src/sp/transport/mqtt/broker_tcp.c:895 tcptran_pipe_recv_cb: tcptran_pipe_recv_cb: recv_error rv: 139

2026-09-16 03:11:45 [1345543] WARN  /home/kadir/mqtt-fuzzing/builds/nanomq-asan/nng/src/sp/protocol/mqtt/mqtt_parser.c:1363 nano_msg_notify: test offline!
2026-09-16 03:11:45 [1345540] WARN  /home/kadir/mqtt-fuzzing/builds/nanomq-asan/nng/src/sp/protocol/mqtt/mqtt_parser.c:1359 nano_msg_notify: test online!
2026-09-16 03:11:45 [1345544] WARN  /home/kadir/mqtt-fuzzing/builds/nanomq-asan/nng/src/sp/transport/mqtt/broker_tcp.c:628 tcptran_pipe_recv_cb: nni aio recv error!! Connection shutdown

2026-09-16 03:11:45 [1345544] WARN  /home/kadir/mqtt-fuzzing/builds/nanomq-asan/nng/src/sp/transport/mqtt/broker_tcp.c:895 tcptran_pipe_recv_cb: tcptran_pipe_recv_cb: recv_error rv: 139

2026-09-16 03:11:45 [1345541] WARN  /home/kadir/mqtt-fuzzing/builds/nanomq-asan/nng/src/sp/protocol/mqtt/mqtt_parser.c:1363 nano_msg_notify: test offline!
2026-09-16 03:11:45 [1345540] WARN  /home/kadir/mqtt-fuzzing/builds/nanomq-asan/nng/src/sp/protocol/mqtt/mqtt_parser.c:1359 nano_msg_notify: test online!
2026-09-16 03:11:45 [1345546] WARN  /home/kadir/mqtt-fuzzing/builds/nanomq-asan/nng/src/sp/transport/mqtt/broker_tcp.c:739 tcptran_pipe_recv_cb: Got invalid CONNECT from client!
2026-09-16 03:11:45 [1345546] WARN  /home/kadir/mqtt-fuzzing/builds/nanomq-asan/nng/src/sp/transport/mqtt/broker_tcp.c:895 tcptran_pipe_recv_cb: tcptran_pipe_recv_cb: recv_error rv: 129

2026-09-16 03:11:45 [1345542] WARN  /home/kadir/mqtt-fuzzing/builds/nanomq-asan/nng/src/sp/protocol/mqtt/mqtt_parser.c:1363 nano_msg_notify: test offline!
2026-09-16 03:11:45 [1345546] WARN  /home/kadir/mqtt-fuzzing/builds/nanomq-asan/nng/src/sp/protocol/mqtt/mqtt_parser.c:1359 nano_msg_notify: test online!
2026-09-16 03:11:45 [1345542] WARN  /home/kadir/mqtt-fuzzing/builds/nanomq-asan/nng/src/sp/transport/mqtt/broker_tcp.c:628 tcptran_pipe_recv_cb: nni aio recv error!! Connection shutdown

2026-09-16 03:11:45 [1345542] WARN  /home/kadir/mqtt-fuzzing/builds/nanomq-asan/nng/src/sp/transport/mqtt/broker_tcp.c:895 tcptran_pipe_recv_cb: tcptran_pipe_recv_cb: recv_error rv: 139

2026-09-16 03:11:45 [1345545] WARN  /home/kadir/mqtt-fuzzing/builds/nanomq-asan/nng/src/sp/protocol/mqtt/mqtt_parser.c:1363 nano_msg_notify: test offline!
2026-09-16 03:11:45 [1345543] WARN  /home/kadir/mqtt-fuzzing/builds/nanomq-asan/nng/src/sp/protocol/mqtt/mqtt_parser.c:1359 nano_msg_notify: test online!
2026-09-16 03:11:45 [1345542] WARN  /home/kadir/mqtt-fuzzing/builds/nanomq-asan/nng/src/sp/transport/mqtt/broker_tcp.c:739 tcptran_pipe_recv_cb: Got invalid CONNECT from client!
2026-09-16 03:11:45 [1345542] WARN  /home/kadir/mqtt-fuzzing/builds/nanomq-asan/nng/src/sp/transport/mqtt/broker_tcp.c:895 tcptran_pipe_recv_cb: tcptran_pipe_recv_cb: recv_error rv: 129

2026-09-16 03:11:45 [1345544] WARN  /home/kadir/mqtt-fuzzing/builds/nanomq-asan/nng/src/sp/protocol/mqtt/mqtt_parser.c:1363 nano_msg_notify: test offline!
2026-09-16 03:11:45 [1345542] WARN  /home/kadir/mqtt-fuzzing/builds/nanomq-asan/nng/src/sp/protocol/mqtt/mqtt_parser.c:1359 nano_msg_notify: test online!
2026-09-16 03:11:45 [1345540] WARN  /home/kadir/mqtt-fuzzing/builds/nanomq-asan/nng/src/sp/transport/mqtt/broker_tcp.c:662 tcptran_pipe_recv_cb: MALFORMED_PACKET received.
2026-09-16 03:11:45 [1345540] WARN  /home/kadir/mqtt-fuzzing/builds/nanomq-asan/nng/src/sp/transport/mqtt/broker_tcp.c:895 tcptran_pipe_recv_cb: tcptran_pipe_recv_cb: recv_error rv: 17

2026-09-16 03:11:45 [1345539] WARN  /home/kadir/mqtt-fuzzing/builds/nanomq-asan/nng/src/sp/protocol/mqtt/mqtt_parser.c:1363 nano_msg_notify: test offline!
2026-09-16 03:11:45 [1345546] WARN  /home/kadir/mqtt-fuzzing/builds/nanomq-asan/nng/src/sp/protocol/mqtt/mqtt_parser.c:1359 nano_msg_notify: test online!2026-09-16 03:11:45 [1345539] WARN  /home/kadir/mqtt-fuzzing/builds/nanomq-asan/nng/src/sp/transport/mqtt/broker_tcp.c:628 tcptran_pipe_recv_cb: nni aio recv error!! Connection shutdown


2026-09-16 03:11:45 [1345539] WARN  /home/kadir/mqtt-fuzzing/builds/nanomq-asan/nng/src/sp/transport/mqtt/broker_tcp.c:895 tcptran_pipe_recv_cb: tcptran_pipe_recv_cb: recv_error rv: 139

2026-09-16 03:11:45 [1345540] WARN  /home/kadir/mqtt-fuzzing/builds/nanomq-asan/nng/src/sp/protocol/mqtt/mqtt_parser.c:1363 nano_msg_notify: test offline!
2026-09-16 03:11:45 [1345542] WARN  /home/kadir/mqtt-fuzzing/builds/nanomq-asan/nng/src/sp/protocol/mqtt/mqtt_parser.c:1359 nano_msg_notify: test online!
2026-09-16 03:11:45 [1345541] WARN  /home/kadir/mqtt-fuzzing/builds/nanomq-asan/nng/src/sp/transport/mqtt/broker_tcp.c:739 tcptran_pipe_recv_cb: Got invalid CONNECT from client!
2026-09-16 03:11:45 [1345541] WARN  /home/kadir/mqtt-fuzzing/builds/nanomq-asan/nng/src/sp/transport/mqtt/broker_tcp.c:895 tcptran_pipe_recv_cb: tcptran_pipe_recv_cb: recv_error rv: 129

2026-09-16 03:11:45 [1345544] WARN  /home/kadir/mqtt-fuzzing/builds/nanomq-asan/nng/src/sp/protocol/mqtt/mqtt_parser.c:1363 nano_msg_notify: test offline!
2026-09-16 03:11:45 [1345541] WARN  /home/kadir/mqtt-fuzzing/builds/nanomq-asan/nng/src/sp/protocol/mqtt/mqtt_parser.c:1359 nano_msg_notify: test online!
2026-09-16 03:11:45 [1345542] WARN  /home/kadir/mqtt-fuzzing/builds/nanomq-asan/nng/src/sp/transport/mqtt/broker_tcp.c:739 tcptran_pipe_recv_cb: Got invalid CONNECT from client!
2026-09-16 03:11:45 [1345542] WARN  /home/kadir/mqtt-fuzzing/builds/nanomq-asan/nng/src/sp/transport/mqtt/broker_tcp.c:895 tcptran_pipe_recv_cb: tcptran_pipe_recv_cb: recv_error rv: 129

2026-09-16 03:11:45 [1345540] WARN  /home/kadir/mqtt-fuzzing/builds/nanomq-asan/nng/src/sp/protocol/mqtt/mqtt_parser.c:1363 nano_msg_notify: test offline!
2026-09-16 03:11:45 [1345542] WARN  /home/kadir/mqtt-fuzzing/builds/nanomq-asan/nng/src/sp/protocol/mqtt/mqtt_parser.c:1359 nano_msg_notify: test online!
2026-09-16 03:11:45 [1345540] WARN  /home/kadir/mqtt-fuzzing/builds/nanomq-asan/nng/src/sp/transport/mqtt/broker_tcp.c:739 tcptran_pipe_recv_cb: Got invalid CONNECT from client!
2026-09-16 03:11:45 [1345540] WARN  /home/kadir/mqtt-fuzzing/builds/nanomq-asan/nng/src/sp/transport/mqtt/broker_tcp.c:895 tcptran_pipe_recv_cb: tcptran_pipe_recv_cb: recv_error rv: 129

2026-09-16 03:11:45 [1345546] WARN  /home/kadir/mqtt-fuzzing/builds/nanomq-asan/nng/src/sp/protocol/mqtt/mqtt_parser.c:1363 nano_msg_notify: test offline!
2026-09-16 03:11:45 [1345542] WARN  /home/kadir/mqtt-fuzzing/builds/nanomq-asan/nng/src/sp/protocol/mqtt/mqtt_parser.c:1359 nano_msg_notify: test online!
2026-09-16 03:11:45 [1345540] WARN  /home/kadir/mqtt-fuzzing/builds/nanomq-asan/nng/src/sp/transport/mqtt/broker_tcp.c:628 tcptran_pipe_recv_cb: nni aio recv error!! Connection shutdown

2026-09-16 03:11:45 [1345540] WARN  /home/kadir/mqtt-fuzzing/builds/nanomq-asan/nng/src/sp/transport/mqtt/broker_tcp.c:895 tcptran_pipe_recv_cb: tcptran_pipe_recv_cb: recv_error rv: 139

2026-09-16 03:11:45 [1345544] WARN  /home/kadir/mqtt-fuzzing/builds/nanomq-asan/nng/src/sp/protocol/mqtt/mqtt_parser.c:1363 nano_msg_notify: test offline!
2026-09-16 03:11:45 [1345545] WARN  /home/kadir/mqtt-fuzzing/builds/nanomq-asan/nng/src/sp/protocol/mqtt/mqtt_parser.c:1359 nano_msg_notify: test online!
2026-09-16 03:11:45 [1345542] WARN  /home/kadir/mqtt-fuzzing/builds/nanomq-asan/nng/src/sp/transport/mqtt/broker_tcp.c:739 tcptran_pipe_recv_cb: Got invalid CONNECT from client!
2026-09-16 03:11:45 [1345542] WARN  /home/kadir/mqtt-fuzzing/builds/nanomq-asan/nng/src/sp/transport/mqtt/broker_tcp.c:895 tcptran_pipe_recv_cb: tcptran_pipe_recv_cb: recv_error rv: 129

2026-09-16 03:11:45 [1345539] WARN  /home/kadir/mqtt-fuzzing/builds/nanomq-asan/nng/src/sp/protocol/mqtt/mqtt_parser.c:1363 nano_msg_notify: test offline!
2026-09-16 03:11:45 [1345542] WARN  /home/kadir/mqtt-fuzzing/builds/nanomq-asan/nng/src/sp/protocol/mqtt/mqtt_parser.c:1359 nano_msg_notify: test online!
2026-09-16 03:11:45 [1345543] WARN  /home/kadir/mqtt-fuzzing/builds/nanomq-asan/nng/src/sp/transport/mqtt/broker_tcp.c:739 tcptran_pipe_recv_cb: Got invalid CONNECT from client!
2026-09-16 03:11:45 [1345543] WARN  /home/kadir/mqtt-fuzzing/builds/nanomq-asan/nng/src/sp/transport/mqtt/broker_tcp.c:895 tcptran_pipe_recv_cb: tcptran_pipe_recv_cb: recv_error rv: 129

2026-09-16 03:11:45 [1345541] WARN  /home/kadir/mqtt-fuzzing/builds/nanomq-asan/nng/src/sp/protocol/mqtt/mqtt_parser.c:1363 nano_msg_notify: test offline!
2026-09-16 03:11:45 [1345543] WARN  /home/kadir/mqtt-fuzzing/builds/nanomq-asan/nng/src/sp/protocol/mqtt/mqtt_parser.c:1359 nano_msg_notify: test online!
2026-09-16 03:11:45 [1345541] WARN  /home/kadir/mqtt-fuzzing/builds/nanomq-asan/nng/src/sp/transport/mqtt/broker_tcp.c:739 tcptran_pipe_recv_cb: Got invalid CONNECT from client!
2026-09-16 03:11:45 [1345541] WARN  /home/kadir/mqtt-fuzzing/builds/nanomq-asan/nng/src/sp/transport/mqtt/broker_tcp.c:895 tcptran_pipe_recv_cb: tcptran_pipe_recv_cb: recv_error rv: 129

2026-09-16 03:11:45 [1345540] WARN  /home/kadir/mqtt-fuzzing/builds/nanomq-asan/nng/src/sp/protocol/mqtt/mqtt_parser.c:1363 nano_msg_notify: test offline!
2026-09-16 03:11:45 [1345541] WARN  /home/kadir/mqtt-fuzzing/builds/nanomq-asan/nng/src/sp/protocol/mqtt/mqtt_parser.c:1359 nano_msg_notify: test online!
2026-09-16 03:11:45 [1345546] WARN  /home/kadir/mqtt-fuzzing/builds/nanomq-asan/nng/src/sp/transport/mqtt/broker_tcp.c:739 tcptran_pipe_recv_cb: Got invalid CONNECT from client!
2026-09-16 03:11:45 [1345546] WARN  /home/kadir/mqtt-fuzzing/builds/nanomq-asan/nng/src/sp/transport/mqtt/broker_tcp.c:895 tcptran_pipe_recv_cb: tcptran_pipe_recv_cb: recv_error rv: 129

2026-09-16 03:11:45 [1345543] WARN  /home/kadir/mqtt-fuzzing/builds/nanomq-asan/nng/src/sp/protocol/mqtt/mqtt_parser.c:1363 nano_msg_notify: test offline!
2026-09-16 03:11:45 [1345544] WARN  /home/kadir/mqtt-fuzzing/builds/nanomq-asan/nng/src/sp/protocol/mqtt/mqtt_parser.c:1359 nano_msg_notify: test online!
2026-09-16 03:11:45 [1345543] ERROR /home/kadir/mqtt-fuzzing/builds/nanomq-asan/nng/src/supplemental/mqtt/mqtt_codec.c:3869 property_parse: Unknown type 7
2026-09-16 03:11:45 [1345543] WARN  /home/kadir/mqtt-fuzzing/builds/nanomq-asan/nanomq/pub_handler.c:2185 decode_pub_message: Malformed Payload
2026-09-16 03:11:45 [1345543] WARN  /home/kadir/mqtt-fuzzing/builds/nanomq-asan/nanomq/pub_handler.c:1623 handle_pub: decode message failed.
2026-09-16 03:11:45 [1345545] WARN  /home/kadir/mqtt-fuzzing/builds/nanomq-asan/nng/src/sp/transport/mqtt/broker_tcp.c:525 nmq_tcptran_pipe_send_cb:  send aio error Object closed(7)
2026-09-16 03:11:45 [1345544] WARN  /home/kadir/mqtt-fuzzing/builds/nanomq-asan/nng/src/sp/protocol/mqtt/mqtt_parser.c:1363 nano_msg_notify: test offline!
2026-09-16 03:11:45 [1345546] WARN  /home/kadir/mqtt-fuzzing/builds/nanomq-asan/nng/src/sp/transport/mqtt/broker_tcp.c:628 tcptran_pipe_recv_cb: nni aio recv error!! Object closed

2026-09-16 03:11:45 [1345546] WARN  /home/kadir/mqtt-fuzzing/builds/nanomq-asan/nng/src/sp/transport/mqtt/broker_tcp.c:895 tcptran_pipe_recv_cb: tcptran_pipe_recv_cb: recv_error rv: 139

2026-09-16 03:11:45 [1345544] WARN  /home/kadir/mqtt-fuzzing/builds/nanomq-asan/nng/src/sp/protocol/mqtt/mqtt_parser.c:1359 nano_msg_notify: test online!
2026-09-16 03:11:45 [1345539] ERROR /home/kadir/mqtt-fuzzing/builds/nanomq-asan/nng/src/sp/transport/mqtt/broker_tcp.c:691 tcptran_pipe_recv_cb: Size of packet exceeds limitation: 0x95

2026-09-16 03:11:45 [1345539] WARN  /home/kadir/mqtt-fuzzing/builds/nanomq-asan/nng/src/sp/transport/mqtt/broker_tcp.c:895 tcptran_pipe_recv_cb: tcptran_pipe_recv_cb: recv_error rv: 149

2026-09-16 03:11:45 [1345542] WARN  /home/kadir/mqtt-fuzzing/builds/nanomq-asan/nng/src/sp/protocol/mqtt/mqtt_parser.c:1363 nano_msg_notify: test offline!
2026-09-16 03:11:45 [1345539] WARN  /home/kadir/mqtt-fuzzing/builds/nanomq-asan/nng/src/sp/protocol/mqtt/mqtt_parser.c:1359 nano_msg_notify: test online!
2026-09-16 03:11:45 [1345540] WARN  /home/kadir/mqtt-fuzzing/builds/nanomq-asan/nng/src/sp/transport/mqtt/broker_tcp.c:628 tcptran_pipe_recv_cb: nni aio recv error!! Connection shutdown

2026-09-16 03:11:45 [1345540] WARN  /home/kadir/mqtt-fuzzing/builds/nanomq-asan/nng/src/sp/transport/mqtt/broker_tcp.c:895 tcptran_pipe_recv_cb: tcptran_pipe_recv_cb: recv_error rv: 139

2026-09-16 03:11:45 [1345543] WARN  /home/kadir/mqtt-fuzzing/builds/nanomq-asan/nng/src/sp/protocol/mqtt/mqtt_parser.c:1363 nano_msg_notify: test offline!
2026-09-16 03:11:45 [1345540] WARN  /home/kadir/mqtt-fuzzing/builds/nanomq-asan/nng/src/sp/protocol/mqtt/mqtt_parser.c:1359 nano_msg_notify: test online!
2026-09-16 03:11:45 [1345543] WARN  /home/kadir/mqtt-fuzzing/builds/nanomq-asan/nng/src/sp/transport/mqtt/broker_tcp.c:628 tcptran_pipe_recv_cb: nni aio recv error!! Connection shutdown

2026-09-16 03:11:45 [1345543] WARN  /home/kadir/mqtt-fuzzing/builds/nanomq-asan/nng/src/sp/transport/mqtt/broker_tcp.c:895 tcptran_pipe_recv_cb: tcptran_pipe_recv_cb: recv_error rv: 139

2026-09-16 03:11:45 [1345546] WARN  /home/kadir/mqtt-fuzzing/builds/nanomq-asan/nng/src/sp/protocol/mqtt/mqtt_parser.c:1363 nano_msg_notify: test offline!
2026-09-16 03:11:45 [1345545] WARN  /home/kadir/mqtt-fuzzing/builds/nanomq-asan/nng/src/sp/protocol/mqtt/mqtt_parser.c:1359 nano_msg_notify: test online!
2026-09-16 03:11:45 [1345539] WARN  /home/kadir/mqtt-fuzzing/builds/nanomq-asan/nng/src/sp/transport/mqtt/broker_tcp.c:739 tcptran_pipe_recv_cb: Got invalid CONNECT from client!
2026-09-16 03:11:45 [1345539] WARN  /home/kadir/mqtt-fuzzing/builds/nanomq-asan/nng/src/sp/transport/mqtt/broker_tcp.c:895 tcptran_pipe_recv_cb: tcptran_pipe_recv_cb: recv_error rv: 129

2026-09-16 03:11:45 [1345543] WARN  /home/kadir/mqtt-fuzzing/builds/nanomq-asan/nng/src/sp/protocol/mqtt/mqtt_parser.c:1363 nano_msg_notify: test offline!
2026-09-16 03:11:45 [1345540] WARN  /home/kadir/mqtt-fuzzing/builds/nanomq-asan/nng/src/sp/transport/mqtt/broker_tcp.c:628 tcptran_pipe_recv_cb: nni aio recv error!! Connection shutdown

2026-09-16 03:11:45 [1345540] WARN  /home/kadir/mqtt-fuzzing/builds/nanomq-asan/nng/src/sp/transport/mqtt/broker_tcp.c:895 tcptran_pipe_recv_cb: tcptran_pipe_recv_cb: recv_error rv: 139

2026-09-16 03:11:45 [1345541] WARN  /home/kadir/mqtt-fuzzing/builds/nanomq-asan/nng/src/sp/protocol/mqtt/mqtt_parser.c:1363 nano_msg_notify: test offline!
2026-09-16 03:11:45 [1345539] WARN  /home/kadir/mqtt-fuzzing/builds/nanomq-asan/nng/src/sp/protocol/mqtt/mqtt_parser.c:1359 nano_msg_notify: test online!
2026-09-16 03:11:45 [1345540] WARN  /home/kadir/mqtt-fuzzing/builds/nanomq-asan/nng/src/sp/protocol/mqtt/mqtt_parser.c:1359 nano_msg_notify: test online!
2026-09-16 03:11:45 [1345539] WARN  /home/kadir/mqtt-fuzzing/builds/nanomq-asan/nng/src/sp/transport/mqtt/broker_tcp.c:739 tcptran_pipe_recv_cb: Got invalid CONNECT from client!
2026-09-16 03:11:45 [1345539] WARN  /home/kadir/mqtt-fuzzing/builds/nanomq-asan/nng/src/sp/transport/mqtt/broker_tcp.c:895 tcptran_pipe_recv_cb: tcptran_pipe_recv_cb: recv_error rv: 129

2026-09-16 03:11:45 [1345542] WARN  /home/kadir/mqtt-fuzzing/builds/nanomq-asan/nng/src/sp/protocol/mqtt/mqtt_parser.c:1363 nano_msg_notify: test offline!
2026-09-16 03:11:45 [1345540] WARN  /home/kadir/mqtt-fuzzing/builds/nanomq-asan/nng/src/sp/protocol/mqtt/mqtt_parser.c:1359 nano_msg_notify: test online!
2026-09-16 03:11:45 [1345541] WARN  /home/kadir/mqtt-fuzzing/builds/nanomq-asan/nng/src/sp/transport/mqtt/broker_tcp.c:739 tcptran_pipe_recv_cb: Got invalid CONNECT from client!
2026-09-16 03:11:45 [1345541] WARN  /home/kadir/mqtt-fuzzing/builds/nanomq-asan/nng/src/sp/transport/mqtt/broker_tcp.c:895 tcptran_pipe_recv_cb: tcptran_pipe_recv_cb: recv_error rv: 129

2026-09-16 03:11:45 [1345542] WARN  /home/kadir/mqtt-fuzzing/builds/nanomq-asan/nng/src/sp/protocol/mqtt/mqtt_parser.c:1363 nano_msg_notify: test offline!
2026-09-16 03:11:45 [1345543] WARN  /home/kadir/mqtt-fuzzing/builds/nanomq-asan/nng/src/sp/protocol/mqtt/mqtt_parser.c:1359 nano_msg_notify: test online!
2026-09-16 03:11:45 [1345540] WARN  /home/kadir/mqtt-fuzzing/builds/nanomq-asan/nng/src/sp/transport/mqtt/broker_tcp.c:739 tcptran_pipe_recv_cb: Got invalid CONNECT from client!
2026-09-16 03:11:45 [1345540] WARN  /home/kadir/mqtt-fuzzing/builds/nanomq-asan/nng/src/sp/transport/mqtt/broker_tcp.c:895 tcptran_pipe_recv_cb: tcptran_pipe_recv_cb: recv_error rv: 129

2026-09-16 03:11:45 [1345545] WARN  /home/kadir/mqtt-fuzzing/builds/nanomq-asan/nng/src/sp/protocol/mqtt/mqtt_parser.c:1363 nano_msg_notify: test offline!
2026-09-16 03:11:45 [1345539] WARN  /home/kadir/mqtt-fuzzing/builds/nanomq-asan/nng/src/sp/protocol/mqtt/mqtt_parser.c:1359 nano_msg_notify: test online!
2026-09-16 03:11:45 [1345542] WARN  /home/kadir/mqtt-fuzzing/builds/nanomq-asan/nng/src/sp/transport/mqtt/broker_tcp.c:739 tcptran_pipe_recv_cb: Got invalid CONNECT from client!
2026-09-16 03:11:45 [1345542] WARN  /home/kadir/mqtt-fuzzing/builds/nanomq-asan/nng/src/sp/transport/mqtt/broker_tcp.c:895 tcptran_pipe_recv_cb: tcptran_pipe_recv_cb: recv_error rv: 129

2026-09-16 03:11:45 [1345546] WARN  /home/kadir/mqtt-fuzzing/builds/nanomq-asan/nng/src/sp/protocol/mqtt/mqtt_parser.c:1363 nano_msg_notify: test offline!
2026-09-16 03:11:45 [1345539] WARN  /home/kadir/mqtt-fuzzing/builds/nanomq-asan/nng/src/sp/protocol/mqtt/mqtt_parser.c:1359 nano_msg_notify: test online!
2026-09-16 03:11:45 [1345542] WARN  /home/kadir/mqtt-fuzzing/builds/nanomq-asan/nng/src/sp/transport/mqtt/broker_tcp.c:739 tcptran_pipe_recv_cb: Got invalid CONNECT from client!
2026-09-16 03:11:45 [1345542] WARN  /home/kadir/mqtt-fuzzing/builds/nanomq-asan/nng/src/sp/transport/mqtt/broker_tcp.c:895 tcptran_pipe_recv_cb: tcptran_pipe_recv_cb: recv_error rv: 129

2026-09-16 03:11:45 [1345541] WARN  /home/kadir/mqtt-fuzzing/builds/nanomq-asan/nng/src/sp/protocol/mqtt/mqtt_parser.c:1363 nano_msg_notify: test offline!
2026-09-16 03:11:45 [1345545] WARN  /home/kadir/mqtt-fuzzing/builds/nanomq-asan/nng/src/sp/protocol/mqtt/mqtt_parser.c:1359 nano_msg_notify: test online!
2026-09-16 03:11:45 [1345542] WARN  /home/kadir/mqtt-fuzzing/builds/nanomq-asan/nng/src/sp/transport/mqtt/broker_tcp.c:628 tcptran_pipe_recv_cb: nni aio recv error!! Connection shutdown

2026-09-16 03:11:45 [1345542] WARN  /home/kadir/mqtt-fuzzing/builds/nanomq-asan/nng/src/sp/transport/mqtt/broker_tcp.c:895 tcptran_pipe_recv_cb: tcptran_pipe_recv_cb: recv_error rv: 139

2026-09-16 03:11:45 [1345544] WARN  /home/kadir/mqtt-fuzzing/builds/nanomq-asan/nng/src/sp/protocol/mqtt/mqtt_parser.c:1363 nano_msg_notify: test offline!
2026-09-16 03:11:45 [1345546] WARN  /home/kadir/mqtt-fuzzing/builds/nanomq-asan/nng/src/sp/protocol/mqtt/mqtt_parser.c:1359 nano_msg_notify: test online!
2026-09-16 03:11:45 [1345540] WARN  /home/kadir/mqtt-fuzzing/builds/nanomq-asan/nng/src/sp/transport/mqtt/broker_tcp.c:628 tcptran_pipe_recv_cb: nni aio recv error!! Connection shutdown

2026-09-16 03:11:45 [1345540] WARN  /home/kadir/mqtt-fuzzing/builds/nanomq-asan/nng/src/sp/transport/mqtt/broker_tcp.c:895 tcptran_pipe_recv_cb: tcptran_pipe_recv_cb: recv_error rv: 139

2026-09-16 03:11:45 [1345545] WARN  /home/kadir/mqtt-fuzzing/builds/nanomq-asan/nng/src/sp/protocol/mqtt/mqtt_parser.c:1363 nano_msg_notify: test offline!
2026-09-16 03:11:46 [1345540] WARN  /home/kadir/mqtt-fuzzing/builds/nanomq-asan/nng/src/sp/protocol/mqtt/mqtt_parser.c:1359 nano_msg_notify: test online!
2026-09-16 03:11:46 [1345542] WARN  /home/kadir/mqtt-fuzzing/builds/nanomq-asan/nng/src/sp/transport/mqtt/broker_tcp.c:628 tcptran_pipe_recv_cb: nni aio recv error!! Connection shutdown

2026-09-16 03:11:46 [1345542] WARN  /home/kadir/mqtt-fuzzing/builds/nanomq-asan/nng/src/sp/transport/mqtt/broker_tcp.c:895 tcptran_pipe_recv_cb: tcptran_pipe_recv_cb: recv_error rv: 139

2026-09-16 03:11:46 [1345541] WARN  /home/kadir/mqtt-fuzzing/builds/nanomq-asan/nng/src/sp/protocol/mqtt/mqtt_parser.c:1363 nano_msg_notify: test offline!
2026-09-16 03:11:46 [1345546] WARN  /home/kadir/mqtt-fuzzing/builds/nanomq-asan/nng/src/sp/protocol/mqtt/mqtt_parser.c:1359 nano_msg_notify: test online!
2026-09-16 03:11:46 [1345540] WARN  /home/kadir/mqtt-fuzzing/builds/nanomq-asan/nng/src/sp/transport/mqtt/broker_tcp.c:628 tcptran_pipe_recv_cb: nni aio recv error!! Connection shutdown

2026-09-16 03:11:46 [1345540] WARN  /home/kadir/mqtt-fuzzing/builds/nanomq-asan/nng/src/sp/transport/mqtt/broker_tcp.c:895 tcptran_pipe_recv_cb: tcptran_pipe_recv_cb: recv_error rv: 139

2026-09-16 03:11:46 [1345542] WARN  /home/kadir/mqtt-fuzzing/builds/nanomq-asan/nng/src/sp/protocol/mqtt/mqtt_parser.c:1363 nano_msg_notify: test offline!
2026-09-16 03:11:46 [1345540] WARN  /home/kadir/mqtt-fuzzing/builds/nanomq-asan/nng/src/sp/protocol/mqtt/mqtt_parser.c:1359 nano_msg_notify: test online!
2026-09-16 03:11:46 [1345539] WARN  /home/kadir/mqtt-fuzzing/builds/nanomq-asan/nng/src/sp/transport/mqtt/broker_tcp.c:628 tcptran_pipe_recv_cb: nni aio recv error!! Connection shutdown

2026-09-16 03:11:46 [1345539] WARN  /home/kadir/mqtt-fuzzing/builds/nanomq-asan/nng/src/sp/transport/mqtt/broker_tcp.c:895 tcptran_pipe_recv_cb: tcptran_pipe_recv_cb: recv_error rv: 139

2026-09-16 03:11:46 [1345544] WARN  /home/kadir/mqtt-fuzzing/builds/nanomq-asan/nng/src/sp/protocol/mqtt/mqtt_parser.c:1363 nano_msg_notify: test offline!
2026-09-16 03:11:46 [1345543] WARN  /home/kadir/mqtt-fuzzing/builds/nanomq-asan/nng/src/sp/protocol/mqtt/mqtt_parser.c:1359 nano_msg_notify: test online!
2026-09-16 03:11:46 [1345545] WARN  /home/kadir/mqtt-fuzzing/builds/nanomq-asan/nng/src/sp/transport/mqtt/broker_tcp.c:628 tcptran_pipe_recv_cb: nni aio recv error!! Connection shutdown

2026-09-16 03:11:46 [1345545] WARN  /home/kadir/mqtt-fuzzing/builds/nanomq-asan/nng/src/sp/transport/mqtt/broker_tcp.c:895 tcptran_pipe_recv_cb: tcptran_pipe_recv_cb: recv_error rv: 139

2026-09-16 03:11:46 [1345546] WARN  /home/kadir/mqtt-fuzzing/builds/nanomq-asan/nng/src/sp/protocol/mqtt/mqtt_parser.c:1363 nano_msg_notify: test offline!
2026-09-16 03:11:46 [1345540] WARN  /home/kadir/mqtt-fuzzing/builds/nanomq-asan/nng/src/sp/protocol/mqtt/mqtt_parser.c:1359 nano_msg_notify: test online!
2026-09-16 03:11:46 [1345544] WARN  /home/kadir/mqtt-fuzzing/builds/nanomq-asan/nng/src/sp/transport/mqtt/broker_tcp.c:628 tcptran_pipe_recv_cb: nni aio recv error!! Connection shutdown

2026-09-16 03:11:46 [1345544] WARN  /home/kadir/mqtt-fuzzing/builds/nanomq-asan/nng/src/sp/transport/mqtt/broker_tcp.c:895 tcptran_pipe_recv_cb: tcptran_pipe_recv_cb: recv_error rv: 139

2026-09-16 03:11:46 [1345539] WARN  /home/kadir/mqtt-fuzzing/builds/nanomq-asan/nng/src/sp/protocol/mqtt/mqtt_parser.c:1363 nano_msg_notify: test offline!
2026-09-16 03:11:46 [1345540] WARN  /home/kadir/mqtt-fuzzing/builds/nanomq-asan/nng/src/sp/protocol/mqtt/mqtt_parser.c:1359 nano_msg_notify: test online!
2026-09-16 03:11:46 [1345546] WARN  /home/kadir/mqtt-fuzzing/builds/nanomq-asan/nng/src/sp/transport/mqtt/broker_tcp.c:739 tcptran_pipe_recv_cb: Got invalid CONNECT from client!
2026-09-16 03:11:46 [1345546] WARN  /home/kadir/mqtt-fuzzing/builds/nanomq-asan/nng/src/sp/transport/mqtt/broker_tcp.c:895 tcptran_pipe_recv_cb: tcptran_pipe_recv_cb: recv_error rv: 129

2026-09-16 03:11:46 [1345545] WARN  /home/kadir/mqtt-fuzzing/builds/nanomq-asan/nng/src/sp/protocol/mqtt/mqtt_parser.c:1363 nano_msg_notify: test offline!
2026-09-16 03:11:46 [1345543] WARN  /home/kadir/mqtt-fuzzing/builds/nanomq-asan/nng/src/sp/protocol/mqtt/mqtt_parser.c:1359 nano_msg_notify: test online!
2026-09-16 03:11:46 [1345545] WARN  /home/kadir/mqtt-fuzzing/builds/nanomq-asan/nng/src/sp/transport/mqtt/broker_tcp.c:739 tcptran_pipe_recv_cb: Got invalid CONNECT from client!
2026-09-16 03:11:46 [1345545] WARN  /home/kadir/mqtt-fuzzing/builds/nanomq-asan/nng/src/sp/transport/mqtt/broker_tcp.c:895 tcptran_pipe_recv_cb: tcptran_pipe_recv_cb: recv_error rv: 129

2026-09-16 03:11:46 [1345544] WARN  /home/kadir/mqtt-fuzzing/builds/nanomq-asan/nng/src/sp/protocol/mqtt/mqtt_parser.c:1363 nano_msg_notify: test offline!
2026-09-16 03:11:46 [1345544] WARN  /home/kadir/mqtt-fuzzing/builds/nanomq-asan/nng/src/sp/protocol/mqtt/mqtt_parser.c:1359 nano_msg_notify: test online!
2026-09-16 03:11:46 [1345546] WARN  /home/kadir/mqtt-fuzzing/builds/nanomq-asan/nng/src/sp/transport/mqtt/broker_tcp.c:739 tcptran_pipe_recv_cb: Got invalid CONNECT from client!
2026-09-16 03:11:46 [1345546] WARN  /home/kadir/mqtt-fuzzing/builds/nanomq-asan/nng/src/sp/transport/mqtt/broker_tcp.c:895 tcptran_pipe_recv_cb: tcptran_pipe_recv_cb: recv_error rv: 129

2026-09-16 03:11:46 [1345540] WARN  /home/kadir/mqtt-fuzzing/builds/nanomq-asan/nng/src/sp/protocol/mqtt/mqtt_parser.c:1363 nano_msg_notify: test offline!
2026-09-16 03:11:46 [1345546] WARN  /home/kadir/mqtt-fuzzing/builds/nanomq-asan/nng/src/sp/protocol/mqtt/mqtt_parser.c:1359 nano_msg_notify: test online!
2026-09-16 03:11:46 [1345541] WARN  /home/kadir/mqtt-fuzzing/builds/nanomq-asan/nng/src/sp/transport/mqtt/broker_tcp.c:739 tcptran_pipe_recv_cb: Got invalid CONNECT from client!
2026-09-16 03:11:46 [1345541] WARN  /home/kadir/mqtt-fuzzing/builds/nanomq-asan/nng/src/sp/transport/mqtt/broker_tcp.c:895 tcptran_pipe_recv_cb: tcptran_pipe_recv_cb: recv_error rv: 129

2026-09-16 03:11:46 [1345544] WARN  /home/kadir/mqtt-fuzzing/builds/nanomq-asan/nng/src/sp/protocol/mqtt/mqtt_parser.c:1363 nano_msg_notify: test offline!
2026-09-16 03:11:46 [1345541] WARN  /home/kadir/mqtt-fuzzing/builds/nanomq-asan/nng/src/sp/protocol/mqtt/mqtt_parser.c:1359 nano_msg_notify: test online!
2026-09-16 03:11:46 [1345546] WARN  /home/kadir/mqtt-fuzzing/builds/nanomq-asan/nng/src/sp/transport/mqtt/broker_tcp.c:739 tcptran_pipe_recv_cb: Got invalid CONNECT from client!
2026-09-16 03:11:46 [1345546] WARN  /home/kadir/mqtt-fuzzing/builds/nanomq-asan/nng/src/sp/transport/mqtt/broker_tcp.c:895 tcptran_pipe_recv_cb: tcptran_pipe_recv_cb: recv_error rv: 129

2026-09-16 03:11:46 [1345543] WARN  /home/kadir/mqtt-fuzzing/builds/nanomq-asan/nng/src/sp/protocol/mqtt/mqtt_parser.c:1363 nano_msg_notify: test offline!
2026-09-16 03:11:46 [1345542] WARN  /home/kadir/mqtt-fuzzing/builds/nanomq-asan/nng/src/sp/protocol/mqtt/mqtt_parser.c:1359 nano_msg_notify: test online!
2026-09-16 03:11:46 [1345541] WARN  /home/kadir/mqtt-fuzzing/builds/nanomq-asan/nng/src/sp/transport/mqtt/broker_tcp.c:739 tcptran_pipe_recv_cb: Got invalid CONNECT from client!
2026-09-16 03:11:46 [1345541] WARN  /home/kadir/mqtt-fuzzing/builds/nanomq-asan/nng/src/sp/transport/mqtt/broker_tcp.c:895 tcptran_pipe_recv_cb: tcptran_pipe_recv_cb: recv_error rv: 129

2026-09-16 03:11:46 [1345540] WARN  /home/kadir/mqtt-fuzzing/builds/nanomq-asan/nng/src/sp/protocol/mqtt/mqtt_parser.c:1363 nano_msg_notify: test offline!
2026-09-16 03:11:46 [1345542] WARN  /home/kadir/mqtt-fuzzing/builds/nanomq-asan/nng/src/sp/protocol/mqtt/mqtt_parser.c:1359 nano_msg_notify: test online!
2026-09-16 03:11:46 [1345544] WARN  /home/kadir/mqtt-fuzzing/builds/nanomq-asan/nng/src/sp/transport/mqtt/broker_tcp.c:739 tcptran_pipe_recv_cb: Got invalid CONNECT from client!
2026-09-16 03:11:46 [1345544] WARN  /home/kadir/mqtt-fuzzing/builds/nanomq-asan/nng/src/sp/transport/mqtt/broker_tcp.c:895 tcptran_pipe_recv_cb: tcptran_pipe_recv_cb: recv_error rv: 129

2026-09-16 03:11:46 [1345544] WARN  /home/kadir/mqtt-fuzzing/builds/nanomq-asan/nng/src/sp/protocol/mqtt/mqtt_parser.c:1363 nano_msg_notify: test offline!
2026-09-16 03:11:46 [1345539] WARN  /home/kadir/mqtt-fuzzing/builds/nanomq-asan/nng/src/sp/protocol/mqtt/mqtt_parser.c:1359 nano_msg_notify: test online!
2026-09-16 03:11:46 [1345545] WARN  /home/kadir/mqtt-fuzzing/builds/nanomq-asan/nng/src/sp/transport/mqtt/broker_tcp.c:628 tcptran_pipe_recv_cb: nni aio recv error!! Connection shutdown

2026-09-16 03:11:46 [1345545] WARN  /home/kadir/mqtt-fuzzing/builds/nanomq-asan/nng/src/sp/transport/mqtt/broker_tcp.c:895 tcptran_pipe_recv_cb: tcptran_pipe_recv_cb: recv_error rv: 139

2026-09-16 03:11:46 [1345546] WARN  /home/kadir/mqtt-fuzzing/builds/nanomq-asan/nng/src/sp/protocol/mqtt/mqtt_parser.c:1363 nano_msg_notify: test offline!
2026-09-16 03:11:46 [1345543] WARN  /home/kadir/mqtt-fuzzing/builds/nanomq-asan/nng/src/sp/protocol/mqtt/mqtt_parser.c:1359 nano_msg_notify: test online!
2026-09-16 03:11:46 [1345546] WARN  /home/kadir/mqtt-fuzzing/builds/nanomq-asan/nng/src/sp/transport/mqtt/broker_tcp.c:739 tcptran_pipe_recv_cb: Got invalid CONNECT from client!
2026-09-16 03:11:46 [1345546] WARN  /home/kadir/mqtt-fuzzing/builds/nanomq-asan/nng/src/sp/transport/mqtt/broker_tcp.c:895 tcptran_pipe_recv_cb: tcptran_pipe_recv_cb: recv_error rv: 129

2026-09-16 03:11:46 [1345541] WARN  /home/kadir/mqtt-fuzzing/builds/nanomq-asan/nng/src/sp/protocol/mqtt/mqtt_parser.c:1363 nano_msg_notify: test offline!
2026-09-16 03:11:46 [1345540] WARN  /home/kadir/mqtt-fuzzing/builds/nanomq-asan/nng/src/sp/protocol/mqtt/mqtt_parser.c:1359 nano_msg_notify: test online!
2026-09-16 03:11:46 [1345539] WARN  /home/kadir/mqtt-fuzzing/builds/nanomq-asan/nng/src/sp/transport/mqtt/broker_tcp.c:739 tcptran_pipe_recv_cb: Got invalid CONNECT from client!
2026-09-16 03:11:46 [1345539] WARN  /home/kadir/mqtt-fuzzing/builds/nanomq-asan/nng/src/sp/transport/mqtt/broker_tcp.c:895 tcptran_pipe_recv_cb: tcptran_pipe_recv_cb: recv_error rv: 129

2026-09-16 03:11:46 [1345543] WARN  /home/kadir/mqtt-fuzzing/builds/nanomq-asan/nng/src/sp/protocol/mqtt/mqtt_parser.c:1363 nano_msg_notify: test offline!
2026-09-16 03:11:46 [1345541] WARN  /home/kadir/mqtt-fuzzing/builds/nanomq-asan/nng/src/sp/protocol/mqtt/mqtt_parser.c:1359 nano_msg_notify: test online!
2026-09-16 03:11:46 [1345543] WARN  /home/kadir/mqtt-fuzzing/builds/nanomq-asan/nng/src/sp/transport/mqtt/broker_tcp.c:739 tcptran_pipe_recv_cb: Got invalid CONNECT from client!
2026-09-16 03:11:46 [1345543] WARN  /home/kadir/mqtt-fuzzing/builds/nanomq-asan/nng/src/sp/transport/mqtt/broker_tcp.c:895 tcptran_pipe_recv_cb: tcptran_pipe_recv_cb: recv_error rv: 129

2026-09-16 03:11:46 [1345539] WARN  /home/kadir/mqtt-fuzzing/builds/nanomq-asan/nng/src/sp/protocol/mqtt/mqtt_parser.c:1363 nano_msg_notify: test offline!
2026-09-16 03:11:46 [1345541] WARN  /home/kadir/mqtt-fuzzing/builds/nanomq-asan/nng/src/sp/protocol/mqtt/mqtt_parser.c:1359 nano_msg_notify: test online!
2026-09-16 03:11:46 [1345545] WARN  /home/kadir/mqtt-fuzzing/builds/nanomq-asan/nng/src/sp/transport/mqtt/broker_tcp.c:739 tcptran_pipe_recv_cb: Got invalid CONNECT from client!
2026-09-16 03:11:46 [1345545] WARN  /home/kadir/mqtt-fuzzing/builds/nanomq-asan/nng/src/sp/transport/mqtt/broker_tcp.c:895 tcptran_pipe_recv_cb: tcptran_pipe_recv_cb: recv_error rv: 129

2026-09-16 03:11:46 [1345542] WARN  /home/kadir/mqtt-fuzzing/builds/nanomq-asan/nng/src/sp/protocol/mqtt/mqtt_parser.c:1363 nano_msg_notify: test offline!
2026-09-16 03:11:46 [1345541] WARN  /home/kadir/mqtt-fuzzing/builds/nanomq-asan/nng/src/sp/protocol/mqtt/mqtt_parser.c:1359 nano_msg_notify: test online!
2026-09-16 03:11:46 [1345545] WARN  /home/kadir/mqtt-fuzzing/builds/nanomq-asan/nng/src/sp/transport/mqtt/broker_tcp.c:628 tcptran_pipe_recv_cb: nni aio recv error!! Connection shutdown

2026-09-16 03:11:46 [1345545] WARN  /home/kadir/mqtt-fuzzing/builds/nanomq-asan/nng/src/sp/transport/mqtt/broker_tcp.c:895 tcptran_pipe_recv_cb: tcptran_pipe_recv_cb: recv_error rv: 139

2026-09-16 03:11:46 [1345544] WARN  /home/kadir/mqtt-fuzzing/builds/nanomq-asan/nng/src/sp/protocol/mqtt/mqtt_parser.c:1363 nano_msg_notify: test offline!
2026-09-16 03:11:46 [1345543] WARN  /home/kadir/mqtt-fuzzing/builds/nanomq-asan/nng/src/sp/protocol/mqtt/mqtt_parser.c:1359 nano_msg_notify: test online!
2026-09-16 03:11:46 [1345540] WARN  /home/kadir/mqtt-fuzzing/builds/nanomq-asan/nng/src/sp/transport/mqtt/broker_tcp.c:739 tcptran_pipe_recv_cb: Got invalid CONNECT from client!
2026-09-16 03:11:46 [1345541] WARN  /home/kadir/mqtt-fuzzing/builds/nanomq-asan/nng/src/sp/protocol/mqtt/mqtt_parser.c:1363 nano_msg_notify: test offline!
2026-09-16 03:11:46 [1345540] WARN  /home/kadir/mqtt-fuzzing/builds/nanomq-asan/nng/src/sp/transport/mqtt/broker_tcp.c:895 tcptran_pipe_recv_cb: tcptran_pipe_recv_cb: recv_error rv: 129

2026-09-16 03:11:46 [1345544] WARN  /home/kadir/mqtt-fuzzing/builds/nanomq-asan/nng/src/sp/protocol/mqtt/mqtt_parser.c:1359 nano_msg_notify: test online!
2026-09-16 03:11:46 [1345541] WARN  /home/kadir/mqtt-fuzzing/builds/nanomq-asan/nng/src/sp/transport/mqtt/broker_tcp.c:739 tcptran_pipe_recv_cb: Got invalid CONNECT from client!
2026-09-16 03:11:46 [1345541] WARN  /home/kadir/mqtt-fuzzing/builds/nanomq-asan/nng/src/sp/transport/mqtt/broker_tcp.c:895 tcptran_pipe_recv_cb: tcptran_pipe_recv_cb: recv_error rv: 129

2026-09-16 03:11:46 [1345545] WARN  /home/kadir/mqtt-fuzzing/builds/nanomq-asan/nng/src/sp/protocol/mqtt/mqtt_parser.c:1363 nano_msg_notify: test offline!
2026-09-16 03:11:46 [1345539] WARN  /home/kadir/mqtt-fuzzing/builds/nanomq-asan/nng/src/sp/protocol/mqtt/mqtt_parser.c:1359 nano_msg_notify: test online!
2026-09-16 03:11:46 [1345544] WARN  /home/kadir/mqtt-fuzzing/builds/nanomq-asan/nng/src/sp/transport/mqtt/broker_tcp.c:739 tcptran_pipe_recv_cb: Got invalid CONNECT from client!
2026-09-16 03:11:46 [1345544] WARN  /home/kadir/mqtt-fuzzing/builds/nanomq-asan/nng/src/sp/transport/mqtt/broker_tcp.c:895 tcptran_pipe_recv_cb: tcptran_pipe_recv_cb: recv_error rv: 129

2026-09-16 03:11:46 [1345542] WARN  /home/kadir/mqtt-fuzzing/builds/nanomq-asan/nng/src/sp/protocol/mqtt/mqtt_parser.c:1363 nano_msg_notify: test offline!
2026-09-16 03:11:46 [1345539] WARN  /home/kadir/mqtt-fuzzing/builds/nanomq-asan/nng/src/sp/protocol/mqtt/mqtt_parser.c:1359 nano_msg_notify: test online!
2026-09-16 03:11:46 [1345544] WARN  /home/kadir/mqtt-fuzzing/builds/nanomq-asan/nng/src/sp/transport/mqtt/broker_tcp.c:739 tcptran_pipe_recv_cb: Got invalid CONNECT from client!
2026-09-16 03:11:46 [1345544] WARN  /home/kadir/mqtt-fuzzing/builds/nanomq-asan/nng/src/sp/transport/mqtt/broker_tcp.c:895 tcptran_pipe_recv_cb: tcptran_pipe_recv_cb: recv_error rv: 129

2026-09-16 03:11:46 [1345545] WARN  /home/kadir/mqtt-fuzzing/builds/nanomq-asan/nng/src/sp/protocol/mqtt/mqtt_parser.c:1363 nano_msg_notify: test offline!
2026-09-16 03:11:46 [1345546] WARN  /home/kadir/mqtt-fuzzing/builds/nanomq-asan/nng/src/sp/protocol/mqtt/mqtt_parser.c:1359 nano_msg_notify: test online!
2026-09-16 03:11:46 [1345541] WARN  /home/kadir/mqtt-fuzzing/builds/nanomq-asan/nng/src/sp/transport/mqtt/broker_tcp.c:628 tcptran_pipe_recv_cb: nni aio recv error!! Connection shutdown

2026-09-16 03:11:46 [1345541] WARN  /home/kadir/mqtt-fuzzing/builds/nanomq-asan/nng/src/sp/transport/mqtt/broker_tcp.c:895 tcptran_pipe_recv_cb: tcptran_pipe_recv_cb: recv_error rv: 139

2026-09-16 03:11:46 [1345541] WARN  /home/kadir/mqtt-fuzzing/builds/nanomq-asan/nng/src/sp/protocol/mqtt/mqtt_parser.c:1363 nano_msg_notify: test offline!
2026-09-16 03:11:46 [1345546] WARN  /home/kadir/mqtt-fuzzing/builds/nanomq-asan/nng/src/sp/protocol/mqtt/mqtt_parser.c:1359 nano_msg_notify: test online!
2026-09-16 03:11:46 [1345543] WARN  /home/kadir/mqtt-fuzzing/builds/nanomq-asan/nng/src/sp/transport/mqtt/broker_tcp.c:628 tcptran_pipe_recv_cb: nni aio recv error!! Connection shutdown

2026-09-16 03:11:46 [1345543] WARN  /home/kadir/mqtt-fuzzing/builds/nanomq-asan/nng/src/sp/transport/mqtt/broker_tcp.c:895 tcptran_pipe_recv_cb: tcptran_pipe_recv_cb: recv_error rv: 139

2026-09-16 03:11:46 [1345540] WARN  /home/kadir/mqtt-fuzzing/builds/nanomq-asan/nng/src/sp/protocol/mqtt/mqtt_parser.c:1363 nano_msg_notify: test offline!
2026-09-16 03:11:46 [1345542] WARN  /home/kadir/mqtt-fuzzing/builds/nanomq-asan/nng/src/sp/protocol/mqtt/mqtt_parser.c:1359 nano_msg_notify: test online!
2026-09-16 03:11:46 [1345544] WARN  /home/kadir/mqtt-fuzzing/builds/nanomq-asan/nng/src/sp/transport/mqtt/broker_tcp.c:776 tcptran_pipe_recv_cb: 0 Packet ID in QoS Message!
2026-09-16 03:11:46 [1345544] WARN  /home/kadir/mqtt-fuzzing/builds/nanomq-asan/nng/src/sp/transport/mqtt/broker_tcp.c:895 tcptran_pipe_recv_cb: tcptran_pipe_recv_cb: recv_error rv: 130

2026-09-16 03:11:46 [1345541] WARN  /home/kadir/mqtt-fuzzing/builds/nanomq-asan/nng/src/sp/protocol/mqtt/mqtt_parser.c:1363 nano_msg_notify: test offline!
2026-09-16 03:11:46 [1345540] WARN  /home/kadir/mqtt-fuzzing/builds/nanomq-asan/nng/src/sp/protocol/mqtt/mqtt_parser.c:1359 nano_msg_notify: test online!
2026-09-16 03:11:46 [1345543] WARN  /home/kadir/mqtt-fuzzing/builds/nanomq-asan/nng/src/sp/transport/mqtt/broker_tcp.c:628 tcptran_pipe_recv_cb: nni aio recv error!! Connection shutdown

2026-09-16 03:11:46 [1345543] WARN  /home/kadir/mqtt-fuzzing/builds/nanomq-asan/nng/src/sp/transport/mqtt/broker_tcp.c:895 tcptran_pipe_recv_cb: tcptran_pipe_recv_cb: recv_error rv: 139

2026-09-16 03:11:46 [1345542] WARN  /home/kadir/mqtt-fuzzing/builds/nanomq-asan/nng/src/sp/protocol/mqtt/mqtt_parser.c:1363 nano_msg_notify: test offline!
2026-09-16 03:11:46 [1345546] WARN  /home/kadir/mqtt-fuzzing/builds/nanomq-asan/nng/src/sp/protocol/mqtt/mqtt_parser.c:1359 nano_msg_notify: test online!
2026-09-16 03:11:46 [1345541] WARN  /home/kadir/mqtt-fuzzing/builds/nanomq-asan/nng/src/sp/transport/mqtt/broker_tcp.c:662 tcptran_pipe_recv_cb: MALFORMED_PACKET received.
2026-09-16 03:11:46 [1345541] WARN  /home/kadir/mqtt-fuzzing/builds/nanomq-asan/nng/src/sp/transport/mqtt/broker_tcp.c:895 tcptran_pipe_recv_cb: tcptran_pipe_recv_cb: recv_error rv: 17

2026-09-16 03:11:46 [1345544] WARN  /home/kadir/mqtt-fuzzing/builds/nanomq-asan/nng/src/sp/protocol/mqtt/mqtt_parser.c:1363 nano_msg_notify: test offline!
2026-09-16 03:11:46 [1345541] WARN  /home/kadir/mqtt-fuzzing/builds/nanomq-asan/nng/src/sp/protocol/mqtt/mqtt_parser.c:1359 nano_msg_notify: test online!
2026-09-16 03:11:46 [1345546] WARN  /home/kadir/mqtt-fuzzing/builds/nanomq-asan/nng/src/sp/transport/mqtt/broker_tcp.c:739 tcptran_pipe_recv_cb: Got invalid CONNECT from client!
2026-09-16 03:11:46 [1345546] WARN  /home/kadir/mqtt-fuzzing/builds/nanomq-asan/nng/src/sp/transport/mqtt/broker_tcp.c:895 tcptran_pipe_recv_cb: tcptran_pipe_recv_cb: recv_error rv: 129

2026-09-16 03:11:46 [1345540] WARN  /home/kadir/mqtt-fuzzing/builds/nanomq-asan/nng/src/sp/protocol/mqtt/mqtt_parser.c:1363 nano_msg_notify: test offline!
2026-09-16 03:11:46 [1345541] WARN  /home/kadir/mqtt-fuzzing/builds/nanomq-asan/nng/src/sp/protocol/mqtt/mqtt_parser.c:1359 nano_msg_notify: test online!
2026-09-16 03:11:46 [1345543] WARN  /home/kadir/mqtt-fuzzing/builds/nanomq-asan/nng/src/sp/transport/mqtt/broker_tcp.c:739 tcptran_pipe_recv_cb: Got invalid CONNECT from client!
2026-09-16 03:11:46 [1345543] WARN  /home/kadir/mqtt-fuzzing/builds/nanomq-asan/nng/src/sp/transport/mqtt/broker_tcp.c:895 tcptran_pipe_recv_cb: tcptran_pipe_recv_cb: recv_error rv: 129

2026-09-16 03:11:46 [1345545] WARN  /home/kadir/mqtt-fuzzing/builds/nanomq-asan/nng/src/sp/protocol/mqtt/mqtt_parser.c:1363 nano_msg_notify: test offline!
2026-09-16 03:11:46 [1345543] WARN  /home/kadir/mqtt-fuzzing/builds/nanomq-asan/nng/src/sp/protocol/mqtt/mqtt_parser.c:1359 nano_msg_notify: test online!
2026-09-16 03:11:46 [1345545] WARN  /home/kadir/mqtt-fuzzing/builds/nanomq-asan/nng/src/sp/transport/mqtt/broker_tcp.c:739 tcptran_pipe_recv_cb: Got invalid CONNECT from client!
2026-09-16 03:11:46 [1345545] WARN  /home/kadir/mqtt-fuzzing/builds/nanomq-asan/nng/src/sp/transport/mqtt/broker_tcp.c:895 tcptran_pipe_recv_cb: tcptran_pipe_recv_cb: recv_error rv: 129

2026-09-16 03:11:46 [1345542] WARN  /home/kadir/mqtt-fuzzing/builds/nanomq-asan/nng/src/sp/protocol/mqtt/mqtt_parser.c:1363 nano_msg_notify: test offline!
2026-09-16 03:11:46 [1345543] WARN  /home/kadir/mqtt-fuzzing/builds/nanomq-asan/nng/src/sp/protocol/mqtt/mqtt_parser.c:1359 nano_msg_notify: test online!
2026-09-16 03:11:46 [1345546] WARN  /home/kadir/mqtt-fuzzing/builds/nanomq-asan/nng/src/sp/transport/mqtt/broker_tcp.c:628 tcptran_pipe_recv_cb: nni aio recv error!! Connection shutdown

2026-09-16 03:11:46 [1345546] WARN  /home/kadir/mqtt-fuzzing/builds/nanomq-asan/nng/src/sp/transport/mqtt/broker_tcp.c:895 tcptran_pipe_recv_cb: tcptran_pipe_recv_cb: recv_error rv: 139

2026-09-16 03:11:46 [1345540] WARN  /home/kadir/mqtt-fuzzing/builds/nanomq-asan/nng/src/sp/protocol/mqtt/mqtt_parser.c:1363 nano_msg_notify: test offline!
2026-09-16 03:11:46 [1345545] WARN  /home/kadir/mqtt-fuzzing/builds/nanomq-asan/nng/src/sp/protocol/mqtt/mqtt_parser.c:1359 nano_msg_notify: test online!
2026-09-16 03:11:46 [1345543] WARN  /home/kadir/mqtt-fuzzing/builds/nanomq-asan/nng/src/sp/transport/mqtt/broker_tcp.c:628 tcptran_pipe_recv_cb: nni aio recv error!! Connection shutdown

2026-09-16 03:11:46 [1345543] WARN  /home/kadir/mqtt-fuzzing/builds/nanomq-asan/nng/src/sp/transport/mqtt/broker_tcp.c:895 tcptran_pipe_recv_cb: tcptran_pipe_recv_cb: recv_error rv: 139

2026-09-16 03:11:46 [1345542] WARN  /home/kadir/mqtt-fuzzing/builds/nanomq-asan/nng/src/sp/protocol/mqtt/mqtt_parser.c:1363 nano_msg_notify: test offline!
2026-09-16 03:11:46 [1345546] WARN  /home/kadir/mqtt-fuzzing/builds/nanomq-asan/nng/src/sp/protocol/mqtt/mqtt_parser.c:1359 nano_msg_notify: test online!
2026-09-16 03:11:46 [1345540] WARN  /home/kadir/mqtt-fuzzing/builds/nanomq-asan/nng/src/sp/transport/mqtt/broker_tcp.c:739 tcptran_pipe_recv_cb: Got invalid CONNECT from client!
2026-09-16 03:11:46 [1345540] WARN  /home/kadir/mqtt-fuzzing/builds/nanomq-asan/nng/src/sp/transport/mqtt/broker_tcp.c:895 tcptran_pipe_recv_cb: tcptran_pipe_recv_cb: recv_error rv: 129

2026-09-16 03:11:46 [1345539] WARN  /home/kadir/mqtt-fuzzing/builds/nanomq-asan/nng/src/sp/protocol/mqtt/mqtt_parser.c:1363 nano_msg_notify: test offline!
2026-09-16 03:11:46 [1345540] WARN  /home/kadir/mqtt-fuzzing/builds/nanomq-asan/nng/src/sp/protocol/mqtt/mqtt_parser.c:1359 nano_msg_notify: test online!2026-09-16 03:11:46 [1345544] WARN  /home/kadir/mqtt-fuzzing/builds/nanomq-asan/nng/src/sp/transport/mqtt/broker_tcp.c:739 tcptran_pipe_recv_cb: Got invalid CONNECT from client!

2026-09-16 03:11:46 [1345544] WARN  /home/kadir/mqtt-fuzzing/builds/nanomq-asan/nng/src/sp/transport/mqtt/broker_tcp.c:895 tcptran_pipe_recv_cb: tcptran_pipe_recv_cb: recv_error rv: 129

2026-09-16 03:11:46 [1345546] WARN  /home/kadir/mqtt-fuzzing/builds/nanomq-asan/nng/src/sp/protocol/mqtt/mqtt_parser.c:1363 nano_msg_notify: test offline!
2026-09-16 03:11:46 [1345542] WARN  /home/kadir/mqtt-fuzzing/builds/nanomq-asan/nng/src/sp/protocol/mqtt/mqtt_parser.c:1359 nano_msg_notify: test online!
2026-09-16 03:11:46 [1345543] WARN  /home/kadir/mqtt-fuzzing/builds/nanomq-asan/nng/src/sp/transport/mqtt/broker_tcp.c:739 tcptran_pipe_recv_cb: Got invalid CONNECT from client!
2026-09-16 03:11:46 [1345539] WARN  /home/kadir/mqtt-fuzzing/builds/nanomq-asan/nng/src/sp/protocol/mqtt/mqtt_parser.c:1363 nano_msg_notify: test offline!
2026-09-16 03:11:46 [1345543] WARN  /home/kadir/mqtt-fuzzing/builds/nanomq-asan/nng/src/sp/transport/mqtt/broker_tcp.c:895 tcptran_pipe_recv_cb: tcptran_pipe_recv_cb: recv_error rv: 129

2026-09-16 03:11:46 [1345541] WARN  /home/kadir/mqtt-fuzzing/builds/nanomq-asan/nng/src/sp/protocol/mqtt/mqtt_parser.c:1359 nano_msg_notify: test online!
2026-09-16 03:11:46 [1345546] WARN  /home/kadir/mqtt-fuzzing/builds/nanomq-asan/nng/src/sp/transport/mqtt/broker_tcp.c:739 tcptran_pipe_recv_cb: Got invalid CONNECT from client!
2026-09-16 03:11:46 [1345546] WARN  /home/kadir/mqtt-fuzzing/builds/nanomq-asan/nng/src/sp/transport/mqtt/broker_tcp.c:895 tcptran_pipe_recv_cb: tcptran_pipe_recv_cb: recv_error rv: 129

2026-09-16 03:11:46 [1345546] WARN  /home/kadir/mqtt-fuzzing/builds/nanomq-asan/nng/src/sp/protocol/mqtt/mqtt_parser.c:1363 nano_msg_notify: test offline!
2026-09-16 03:11:46 [1345542] WARN  /home/kadir/mqtt-fuzzing/builds/nanomq-asan/nng/src/sp/protocol/mqtt/mqtt_parser.c:1359 nano_msg_notify: test online!
2026-09-16 03:11:46 [1345539] WARN  /home/kadir/mqtt-fuzzing/builds/nanomq-asan/nng/src/sp/transport/mqtt/broker_tcp.c:739 tcptran_pipe_recv_cb: Got invalid CONNECT from client!
2026-09-16 03:11:46 [1345539] WARN  /home/kadir/mqtt-fuzzing/builds/nanomq-asan/nng/src/sp/transport/mqtt/broker_tcp.c:895 tcptran_pipe_recv_cb: tcptran_pipe_recv_cb: recv_error rv: 129

2026-09-16 03:11:46 [1345543] WARN  /home/kadir/mqtt-fuzzing/builds/nanomq-asan/nng/src/sp/protocol/mqtt/mqtt_parser.c:1363 nano_msg_notify: test offline!
2026-09-16 03:11:46 [1345545] WARN  /home/kadir/mqtt-fuzzing/builds/nanomq-asan/nng/src/sp/transport/mqtt/broker_tcp.c:628 tcptran_pipe_recv_cb: nni aio recv error!! Connection shutdown

2026-09-16 03:11:46 [1345545] WARN  /home/kadir/mqtt-fuzzing/builds/nanomq-asan/nng/src/sp/transport/mqtt/broker_tcp.c:895 tcptran_pipe_recv_cb: tcptran_pipe_recv_cb: recv_error rv: 139

2026-09-16 03:11:46 [1345539] WARN  /home/kadir/mqtt-fuzzing/builds/nanomq-asan/nng/src/sp/protocol/mqtt/mqtt_parser.c:1359 nano_msg_notify: test online!
2026-09-16 03:11:46 [1345542] WARN  /home/kadir/mqtt-fuzzing/builds/nanomq-asan/nng/src/sp/protocol/mqtt/mqtt_parser.c:1363 nano_msg_notify: test offline!
2026-09-16 03:11:46 [1345540] WARN  /home/kadir/mqtt-fuzzing/builds/nanomq-asan/nng/src/sp/protocol/mqtt/mqtt_parser.c:1359 nano_msg_notify: test online!
2026-09-16 03:11:46 [1345546] WARN  /home/kadir/mqtt-fuzzing/builds/nanomq-asan/nng/src/sp/transport/mqtt/broker_tcp.c:739 tcptran_pipe_recv_cb: Got invalid CONNECT from client!
2026-09-16 03:11:46 [1345546] WARN  /home/kadir/mqtt-fuzzing/builds/nanomq-asan/nng/src/sp/transport/mqtt/broker_tcp.c:895 tcptran_pipe_recv_cb: tcptran_pipe_recv_cb: recv_error rv: 129

2026-09-16 03:11:46 [1345544] WARN  /home/kadir/mqtt-fuzzing/builds/nanomq-asan/nng/src/sp/protocol/mqtt/mqtt_parser.c:1363 nano_msg_notify: test offline!
2026-09-16 03:11:46 [1345539] WARN  /home/kadir/mqtt-fuzzing/builds/nanomq-asan/nng/src/sp/protocol/mqtt/mqtt_parser.c:1359 nano_msg_notify: test online!
2026-09-16 03:11:46 [1345541] WARN  /home/kadir/mqtt-fuzzing/builds/nanomq-asan/nng/src/sp/transport/mqtt/broker_tcp.c:739 tcptran_pipe_recv_cb: Got invalid CONNECT from client!
2026-09-16 03:11:46 [1345541] WARN  /home/kadir/mqtt-fuzzing/builds/nanomq-asan/nng/src/sp/transport/mqtt/broker_tcp.c:895 tcptran_pipe_recv_cb: tcptran_pipe_recv_cb: recv_error rv: 129

2026-09-16 03:11:46 [1345542] WARN  /home/kadir/mqtt-fuzzing/builds/nanomq-asan/nng/src/sp/protocol/mqtt/mqtt_parser.c:1363 nano_msg_notify: test offline!
2026-09-16 03:11:46 [1345545] WARN  /home/kadir/mqtt-fuzzing/builds/nanomq-asan/nng/src/sp/protocol/mqtt/mqtt_parser.c:1359 nano_msg_notify: test online!
2026-09-16 03:11:46 [1345542] WARN  /home/kadir/mqtt-fuzzing/builds/nanomq-asan/nng/src/sp/transport/mqtt/broker_tcp.c:739 tcptran_pipe_recv_cb: Got invalid CONNECT from client!
2026-09-16 03:11:46 [1345542] WARN  /home/kadir/mqtt-fuzzing/builds/nanomq-asan/nng/src/sp/transport/mqtt/broker_tcp.c:895 tcptran_pipe_recv_cb: tcptran_pipe_recv_cb: recv_error rv: 129

2026-09-16 03:11:46 [1345546] WARN  /home/kadir/mqtt-fuzzing/builds/nanomq-asan/nng/src/sp/protocol/mqtt/mqtt_parser.c:1363 nano_msg_notify: test offline!
2026-09-16 03:11:46 [1345544] WARN  /home/kadir/mqtt-fuzzing/builds/nanomq-asan/nng/src/sp/protocol/mqtt/mqtt_parser.c:1359 nano_msg_notify: test online!
2026-09-16 03:11:46 [1345543] WARN  /home/kadir/mqtt-fuzzing/builds/nanomq-asan/nng/src/sp/transport/mqtt/broker_tcp.c:739 tcptran_pipe_recv_cb: Got invalid CONNECT from client!
2026-09-16 03:11:46 [1345543] WARN  /home/kadir/mqtt-fuzzing/builds/nanomq-asan/nng/src/sp/transport/mqtt/broker_tcp.c:895 tcptran_pipe_recv_cb: tcptran_pipe_recv_cb: recv_error rv: 129

2026-09-16 03:11:46 [1345545] WARN  /home/kadir/mqtt-fuzzing/builds/nanomq-asan/nng/src/sp/protocol/mqtt/mqtt_parser.c:1363 nano_msg_notify: test offline!
2026-09-16 03:11:46 [1345539] WARN  /home/kadir/mqtt-fuzzing/builds/nanomq-asan/nng/src/sp/protocol/mqtt/mqtt_parser.c:1359 nano_msg_notify: test online!
2026-09-16 03:11:46 [1345541] WARN  /home/kadir/mqtt-fuzzing/builds/nanomq-asan/nng/src/sp/transport/mqtt/broker_tcp.c:628 tcptran_pipe_recv_cb: nni aio recv error!! Connection shutdown

2026-09-16 03:11:46 [1345543] WARN  /home/kadir/mqtt-fuzzing/builds/nanomq-asan/nng/src/sp/protocol/mqtt/mqtt_parser.c:1363 nano_msg_notify: test offline!
2026-09-16 03:11:46 [1345541] WARN  /home/kadir/mqtt-fuzzing/builds/nanomq-asan/nng/src/sp/transport/mqtt/broker_tcp.c:895 tcptran_pipe_recv_cb: tcptran_pipe_recv_cb: recv_error rv: 139

2026-09-16 03:11:46 [1345545] WARN  /home/kadir/mqtt-fuzzing/builds/nanomq-asan/nng/src/sp/protocol/mqtt/mqtt_parser.c:1359 nano_msg_notify: test online!
2026-09-16 03:11:46 [1345543] WARN  /home/kadir/mqtt-fuzzing/builds/nanomq-asan/nng/src/sp/transport/mqtt/broker_tcp.c:739 tcptran_pipe_recv_cb: Got invalid CONNECT from client!
2026-09-16 03:11:46 [1345543] WARN  /home/kadir/mqtt-fuzzing/builds/nanomq-asan/nng/src/sp/transport/mqtt/broker_tcp.c:895 tcptran_pipe_recv_cb: tcptran_pipe_recv_cb: recv_error rv: 129

2026-09-16 03:11:46 [1345546] WARN  /home/kadir/mqtt-fuzzing/builds/nanomq-asan/nng/src/sp/protocol/mqtt/mqtt_parser.c:1363 nano_msg_notify: test offline!
2026-09-16 03:11:46 [1345545] WARN  /home/kadir/mqtt-fuzzing/builds/nanomq-asan/nng/src/sp/protocol/mqtt/mqtt_parser.c:1359 nano_msg_notify: test online!
2026-09-16 03:11:46 [1345541] WARN  /home/kadir/mqtt-fuzzing/builds/nanomq-asan/nng/src/sp/transport/mqtt/broker_tcp.c:739 tcptran_pipe_recv_cb: Got invalid CONNECT from client!
2026-09-16 03:11:46 [1345541] WARN  /home/kadir/mqtt-fuzzing/builds/nanomq-asan/nng/src/sp/transport/mqtt/broker_tcp.c:895 tcptran_pipe_recv_cb: tcptran_pipe_recv_cb: recv_error rv: 129

2026-09-16 03:11:46 [1345542] WARN  /home/kadir/mqtt-fuzzing/builds/nanomq-asan/nng/src/sp/protocol/mqtt/mqtt_parser.c:1363 nano_msg_notify: test offline!
2026-09-16 03:11:46 [1345544] WARN  /home/kadir/mqtt-fuzzing/builds/nanomq-asan/nng/src/sp/protocol/mqtt/mqtt_parser.c:1359 nano_msg_notify: test online!
2026-09-16 03:11:46 [1345543] WARN  /home/kadir/mqtt-fuzzing/builds/nanomq-asan/nng/src/sp/transport/mqtt/broker_tcp.c:739 tcptran_pipe_recv_cb: Got invalid CONNECT from client!
2026-09-16 03:11:46 [1345543] WARN  /home/kadir/mqtt-fuzzing/builds/nanomq-asan/nng/src/sp/transport/mqtt/broker_tcp.c:895 tcptran_pipe_recv_cb: tcptran_pipe_recv_cb: recv_error rv: 129

2026-09-16 03:11:46 [1345545] WARN  /home/kadir/mqtt-fuzzing/builds/nanomq-asan/nng/src/sp/protocol/mqtt/mqtt_parser.c:1363 nano_msg_notify: test offline!
2026-09-16 03:11:46 [1345546] WARN  /home/kadir/mqtt-fuzzing/builds/nanomq-asan/nng/src/sp/protocol/mqtt/mqtt_parser.c:1359 nano_msg_notify: test online!
2026-09-16 03:11:46 [1345544] WARN  /home/kadir/mqtt-fuzzing/builds/nanomq-asan/nng/src/sp/transport/mqtt/broker_tcp.c:739 tcptran_pipe_recv_cb: Got invalid CONNECT from client!
2026-09-16 03:11:46 [1345544] WARN  /home/kadir/mqtt-fuzzing/builds/nanomq-asan/nng/src/sp/transport/mqtt/broker_tcp.c:895 tcptran_pipe_recv_cb: tcptran_pipe_recv_cb: recv_error rv: 129

2026-09-16 03:11:46 [1345539] WARN  /home/kadir/mqtt-fuzzing/builds/nanomq-asan/nng/src/sp/protocol/mqtt/mqtt_parser.c:1363 nano_msg_notify: test offline!
2026-09-16 03:11:46 [1345544] WARN  /home/kadir/mqtt-fuzzing/builds/nanomq-asan/nng/src/sp/protocol/mqtt/mqtt_parser.c:1359 nano_msg_notify: test online!
2026-09-16 03:11:46 [1345541] WARN  /home/kadir/mqtt-fuzzing/builds/nanomq-asan/nng/src/sp/transport/mqtt/broker_tcp.c:739 tcptran_pipe_recv_cb: Got invalid CONNECT from client!
2026-09-16 03:11:46 [1345541] WARN  /home/kadir/mqtt-fuzzing/builds/nanomq-asan/nng/src/sp/transport/mqtt/broker_tcp.c:895 tcptran_pipe_recv_cb: tcptran_pipe_recv_cb: recv_error rv: 129

2026-09-16 03:11:46 [1345542] WARN  /home/kadir/mqtt-fuzzing/builds/nanomq-asan/nng/src/sp/protocol/mqtt/mqtt_parser.c:1363 nano_msg_notify: test offline!
2026-09-16 03:11:46 [1345544] WARN  /home/kadir/mqtt-fuzzing/builds/nanomq-asan/nng/src/sp/protocol/mqtt/mqtt_parser.c:1359 nano_msg_notify: test online!
2026-09-16 03:11:46 [1345542] WARN  /home/kadir/mqtt-fuzzing/builds/nanomq-asan/nng/src/sp/transport/mqtt/broker_tcp.c:739 tcptran_pipe_recv_cb: Got invalid CONNECT from client!
2026-09-16 03:11:46 [1345542] WARN  /home/kadir/mqtt-fuzzing/builds/nanomq-asan/nng/src/sp/transport/mqtt/broker_tcp.c:895 tcptran_pipe_recv_cb: tcptran_pipe_recv_cb: recv_error rv: 129

2026-09-16 03:11:46 [1345543] WARN  /home/kadir/mqtt-fuzzing/builds/nanomq-asan/nng/src/sp/protocol/mqtt/mqtt_parser.c:1363 nano_msg_notify: test offline!
2026-09-16 03:11:46 [1345542] WARN  /home/kadir/mqtt-fuzzing/builds/nanomq-asan/nng/src/sp/protocol/mqtt/mqtt_parser.c:1359 nano_msg_notify: test online!
2026-09-16 03:11:46 [1345544] WARN  /home/kadir/mqtt-fuzzing/builds/nanomq-asan/nng/src/sp/transport/mqtt/broker_tcp.c:739 tcptran_pipe_recv_cb: Got invalid CONNECT from client!
2026-09-16 03:11:46 [1345544] WARN  /home/kadir/mqtt-fuzzing/builds/nanomq-asan/nng/src/sp/transport/mqtt/broker_tcp.c:895 tcptran_pipe_recv_cb: tcptran_pipe_recv_cb: recv_error rv: 129

2026-09-16 03:11:46 [1345545] WARN  /home/kadir/mqtt-fuzzing/builds/nanomq-asan/nng/src/sp/protocol/mqtt/mqtt_parser.c:1363 nano_msg_notify: test offline!
2026-09-16 03:11:46 [1345542] WARN  /home/kadir/mqtt-fuzzing/builds/nanomq-asan/nng/src/sp/protocol/mqtt/mqtt_parser.c:1359 nano_msg_notify: test online!
2026-09-16 03:11:46 [1345540] WARN  /home/kadir/mqtt-fuzzing/builds/nanomq-asan/nng/src/sp/transport/mqtt/broker_tcp.c:628 tcptran_pipe_recv_cb: nni aio recv error!! Connection shutdown

2026-09-16 03:11:46 [1345540] WARN  /home/kadir/mqtt-fuzzing/builds/nanomq-asan/nng/src/sp/transport/mqtt/broker_tcp.c:895 tcptran_pipe_recv_cb: tcptran_pipe_recv_cb: recv_error rv: 139

2026-09-16 03:11:46 [1345539] WARN  /home/kadir/mqtt-fuzzing/builds/nanomq-asan/nng/src/sp/protocol/mqtt/mqtt_parser.c:1363 nano_msg_notify: test offline!
2026-09-16 03:11:46 [1345541] WARN  /home/kadir/mqtt-fuzzing/builds/nanomq-asan/nng/src/sp/protocol/mqtt/mqtt_parser.c:1359 nano_msg_notify: test online!
2026-09-16 03:11:46 [1345544] WARN  /home/kadir/mqtt-fuzzing/builds/nanomq-asan/nng/src/sp/transport/mqtt/broker_tcp.c:628 tcptran_pipe_recv_cb: nni aio recv error!! Connection shutdown

2026-09-16 03:11:46 [1345544] WARN  /home/kadir/mqtt-fuzzing/builds/nanomq-asan/nng/src/sp/transport/mqtt/broker_tcp.c:895 tcptran_pipe_recv_cb: tcptran_pipe_recv_cb: recv_error rv: 139

2026-09-16 03:11:46 [1345542] WARN  /home/kadir/mqtt-fuzzing/builds/nanomq-asan/nng/src/sp/protocol/mqtt/mqtt_parser.c:1363 nano_msg_notify: test offline!
2026-09-16 03:11:46 [1345545] WARN  /home/kadir/mqtt-fuzzing/builds/nanomq-asan/nng/src/sp/protocol/mqtt/mqtt_parser.c:1359 nano_msg_notify: test online!
2026-09-16 03:11:46 [1345540] WARN  /home/kadir/mqtt-fuzzing/builds/nanomq-asan/nng/src/sp/transport/mqtt/broker_tcp.c:739 tcptran_pipe_recv_cb: Got invalid CONNECT from client!
2026-09-16 03:11:46 [1345540] WARN  /home/kadir/mqtt-fuzzing/builds/nanomq-asan/nng/src/sp/transport/mqtt/broker_tcp.c:895 tcptran_pipe_recv_cb: tcptran_pipe_recv_cb: recv_error rv: 129

2026-09-16 03:11:46 [1345539] WARN  /home/kadir/mqtt-fuzzing/builds/nanomq-asan/nng/src/sp/protocol/mqtt/mqtt_parser.c:1363 nano_msg_notify: test offline!
2026-09-16 03:11:46 [1345540] WARN  /home/kadir/mqtt-fuzzing/builds/nanomq-asan/nng/src/sp/protocol/mqtt/mqtt_parser.c:1359 nano_msg_notify: test online!
2026-09-16 03:11:46 [1345546] WARN  /home/kadir/mqtt-fuzzing/builds/nanomq-asan/nng/src/sp/transport/mqtt/broker_tcp.c:739 tcptran_pipe_recv_cb: Got invalid CONNECT from client!
2026-09-16 03:11:46 [1345546] WARN  /home/kadir/mqtt-fuzzing/builds/nanomq-asan/nng/src/sp/transport/mqtt/broker_tcp.c:895 tcptran_pipe_recv_cb: tcptran_pipe_recv_cb: recv_error rv: 129

2026-09-16 03:11:46 [1345544] WARN  /home/kadir/mqtt-fuzzing/builds/nanomq-asan/nng/src/sp/protocol/mqtt/mqtt_parser.c:1363 nano_msg_notify: test offline!
2026-09-16 03:11:46 [1345541] WARN  /home/kadir/mqtt-fuzzing/builds/nanomq-asan/nng/src/sp/protocol/mqtt/mqtt_parser.c:1359 nano_msg_notify: test online!
2026-09-16 03:11:46 [1345545] WARN  /home/kadir/mqtt-fuzzing/builds/nanomq-asan/nng/src/sp/transport/mqtt/broker_tcp.c:739 tcptran_pipe_recv_cb: Got invalid CONNECT from client!
2026-09-16 03:11:46 [1345545] WARN  /home/kadir/mqtt-fuzzing/builds/nanomq-asan/nng/src/sp/transport/mqtt/broker_tcp.c:895 tcptran_pipe_recv_cb: tcptran_pipe_recv_cb: recv_error rv: 129

2026-09-16 03:11:46 [1345543] WARN  /home/kadir/mqtt-fuzzing/builds/nanomq-asan/nng/src/sp/protocol/mqtt/mqtt_parser.c:1363 nano_msg_notify: test offline!
2026-09-16 03:11:46 [1345541] WARN  /home/kadir/mqtt-fuzzing/builds/nanomq-asan/nng/src/sp/protocol/mqtt/mqtt_parser.c:1359 nano_msg_notify: test online!
2026-09-16 03:11:46 [1345545] WARN  /home/kadir/mqtt-fuzzing/builds/nanomq-asan/nng/src/sp/transport/mqtt/broker_tcp.c:739 tcptran_pipe_recv_cb: Got invalid CONNECT from client!
2026-09-16 03:11:46 [1345545] WARN  /home/kadir/mqtt-fuzzing/builds/nanomq-asan/nng/src/sp/transport/mqtt/broker_tcp.c:895 tcptran_pipe_recv_cb: tcptran_pipe_recv_cb: recv_error rv: 129

2026-09-16 03:11:46 [1345543] WARN  /home/kadir/mqtt-fuzzing/builds/nanomq-asan/nng/src/sp/protocol/mqtt/mqtt_parser.c:1363 nano_msg_notify: test offline!
2026-09-16 03:11:46 [1345539] WARN  /home/kadir/mqtt-fuzzing/builds/nanomq-asan/nng/src/sp/protocol/mqtt/mqtt_parser.c:1359 nano_msg_notify: test online!
2026-09-16 03:11:46 [1345541] WARN  /home/kadir/mqtt-fuzzing/builds/nanomq-asan/nng/src/sp/transport/mqtt/broker_tcp.c:739 tcptran_pipe_recv_cb: Got invalid CONNECT from client!
2026-09-16 03:11:46 [1345541] WARN  /home/kadir/mqtt-fuzzing/builds/nanomq-asan/nng/src/sp/transport/mqtt/broker_tcp.c:895 tcptran_pipe_recv_cb: tcptran_pipe_recv_cb: recv_error rv: 129

2026-09-16 03:11:46 [1345540] WARN  /home/kadir/mqtt-fuzzing/builds/nanomq-asan/nng/src/sp/protocol/mqtt/mqtt_parser.c:1363 nano_msg_notify: test offline!
2026-09-16 03:11:46 [1345539] WARN  /home/kadir/mqtt-fuzzing/builds/nanomq-asan/nng/src/sp/protocol/mqtt/mqtt_parser.c:1359 nano_msg_notify: test online!
2026-09-16 03:11:46 [1345540] WARN  /home/kadir/mqtt-fuzzing/builds/nanomq-asan/nng/src/sp/transport/mqtt/broker_tcp.c:739 tcptran_pipe_recv_cb: Got invalid CONNECT from client!
2026-09-16 03:11:46 [1345540] WARN  /home/kadir/mqtt-fuzzing/builds/nanomq-asan/nng/src/sp/transport/mqtt/broker_tcp.c:895 tcptran_pipe_recv_cb: tcptran_pipe_recv_cb: recv_error rv: 129

2026-09-16 03:11:46 [1345543] WARN  /home/kadir/mqtt-fuzzing/builds/nanomq-asan/nng/src/sp/protocol/mqtt/mqtt_parser.c:1363 nano_msg_notify: test offline!
2026-09-16 03:11:46 [1345544] WARN  /home/kadir/mqtt-fuzzing/builds/nanomq-asan/nng/src/sp/protocol/mqtt/mqtt_parser.c:1359 nano_msg_notify: test online!
2026-09-16 03:11:46 [1345541] WARN  /home/kadir/mqtt-fuzzing/builds/nanomq-asan/nng/src/sp/transport/mqtt/broker_tcp.c:739 tcptran_pipe_recv_cb: Got invalid CONNECT from client!
2026-09-16 03:11:46 [1345541] WARN  /home/kadir/mqtt-fuzzing/builds/nanomq-asan/nng/src/sp/transport/mqtt/broker_tcp.c:895 tcptran_pipe_recv_cb: tcptran_pipe_recv_cb: recv_error rv: 129

2026-09-16 03:11:46 [1345542] WARN  /home/kadir/mqtt-fuzzing/builds/nanomq-asan/nng/src/sp/protocol/mqtt/mqtt_parser.c:1363 nano_msg_notify: test offline!
2026-09-16 03:11:46 [1345539] WARN  /home/kadir/mqtt-fuzzing/builds/nanomq-asan/nng/src/sp/protocol/mqtt/mqtt_parser.c:1359 nano_msg_notify: test online!
2026-09-16 03:11:46 [1345540] WARN  /home/kadir/mqtt-fuzzing/builds/nanomq-asan/nng/src/sp/transport/mqtt/broker_tcp.c:739 tcptran_pipe_recv_cb: Got invalid CONNECT from client!
2026-09-16 03:11:46 [1345540] WARN  /home/kadir/mqtt-fuzzing/builds/nanomq-asan/nng/src/sp/transport/mqtt/broker_tcp.c:895 tcptran_pipe_recv_cb: tcptran_pipe_recv_cb: recv_error rv: 129

2026-09-16 03:11:46 [1345542] WARN  /home/kadir/mqtt-fuzzing/builds/nanomq-asan/nng/src/sp/protocol/mqtt/mqtt_parser.c:1363 nano_msg_notify: test offline!
2026-09-16 03:11:46 [1345546] WARN  /home/kadir/mqtt-fuzzing/builds/nanomq-asan/nng/src/sp/transport/mqtt/broker_tcp.c:739 tcptran_pipe_recv_cb: Got invalid CONNECT from client!
2026-09-16 03:11:46 [1345540] WARN  /home/kadir/mqtt-fuzzing/builds/nanomq-asan/nng/src/sp/protocol/mqtt/mqtt_parser.c:1359 nano_msg_notify: test online!
2026-09-16 03:11:46 [1345546] WARN  /home/kadir/mqtt-fuzzing/builds/nanomq-asan/nng/src/sp/transport/mqtt/broker_tcp.c:895 tcptran_pipe_recv_cb: tcptran_pipe_recv_cb: recv_error rv: 129

2026-09-16 03:11:46 [1345539] WARN  /home/kadir/mqtt-fuzzing/builds/nanomq-asan/nng/src/sp/protocol/mqtt/mqtt_parser.c:1363 nano_msg_notify: test offline!
2026-09-16 03:11:46 [1345546] WARN  /home/kadir/mqtt-fuzzing/builds/nanomq-asan/nng/src/sp/protocol/mqtt/mqtt_parser.c:1359 nano_msg_notify: test online!
2026-09-16 03:11:46 [1345541] WARN  /home/kadir/mqtt-fuzzing/builds/nanomq-asan/nng/src/sp/transport/mqtt/broker_tcp.c:628 tcptran_pipe_recv_cb: nni aio recv error!! Connection shutdown

2026-09-16 03:11:46 [1345541] WARN  /home/kadir/mqtt-fuzzing/builds/nanomq-asan/nng/src/sp/transport/mqtt/broker_tcp.c:895 tcptran_pipe_recv_cb: tcptran_pipe_recv_cb: recv_error rv: 139

2026-09-16 03:11:46 [1345545] WARN  /home/kadir/mqtt-fuzzing/builds/nanomq-asan/nng/src/sp/protocol/mqtt/mqtt_parser.c:1363 nano_msg_notify: test offline!
2026-09-16 03:11:46 [1345541] WARN  /home/kadir/mqtt-fuzzing/builds/nanomq-asan/nng/src/sp/protocol/mqtt/mqtt_parser.c:1359 nano_msg_notify: test online!
2026-09-16 03:11:46 [1345546] WARN  /home/kadir/mqtt-fuzzing/builds/nanomq-asan/nng/src/sp/transport/mqtt/broker_tcp.c:628 tcptran_pipe_recv_cb: nni aio recv error!! Connection shutdown

2026-09-16 03:11:46 [1345546] WARN  /home/kadir/mqtt-fuzzing/builds/nanomq-asan/nng/src/sp/transport/mqtt/broker_tcp.c:895 tcptran_pipe_recv_cb: tcptran_pipe_recv_cb: recv_error rv: 139

2026-09-16 03:11:46 [1345539] WARN  /home/kadir/mqtt-fuzzing/builds/nanomq-asan/nng/src/sp/protocol/mqtt/mqtt_parser.c:1363 nano_msg_notify: test offline!
2026-09-16 03:11:46 [1345542] WARN  /home/kadir/mqtt-fuzzing/builds/nanomq-asan/nng/src/sp/protocol/mqtt/mqtt_parser.c:1359 nano_msg_notify: test online!
2026-09-16 03:11:46 [1345543] WARN  /home/kadir/mqtt-fuzzing/builds/nanomq-asan/nng/src/sp/transport/mqtt/broker_tcp.c:739 tcptran_pipe_recv_cb: Got invalid CONNECT from client!
2026-09-16 03:11:46 [1345543] WARN  /home/kadir/mqtt-fuzzing/builds/nanomq-asan/nng/src/sp/transport/mqtt/broker_tcp.c:895 tcptran_pipe_recv_cb: tcptran_pipe_recv_cb: recv_error rv: 129

2026-09-16 03:11:46 [1345545] WARN  /home/kadir/mqtt-fuzzing/builds/nanomq-asan/nng/src/sp/protocol/mqtt/mqtt_parser.c:1363 nano_msg_notify: test offline!
2026-09-16 03:11:46 [1345543] WARN  /home/kadir/mqtt-fuzzing/builds/nanomq-asan/nng/src/sp/protocol/mqtt/mqtt_parser.c:1359 nano_msg_notify: test online!
2026-09-16 03:11:46 [1345540] WARN  /home/kadir/mqtt-fuzzing/builds/nanomq-asan/nng/src/sp/transport/mqtt/broker_tcp.c:739 tcptran_pipe_recv_cb: Got invalid CONNECT from client!
2026-09-16 03:11:46 [1345540] WARN  /home/kadir/mqtt-fuzzing/builds/nanomq-asan/nng/src/sp/transport/mqtt/broker_tcp.c:895 tcptran_pipe_recv_cb: tcptran_pipe_recv_cb: recv_error rv: 129

2026-09-16 03:11:46 [1345539] WARN  /home/kadir/mqtt-fuzzing/builds/nanomq-asan/nng/src/sp/protocol/mqtt/mqtt_parser.c:1363 nano_msg_notify: test offline!
2026-09-16 03:11:46 [1345541] WARN  /home/kadir/mqtt-fuzzing/builds/nanomq-asan/nng/src/sp/protocol/mqtt/mqtt_parser.c:1359 nano_msg_notify: test online!
2026-09-16 03:11:46 [1345542] WARN  /home/kadir/mqtt-fuzzing/builds/nanomq-asan/nng/src/sp/transport/mqtt/broker_tcp.c:739 tcptran_pipe_recv_cb: Got invalid CONNECT from client!
2026-09-16 03:11:46 [1345542] WARN  /home/kadir/mqtt-fuzzing/builds/nanomq-asan/nng/src/sp/transport/mqtt/broker_tcp.c:895 tcptran_pipe_recv_cb: tcptran_pipe_recv_cb: recv_error rv: 129

2026-09-16 03:11:46 [1345543] WARN  /home/kadir/mqtt-fuzzing/builds/nanomq-asan/nng/src/sp/protocol/mqtt/mqtt_parser.c:1363 nano_msg_notify: test offline!
2026-09-16 03:11:46 [1345541] WARN  /home/kadir/mqtt-fuzzing/builds/nanomq-asan/nng/src/sp/protocol/mqtt/mqtt_parser.c:1359 nano_msg_notify: test online!
2026-09-16 03:11:46 [1345546] WARN  /home/kadir/mqtt-fuzzing/builds/nanomq-asan/nng/src/sp/transport/mqtt/broker_tcp.c:739 tcptran_pipe_recv_cb: Got invalid CONNECT from client!
2026-09-16 03:11:46 [1345546] WARN  /home/kadir/mqtt-fuzzing/builds/nanomq-asan/nng/src/sp/transport/mqtt/broker_tcp.c:895 tcptran_pipe_recv_cb: tcptran_pipe_recv_cb: recv_error rv: 129

2026-09-16 03:11:46 [1345544] WARN  /home/kadir/mqtt-fuzzing/builds/nanomq-asan/nng/src/sp/protocol/mqtt/mqtt_parser.c:1363 nano_msg_notify: test offline!
2026-09-16 03:11:46 [1345541] WARN  /home/kadir/mqtt-fuzzing/builds/nanomq-asan/nng/src/sp/protocol/mqtt/mqtt_parser.c:1359 nano_msg_notify: test online!
2026-09-16 03:11:46 [1345539] WARN  /home/kadir/mqtt-fuzzing/builds/nanomq-asan/nng/src/sp/transport/mqtt/broker_tcp.c:739 tcptran_pipe_recv_cb: Got invalid CONNECT from client!
2026-09-16 03:11:46 [1345539] WARN  /home/kadir/mqtt-fuzzing/builds/nanomq-asan/nng/src/sp/transport/mqtt/broker_tcp.c:895 tcptran_pipe_recv_cb: tcptran_pipe_recv_cb: recv_error rv: 129

2026-09-16 03:11:46 [1345542] WARN  /home/kadir/mqtt-fuzzing/builds/nanomq-asan/nng/src/sp/protocol/mqtt/mqtt_parser.c:1363 nano_msg_notify: test offline!
2026-09-16 03:11:46 [1345539] WARN  /home/kadir/mqtt-fuzzing/builds/nanomq-asan/nng/src/sp/protocol/mqtt/mqtt_parser.c:1359 nano_msg_notify: test online!
2026-09-16 03:11:46 [1345541] WARN  /home/kadir/mqtt-fuzzing/builds/nanomq-asan/nng/src/sp/transport/mqtt/broker_tcp.c:628 tcptran_pipe_recv_cb: nni aio recv error!! Connection shutdown

2026-09-16 03:11:46 [1345541] WARN  /home/kadir/mqtt-fuzzing/builds/nanomq-asan/nng/src/sp/transport/mqtt/broker_tcp.c:895 tcptran_pipe_recv_cb: tcptran_pipe_recv_cb: recv_error rv: 139

2026-09-16 03:11:46 [1345543] WARN  /home/kadir/mqtt-fuzzing/builds/nanomq-asan/nng/src/sp/protocol/mqtt/mqtt_parser.c:1363 nano_msg_notify: test offline!
2026-09-16 03:11:46 [1345541] WARN  /home/kadir/mqtt-fuzzing/builds/nanomq-asan/nng/src/sp/protocol/mqtt/mqtt_parser.c:1359 nano_msg_notify: test online!
2026-09-16 03:11:46 [1345543] WARN  /home/kadir/mqtt-fuzzing/builds/nanomq-asan/nng/src/sp/transport/mqtt/broker_tcp.c:739 tcptran_pipe_recv_cb: Got invalid CONNECT from client!
2026-09-16 03:11:46 [1345543] WARN  /home/kadir/mqtt-fuzzing/builds/nanomq-asan/nng/src/sp/transport/mqtt/broker_tcp.c:895 tcptran_pipe_recv_cb: tcptran_pipe_recv_cb: recv_error rv: 129

2026-09-16 03:11:46 [1345546] WARN  /home/kadir/mqtt-fuzzing/builds/nanomq-asan/nng/src/sp/protocol/mqtt/mqtt_parser.c:1363 nano_msg_notify: test offline!
2026-09-16 03:11:46 [1345539] WARN  /home/kadir/mqtt-fuzzing/builds/nanomq-asan/nng/src/sp/protocol/mqtt/mqtt_parser.c:1359 nano_msg_notify: test online!
2026-09-16 03:11:46 [1345542] WARN  /home/kadir/mqtt-fuzzing/builds/nanomq-asan/nng/src/sp/transport/mqtt/broker_tcp.c:739 tcptran_pipe_recv_cb: Got invalid CONNECT from client!
2026-09-16 03:11:46 [1345542] WARN  /home/kadir/mqtt-fuzzing/builds/nanomq-asan/nng/src/sp/transport/mqtt/broker_tcp.c:895 tcptran_pipe_recv_cb: tcptran_pipe_recv_cb: recv_error rv: 129

2026-09-16 03:11:46 [1345541] WARN  /home/kadir/mqtt-fuzzing/builds/nanomq-asan/nng/src/sp/protocol/mqtt/mqtt_parser.c:1363 nano_msg_notify: test offline!
2026-09-16 03:11:46 [1345539] WARN  /home/kadir/mqtt-fuzzing/builds/nanomq-asan/nng/src/sp/protocol/mqtt/mqtt_parser.c:1359 nano_msg_notify: test online!
2026-09-16 03:11:46 [1345540] WARN  /home/kadir/mqtt-fuzzing/builds/nanomq-asan/nng/src/sp/transport/mqtt/broker_tcp.c:739 tcptran_pipe_recv_cb: Got invalid CONNECT from client!
2026-09-16 03:11:46 [1345540] WARN  /home/kadir/mqtt-fuzzing/builds/nanomq-asan/nng/src/sp/transport/mqtt/broker_tcp.c:895 tcptran_pipe_recv_cb: tcptran_pipe_recv_cb: recv_error rv: 129

2026-09-16 03:11:46 [1345546] WARN  /home/kadir/mqtt-fuzzing/builds/nanomq-asan/nng/src/sp/protocol/mqtt/mqtt_parser.c:1363 nano_msg_notify: test offline!
2026-09-16 03:11:46 [1345544] WARN  /home/kadir/mqtt-fuzzing/builds/nanomq-asan/nng/src/sp/protocol/mqtt/mqtt_parser.c:1359 nano_msg_notify: test online!
2026-09-16 03:11:46 [1345539] WARN  /home/kadir/mqtt-fuzzing/builds/nanomq-asan/nng/src/sp/transport/mqtt/broker_tcp.c:628 tcptran_pipe_recv_cb: nni aio recv error!! Connection shutdown

2026-09-16 03:11:46 [1345539] WARN  /home/kadir/mqtt-fuzzing/builds/nanomq-asan/nng/src/sp/transport/mqtt/broker_tcp.c:895 tcptran_pipe_recv_cb: tcptran_pipe_recv_cb: recv_error rv: 139

2026-09-16 03:11:46 [1345543] WARN  /home/kadir/mqtt-fuzzing/builds/nanomq-asan/nng/src/sp/protocol/mqtt/mqtt_parser.c:1363 nano_msg_notify: test offline!
2026-09-16 03:11:46 [1345543] WARN  /home/kadir/mqtt-fuzzing/builds/nanomq-asan/nng/src/sp/transport/mqtt/broker_tcp.c:739 tcptran_pipe_recv_cb: Got invalid CONNECT from client!
2026-09-16 03:11:46 [1345543] WARN  /home/kadir/mqtt-fuzzing/builds/nanomq-asan/nng/src/sp/transport/mqtt/broker_tcp.c:895 tcptran_pipe_recv_cb: tcptran_pipe_recv_cb: recv_error rv: 129

2026-09-16 03:11:46 [1345544] WARN  /home/kadir/mqtt-fuzzing/builds/nanomq-asan/nng/src/sp/protocol/mqtt/mqtt_parser.c:1359 nano_msg_notify: test online!
2026-09-16 03:11:46 [1345546] WARN  /home/kadir/mqtt-fuzzing/builds/nanomq-asan/nng/src/sp/protocol/mqtt/mqtt_parser.c:1363 nano_msg_notify: test offline!
2026-09-16 03:11:46 [1345545] WARN  /home/kadir/mqtt-fuzzing/builds/nanomq-asan/nng/src/sp/transport/mqtt/broker_tcp.c:628 tcptran_pipe_recv_cb: nni aio recv error!! Connection shutdown

2026-09-16 03:11:46 [1345545] WARN  /home/kadir/mqtt-fuzzing/builds/nanomq-asan/nng/src/sp/transport/mqtt/broker_tcp.c:895 tcptran_pipe_recv_cb: tcptran_pipe_recv_cb: recv_error rv: 139

2026-09-16 03:11:46 [1345543] WARN  /home/kadir/mqtt-fuzzing/builds/nanomq-asan/nng/src/sp/protocol/mqtt/mqtt_parser.c:1359 nano_msg_notify: test online!
2026-09-16 03:11:46 [1345541] WARN  /home/kadir/mqtt-fuzzing/builds/nanomq-asan/nng/src/sp/transport/mqtt/broker_tcp.c:525 nmq_tcptran_pipe_send_cb:  send aio error Object closed(7)
2026-09-16 03:11:46 [1345542] WARN  /home/kadir/mqtt-fuzzing/builds/nanomq-asan/nng/src/sp/protocol/mqtt/mqtt_parser.c:1363 nano_msg_notify: test offline!
2026-09-16 03:11:46 [1345542] WARN  /home/kadir/mqtt-fuzzing/builds/nanomq-asan/nng/src/sp/protocol/mqtt/mqtt_parser.c:1359 nano_msg_notify: test online!
2026-09-16 03:11:46 [1345546] WARN  /home/kadir/mqtt-fuzzing/builds/nanomq-asan/nng/src/sp/transport/mqtt/broker_tcp.c:628 tcptran_pipe_recv_cb: nni aio recv error!! Connection shutdown

2026-09-16 03:11:46 [1345546] WARN  /home/kadir/mqtt-fuzzing/builds/nanomq-asan/nng/src/sp/transport/mqtt/broker_tcp.c:895 tcptran_pipe_recv_cb: tcptran_pipe_recv_cb: recv_error rv: 139

2026-09-16 03:11:46 [1345540] WARN  /home/kadir/mqtt-fuzzing/builds/nanomq-asan/nng/src/sp/protocol/mqtt/mqtt_parser.c:1363 nano_msg_notify: test offline!
2026-09-16 03:11:46 [1345542] WARN  /home/kadir/mqtt-fuzzing/builds/nanomq-asan/nng/src/sp/protocol/mqtt/mqtt_parser.c:1359 nano_msg_notify: test online!
2026-09-16 03:11:46 [1345543] WARN  /home/kadir/mqtt-fuzzing/builds/nanomq-asan/nng/src/sp/transport/mqtt/broker_tcp.c:628 tcptran_pipe_recv_cb: nni aio recv error!! Connection shutdown

2026-09-16 03:11:46 [1345543] WARN  /home/kadir/mqtt-fuzzing/builds/nanomq-asan/nng/src/sp/transport/mqtt/broker_tcp.c:895 tcptran_pipe_recv_cb: tcptran_pipe_recv_cb: recv_error rv: 139

2026-09-16 03:11:46 [1345541] WARN  /home/kadir/mqtt-fuzzing/builds/nanomq-asan/nng/src/sp/protocol/mqtt/mqtt_parser.c:1363 nano_msg_notify: test offline!
2026-09-16 03:11:46 [1345542] WARN  /home/kadir/mqtt-fuzzing/builds/nanomq-asan/nng/src/sp/protocol/mqtt/mqtt_parser.c:1359 nano_msg_notify: test online!
2026-09-16 03:11:46 [1345541] WARN  /home/kadir/mqtt-fuzzing/builds/nanomq-asan/nng/src/sp/transport/mqtt/broker_tcp.c:739 tcptran_pipe_recv_cb: Got invalid CONNECT from client!
2026-09-16 03:11:46 [1345541] WARN  /home/kadir/mqtt-fuzzing/builds/nanomq-asan/nng/src/sp/transport/mqtt/broker_tcp.c:895 tcptran_pipe_recv_cb: tcptran_pipe_recv_cb: recv_error rv: 129

2026-09-16 03:11:46 [1345541] WARN  /home/kadir/mqtt-fuzzing/builds/nanomq-asan/nng/src/sp/protocol/mqtt/mqtt_parser.c:1363 nano_msg_notify: test offline!
2026-09-16 03:11:46 [1345544] WARN  /home/kadir/mqtt-fuzzing/builds/nanomq-asan/nng/src/sp/protocol/mqtt/mqtt_parser.c:1359 nano_msg_notify: test online!
2026-09-16 03:11:46 [1345541] WARN  /home/kadir/mqtt-fuzzing/builds/nanomq-asan/nng/src/sp/transport/mqtt/broker_tcp.c:628 tcptran_pipe_recv_cb: nni aio recv error!! Connection shutdown

2026-09-16 03:11:46 [1345541] WARN  /home/kadir/mqtt-fuzzing/builds/nanomq-asan/nng/src/sp/transport/mqtt/broker_tcp.c:895 tcptran_pipe_recv_cb: tcptran_pipe_recv_cb: recv_error rv: 139

2026-09-16 03:11:46 [1345539] WARN  /home/kadir/mqtt-fuzzing/builds/nanomq-asan/nng/src/sp/protocol/mqtt/mqtt_parser.c:1363 nano_msg_notify: test offline!
2026-09-16 03:11:46 [1345541] WARN  /home/kadir/mqtt-fuzzing/builds/nanomq-asan/nng/src/sp/protocol/mqtt/mqtt_parser.c:1359 nano_msg_notify: test online!
2026-09-16 03:11:46 [1345546] WARN  /home/kadir/mqtt-fuzzing/builds/nanomq-asan/nng/src/sp/transport/mqtt/broker_tcp.c:662 tcptran_pipe_recv_cb: MALFORMED_PACKET received.
2026-09-16 03:11:46 [1345546] WARN  /home/kadir/mqtt-fuzzing/builds/nanomq-asan/nng/src/sp/transport/mqtt/broker_tcp.c:895 tcptran_pipe_recv_cb: tcptran_pipe_recv_cb: recv_error rv: 17

2026-09-16 03:11:46 [1345543] WARN  /home/kadir/mqtt-fuzzing/builds/nanomq-asan/nng/src/sp/protocol/mqtt/mqtt_parser.c:1363 nano_msg_notify: test offline!
2026-09-16 03:11:46 [1345539] WARN  /home/kadir/mqtt-fuzzing/builds/nanomq-asan/nng/src/sp/protocol/mqtt/mqtt_parser.c:1359 nano_msg_notify: test online!
2026-09-16 03:11:46 [1345543] WARN  /home/kadir/mqtt-fuzzing/builds/nanomq-asan/nng/src/sp/transport/mqtt/broker_tcp.c:739 tcptran_pipe_recv_cb: Got invalid CONNECT from client!
2026-09-16 03:11:46 [1345543] WARN  /home/kadir/mqtt-fuzzing/builds/nanomq-asan/nng/src/sp/transport/mqtt/broker_tcp.c:895 tcptran_pipe_recv_cb: tcptran_pipe_recv_cb: recv_error rv: 129

2026-09-16 03:11:46 [1345542] WARN  /home/kadir/mqtt-fuzzing/builds/nanomq-asan/nng/src/sp/protocol/mqtt/mqtt_parser.c:1363 nano_msg_notify: test offline!
2026-09-16 03:11:46 [1345544] WARN  /home/kadir/mqtt-fuzzing/builds/nanomq-asan/nng/src/sp/protocol/mqtt/mqtt_parser.c:1359 nano_msg_notify: test online!
2026-09-16 03:11:46 [1345540] WARN  /home/kadir/mqtt-fuzzing/builds/nanomq-asan/nng/src/sp/transport/mqtt/broker_tcp.c:739 tcptran_pipe_recv_cb: Got invalid CONNECT from client!
2026-09-16 03:11:46 [1345540] WARN  /home/kadir/mqtt-fuzzing/builds/nanomq-asan/nng/src/sp/transport/mqtt/broker_tcp.c:895 tcptran_pipe_recv_cb: tcptran_pipe_recv_cb: recv_error rv: 129

2026-09-16 03:11:46 [1345546] WARN  /home/kadir/mqtt-fuzzing/builds/nanomq-asan/nng/src/sp/protocol/mqtt/mqtt_parser.c:1363 nano_msg_notify: test offline!
2026-09-16 03:11:46 [1345540] WARN  /home/kadir/mqtt-fuzzing/builds/nanomq-asan/nng/src/sp/protocol/mqtt/mqtt_parser.c:1359 nano_msg_notify: test online!
2026-09-16 03:11:46 [1345545] WARN  /home/kadir/mqtt-fuzzing/builds/nanomq-asan/nng/src/sp/transport/mqtt/broker_tcp.c:739 tcptran_pipe_recv_cb: Got invalid CONNECT from client!
2026-09-16 03:11:46 [1345545] WARN  /home/kadir/mqtt-fuzzing/builds/nanomq-asan/nng/src/sp/transport/mqtt/broker_tcp.c:895 tcptran_pipe_recv_cb: tcptran_pipe_recv_cb: recv_error rv: 129

2026-09-16 03:11:46 [1345541] WARN  /home/kadir/mqtt-fuzzing/builds/nanomq-asan/nng/src/sp/protocol/mqtt/mqtt_parser.c:1363 nano_msg_notify: test offline!
2026-09-16 03:11:46 [1345540] WARN  /home/kadir/mqtt-fuzzing/builds/nanomq-asan/nng/src/sp/protocol/mqtt/mqtt_parser.c:1359 nano_msg_notify: test online!
2026-09-16 03:11:46 [1345545] WARN  /home/kadir/mqtt-fuzzing/builds/nanomq-asan/nng/src/sp/transport/mqtt/broker_tcp.c:739 tcptran_pipe_recv_cb: Got invalid CONNECT from client!
2026-09-16 03:11:46 [1345545] WARN  /home/kadir/mqtt-fuzzing/builds/nanomq-asan/nng/src/sp/transport/mqtt/broker_tcp.c:895 tcptran_pipe_recv_cb: tcptran_pipe_recv_cb: recv_error rv: 129

2026-09-16 03:11:46 [1345545] WARN  /home/kadir/mqtt-fuzzing/builds/nanomq-asan/nng/src/sp/protocol/mqtt/mqtt_parser.c:1363 nano_msg_notify: test offline!
2026-09-16 03:11:46 [1345540] WARN  /home/kadir/mqtt-fuzzing/builds/nanomq-asan/nng/src/sp/protocol/mqtt/mqtt_parser.c:1359 nano_msg_notify: test online!
2026-09-16 03:11:46 [1345542] WARN  /home/kadir/mqtt-fuzzing/builds/nanomq-asan/nng/src/sp/transport/mqtt/broker_tcp.c:739 tcptran_pipe_recv_cb: Got invalid CONNECT from client!
2026-09-16 03:11:46 [1345542] WARN  /home/kadir/mqtt-fuzzing/builds/nanomq-asan/nng/src/sp/transport/mqtt/broker_tcp.c:895 tcptran_pipe_recv_cb: tcptran_pipe_recv_cb: recv_error rv: 129

2026-09-16 03:11:46 [1345541] WARN  /home/kadir/mqtt-fuzzing/builds/nanomq-asan/nng/src/sp/protocol/mqtt/mqtt_parser.c:1363 nano_msg_notify: test offline!
2026-09-16 03:11:46 [1345544] WARN  /home/kadir/mqtt-fuzzing/builds/nanomq-asan/nng/src/sp/protocol/mqtt/mqtt_parser.c:1359 nano_msg_notify: test online!
2026-09-16 03:11:46 [1345541] WARN  /home/kadir/mqtt-fuzzing/builds/nanomq-asan/nng/src/sp/transport/mqtt/broker_tcp.c:739 tcptran_pipe_recv_cb: Got invalid CONNECT from client!
2026-09-16 03:11:46 [1345541] WARN  /home/kadir/mqtt-fuzzing/builds/nanomq-asan/nng/src/sp/transport/mqtt/broker_tcp.c:895 tcptran_pipe_recv_cb: tcptran_pipe_recv_cb: recv_error rv: 129

2026-09-16 03:11:46 [1345546] WARN  /home/kadir/mqtt-fuzzing/builds/nanomq-asan/nng/src/sp/protocol/mqtt/mqtt_parser.c:1363 nano_msg_notify: test offline!
2026-09-16 03:11:46 [1345543] WARN  /home/kadir/mqtt-fuzzing/builds/nanomq-asan/nng/src/sp/protocol/mqtt/mqtt_parser.c:1359 nano_msg_notify: test online!
2026-09-16 03:11:46 [1345542] WARN  /home/kadir/mqtt-fuzzing/builds/nanomq-asan/nng/src/sp/transport/mqtt/broker_tcp.c:739 tcptran_pipe_recv_cb: Got invalid CONNECT from client!
2026-09-16 03:11:46 [1345542] WARN  /home/kadir/mqtt-fuzzing/builds/nanomq-asan/nng/src/sp/transport/mqtt/broker_tcp.c:895 tcptran_pipe_recv_cb: tcptran_pipe_recv_cb: recv_error rv: 129

2026-09-16 03:11:46 [1345540] WARN  /home/kadir/mqtt-fuzzing/builds/nanomq-asan/nng/src/sp/protocol/mqtt/mqtt_parser.c:1363 nano_msg_notify: test offline!
2026-09-16 03:11:46 [1345542] WARN  /home/kadir/mqtt-fuzzing/builds/nanomq-asan/nng/src/sp/protocol/mqtt/mqtt_parser.c:1359 nano_msg_notify: test online!
2026-09-16 03:11:46 [1345540] WARN  /home/kadir/mqtt-fuzzing/builds/nanomq-asan/nng/src/sp/transport/mqtt/broker_tcp.c:739 tcptran_pipe_recv_cb: Got invalid CONNECT from client!
2026-09-16 03:11:46 [1345540] WARN  /home/kadir/mqtt-fuzzing/builds/nanomq-asan/nng/src/sp/transport/mqtt/broker_tcp.c:895 tcptran_pipe_recv_cb: tcptran_pipe_recv_cb: recv_error rv: 129

2026-09-16 03:11:46 [1345544] WARN  /home/kadir/mqtt-fuzzing/builds/nanomq-asan/nng/src/sp/protocol/mqtt/mqtt_parser.c:1363 nano_msg_notify: test offline!
2026-09-16 03:11:46 [1345539] WARN  /home/kadir/mqtt-fuzzing/builds/nanomq-asan/nng/src/sp/protocol/mqtt/mqtt_parser.c:1359 nano_msg_notify: test online!
2026-09-16 03:11:46 [1345541] WARN  /home/kadir/mqtt-fuzzing/builds/nanomq-asan/nng/src/sp/transport/mqtt/broker_tcp.c:739 tcptran_pipe_recv_cb: Got invalid CONNECT from client!
2026-09-16 03:11:46 [1345541] WARN  /home/kadir/mqtt-fuzzing/builds/nanomq-asan/nng/src/sp/transport/mqtt/broker_tcp.c:895 tcptran_pipe_recv_cb: tcptran_pipe_recv_cb: recv_error rv: 129

2026-09-16 03:11:46 [1345541] WARN  /home/kadir/mqtt-fuzzing/builds/nanomq-asan/nng/src/sp/protocol/mqtt/mqtt_parser.c:1363 nano_msg_notify: test offline!
2026-09-16 03:11:46 [1345542] WARN  /home/kadir/mqtt-fuzzing/builds/nanomq-asan/nng/src/sp/protocol/mqtt/mqtt_parser.c:1359 nano_msg_notify: test online!
2026-09-16 03:11:46 [1345543] WARN  /home/kadir/mqtt-fuzzing/builds/nanomq-asan/nng/src/sp/transport/mqtt/broker_tcp.c:628 tcptran_pipe_recv_cb: nni aio recv error!! Connection shutdown

2026-09-16 03:11:46 [1345543] WARN  /home/kadir/mqtt-fuzzing/builds/nanomq-asan/nng/src/sp/transport/mqtt/broker_tcp.c:895 tcptran_pipe_recv_cb: tcptran_pipe_recv_cb: recv_error rv: 139

2026-09-16 03:11:46 [1345543] WARN  /home/kadir/mqtt-fuzzing/builds/nanomq-asan/nng/src/sp/protocol/mqtt/mqtt_parser.c:1363 nano_msg_notify: test offline!
2026-09-16 03:11:46 [1345542] WARN  /home/kadir/mqtt-fuzzing/builds/nanomq-asan/nng/src/sp/protocol/mqtt/mqtt_parser.c:1359 nano_msg_notify: test online!
2026-09-16 03:11:46 [1345545] WARN  /home/kadir/mqtt-fuzzing/builds/nanomq-asan/nng/src/sp/transport/mqtt/broker_tcp.c:628 tcptran_pipe_recv_cb: nni aio recv error!! Connection shutdown

2026-09-16 03:11:46 [1345545] WARN  /home/kadir/mqtt-fuzzing/builds/nanomq-asan/nng/src/sp/transport/mqtt/broker_tcp.c:895 tcptran_pipe_recv_cb: tcptran_pipe_recv_cb: recv_error rv: 139

2026-09-16 03:11:46 [1345544] WARN  /home/kadir/mqtt-fuzzing/builds/nanomq-asan/nng/src/sp/protocol/mqtt/mqtt_parser.c:1363 nano_msg_notify: test offline!
2026-09-16 03:11:46 [1345542] WARN  /home/kadir/mqtt-fuzzing/builds/nanomq-asan/nng/src/sp/protocol/mqtt/mqtt_parser.c:1359 nano_msg_notify: test online!
2026-09-16 03:11:46 [1345545] WARN  /home/kadir/mqtt-fuzzing/builds/nanomq-asan/nng/src/sp/transport/mqtt/broker_tcp.c:739 tcptran_pipe_recv_cb: Got invalid CONNECT from client!
2026-09-16 03:11:46 [1345545] WARN  /home/kadir/mqtt-fuzzing/builds/nanomq-asan/nng/src/sp/transport/mqtt/broker_tcp.c:895 tcptran_pipe_recv_cb: tcptran_pipe_recv_cb: recv_error rv: 129

2026-09-16 03:11:46 [1345545] WARN  /home/kadir/mqtt-fuzzing/builds/nanomq-asan/nng/src/sp/protocol/mqtt/mqtt_parser.c:1363 nano_msg_notify: test offline!
2026-09-16 03:11:46 [1345540] WARN  /home/kadir/mqtt-fuzzing/builds/nanomq-asan/nng/src/sp/protocol/mqtt/mqtt_parser.c:1359 nano_msg_notify: test online!
2026-09-16 03:11:46 [1345542] WARN  /home/kadir/mqtt-fuzzing/builds/nanomq-asan/nng/src/sp/transport/mqtt/broker_tcp.c:739 tcptran_pipe_recv_cb: Got invalid CONNECT from client!
2026-09-16 03:11:46 [1345542] WARN  /home/kadir/mqtt-fuzzing/builds/nanomq-asan/nng/src/sp/transport/mqtt/broker_tcp.c:895 tcptran_pipe_recv_cb: tcptran_pipe_recv_cb: recv_error rv: 129

2026-09-16 03:11:46 [1345542] WARN  /home/kadir/mqtt-fuzzing/builds/nanomq-asan/nng/src/sp/protocol/mqtt/mqtt_parser.c:1363 nano_msg_notify: test offline!
2026-09-16 03:11:46 [1345544] WARN  /home/kadir/mqtt-fuzzing/builds/nanomq-asan/nng/src/sp/protocol/mqtt/mqtt_parser.c:1359 nano_msg_notify: test online!
2026-09-16 03:11:46 [1345542] WARN  /home/kadir/mqtt-fuzzing/builds/nanomq-asan/nng/src/sp/transport/mqtt/broker_tcp.c:739 tcptran_pipe_recv_cb: Got invalid CONNECT from client!
2026-09-16 03:11:46 [1345542] WARN  /home/kadir/mqtt-fuzzing/builds/nanomq-asan/nng/src/sp/transport/mqtt/broker_tcp.c:895 tcptran_pipe_recv_cb: tcptran_pipe_recv_cb: recv_error rv: 129

2026-09-16 03:11:46 [1345543] WARN  /home/kadir/mqtt-fuzzing/builds/nanomq-asan/nng/src/sp/protocol/mqtt/mqtt_parser.c:1363 nano_msg_notify: test offline!
2026-09-16 03:11:46 [1345544] WARN  /home/kadir/mqtt-fuzzing/builds/nanomq-asan/nng/src/sp/protocol/mqtt/mqtt_parser.c:1359 nano_msg_notify: test online!
2026-09-16 03:11:46 [1345540] WARN  /home/kadir/mqtt-fuzzing/builds/nanomq-asan/nng/src/sp/transport/mqtt/broker_tcp.c:739 tcptran_pipe_recv_cb: Got invalid CONNECT from client!
2026-09-16 03:11:46 [1345540] WARN  /home/kadir/mqtt-fuzzing/builds/nanomq-asan/nng/src/sp/transport/mqtt/broker_tcp.c:895 tcptran_pipe_recv_cb: tcptran_pipe_recv_cb: recv_error rv: 129

2026-09-16 03:11:46 [1345545] WARN  /home/kadir/mqtt-fuzzing/builds/nanomq-asan/nng/src/sp/protocol/mqtt/mqtt_parser.c:1363 nano_msg_notify: test offline!
2026-09-16 03:11:46 [1345541] WARN  /home/kadir/mqtt-fuzzing/builds/nanomq-asan/nng/src/sp/protocol/mqtt/mqtt_parser.c:1359 nano_msg_notify: test online!
2026-09-16 03:11:46 [1345540] WARN  /home/kadir/mqtt-fuzzing/builds/nanomq-asan/nng/src/sp/transport/mqtt/broker_tcp.c:739 tcptran_pipe_recv_cb: Got invalid CONNECT from client!
2026-09-16 03:11:46 [1345540] WARN  /home/kadir/mqtt-fuzzing/builds/nanomq-asan/nng/src/sp/transport/mqtt/broker_tcp.c:895 tcptran_pipe_recv_cb: tcptran_pipe_recv_cb: recv_error rv: 129

2026-09-16 03:11:46 [1345542] WARN  /home/kadir/mqtt-fuzzing/builds/nanomq-asan/nng/src/sp/protocol/mqtt/mqtt_parser.c:1363 nano_msg_notify: test offline!
2026-09-16 03:11:46 [1345543] WARN  /home/kadir/mqtt-fuzzing/builds/nanomq-asan/nng/src/sp/transport/mqtt/broker_tcp.c:739 tcptran_pipe_recv_cb: Got invalid CONNECT from client!
2026-09-16 03:11:46 [1345543] WARN  /home/kadir/mqtt-fuzzing/builds/nanomq-asan/nng/src/sp/transport/mqtt/broker_tcp.c:895 tcptran_pipe_recv_cb: tcptran_pipe_recv_cb: recv_error rv: 129

2026-09-16 03:11:46 [1345545] WARN  /home/kadir/mqtt-fuzzing/builds/nanomq-asan/nng/src/sp/protocol/mqtt/mqtt_parser.c:1363 nano_msg_notify: test offline!
2026-09-16 03:11:46 [1345540] WARN  /home/kadir/mqtt-fuzzing/builds/nanomq-asan/nng/src/sp/protocol/mqtt/mqtt_parser.c:1359 nano_msg_notify: test online!
2026-09-16 03:11:46 [1345540] WARN  /home/kadir/mqtt-fuzzing/builds/nanomq-asan/nng/src/sp/protocol/mqtt/mqtt_parser.c:1359 nano_msg_notify: test online!
2026-09-16 03:11:46 [1345539] WARN  /home/kadir/mqtt-fuzzing/builds/nanomq-asan/nng/src/sp/transport/mqtt/broker_tcp.c:739 tcptran_pipe_recv_cb: Got invalid CONNECT from client!
2026-09-16 03:11:46 [1345539] WARN  /home/kadir/mqtt-fuzzing/builds/nanomq-asan/nng/src/sp/transport/mqtt/broker_tcp.c:895 tcptran_pipe_recv_cb: tcptran_pipe_recv_cb: recv_error rv: 129

2026-09-16 03:11:46 [1345545] WARN  /home/kadir/mqtt-fuzzing/builds/nanomq-asan/nng/src/sp/protocol/mqtt/mqtt_parser.c:1363 nano_msg_notify: test offline!
2026-09-16 03:11:46 [1345539] WARN  /home/kadir/mqtt-fuzzing/builds/nanomq-asan/nng/src/sp/protocol/mqtt/mqtt_parser.c:1359 nano_msg_notify: test online!
2026-09-16 03:11:46 [1345545] WARN  /home/kadir/mqtt-fuzzing/builds/nanomq-asan/nng/src/sp/transport/mqtt/broker_tcp.c:739 tcptran_pipe_recv_cb: Got invalid CONNECT from client!
2026-09-16 03:11:46 [1345545] WARN  /home/kadir/mqtt-fuzzing/builds/nanomq-asan/nng/src/sp/transport/mqtt/broker_tcp.c:895 tcptran_pipe_recv_cb: tcptran_pipe_recv_cb: recv_error rv: 129

2026-09-16 03:11:46 [1345543] WARN  /home/kadir/mqtt-fuzzing/builds/nanomq-asan/nng/src/sp/protocol/mqtt/mqtt_parser.c:1363 nano_msg_notify: test offline!
2026-09-16 03:11:46 [1345540] WARN  /home/kadir/mqtt-fuzzing/builds/nanomq-asan/nng/src/sp/protocol/mqtt/mqtt_parser.c:1359 nano_msg_notify: test online!
2026-09-16 03:11:46 [1345543] WARN  /home/kadir/mqtt-fuzzing/builds/nanomq-asan/nng/src/sp/transport/mqtt/broker_tcp.c:739 tcptran_pipe_recv_cb: Got invalid CONNECT from client!
2026-09-16 03:11:46 [1345543] WARN  /home/kadir/mqtt-fuzzing/builds/nanomq-asan/nng/src/sp/transport/mqtt/broker_tcp.c:895 tcptran_pipe_recv_cb: tcptran_pipe_recv_cb: recv_error rv: 129

2026-09-16 03:11:46 [1345539] WARN  /home/kadir/mqtt-fuzzing/builds/nanomq-asan/nng/src/sp/protocol/mqtt/mqtt_parser.c:1363 nano_msg_notify: test offline!
2026-09-16 03:11:46 [1345543] WARN  /home/kadir/mqtt-fuzzing/builds/nanomq-asan/nng/src/sp/protocol/mqtt/mqtt_parser.c:1359 nano_msg_notify: test online!
2026-09-16 03:11:46 [1345539] WARN  /home/kadir/mqtt-fuzzing/builds/nanomq-asan/nng/src/sp/transport/mqtt/broker_tcp.c:662 tcptran_pipe_recv_cb: MALFORMED_PACKET received.
2026-09-16 03:11:46 [1345539] WARN  /home/kadir/mqtt-fuzzing/builds/nanomq-asan/nng/src/sp/transport/mqtt/broker_tcp.c:895 tcptran_pipe_recv_cb: tcptran_pipe_recv_cb: recv_error rv: 17

2026-09-16 03:11:46 [1345542] WARN  /home/kadir/mqtt-fuzzing/builds/nanomq-asan/nng/src/sp/protocol/mqtt/mqtt_parser.c:1363 nano_msg_notify: test offline!
2026-09-16 03:11:46 [1345546] WARN  /home/kadir/mqtt-fuzzing/builds/nanomq-asan/nng/src/sp/protocol/mqtt/mqtt_parser.c:1359 nano_msg_notify: test online!
2026-09-16 03:11:46 [1345545] WARN  /home/kadir/mqtt-fuzzing/builds/nanomq-asan/nng/src/sp/transport/mqtt/broker_tcp.c:628 tcptran_pipe_recv_cb: nni aio recv error!! Connection shutdown

2026-09-16 03:11:46 [1345545] WARN  /home/kadir/mqtt-fuzzing/builds/nanomq-asan/nng/src/sp/transport/mqtt/broker_tcp.c:895 tcptran_pipe_recv_cb: tcptran_pipe_recv_cb: recv_error rv: 139

2026-09-16 03:11:46 [1345541] WARN  /home/kadir/mqtt-fuzzing/builds/nanomq-asan/nng/src/sp/protocol/mqtt/mqtt_parser.c:1363 nano_msg_notify: test offline!
2026-09-16 03:11:46 [1345543] WARN  /home/kadir/mqtt-fuzzing/builds/nanomq-asan/nng/src/sp/transport/mqtt/broker_tcp.c:739 tcptran_pipe_recv_cb: Got invalid CONNECT from client!
2026-09-16 03:11:46 [1345543] WARN  /home/kadir/mqtt-fuzzing/builds/nanomq-asan/nng/src/sp/transport/mqtt/broker_tcp.c:895 tcptran_pipe_recv_cb: tcptran_pipe_recv_cb: recv_error rv: 129

2026-09-16 03:11:46 [1345542] WARN  /home/kadir/mqtt-fuzzing/builds/nanomq-asan/nng/src/sp/protocol/mqtt/mqtt_parser.c:1359 nano_msg_notify: test online!
2026-09-16 03:11:46 [1345541] WARN  /home/kadir/mqtt-fuzzing/builds/nanomq-asan/nng/src/sp/protocol/mqtt/mqtt_parser.c:1363 nano_msg_notify: test offline!
2026-09-16 03:11:46 [1345546] WARN  /home/kadir/mqtt-fuzzing/builds/nanomq-asan/nng/src/sp/protocol/mqtt/mqtt_parser.c:1359 nano_msg_notify: test online!
2026-09-16 03:11:46 [1345543] WARN  /home/kadir/mqtt-fuzzing/builds/nanomq-asan/nng/src/sp/transport/mqtt/broker_tcp.c:739 tcptran_pipe_recv_cb: Got invalid CONNECT from client!
2026-09-16 03:11:46 [1345543] WARN  /home/kadir/mqtt-fuzzing/builds/nanomq-asan/nng/src/sp/transport/mqtt/broker_tcp.c:895 tcptran_pipe_recv_cb: tcptran_pipe_recv_cb: recv_error rv: 129

2026-09-16 03:11:46 [1345540] WARN  /home/kadir/mqtt-fuzzing/builds/nanomq-asan/nng/src/sp/protocol/mqtt/mqtt_parser.c:1363 nano_msg_notify: test offline!
2026-09-16 03:11:46 [1345544] WARN  /home/kadir/mqtt-fuzzing/builds/nanomq-asan/nng/src/sp/transport/mqtt/broker_tcp.c:739 tcptran_pipe_recv_cb: Got invalid CONNECT from client!
2026-09-16 03:11:46 [1345546] WARN  /home/kadir/mqtt-fuzzing/builds/nanomq-asan/nng/src/sp/protocol/mqtt/mqtt_parser.c:1359 nano_msg_notify: test online!
2026-09-16 03:11:46 [1345544] WARN  /home/kadir/mqtt-fuzzing/builds/nanomq-asan/nng/src/sp/transport/mqtt/broker_tcp.c:895 tcptran_pipe_recv_cb: tcptran_pipe_recv_cb: recv_error rv: 129

2026-09-16 03:11:46 [1345542] WARN  /home/kadir/mqtt-fuzzing/builds/nanomq-asan/nng/src/sp/protocol/mqtt/mqtt_parser.c:1363 nano_msg_notify: test offline!
2026-09-16 03:11:46 [1345544] WARN  /home/kadir/mqtt-fuzzing/builds/nanomq-asan/nng/src/sp/protocol/mqtt/mqtt_parser.c:1359 nano_msg_notify: test online!
2026-09-16 03:11:46 [1345539] WARN  /home/kadir/mqtt-fuzzing/builds/nanomq-asan/nng/src/sp/transport/mqtt/broker_tcp.c:628 tcptran_pipe_recv_cb: nni aio recv error!! Connection shutdown

2026-09-16 03:11:46 [1345539] WARN  /home/kadir/mqtt-fuzzing/builds/nanomq-asan/nng/src/sp/transport/mqtt/broker_tcp.c:895 tcptran_pipe_recv_cb: tcptran_pipe_recv_cb: recv_error rv: 139

2026-09-16 03:11:46 [1345541] WARN  /home/kadir/mqtt-fuzzing/builds/nanomq-asan/nng/src/sp/protocol/mqtt/mqtt_parser.c:1363 nano_msg_notify: test offline!
2026-09-16 03:11:46 [1345544] WARN  /home/kadir/mqtt-fuzzing/builds/nanomq-asan/nng/src/sp/protocol/mqtt/mqtt_parser.c:1359 nano_msg_notify: test online!
2026-09-16 03:11:46 [1345541] WARN  /home/kadir/mqtt-fuzzing/builds/nanomq-asan/nng/src/sp/transport/mqtt/broker_tcp.c:739 tcptran_pipe_recv_cb: Got invalid CONNECT from client!
2026-09-16 03:11:46 [1345541] WARN  /home/kadir/mqtt-fuzzing/builds/nanomq-asan/nng/src/sp/transport/mqtt/broker_tcp.c:895 tcptran_pipe_recv_cb: tcptran_pipe_recv_cb: recv_error rv: 129

2026-09-16 03:11:46 [1345539] WARN  /home/kadir/mqtt-fuzzing/builds/nanomq-asan/nng/src/sp/protocol/mqtt/mqtt_parser.c:1363 nano_msg_notify: test offline!
2026-09-16 03:11:46 [1345541] WARN  /home/kadir/mqtt-fuzzing/builds/nanomq-asan/nng/src/sp/protocol/mqtt/mqtt_parser.c:1359 nano_msg_notify: test online!
2026-09-16 03:11:46 [1345539] WARN  /home/kadir/mqtt-fuzzing/builds/nanomq-asan/nng/src/sp/transport/mqtt/broker_tcp.c:628 tcptran_pipe_recv_cb: nni aio recv error!! Connection shutdown

2026-09-16 03:11:46 [1345539] WARN  /home/kadir/mqtt-fuzzing/builds/nanomq-asan/nng/src/sp/transport/mqtt/broker_tcp.c:895 tcptran_pipe_recv_cb: tcptran_pipe_recv_cb: recv_error rv: 139

2026-09-16 03:11:46 [1345540] WARN  /home/kadir/mqtt-fuzzing/builds/nanomq-asan/nng/src/sp/protocol/mqtt/mqtt_parser.c:1363 nano_msg_notify: test offline!
2026-09-16 03:11:46 [1345546] WARN  /home/kadir/mqtt-fuzzing/builds/nanomq-asan/nng/src/sp/protocol/mqtt/mqtt_parser.c:1359 nano_msg_notify: test online!
2026-09-16 03:11:46 [1345545] WARN  /home/kadir/mqtt-fuzzing/builds/nanomq-asan/nng/src/sp/transport/mqtt/broker_tcp.c:739 tcptran_pipe_recv_cb: Got invalid CONNECT from client!
2026-09-16 03:11:46 [1345545] WARN  /home/kadir/mqtt-fuzzing/builds/nanomq-asan/nng/src/sp/transport/mqtt/broker_tcp.c:895 tcptran_pipe_recv_cb: tcptran_pipe_recv_cb: recv_error rv: 129

2026-09-16 03:11:46 [1345542] WARN  /home/kadir/mqtt-fuzzing/builds/nanomq-asan/nng/src/sp/protocol/mqtt/mqtt_parser.c:1363 nano_msg_notify: test offline!
2026-09-16 03:11:46 [1345541] WARN  /home/kadir/mqtt-fuzzing/builds/nanomq-asan/nng/src/sp/protocol/mqtt/mqtt_parser.c:1359 nano_msg_notify: test online!
2026-09-16 03:11:46 [1345542] WARN  /home/kadir/mqtt-fuzzing/builds/nanomq-asan/nng/src/sp/transport/mqtt/broker_tcp.c:739 tcptran_pipe_recv_cb: Got invalid CONNECT from client!
2026-09-16 03:11:46 [1345542] WARN  /home/kadir/mqtt-fuzzing/builds/nanomq-asan/nng/src/sp/transport/mqtt/broker_tcp.c:895 tcptran_pipe_recv_cb: tcptran_pipe_recv_cb: recv_error rv: 129

2026-09-16 03:11:46 [1345546] WARN  /home/kadir/mqtt-fuzzing/builds/nanomq-asan/nng/src/sp/protocol/mqtt/mqtt_parser.c:1363 nano_msg_notify: test offline!
2026-09-16 03:11:46 [1345543] WARN  /home/kadir/mqtt-fuzzing/builds/nanomq-asan/nng/src/sp/transport/mqtt/broker_tcp.c:739 tcptran_pipe_recv_cb: Got invalid CONNECT from client!
2026-09-16 03:11:46 [1345543] WARN  /home/kadir/mqtt-fuzzing/builds/nanomq-asan/nng/src/sp/transport/mqtt/broker_tcp.c:895 tcptran_pipe_recv_cb: tcptran_pipe_recv_cb: recv_error rv: 129

2026-09-16 03:11:46 [1345544] WARN  /home/kadir/mqtt-fuzzing/builds/nanomq-asan/nng/src/sp/protocol/mqtt/mqtt_parser.c:1359 nano_msg_notify: test online!
2026-09-16 03:11:46 [1345539] WARN  /home/kadir/mqtt-fuzzing/builds/nanomq-asan/nng/src/sp/protocol/mqtt/mqtt_parser.c:1363 nano_msg_notify: test offline!
2026-09-16 03:11:46 [1345543] WARN  /home/kadir/mqtt-fuzzing/builds/nanomq-asan/nng/src/sp/protocol/mqtt/mqtt_parser.c:1359 nano_msg_notify: test online!
2026-09-16 03:11:46 [1345544] WARN  /home/kadir/mqtt-fuzzing/builds/nanomq-asan/nng/src/sp/transport/mqtt/broker_tcp.c:739 tcptran_pipe_recv_cb: Got invalid CONNECT from client!
2026-09-16 03:11:46 [1345544] WARN  /home/kadir/mqtt-fuzzing/builds/nanomq-asan/nng/src/sp/transport/mqtt/broker_tcp.c:895 tcptran_pipe_recv_cb: tcptran_pipe_recv_cb: recv_error rv: 129

2026-09-16 03:11:46 [1345541] WARN  /home/kadir/mqtt-fuzzing/builds/nanomq-asan/nng/src/sp/protocol/mqtt/mqtt_parser.c:1363 nano_msg_notify: test offline!
2026-09-16 03:11:46 [1345543] WARN  /home/kadir/mqtt-fuzzing/builds/nanomq-asan/nng/src/sp/protocol/mqtt/mqtt_parser.c:1359 nano_msg_notify: test online!
2026-09-16 03:11:46 [1345544] WARN  /home/kadir/mqtt-fuzzing/builds/nanomq-asan/nng/src/sp/transport/mqtt/broker_tcp.c:662 tcptran_pipe_recv_cb: MALFORMED_PACKET received.
2026-09-16 03:11:46 [1345544] WARN  /home/kadir/mqtt-fuzzing/builds/nanomq-asan/nng/src/sp/transport/mqtt/broker_tcp.c:895 tcptran_pipe_recv_cb: tcptran_pipe_recv_cb: recv_error rv: 17

2026-09-16 03:11:46 [1345546] WARN  /home/kadir/mqtt-fuzzing/builds/nanomq-asan/nng/src/sp/protocol/mqtt/mqtt_parser.c:1363 nano_msg_notify: test offline!
2026-09-16 03:11:46 [1345543] WARN  /home/kadir/mqtt-fuzzing/builds/nanomq-asan/nng/src/sp/protocol/mqtt/mqtt_parser.c:1359 nano_msg_notify: test online!
2026-09-16 03:11:46 [1345545] WARN  /home/kadir/mqtt-fuzzing/builds/nanomq-asan/nng/src/sp/transport/mqtt/broker_tcp.c:662 tcptran_pipe_recv_cb: MALFORMED_PACKET received.
2026-09-16 03:11:46 [1345545] WARN  /home/kadir/mqtt-fuzzing/builds/nanomq-asan/nng/src/sp/transport/mqtt/broker_tcp.c:895 tcptran_pipe_recv_cb: tcptran_pipe_recv_cb: recv_error rv: 17

2026-09-16 03:11:46 [1345539] WARN  /home/kadir/mqtt-fuzzing/builds/nanomq-asan/nng/src/sp/protocol/mqtt/mqtt_parser.c:1363 nano_msg_notify: test offline!
2026-09-16 03:11:46 [1345541] WARN  /home/kadir/mqtt-fuzzing/builds/nanomq-asan/nng/src/sp/protocol/mqtt/mqtt_parser.c:1359 nano_msg_notify: test online!
2026-09-16 03:11:46 [1345543] WARN  /home/kadir/mqtt-fuzzing/builds/nanomq-asan/nng/src/sp/transport/mqtt/broker_tcp.c:739 tcptran_pipe_recv_cb: Got invalid CONNECT from client!
2026-09-16 03:11:46 [1345543] WARN  /home/kadir/mqtt-fuzzing/builds/nanomq-asan/nng/src/sp/transport/mqtt/broker_tcp.c:895 tcptran_pipe_recv_cb: tcptran_pipe_recv_cb: recv_error rv: 129

2026-09-16 03:11:46 [1345540] WARN  /home/kadir/mqtt-fuzzing/builds/nanomq-asan/nng/src/sp/protocol/mqtt/mqtt_parser.c:1363 nano_msg_notify: test offline!
2026-09-16 03:11:46 [1345543] WARN  /home/kadir/mqtt-fuzzing/builds/nanomq-asan/nng/src/sp/protocol/mqtt/mqtt_parser.c:1359 nano_msg_notify: test online!
2026-09-16 03:11:46 [1345539] WARN  /home/kadir/mqtt-fuzzing/builds/nanomq-asan/nng/src/sp/transport/mqtt/broker_tcp.c:739 tcptran_pipe_recv_cb: Got invalid CONNECT from client!
2026-09-16 03:11:46 [1345539] WARN  /home/kadir/mqtt-fuzzing/builds/nanomq-asan/nng/src/sp/transport/mqtt/broker_tcp.c:895 tcptran_pipe_recv_cb: tcptran_pipe_recv_cb: recv_error rv: 129

2026-09-16 03:11:46 [1345546] WARN  /home/kadir/mqtt-fuzzing/builds/nanomq-asan/nng/src/sp/protocol/mqtt/mqtt_parser.c:1363 nano_msg_notify: test offline!
2026-09-16 03:11:46 [1345542] WARN  /home/kadir/mqtt-fuzzing/builds/nanomq-asan/nng/src/sp/protocol/mqtt/mqtt_parser.c:1359 nano_msg_notify: test online!
2026-09-16 03:11:46 [1345543] WARN  /home/kadir/mqtt-fuzzing/builds/nanomq-asan/nng/src/sp/transport/mqtt/broker_tcp.c:739 tcptran_pipe_recv_cb: Got invalid CONNECT from client!
2026-09-16 03:11:46 [1345543] WARN  /home/kadir/mqtt-fuzzing/builds/nanomq-asan/nng/src/sp/transport/mqtt/broker_tcp.c:895 tcptran_pipe_recv_cb: tcptran_pipe_recv_cb: recv_error rv: 129

2026-09-16 03:11:46 [1345545] WARN  /home/kadir/mqtt-fuzzing/builds/nanomq-asan/nng/src/sp/protocol/mqtt/mqtt_parser.c:1363 nano_msg_notify: test offline!
2026-09-16 03:11:46 [1345543] WARN  /home/kadir/mqtt-fuzzing/builds/nanomq-asan/nng/src/sp/protocol/mqtt/mqtt_parser.c:1359 nano_msg_notify: test online!
2026-09-16 03:11:46 [1345545] WARN  /home/kadir/mqtt-fuzzing/builds/nanomq-asan/nng/src/sp/transport/mqtt/broker_tcp.c:628 tcptran_pipe_recv_cb: nni aio recv error!! Connection shutdown

2026-09-16 03:11:46 [1345545] WARN  /home/kadir/mqtt-fuzzing/builds/nanomq-asan/nng/src/sp/transport/mqtt/broker_tcp.c:895 tcptran_pipe_recv_cb: tcptran_pipe_recv_cb: recv_error rv: 139

2026-09-16 03:11:46 [1345540] WARN  /home/kadir/mqtt-fuzzing/builds/nanomq-asan/nng/src/sp/protocol/mqtt/mqtt_parser.c:1363 nano_msg_notify: test offline!
2026-09-16 03:11:46 [1345544] WARN  /home/kadir/mqtt-fuzzing/builds/nanomq-asan/nng/src/sp/protocol/mqtt/mqtt_parser.c:1359 nano_msg_notify: test online!
2026-09-16 03:11:46 [1345542] WARN  /home/kadir/mqtt-fuzzing/builds/nanomq-asan/nng/src/sp/transport/mqtt/broker_tcp.c:628 tcptran_pipe_recv_cb: nni aio recv error!! Connection shutdown

2026-09-16 03:11:46 [1345542] WARN  /home/kadir/mqtt-fuzzing/builds/nanomq-asan/nng/src/sp/transport/mqtt/broker_tcp.c:895 tcptran_pipe_recv_cb: tcptran_pipe_recv_cb: recv_error rv: 139

2026-09-16 03:11:46 [1345546] WARN  /home/kadir/mqtt-fuzzing/builds/nanomq-asan/nng/src/sp/protocol/mqtt/mqtt_parser.c:1363 nano_msg_notify: test offline!
2026-09-16 03:11:46 [1345542] WARN  /home/kadir/mqtt-fuzzing/builds/nanomq-asan/nng/src/sp/protocol/mqtt/mqtt_parser.c:1359 nano_msg_notify: test online!
2026-09-16 03:11:46 [1345540] WARN  /home/kadir/mqtt-fuzzing/builds/nanomq-asan/nng/src/sp/transport/mqtt/broker_tcp.c:739 tcptran_pipe_recv_cb: Got invalid CONNECT from client!
2026-09-16 03:11:46 [1345540] WARN  /home/kadir/mqtt-fuzzing/builds/nanomq-asan/nng/src/sp/transport/mqtt/broker_tcp.c:895 tcptran_pipe_recv_cb: tcptran_pipe_recv_cb: recv_error rv: 129

2026-09-16 03:11:46 [1345543] WARN  /home/kadir/mqtt-fuzzing/builds/nanomq-asan/nng/src/sp/protocol/mqtt/mqtt_parser.c:1363 nano_msg_notify: test offline!
2026-09-16 03:11:46 [1345539] WARN  /home/kadir/mqtt-fuzzing/builds/nanomq-asan/nng/src/sp/protocol/mqtt/mqtt_parser.c:1359 nano_msg_notify: test online!
2026-09-16 03:11:46 [1345541] WARN  /home/kadir/mqtt-fuzzing/builds/nanomq-asan/nng/src/sp/transport/mqtt/broker_tcp.c:739 tcptran_pipe_recv_cb: Got invalid CONNECT from client!
2026-09-16 03:11:46 [1345541] WARN  /home/kadir/mqtt-fuzzing/builds/nanomq-asan/nng/src/sp/transport/mqtt/broker_tcp.c:895 tcptran_pipe_recv_cb: tcptran_pipe_recv_cb: recv_error rv: 129

2026-09-16 03:11:46 [1345542] WARN  /home/kadir/mqtt-fuzzing/builds/nanomq-asan/nng/src/sp/protocol/mqtt/mqtt_parser.c:1363 nano_msg_notify: test offline!
2026-09-16 03:11:46 [1345540] WARN  /home/kadir/mqtt-fuzzing/builds/nanomq-asan/nng/src/sp/protocol/mqtt/mqtt_parser.c:1359 nano_msg_notify: test online!
2026-09-16 03:11:46 [1345544] WARN  /home/kadir/mqtt-fuzzing/builds/nanomq-asan/nng/src/sp/transport/mqtt/broker_tcp.c:739 tcptran_pipe_recv_cb: Got invalid CONNECT from client!
2026-09-16 03:11:46 [1345544] WARN  /home/kadir/mqtt-fuzzing/builds/nanomq-asan/nng/src/sp/transport/mqtt/broker_tcp.c:895 tcptran_pipe_recv_cb: tcptran_pipe_recv_cb: recv_error rv: 129

2026-09-16 03:11:46 [1345539] WARN  /home/kadir/mqtt-fuzzing/builds/nanomq-asan/nng/src/sp/protocol/mqtt/mqtt_parser.c:1363 nano_msg_notify: test offline!
2026-09-16 03:11:46 [1345540] WARN  /home/kadir/mqtt-fuzzing/builds/nanomq-asan/nng/src/sp/protocol/mqtt/mqtt_parser.c:1359 nano_msg_notify: test online!
2026-09-16 03:11:46 [1345545] WARN  /home/kadir/mqtt-fuzzing/builds/nanomq-asan/nng/src/sp/transport/mqtt/broker_tcp.c:739 tcptran_pipe_recv_cb: Got invalid CONNECT from client!
2026-09-16 03:11:46 [1345545] WARN  /home/kadir/mqtt-fuzzing/builds/nanomq-asan/nng/src/sp/transport/mqtt/broker_tcp.c:895 tcptran_pipe_recv_cb: tcptran_pipe_recv_cb: recv_error rv: 129

2026-09-16 03:11:46 [1345543] WARN  /home/kadir/mqtt-fuzzing/builds/nanomq-asan/nng/src/sp/protocol/mqtt/mqtt_parser.c:1363 nano_msg_notify: test offline!
2026-09-16 03:11:46 [1345541] WARN  /home/kadir/mqtt-fuzzing/builds/nanomq-asan/nng/src/sp/protocol/mqtt/mqtt_parser.c:1359 nano_msg_notify: test online!
2026-09-16 03:11:46 [1345544] WARN  /home/kadir/mqtt-fuzzing/builds/nanomq-asan/nng/src/sp/transport/mqtt/broker_tcp.c:739 tcptran_pipe_recv_cb: Got invalid CONNECT from client!
2026-09-16 03:11:46 [1345544] WARN  /home/kadir/mqtt-fuzzing/builds/nanomq-asan/nng/src/sp/transport/mqtt/broker_tcp.c:895 tcptran_pipe_recv_cb: tcptran_pipe_recv_cb: recv_error rv: 129

2026-09-16 03:11:46 [1345542] WARN  /home/kadir/mqtt-fuzzing/builds/nanomq-asan/nng/src/sp/protocol/mqtt/mqtt_parser.c:1363 nano_msg_notify: test offline!
2026-09-16 03:11:46 [1345544] WARN  /home/kadir/mqtt-fuzzing/builds/nanomq-asan/nng/src/sp/protocol/mqtt/mqtt_parser.c:1359 nano_msg_notify: test online!
2026-09-16 03:11:46 [1345540] WARN  /home/kadir/mqtt-fuzzing/builds/nanomq-asan/nng/src/sp/transport/mqtt/broker_tcp.c:739 tcptran_pipe_recv_cb: Got invalid CONNECT from client!
2026-09-16 03:11:46 [1345540] WARN  /home/kadir/mqtt-fuzzing/builds/nanomq-asan/nng/src/sp/transport/mqtt/broker_tcp.c:895 tcptran_pipe_recv_cb: tcptran_pipe_recv_cb: recv_error rv: 129

2026-09-16 03:11:46 [1345542] WARN  /home/kadir/mqtt-fuzzing/builds/nanomq-asan/nng/src/sp/protocol/mqtt/mqtt_parser.c:1363 nano_msg_notify: test offline!
2026-09-16 03:11:46 [1345540] WARN  /home/kadir/mqtt-fuzzing/builds/nanomq-asan/nng/src/sp/protocol/mqtt/mqtt_parser.c:1359 nano_msg_notify: test online!
2026-09-16 03:11:46 [1345545] WARN  /home/kadir/mqtt-fuzzing/builds/nanomq-asan/nng/src/sp/transport/mqtt/broker_tcp.c:628 tcptran_pipe_recv_cb: nni aio recv error!! Connection shutdown

2026-09-16 03:11:46 [1345545] WARN  /home/kadir/mqtt-fuzzing/builds/nanomq-asan/nng/src/sp/transport/mqtt/broker_tcp.c:895 tcptran_pipe_recv_cb: tcptran_pipe_recv_cb: recv_error rv: 139

2026-09-16 03:11:46 [1345545] WARN  /home/kadir/mqtt-fuzzing/builds/nanomq-asan/nng/src/sp/protocol/mqtt/mqtt_parser.c:1363 nano_msg_notify: test offline!
2026-09-16 03:11:46 [1345541] WARN  /home/kadir/mqtt-fuzzing/builds/nanomq-asan/nng/src/sp/protocol/mqtt/mqtt_parser.c:1359 nano_msg_notify: test online!
2026-09-16 03:11:46 [1345545] WARN  /home/kadir/mqtt-fuzzing/builds/nanomq-asan/nng/src/sp/transport/mqtt/broker_tcp.c:739 tcptran_pipe_recv_cb: Got invalid CONNECT from client!
2026-09-16 03:11:46 [1345545] WARN  /home/kadir/mqtt-fuzzing/builds/nanomq-asan/nng/src/sp/transport/mqtt/broker_tcp.c:895 tcptran_pipe_recv_cb: tcptran_pipe_recv_cb: recv_error rv: 129

2026-09-16 03:11:46 [1345540] WARN  /home/kadir/mqtt-fuzzing/builds/nanomq-asan/nng/src/sp/protocol/mqtt/mqtt_parser.c:1363 nano_msg_notify: test offline!
2026-09-16 03:11:46 [1345539] WARN  /home/kadir/mqtt-fuzzing/builds/nanomq-asan/nng/src/sp/protocol/mqtt/mqtt_parser.c:1359 nano_msg_notify: test online!
2026-09-16 03:11:46 [1345540] WARN  /home/kadir/mqtt-fuzzing/builds/nanomq-asan/nng/src/sp/transport/mqtt/broker_tcp.c:739 tcptran_pipe_recv_cb: Got invalid CONNECT from client!
2026-09-16 03:11:46 [1345540] WARN  /home/kadir/mqtt-fuzzing/builds/nanomq-asan/nng/src/sp/transport/mqtt/broker_tcp.c:895 tcptran_pipe_recv_cb: tcptran_pipe_recv_cb: recv_error rv: 129

2026-09-16 03:11:46 [1345545] WARN  /home/kadir/mqtt-fuzzing/builds/nanomq-asan/nng/src/sp/protocol/mqtt/mqtt_parser.c:1363 nano_msg_notify: test offline!
2026-09-16 03:11:46 [1345541] WARN  /home/kadir/mqtt-fuzzing/builds/nanomq-asan/nng/src/sp/protocol/mqtt/mqtt_parser.c:1359 nano_msg_notify: test online!
2026-09-16 03:11:46 [1345543] WARN  /home/kadir/mqtt-fuzzing/builds/nanomq-asan/nng/src/sp/transport/mqtt/broker_tcp.c:739 tcptran_pipe_recv_cb: Got invalid CONNECT from client!
2026-09-16 03:11:46 [1345543] WARN  /home/kadir/mqtt-fuzzing/builds/nanomq-asan/nng/src/sp/transport/mqtt/broker_tcp.c:895 tcptran_pipe_recv_cb: tcptran_pipe_recv_cb: recv_error rv: 129

2026-09-16 03:11:46 [1345545] WARN  /home/kadir/mqtt-fuzzing/builds/nanomq-asan/nng/src/sp/protocol/mqtt/mqtt_parser.c:1363 nano_msg_notify: test offline!
2026-09-16 03:11:46 [1345543] WARN  /home/kadir/mqtt-fuzzing/builds/nanomq-asan/nng/src/sp/protocol/mqtt/mqtt_parser.c:1359 nano_msg_notify: test online!
2026-09-16 03:11:46 [1345546] WARN  /home/kadir/mqtt-fuzzing/builds/nanomq-asan/nng/src/sp/transport/mqtt/broker_tcp.c:739 tcptran_pipe_recv_cb: Got invalid CONNECT from client!
2026-09-16 03:11:46 [1345546] WARN  /home/kadir/mqtt-fuzzing/builds/nanomq-asan/nng/src/sp/transport/mqtt/broker_tcp.c:895 tcptran_pipe_recv_cb: tcptran_pipe_recv_cb: recv_error rv: 129

2026-09-16 03:11:46 [1345544] WARN  /home/kadir/mqtt-fuzzing/builds/nanomq-asan/nng/src/sp/protocol/mqtt/mqtt_parser.c:1363 nano_msg_notify: test offline!
2026-09-16 03:11:46 [1345543] WARN  /home/kadir/mqtt-fuzzing/builds/nanomq-asan/nng/src/sp/protocol/mqtt/mqtt_parser.c:1359 nano_msg_notify: test online!
2026-09-16 03:11:46 [1345541] WARN  /home/kadir/mqtt-fuzzing/builds/nanomq-asan/nng/src/sp/transport/mqtt/broker_tcp.c:739 tcptran_pipe_recv_cb: Got invalid CONNECT from client!
2026-09-16 03:11:46 [1345541] WARN  /home/kadir/mqtt-fuzzing/builds/nanomq-asan/nng/src/sp/transport/mqtt/broker_tcp.c:895 tcptran_pipe_recv_cb: tcptran_pipe_recv_cb: recv_error rv: 129

2026-09-16 03:11:46 [1345540] WARN  /home/kadir/mqtt-fuzzing/builds/nanomq-asan/nng/src/sp/protocol/mqtt/mqtt_parser.c:1363 nano_msg_notify: test offline!
2026-09-16 03:11:46 [1345541] WARN  /home/kadir/mqtt-fuzzing/builds/nanomq-asan/nng/src/sp/protocol/mqtt/mqtt_parser.c:1359 nano_msg_notify: test online!
2026-09-16 03:11:46 [1345546] WARN  /home/kadir/mqtt-fuzzing/builds/nanomq-asan/nng/src/sp/transport/mqtt/broker_tcp.c:628 tcptran_pipe_recv_cb: nni aio recv error!! Connection shutdown

2026-09-16 03:11:46 [1345546] WARN  /home/kadir/mqtt-fuzzing/builds/nanomq-asan/nng/src/sp/transport/mqtt/broker_tcp.c:895 tcptran_pipe_recv_cb: tcptran_pipe_recv_cb: recv_error rv: 139

2026-09-16 03:11:46 [1345546] WARN  /home/kadir/mqtt-fuzzing/builds/nanomq-asan/nng/src/sp/protocol/mqtt/mqtt_parser.c:1363 nano_msg_notify: test offline!
2026-09-16 03:11:46 [1345545] WARN  /home/kadir/mqtt-fuzzing/builds/nanomq-asan/nng/src/sp/protocol/mqtt/mqtt_parser.c:1359 nano_msg_notify: test online!
2026-09-16 03:11:46 [1345542] WARN  /home/kadir/mqtt-fuzzing/builds/nanomq-asan/nng/src/sp/transport/mqtt/broker_tcp.c:739 tcptran_pipe_recv_cb: Got invalid CONNECT from client!
2026-09-16 03:11:46 [1345542] WARN  /home/kadir/mqtt-fuzzing/builds/nanomq-asan/nng/src/sp/transport/mqtt/broker_tcp.c:895 tcptran_pipe_recv_cb: tcptran_pipe_recv_cb: recv_error rv: 129

2026-09-16 03:11:46 [1345539] WARN  /home/kadir/mqtt-fuzzing/builds/nanomq-asan/nng/src/sp/protocol/mqtt/mqtt_parser.c:1363 nano_msg_notify: test offline!
2026-09-16 03:11:46 [1345542] WARN  /home/kadir/mqtt-fuzzing/builds/nanomq-asan/nng/src/sp/protocol/mqtt/mqtt_parser.c:1359 nano_msg_notify: test online!
2026-09-16 03:11:46 [1345543] WARN  /home/kadir/mqtt-fuzzing/builds/nanomq-asan/nng/src/sp/transport/mqtt/broker_tcp.c:739 tcptran_pipe_recv_cb: Got invalid CONNECT from client!
2026-09-16 03:11:46 [1345543] WARN  /home/kadir/mqtt-fuzzing/builds/nanomq-asan/nng/src/sp/transport/mqtt/broker_tcp.c:895 tcptran_pipe_recv_cb: tcptran_pipe_recv_cb: recv_error rv: 129

2026-09-16 03:11:46 [1345544] WARN  /home/kadir/mqtt-fuzzing/builds/nanomq-asan/nng/src/sp/protocol/mqtt/mqtt_parser.c:1363 nano_msg_notify: test offline!
2026-09-16 03:11:46 [1345541] WARN  /home/kadir/mqtt-fuzzing/builds/nanomq-asan/nng/src/sp/protocol/mqtt/mqtt_parser.c:1359 nano_msg_notify: test online!
2026-09-16 03:11:46 [1345544] WARN  /home/kadir/mqtt-fuzzing/builds/nanomq-asan/nng/src/sp/transport/mqtt/broker_tcp.c:739 tcptran_pipe_recv_cb: Got invalid CONNECT from client!
2026-09-16 03:11:46 [1345544] WARN  /home/kadir/mqtt-fuzzing/builds/nanomq-asan/nng/src/sp/transport/mqtt/broker_tcp.c:895 tcptran_pipe_recv_cb: tcptran_pipe_recv_cb: recv_error rv: 129

2026-09-16 03:11:46 [1345540] WARN  /home/kadir/mqtt-fuzzing/builds/nanomq-asan/nng/src/sp/protocol/mqtt/mqtt_parser.c:1363 nano_msg_notify: test offline!
2026-09-16 03:11:46 [1345544] WARN  /home/kadir/mqtt-fuzzing/builds/nanomq-asan/nng/src/sp/protocol/mqtt/mqtt_parser.c:1359 nano_msg_notify: test online!
2026-09-16 03:11:46 [1345540] WARN  /home/kadir/mqtt-fuzzing/builds/nanomq-asan/nng/src/sp/transport/mqtt/broker_tcp.c:628 tcptran_pipe_recv_cb: nni aio recv error!! Connection shutdown

2026-09-16 03:11:46 [1345540] WARN  /home/kadir/mqtt-fuzzing/builds/nanomq-asan/nng/src/sp/transport/mqtt/broker_tcp.c:895 tcptran_pipe_recv_cb: tcptran_pipe_recv_cb: recv_error rv: 139

2026-09-16 03:11:46 [1345546] WARN  /home/kadir/mqtt-fuzzing/builds/nanomq-asan/nng/src/sp/protocol/mqtt/mqtt_parser.c:1363 nano_msg_notify: test offline!
2026-09-16 03:11:46 [1345545] WARN  /home/kadir/mqtt-fuzzing/builds/nanomq-asan/nng/src/sp/protocol/mqtt/mqtt_parser.c:1359 nano_msg_notify: test online!
2026-09-16 03:11:46 [1345539] WARN  /home/kadir/mqtt-fuzzing/builds/nanomq-asan/nng/src/sp/transport/mqtt/broker_tcp.c:739 tcptran_pipe_recv_cb: Got invalid CONNECT from client!
2026-09-16 03:11:46 [1345539] WARN  /home/kadir/mqtt-fuzzing/builds/nanomq-asan/nng/src/sp/transport/mqtt/broker_tcp.c:895 tcptran_pipe_recv_cb: tcptran_pipe_recv_cb: recv_error rv: 129

2026-09-16 03:11:46 [1345543] WARN  /home/kadir/mqtt-fuzzing/builds/nanomq-asan/nng/src/sp/protocol/mqtt/mqtt_parser.c:1363 nano_msg_notify: test offline!
2026-09-16 03:11:46 [1345546] WARN  /home/kadir/mqtt-fuzzing/builds/nanomq-asan/nng/src/sp/protocol/mqtt/mqtt_parser.c:1359 nano_msg_notify: test online!
2026-09-16 03:11:46 [1345543] WARN  /home/kadir/mqtt-fuzzing/builds/nanomq-asan/nng/src/sp/transport/mqtt/broker_tcp.c:739 tcptran_pipe_recv_cb: Got invalid CONNECT from client!
2026-09-16 03:11:46 [1345543] WARN  /home/kadir/mqtt-fuzzing/builds/nanomq-asan/nng/src/sp/transport/mqtt/broker_tcp.c:895 tcptran_pipe_recv_cb: tcptran_pipe_recv_cb: recv_error rv: 129

2026-09-16 03:11:46 [1345543] WARN  /home/kadir/mqtt-fuzzing/builds/nanomq-asan/nng/src/sp/protocol/mqtt/mqtt_parser.c:1363 nano_msg_notify: test offline!
2026-09-16 03:11:46 [1345542] WARN  /home/kadir/mqtt-fuzzing/builds/nanomq-asan/nng/src/sp/protocol/mqtt/mqtt_parser.c:1359 nano_msg_notify: test online!
2026-09-16 03:11:46 [1345544] WARN  /home/kadir/mqtt-fuzzing/builds/nanomq-asan/nng/src/sp/transport/mqtt/broker_tcp.c:739 tcptran_pipe_recv_cb: Got invalid CONNECT from client!
2026-09-16 03:11:46 [1345544] WARN  /home/kadir/mqtt-fuzzing/builds/nanomq-asan/nng/src/sp/transport/mqtt/broker_tcp.c:895 tcptran_pipe_recv_cb: tcptran_pipe_recv_cb: recv_error rv: 129

2026-09-16 03:11:46 [1345546] WARN  /home/kadir/mqtt-fuzzing/builds/nanomq-asan/nng/src/sp/protocol/mqtt/mqtt_parser.c:1363 nano_msg_notify: test offline!
2026-09-16 03:11:46 [1345544] WARN  /home/kadir/mqtt-fuzzing/builds/nanomq-asan/nng/src/sp/protocol/mqtt/mqtt_parser.c:1359 nano_msg_notify: test online!
2026-09-16 03:11:46 [1345546] WARN  /home/kadir/mqtt-fuzzing/builds/nanomq-asan/nng/src/sp/transport/mqtt/broker_tcp.c:739 tcptran_pipe_recv_cb: Got invalid CONNECT from client!
2026-09-16 03:11:46 [1345546] WARN  /home/kadir/mqtt-fuzzing/builds/nanomq-asan/nng/src/sp/transport/mqtt/broker_tcp.c:895 tcptran_pipe_recv_cb: tcptran_pipe_recv_cb: recv_error rv: 129

2026-09-16 03:11:46 [1345542] WARN  /home/kadir/mqtt-fuzzing/builds/nanomq-asan/nng/src/sp/protocol/mqtt/mqtt_parser.c:1363 nano_msg_notify: test offline!
2026-09-16 03:11:46 [1345546] WARN  /home/kadir/mqtt-fuzzing/builds/nanomq-asan/nng/src/sp/protocol/mqtt/mqtt_parser.c:1359 nano_msg_notify: test online!
2026-09-16 03:11:46 [1345541] WARN  /home/kadir/mqtt-fuzzing/builds/nanomq-asan/nng/src/sp/transport/mqtt/broker_tcp.c:739 tcptran_pipe_recv_cb: Got invalid CONNECT from client!
2026-09-16 03:11:46 [1345541] WARN  /home/kadir/mqtt-fuzzing/builds/nanomq-asan/nng/src/sp/transport/mqtt/broker_tcp.c:895 tcptran_pipe_recv_cb: tcptran_pipe_recv_cb: recv_error rv: 129

2026-09-16 03:11:46 [1345540] WARN  /home/kadir/mqtt-fuzzing/builds/nanomq-asan/nng/src/sp/protocol/mqtt/mqtt_parser.c:1363 nano_msg_notify: test offline!
2026-09-16 03:11:46 [1345543] WARN  /home/kadir/mqtt-fuzzing/builds/nanomq-asan/nng/src/sp/protocol/mqtt/mqtt_parser.c:1359 nano_msg_notify: test online!
2026-09-16 03:11:46 [1345540] WARN  /home/kadir/mqtt-fuzzing/builds/nanomq-asan/nng/src/sp/transport/mqtt/broker_tcp.c:628 tcptran_pipe_recv_cb: nni aio recv error!! Connection shutdown

2026-09-16 03:11:46 [1345540] WARN  /home/kadir/mqtt-fuzzing/builds/nanomq-asan/nng/src/sp/transport/mqtt/broker_tcp.c:895 tcptran_pipe_recv_cb: tcptran_pipe_recv_cb: recv_error rv: 139

2026-09-16 03:11:46 [1345546] WARN  /home/kadir/mqtt-fuzzing/builds/nanomq-asan/nng/src/sp/protocol/mqtt/mqtt_parser.c:1363 nano_msg_notify: test offline!
2026-09-16 03:11:46 [1345541] WARN  /home/kadir/mqtt-fuzzing/builds/nanomq-asan/nng/src/sp/protocol/mqtt/mqtt_parser.c:1359 nano_msg_notify: test online!
2026-09-16 03:11:46 [1345540] WARN  /home/kadir/mqtt-fuzzing/builds/nanomq-asan/nng/src/sp/transport/mqtt/broker_tcp.c:739 tcptran_pipe_recv_cb: Got invalid CONNECT from client!
2026-09-16 03:11:46 [1345540] WARN  /home/kadir/mqtt-fuzzing/builds/nanomq-asan/nng/src/sp/transport/mqtt/broker_tcp.c:895 tcptran_pipe_recv_cb: tcptran_pipe_recv_cb: recv_error rv: 129

2026-09-16 03:11:46 [1345544] WARN  /home/kadir/mqtt-fuzzing/builds/nanomq-asan/nng/src/sp/protocol/mqtt/mqtt_parser.c:1363 nano_msg_notify: test offline!
2026-09-16 03:11:46 [1345542] WARN  /home/kadir/mqtt-fuzzing/builds/nanomq-asan/nng/src/sp/protocol/mqtt/mqtt_parser.c:1359 nano_msg_notify: test online!
2026-09-16 03:11:46 [1345544] WARN  /home/kadir/mqtt-fuzzing/builds/nanomq-asan/nng/src/sp/transport/mqtt/broker_tcp.c:739 tcptran_pipe_recv_cb: Got invalid CONNECT from client!
2026-09-16 03:11:46 [1345544] WARN  /home/kadir/mqtt-fuzzing/builds/nanomq-asan/nng/src/sp/transport/mqtt/broker_tcp.c:895 tcptran_pipe_recv_cb: tcptran_pipe_recv_cb: recv_error rv: 129

2026-09-16 03:11:46 [1345545] WARN  /home/kadir/mqtt-fuzzing/builds/nanomq-asan/nng/src/sp/protocol/mqtt/mqtt_parser.c:1363 nano_msg_notify: test offline!
2026-09-16 03:11:46 [1345543] WARN  /home/kadir/mqtt-fuzzing/builds/nanomq-asan/nng/src/sp/transport/mqtt/broker_tcp.c:739 tcptran_pipe_recv_cb: Got invalid CONNECT from client!
2026-09-16 03:11:46 [1345541] WARN  /home/kadir/mqtt-fuzzing/builds/nanomq-asan/nng/src/sp/protocol/mqtt/mqtt_parser.c:1359 nano_msg_notify: test online!
2026-09-16 03:11:46 [1345543] WARN  /home/kadir/mqtt-fuzzing/builds/nanomq-asan/nng/src/sp/transport/mqtt/broker_tcp.c:895 tcptran_pipe_recv_cb: tcptran_pipe_recv_cb: recv_error rv: 129

2026-09-16 03:11:46 [1345540] WARN  /home/kadir/mqtt-fuzzing/builds/nanomq-asan/nng/src/sp/protocol/mqtt/mqtt_parser.c:1363 nano_msg_notify: test offline!
2026-09-16 03:11:46 [1345543] WARN  /home/kadir/mqtt-fuzzing/builds/nanomq-asan/nng/src/sp/protocol/mqtt/mqtt_parser.c:1359 nano_msg_notify: test online!
2026-09-16 03:11:46 [1345544] WARN  /home/kadir/mqtt-fuzzing/builds/nanomq-asan/nng/src/sp/transport/mqtt/broker_tcp.c:628 tcptran_pipe_recv_cb: nni aio recv error!! Connection shutdown

2026-09-16 03:11:46 [1345544] WARN  /home/kadir/mqtt-fuzzing/builds/nanomq-asan/nng/src/sp/transport/mqtt/broker_tcp.c:895 tcptran_pipe_recv_cb: tcptran_pipe_recv_cb: recv_error rv: 139

2026-09-16 03:11:46 [1345542] WARN  /home/kadir/mqtt-fuzzing/builds/nanomq-asan/nng/src/sp/protocol/mqtt/mqtt_parser.c:1363 nano_msg_notify: test offline!
2026-09-16 03:11:46 [1345543] WARN  /home/kadir/mqtt-fuzzing/builds/nanomq-asan/nng/src/sp/protocol/mqtt/mqtt_parser.c:1359 nano_msg_notify: test online!
2026-09-16 03:11:46 [1345544] WARN  /home/kadir/mqtt-fuzzing/builds/nanomq-asan/nng/src/sp/transport/mqtt/broker_tcp.c:739 tcptran_pipe_recv_cb: Got invalid CONNECT from client!
2026-09-16 03:11:46 [1345544] WARN  /home/kadir/mqtt-fuzzing/builds/nanomq-asan/nng/src/sp/transport/mqtt/broker_tcp.c:895 tcptran_pipe_recv_cb: tcptran_pipe_recv_cb: recv_error rv: 129

2026-09-16 03:11:46 [1345540] WARN  /home/kadir/mqtt-fuzzing/builds/nanomq-asan/nng/src/sp/protocol/mqtt/mqtt_parser.c:1363 nano_msg_notify: test offline!
2026-09-16 03:11:47 [1345546] WARN  /home/kadir/mqtt-fuzzing/builds/nanomq-asan/nng/src/sp/protocol/mqtt/mqtt_parser.c:1359 nano_msg_notify: test online!
2026-09-16 03:11:47 [1345545] WARN  /home/kadir/mqtt-fuzzing/builds/nanomq-asan/nng/src/sp/transport/mqtt/broker_tcp.c:739 tcptran_pipe_recv_cb: Got invalid CONNECT from client!
2026-09-16 03:11:47 [1345545] WARN  /home/kadir/mqtt-fuzzing/builds/nanomq-asan/nng/src/sp/transport/mqtt/broker_tcp.c:895 tcptran_pipe_recv_cb: tcptran_pipe_recv_cb: recv_error rv: 129

2026-09-16 03:11:47 [1345541] WARN  /home/kadir/mqtt-fuzzing/builds/nanomq-asan/nng/src/sp/protocol/mqtt/mqtt_parser.c:1363 nano_msg_notify: test offline!
2026-09-16 03:11:47 [1345545] WARN  /home/kadir/mqtt-fuzzing/builds/nanomq-asan/nng/src/sp/protocol/mqtt/mqtt_parser.c:1359 nano_msg_notify: test online!
2026-09-16 03:11:47 [1345546] WARN  /home/kadir/mqtt-fuzzing/builds/nanomq-asan/nng/src/sp/transport/mqtt/broker_tcp.c:739 tcptran_pipe_recv_cb: Got invalid CONNECT from client!
2026-09-16 03:11:47 [1345546] WARN  /home/kadir/mqtt-fuzzing/builds/nanomq-asan/nng/src/sp/transport/mqtt/broker_tcp.c:895 tcptran_pipe_recv_cb: tcptran_pipe_recv_cb: recv_error rv: 129

2026-09-16 03:11:47 [1345546] WARN  /home/kadir/mqtt-fuzzing/builds/nanomq-asan/nng/src/sp/protocol/mqtt/mqtt_parser.c:1363 nano_msg_notify: test offline!
2026-09-16 03:11:47 [1345542] WARN  /home/kadir/mqtt-fuzzing/builds/nanomq-asan/nng/src/sp/protocol/mqtt/mqtt_parser.c:1359 nano_msg_notify: test online!
2026-09-16 03:11:47 [1345546] WARN  /home/kadir/mqtt-fuzzing/builds/nanomq-asan/nng/src/sp/transport/mqtt/broker_tcp.c:662 tcptran_pipe_recv_cb: MALFORMED_PACKET received.
2026-09-16 03:11:47 [1345546] WARN  /home/kadir/mqtt-fuzzing/builds/nanomq-asan/nng/src/sp/transport/mqtt/broker_tcp.c:895 tcptran_pipe_recv_cb: tcptran_pipe_recv_cb: recv_error rv: 17

2026-09-16 03:11:47 [1345541] WARN  /home/kadir/mqtt-fuzzing/builds/nanomq-asan/nng/src/sp/protocol/mqtt/mqtt_parser.c:1363 nano_msg_notify: test offline!
2026-09-16 03:11:47 [1345540] WARN  /home/kadir/mqtt-fuzzing/builds/nanomq-asan/nng/src/sp/protocol/mqtt/mqtt_parser.c:1359 nano_msg_notify: test online!
2026-09-16 03:11:47 [1345539] WARN  /home/kadir/mqtt-fuzzing/builds/nanomq-asan/nng/src/sp/transport/mqtt/broker_tcp.c:739 tcptran_pipe_recv_cb: Got invalid CONNECT from client!
2026-09-16 03:11:47 [1345539] WARN  /home/kadir/mqtt-fuzzing/builds/nanomq-asan/nng/src/sp/transport/mqtt/broker_tcp.c:895 tcptran_pipe_recv_cb: tcptran_pipe_recv_cb: recv_error rv: 129

2026-09-16 03:11:47 [1345542] WARN  /home/kadir/mqtt-fuzzing/builds/nanomq-asan/nng/src/sp/protocol/mqtt/mqtt_parser.c:1363 nano_msg_notify: test offline!
2026-09-16 03:11:47 [1345539] WARN  /home/kadir/mqtt-fuzzing/builds/nanomq-asan/nng/src/sp/protocol/mqtt/mqtt_parser.c:1359 nano_msg_notify: test online!
2026-09-16 03:11:47 [1345542] WARN  /home/kadir/mqtt-fuzzing/builds/nanomq-asan/nng/src/sp/transport/mqtt/broker_tcp.c:739 tcptran_pipe_recv_cb: Got invalid CONNECT from client!
2026-09-16 03:11:47 [1345542] WARN  /home/kadir/mqtt-fuzzing/builds/nanomq-asan/nng/src/sp/transport/mqtt/broker_tcp.c:895 tcptran_pipe_recv_cb: tcptran_pipe_recv_cb: recv_error rv: 129

2026-09-16 03:11:47 [1345542] WARN  /home/kadir/mqtt-fuzzing/builds/nanomq-asan/nng/src/sp/protocol/mqtt/mqtt_parser.c:1363 nano_msg_notify: test offline!
2026-09-16 03:11:47 [1345541] WARN  /home/kadir/mqtt-fuzzing/builds/nanomq-asan/nng/src/sp/protocol/mqtt/mqtt_parser.c:1359 nano_msg_notify: test online!
2026-09-16 03:11:47 [1345540] WARN  /home/kadir/mqtt-fuzzing/builds/nanomq-asan/nng/src/sp/transport/mqtt/broker_tcp.c:739 tcptran_pipe_recv_cb: Got invalid CONNECT from client!
2026-09-16 03:11:47 [1345540] WARN  /home/kadir/mqtt-fuzzing/builds/nanomq-asan/nng/src/sp/transport/mqtt/broker_tcp.c:895 tcptran_pipe_recv_cb: tcptran_pipe_recv_cb: recv_error rv: 129

2026-09-16 03:11:47 [1345546] WARN  /home/kadir/mqtt-fuzzing/builds/nanomq-asan/nng/src/sp/protocol/mqtt/mqtt_parser.c:1363 nano_msg_notify: test offline!
2026-09-16 03:11:47 [1345539] WARN  /home/kadir/mqtt-fuzzing/builds/nanomq-asan/nng/src/sp/protocol/mqtt/mqtt_parser.c:1359 nano_msg_notify: test online!
2026-09-16 03:11:47 [1345546] WARN  /home/kadir/mqtt-fuzzing/builds/nanomq-asan/nng/src/sp/transport/mqtt/broker_tcp.c:662 tcptran_pipe_recv_cb: MALFORMED_PACKET received.
2026-09-16 03:11:47 [1345546] WARN  /home/kadir/mqtt-fuzzing/builds/nanomq-asan/nng/src/sp/transport/mqtt/broker_tcp.c:895 tcptran_pipe_recv_cb: tcptran_pipe_recv_cb: recv_error rv: 17

2026-09-16 03:11:47 [1345545] WARN  /home/kadir/mqtt-fuzzing/builds/nanomq-asan/nng/src/sp/protocol/mqtt/mqtt_parser.c:1363 nano_msg_notify: test offline!
2026-09-16 03:11:47 [1345546] WARN  /home/kadir/mqtt-fuzzing/builds/nanomq-asan/nng/src/sp/protocol/mqtt/mqtt_parser.c:1359 nano_msg_notify: test online!
2026-09-16 03:11:47 [1345540] WARN  /home/kadir/mqtt-fuzzing/builds/nanomq-asan/nng/src/sp/transport/mqtt/broker_tcp.c:739 tcptran_pipe_recv_cb: Got invalid CONNECT from client!
2026-09-16 03:11:47 [1345540] WARN  /home/kadir/mqtt-fuzzing/builds/nanomq-asan/nng/src/sp/transport/mqtt/broker_tcp.c:895 tcptran_pipe_recv_cb: tcptran_pipe_recv_cb: recv_error rv: 129

2026-09-16 03:11:47 [1345539] WARN  /home/kadir/mqtt-fuzzing/builds/nanomq-asan/nng/src/sp/protocol/mqtt/mqtt_parser.c:1363 nano_msg_notify: test offline!
2026-09-16 03:11:47 [1345541] WARN  /home/kadir/mqtt-fuzzing/builds/nanomq-asan/nng/src/sp/protocol/mqtt/mqtt_parser.c:1359 nano_msg_notify: test online!
2026-09-16 03:11:47 [1345546] WARN  /home/kadir/mqtt-fuzzing/builds/nanomq-asan/nng/src/sp/transport/mqtt/broker_tcp.c:628 tcptran_pipe_recv_cb: nni aio recv error!! Connection shutdown

2026-09-16 03:11:47 [1345546] WARN  /home/kadir/mqtt-fuzzing/builds/nanomq-asan/nng/src/sp/transport/mqtt/broker_tcp.c:895 tcptran_pipe_recv_cb: tcptran_pipe_recv_cb: recv_error rv: 139

2026-09-16 03:11:47 [1345546] WARN  /home/kadir/mqtt-fuzzing/builds/nanomq-asan/nng/src/sp/protocol/mqtt/mqtt_parser.c:1363 nano_msg_notify: test offline!
2026-09-16 03:11:47 [1345543] WARN  /home/kadir/mqtt-fuzzing/builds/nanomq-asan/nng/src/sp/protocol/mqtt/mqtt_parser.c:1359 nano_msg_notify: test online!
2026-09-16 03:11:47 [1345544] WARN  /home/kadir/mqtt-fuzzing/builds/nanomq-asan/nng/src/sp/transport/mqtt/broker_tcp.c:739 tcptran_pipe_recv_cb: Got invalid CONNECT from client!
2026-09-16 03:11:47 [1345544] WARN  /home/kadir/mqtt-fuzzing/builds/nanomq-asan/nng/src/sp/transport/mqtt/broker_tcp.c:895 tcptran_pipe_recv_cb: tcptran_pipe_recv_cb: recv_error rv: 129

2026-09-16 03:11:47 [1345539] WARN  /home/kadir/mqtt-fuzzing/builds/nanomq-asan/nng/src/sp/protocol/mqtt/mqtt_parser.c:1363 nano_msg_notify: test offline!
2026-09-16 03:11:47 [1345543] WARN  /home/kadir/mqtt-fuzzing/builds/nanomq-asan/nng/src/sp/protocol/mqtt/mqtt_parser.c:1359 nano_msg_notify: test online!
2026-09-16 03:11:47 [1345542] WARN  /home/kadir/mqtt-fuzzing/builds/nanomq-asan/nng/src/sp/transport/mqtt/broker_tcp.c:739 tcptran_pipe_recv_cb: Got invalid CONNECT from client!
2026-09-16 03:11:47 [1345542] WARN  /home/kadir/mqtt-fuzzing/builds/nanomq-asan/nng/src/sp/transport/mqtt/broker_tcp.c:895 tcptran_pipe_recv_cb: tcptran_pipe_recv_cb: recv_error rv: 129

2026-09-16 03:11:47 [1345539] WARN  /home/kadir/mqtt-fuzzing/builds/nanomq-asan/nng/src/sp/protocol/mqtt/mqtt_parser.c:1363 nano_msg_notify: test offline!
2026-09-16 03:11:47 [1345542] WARN  /home/kadir/mqtt-fuzzing/builds/nanomq-asan/nng/src/sp/protocol/mqtt/mqtt_parser.c:1359 nano_msg_notify: test online!
2026-09-16 03:11:47 [1345541] WARN  /home/kadir/mqtt-fuzzing/builds/nanomq-asan/nng/src/sp/transport/mqtt/broker_tcp.c:739 tcptran_pipe_recv_cb: Got invalid CONNECT from client!
2026-09-16 03:11:47 [1345541] WARN  /home/kadir/mqtt-fuzzing/builds/nanomq-asan/nng/src/sp/transport/mqtt/broker_tcp.c:895 tcptran_pipe_recv_cb: tcptran_pipe_recv_cb: recv_error rv: 129

2026-09-16 03:11:47 [1345546] WARN  /home/kadir/mqtt-fuzzing/builds/nanomq-asan/nng/src/sp/protocol/mqtt/mqtt_parser.c:1363 nano_msg_notify: test offline!
2026-09-16 03:11:47 [1345542] WARN  /home/kadir/mqtt-fuzzing/builds/nanomq-asan/nng/src/sp/protocol/mqtt/mqtt_parser.c:1359 nano_msg_notify: test online!
2026-09-16 03:11:47 [1345545] WARN  /home/kadir/mqtt-fuzzing/builds/nanomq-asan/nng/src/sp/transport/mqtt/broker_tcp.c:739 tcptran_pipe_recv_cb: Got invalid CONNECT from client!
2026-09-16 03:11:47 [1345545] WARN  /home/kadir/mqtt-fuzzing/builds/nanomq-asan/nng/src/sp/transport/mqtt/broker_tcp.c:895 tcptran_pipe_recv_cb: tcptran_pipe_recv_cb: recv_error rv: 129

2026-09-16 03:11:47 [1345539] WARN  /home/kadir/mqtt-fuzzing/builds/nanomq-asan/nng/src/sp/protocol/mqtt/mqtt_parser.c:1363 nano_msg_notify: test offline!
2026-09-16 03:11:47 [1345545] WARN  /home/kadir/mqtt-fuzzing/builds/nanomq-asan/nng/src/sp/protocol/mqtt/mqtt_parser.c:1359 nano_msg_notify: test online!
2026-09-16 03:11:47 [1345539] WARN  /home/kadir/mqtt-fuzzing/builds/nanomq-asan/nng/src/sp/transport/mqtt/broker_tcp.c:739 tcptran_pipe_recv_cb: Got invalid CONNECT from client!
2026-09-16 03:11:47 [1345539] WARN  /home/kadir/mqtt-fuzzing/builds/nanomq-asan/nng/src/sp/transport/mqtt/broker_tcp.c:895 tcptran_pipe_recv_cb: tcptran_pipe_recv_cb: recv_error rv: 129

2026-09-16 03:11:47 [1345543] WARN  /home/kadir/mqtt-fuzzing/builds/nanomq-asan/nng/src/sp/protocol/mqtt/mqtt_parser.c:1363 nano_msg_notify: test offline!
2026-09-16 03:11:47 [1345545] WARN  /home/kadir/mqtt-fuzzing/builds/nanomq-asan/nng/src/sp/protocol/mqtt/mqtt_parser.c:1359 nano_msg_notify: test online!
2026-09-16 03:11:47 [1345540] WARN  /home/kadir/mqtt-fuzzing/builds/nanomq-asan/nng/src/sp/transport/mqtt/broker_tcp.c:739 tcptran_pipe_recv_cb: Got invalid CONNECT from client!
2026-09-16 03:11:47 [1345540] WARN  /home/kadir/mqtt-fuzzing/builds/nanomq-asan/nng/src/sp/transport/mqtt/broker_tcp.c:895 tcptran_pipe_recv_cb: tcptran_pipe_recv_cb: recv_error rv: 129

2026-09-16 03:11:47 [1345540] WARN  /home/kadir/mqtt-fuzzing/builds/nanomq-asan/nng/src/sp/protocol/mqtt/mqtt_parser.c:1363 nano_msg_notify: test offline!
2026-09-16 03:11:47 [1345545] WARN  /home/kadir/mqtt-fuzzing/builds/nanomq-asan/nng/src/sp/protocol/mqtt/mqtt_parser.c:1359 nano_msg_notify: test online!
2026-09-16 03:11:47 [1345540] WARN  /home/kadir/mqtt-fuzzing/builds/nanomq-asan/nng/src/sp/transport/mqtt/broker_tcp.c:739 tcptran_pipe_recv_cb: Got invalid CONNECT from client!
2026-09-16 03:11:47 [1345540] WARN  /home/kadir/mqtt-fuzzing/builds/nanomq-asan/nng/src/sp/transport/mqtt/broker_tcp.c:895 tcptran_pipe_recv_cb: tcptran_pipe_recv_cb: recv_error rv: 129

2026-09-16 03:11:47 [1345542] WARN  /home/kadir/mqtt-fuzzing/builds/nanomq-asan/nng/src/sp/protocol/mqtt/mqtt_parser.c:1363 nano_msg_notify: test offline!
2026-09-16 03:11:47 [1345544] WARN  /home/kadir/mqtt-fuzzing/builds/nanomq-asan/nng/src/sp/transport/mqtt/broker_tcp.c:739 tcptran_pipe_recv_cb: Got invalid CONNECT from client!
2026-09-16 03:11:47 [1345544] WARN  /home/kadir/mqtt-fuzzing/builds/nanomq-asan/nng/src/sp/transport/mqtt/broker_tcp.c:895 tcptran_pipe_recv_cb: tcptran_pipe_recv_cb: recv_error rv: 129

2026-09-16 03:11:47 [1345539] WARN  /home/kadir/mqtt-fuzzing/builds/nanomq-asan/nng/src/sp/protocol/mqtt/mqtt_parser.c:1359 nano_msg_notify: test online!
2026-09-16 03:11:47 [1345544] WARN  /home/kadir/mqtt-fuzzing/builds/nanomq-asan/nng/src/sp/protocol/mqtt/mqtt_parser.c:1363 nano_msg_notify: test offline!
2026-09-16 03:11:47 [1345542] WARN  /home/kadir/mqtt-fuzzing/builds/nanomq-asan/nng/src/sp/protocol/mqtt/mqtt_parser.c:1359 nano_msg_notify: test online!
2026-09-16 03:11:47 [1345539] WARN  /home/kadir/mqtt-fuzzing/builds/nanomq-asan/nng/src/sp/transport/mqtt/broker_tcp.c:739 tcptran_pipe_recv_cb: Got invalid CONNECT from client!
2026-09-16 03:11:47 [1345539] WARN  /home/kadir/mqtt-fuzzing/builds/nanomq-asan/nng/src/sp/transport/mqtt/broker_tcp.c:895 tcptran_pipe_recv_cb: tcptran_pipe_recv_cb: recv_error rv: 129

2026-09-16 03:11:47 [1345546] WARN  /home/kadir/mqtt-fuzzing/builds/nanomq-asan/nng/src/sp/protocol/mqtt/mqtt_parser.c:1363 nano_msg_notify: test offline!
2026-09-16 03:11:47 [1345542] WARN  /home/kadir/mqtt-fuzzing/builds/nanomq-asan/nng/src/sp/protocol/mqtt/mqtt_parser.c:1359 nano_msg_notify: test online!
2026-09-16 03:11:47 [1345545] WARN  /home/kadir/mqtt-fuzzing/builds/nanomq-asan/nng/src/sp/transport/mqtt/broker_tcp.c:739 tcptran_pipe_recv_cb: Got invalid CONNECT from client!
2026-09-16 03:11:47 [1345545] WARN  /home/kadir/mqtt-fuzzing/builds/nanomq-asan/nng/src/sp/transport/mqtt/broker_tcp.c:895 tcptran_pipe_recv_cb: tcptran_pipe_recv_cb: recv_error rv: 129

2026-09-16 03:11:47 [1345543] WARN  /home/kadir/mqtt-fuzzing/builds/nanomq-asan/nng/src/sp/protocol/mqtt/mqtt_parser.c:1363 nano_msg_notify: test offl