timestamp,cpu_pct,rss_kb,threads,swap_kb,temp_c
2026-09-15T22:03:28.561Z,8.7,66220,19,0,54.2
2026-09-15T22:03:33.592Z,3.3,66220,19,0,55.8
2026-09-15T22:03:38.623Z,2.0,66220,19,0,56.9
2026-09-15T22:03:43.663Z,10.3,98388,19,0,56.4
2026-09-15T22:03:48.703Z,21.4,124964,19,0,56.4
2026-09-15T22:03:53.742Z,28.4,147640,19,0,56.4
2026-09-15T22:03:58.773Z,25.8,153148,19,0,56.9
2026-09-15T22:04:03.804Z,22.4,153148,19,0,56.9
2026-09-15T22:04:08.843Z,22.6,163520,19,0,57.5
2026-09-15T22:04:13.883Z,26.9,184420,19,0,56.4
2026-09-15T22:04:18.924Z,30.4,206264,19,0,55.8
2026-09-15T22:04:23.956Z,29.7,213328,19,0,56.4
2026-09-15T22:04:28.987Z,27.3,213588,19,0,57.5
2026-09-15T22:04:34.021Z,25.3,213588,19,0,57.5
2026-09-15T22:04:39.063Z,26.6,229152,19,0,56.9
2026-09-15T22:04:44.103Z,29.0,249832,19,0,56.4
2026-09-15T22:04:49.143Z,31.0,264064,19,0,56.4
2026-09-15T22:04:54.174Z,29.3,264068,19,0,56.9
2026-09-15T22:04:59.204Z,27.7,264476,19,0,57.5
2026-09-15T22:05:04.247Z,26.5,264904,19,0,56.9
2026-09-15T22:05:09.285Z,28.2,270600,19,0,56.9
2026-09-15T22:05:14.326Z,29.7,261960,19,0,56.9
2026-09-15T22:05:19.356Z,30.0,264900,19,0,56.4
2026-09-15T22:05:24.387Z,28.7,264900,19,0,56.9
2026-09-15T22:05:29.418Z,27.5,264900,19,0,57.5
2026-09-15T22:05:34.455Z,28.3,265844,19,0,56.4
2026-09-15T22:05:39.495Z,29.4,268092,19,0,56.4
2026-09-15T22:05:44.528Z,30.2,272172,19,0,56.4
2026-09-15T22:05:49.559Z,29.1,272172,19,0,56.9
2026-09-15T22:05:54.590Z,28.2,272172,19,0,58.0
2026-09-15T22:05:59.621Z,27.2,272172,19,0,56.9
2026-09-15T22:06:04.664Z,27.4,271680,19,0,56.9
2026-09-15T22:06:09.706Z,28.4,279488,19,0,56.4
2026-09-15T22:06:14.747Z,29.4,285108,19,0,56.4
2026-09-15T22:06:19.777Z,28.8,287156,19,0,56.9
2026-09-15T22:06:24.808Z,28.0,287156,19,0,58.0
2026-09-15T22:06:29.839Z,27.2,287156,19,0,57.5
2026-09-15T22:06:34.881Z,27.7,292912,19,0,56.4
2026-09-15T22:06:39.923Z,28.6,291960,19,0,56.4
2026-09-15T22:06:44.955Z,29.4,300252,19,0,56.4
2026-09-15T22:06:49.986Z,28.7,300252,19,0,57.5
2026-09-15T22:06:55.018Z,28.0,300252,19,0,56.9
2026-09-15T22:07:00.054Z,28.5,305180,19,0,56.4
2026-09-15T22:07:05.098Z,29.3,240756,19,0,55.8
2026-09-15T22:07:10.130Z,29.9,222460,19,0,56.9
2026-09-15T22:07:15.161Z,29.2,227384,19,0,56.9
2026-09-15T22:07:20.192Z,28.6,227384,19,0,56.9
2026-09-15T22:07:25.224Z,28.0,230168,19,0,58.0
2026-09-15T22:07:30.263Z,28.2,236212,19,0,56.9
2026-09-15T22:07:35.305Z,28.9,237776,19,0,56.4
2026-09-15T22:07:40.344Z,29.5,251192,19,0,56.4
2026-09-15T22:07:45.376Z,29.0,260404,19,0,56.9
2026-09-15T22:07:50.409Z,28.4,260404,19,0,56.9
2026-09-15T22:07:55.448Z,28.1,264280,19,0,56.9
2026-09-15T22:08:00.493Z,28.7,273052,19,0,56.9
2026-09-15T22:08:05.531Z,29.2,281132,19,0,56.4
2026-09-15T22:08:10.564Z,29.3,285136,19,0,56.9
2026-09-15T22:08:15.596Z,28.8,285136,19,0,56.9
2026-09-15T22:08:20.627Z,28.3,285136,19,0,58.0
2026-09-15T22:08:25.669Z,28.8,296176,19,0,56.9
2026-09-15T22:08:30.710Z,29.3,292872,19,0,56.4
2026-09-15T22:08:35.741Z,29.5,290832,19,0,56.4
2026-09-15T22:08:40.773Z,29.1,290832,19,0,56.9
2026-09-15T22:08:45.804Z,28.6,290832,19,0,57.5
2026-09-15T22:08:50.835Z,28.2,290832,19,0,58.0
2026-09-15T22:08:55.874Z,28.7,297728,19,0,56.9
2026-09-15T22:09:00.913Z,29.2,300200,19,0,56.4
2026-09-15T22:09:05.952Z,29.5,305532,19,0,56.9
2026-09-15T22:09:10.990Z,29.1,305532,19,0,57.5
2026-09-15T22:09:16.021Z,28.7,305532,19,0,57.5
2026-09-15T22:09:21.059Z,29.0,301652,19,0,56.9
2026-09-15T22:09:26.098Z,29.4,301832,19,0,56.4
2026-09-15T22:09:31.129Z,29.8,301276,19,0,56.9
2026-09-15T22:09:36.160Z,29.4,301276,19,0,56.9
2026-09-15T22:09:41.192Z,29.0,301276,19,0,56.9
2026-09-15T22:09:46.234Z,28.7,301344,19,0,56.9
2026-09-15T22:09:51.273Z,29.1,301556,19,0,56.4
2026-09-15T22:09:56.310Z,29.5,308928,19,0,56.9
2026-09-15T22:10:01.341Z,29.5,309340,19,0,56.9
2026-09-15T22:10:06.372Z,29.1,311364,19,0,58.0
2026-09-15T22:10:11.403Z,28.7,311364,19,0,57.5
2026-09-15T22:10:16.443Z,28.7,316548,19,0,57.5
2026-09-15T22:10:21.481Z,29.1,318844,19,0,56.9
2026-09-15T22:10:26.521Z,29.5,316976,19,0,56.9
2026-09-15T22:10:31.551Z,29.3,318428,19,0,56.9
2026-09-15T22:10:36.582Z,29.0,318428,19,0,57.5
2026-09-15T22:10:41.613Z,28.6,318428,19,0,57.5
2026-09-15T22:10:46.651Z,28.3,318428,19,0,58.0
2026-09-15T22:10:51.687Z,28.7,317508,19,0,56.9
2026-09-15T22:10:56.729Z,29.0,313336,19,0,56.9
2026-09-15T22:11:01.761Z,29.2,313380,19,0,56.9
2026-09-15T22:11:06.792Z,28.9,313380,19,0,56.9
2026-09-15T22:11:11.823Z,28.5,313380,19,0,58.0
2026-09-15T22:11:16.863Z,28.7,321288,19,0,56.9
2026-09-15T22:11:21.903Z,29.0,323104,19,0,56.9
2026-09-15T22:11:26.933Z,29.3,327256,19,0,56.4
2026-09-15T22:11:31.965Z,29.0,327256,19,0,56.9
2026-09-15T22:11:36.996Z,28.7,327256,19,0,58.0
2026-09-15T22:11:42.035Z,28.4,327344,19,0,58.0
2026-09-15T22:11:47.077Z,28.8,324944,19,0,56.4
2026-09-15T22:11:52.116Z,29.1,324308,19,0,56.4
2026-09-15T22:11:57.147Z,29.1,322192,19,0,56.9
2026-09-15T22:12:02.178Z,28.9,322192,19,0,56.9
2026-09-15T22:12:07.210Z,28.6,322192,19,0,56.9
2026-09-15T22:12:12.249Z,28.8,323260,19,0,56.4
2026-09-15T22:12:17.288Z,29.1,322460,19,0,56.4
2026-09-15T22:12:22.320Z,29.2,318232,19,0,56.4
2026-09-15T22:12:27.351Z,29.0,318232,19,0,56.9
2026-09-15T22:12:32.382Z,28.7,322276,19,0,57.5
2026-09-15T22:12:37.422Z,28.7,322760,19,0,56.9
2026-09-15T22:12:42.465Z,29.0,322796,19,0,56.4
2026-09-15T22:12:47.505Z,29.3,324864,19,0,56.9
2026-09-15T22:12:52.538Z,29.2,325040,19,0,56.9
2026-09-15T22:12:57.569Z,28.9,325040,19,0,57.5
2026-09-15T22:13:02.607Z,28.9,326528,19,0,56.9
2026-09-15T22:13:07.647Z,29.2,327888,19,0,56.4
2026-09-15T22:13:12.689Z,29.5,320828,19,0,56.4
2026-09-15T22:13:17.720Z,29.4,320436,19,0,56.9
2026-09-15T22:13:22.752Z,29.1,320436,19,0,56.9
2026-09-15T22:13:27.784Z,28.9,320436,19,0,57.5
2026-09-15T22:13:32.823Z,28.7,320464,19,0,57.5
2026-09-15T22:13:37.863Z,29.0,321712,19,0,56.9
2026-09-15T22:13:42.901Z,29.2,326780,19,0,56.9
2026-09-15T22:13:47.933Z,29.2,322564,19,0,56.9
2026-09-15T22:13:52.964Z,29.0,324588,19,0,57.5
2026-09-15T22:13:57.995Z,28.7,324588,19,0,57.5
2026-09-15T22:14:03.033Z,28.8,320804,19,0,56.9
2026-09-15T22:14:08.075Z,29.1,322548,19,0,56.4
2026-09-15T22:14:13.115Z,29.3,324524,19,0,56.9
2026-09-15T22:14:18.146Z,29.1,324748,19,0,58.0
2026-09-15T22:14:23.177Z,28.9,326264,19,0,56.9
2026-09-15T22:14:28.221Z,28.9,328916,19,0,56.9
2026-09-15T22:14:33.272Z,29.2,251360,19,0,56.4
2026-09-15T22:14:38.311Z,29.5,250492,19,0,56.4
2026-09-15T22:14:43.343Z,29.3,252560,19,0,56.9
2026-09-15T22:14:48.373Z,29.1,252560,19,0,56.9
2026-09-15T22:14:53.413Z,28.9,253924,19,0,56.9
2026-09-15T22:14:58.454Z,29.2,266440,19,0,56.9
2026-09-15T22:15:03.493Z,29.4,275364,19,0,55.8
2026-09-15T22:15:08.525Z,29.5,281804,19,0,56.9
2026-09-15T22:15:13.556Z,29.3,283844,19,0,58.0
2026-09-15T22:15:18.587Z,29.1,283844,19,0,57.5
2026-09-15T22:15:23.627Z,29.1,288000,19,0,56.4
2026-09-15T22:15:28.666Z,29.3,296192,19,0,56.9
2026-09-15T22:15:33.705Z,29.6,262204,19,0,56.9
2026-09-15T22:15:38.736Z,29.4,261900,19,0,56.9
2026-09-15T22:15:43.767Z,29.2,261900,19,0,56.9
2026-09-15T22:15:48.798Z,29.0,261900,19,0,56.9
2026-09-15T22:15:53.838Z,29.2,275720,19,0,56.4
2026-09-15T22:15:58.878Z,29.5,287892,19,0,56.9
2026-09-15T22:16:03.909Z,29.6,290892,19,0,56.9
2026-09-15T22:16:08.940Z,29.4,290892,19,0,56.9
2026-09-15T22:16:13.971Z,29.2,290892,19,0,56.9
2026-09-15T22:16:19.010Z,29.3,300640,19,0,56.9
2026-09-15T22:16:24.047Z,29.5,307312,19,0,56.4
2026-09-15T22:16:29.078Z,29.7,312280,19,0,56.4
2026-09-15T22:16:34.110Z,29.5,312468,19,0,56.9
2026-09-15T22:16:39.140Z,29.3,312468,19,0,57.5
2026-09-15T22:16:44.182Z,29.3,317320,19,0,56.4
2026-09-15T22:16:49.221Z,29.5,322656,19,0,56.4
2026-09-15T22:16:54.260Z,29.7,326832,19,0,56.4
2026-09-15T22:16:59.292Z,29.6,328564,19,0,56.9
2026-09-15T22:17:04.322Z,29.4,328564,19,0,57.5
2026-09-15T22:17:09.353Z,29.2,328564,19,0,57.5
2026-09-15T22:17:14.392Z,29.3,333232,19,0,57.5
2026-09-15T22:17:19.431Z,29.5,336472,19,0,55.8
2026-09-15T22:17:24.461Z,29.7,337472,19,0,56.4
2026-09-15T22:17:29.492Z,29.5,337472,19,0,56.9
2026-09-15T22:17:34.523Z,29.3,337472,19,0,56.9
2026-09-15T22:17:39.561Z,29.2,337728,19,0,56.9
2026-09-15T22:17:44.601Z,29.4,339392,19,0,56.9
2026-09-15T22:17:49.634Z,29.6,342248,19,0,56.4
2026-09-15T22:17:54.665Z,29.6,342672,19,0,56.4
2026-09-15T22:17:59.697Z,29.5,342688,19,0,56.9
2026-09-15T22:18:04.728Z,29.3,342688,19,0,56.9
2026-09-15T22:18:09.759Z,29.1,342716,19,0,57.5
2026-09-15T22:18:14.797Z,29.2,342980,19,0,56.9
2026-09-15T22:18:19.836Z,29.4,344168,19,0,56.4
2026-09-15T22:18:24.875Z,29.6,341876,19,0,56.4
2026-09-15T22:18:29.906Z,29.4,340636,19,0,56.9
2026-09-15T22:18:34.937Z,29.3,340636,19,0,56.9
2026-09-15T22:18:39.968Z,29.1,340636,19,0,57.5
2026-09-15T22:18:45.007Z,29.2,342016,19,0,56.9
2026-09-15T22:18:50.046Z,29.4,336212,19,0,56.4
2026-09-15T22:18:55.077Z,29.5,338772,19,0,56.9
2026-09-15T22:19:00.110Z,29.3,338772,19,0,57.5
2026-09-15T22:19:05.141Z,29.1,338772,19,0,56.9
2026-09-15T22:19:10.180Z,29.1,338492,19,0,56.9
2026-09-15T22:19:15.220Z,29.3,339512,19,0,56.4
2026-09-15T22:19:20.261Z,29.4,336856,19,0,56.9
2026-09-15T22:19:25.291Z,29.3,337404,19,0,56.4
2026-09-15T22:19:30.323Z,29.2,337404,19,0,56.9
2026-09-15T22:19:35.353Z,29.0,337404,19,0,57.5
2026-09-15T22:19:40.393Z,28.9,337408,19,0,56.9
2026-09-15T22:19:45.435Z,29.1,334928,19,0,56.9
2026-09-15T22:19:50.476Z,29.3,337484,19,0,56.9
2026-09-15T22:19:55.507Z,29.3,338416,19,0,56.9
2026-09-15T22:20:00.538Z,29.2,338416,19,0,56.9
2026-09-15T22:20:05.569Z,29.0,338416,19,0,56.9
2026-09-15T22:20:10.607Z,29.2,337748,19,0,56.4
2026-09-15T22:20:15.646Z,29.3,340528,19,0,56.4
2026-09-15T22:20:20.678Z,29.4,343296,19,0,55.8
2026-09-15T22:20:25.709Z,29.2,343296,19,0,56.9
2026-09-15T22:20:30.740Z,29.1,345348,19,0,56.9
2026-09-15T22:20:35.771Z,29.0,345348,19,0,57.5
2026-09-15T22:20:40.812Z,29.1,343300,19,0,56.4
2026-09-15T22:20:45.852Z,29.2,342560,19,0,56.4
2026-09-15T22:20:50.885Z,29.3,343816,19,0,56.9
2026-09-15T22:20:55.915Z,29.1,343816,19,0,56.9
2026-09-15T22:21:00.946Z,29.0,343816,19,0,56.9
2026-09-15T22:21:05.983Z,29.0,345592,19,0,56.9
2026-09-15T22:21:11.021Z,29.2,347984,19,0,56.4
2026-09-15T22:21:16.061Z,29.3,341556,19,0,56.4
2026-09-15T22:21:21.092Z,29.2,341692,19,0,56.9
2026-09-15T22:21:26.122Z,29.1,341692,19,0,56.9
2026-09-15T22:21:31.153Z,29.0,342740,19,0,56.9
2026-09-15T22:21:36.194Z,29.1,340728,19,0,56.9
2026-09-15T22:21:41.233Z,29.2,344524,19,0,56.4
2026-09-15T22:21:46.265Z,29.3,339728,19,0,56.4
2026-09-15T22:21:51.295Z,29.2,339728,19,0,56.9
2026-09-15T22:21:56.326Z,29.1,339728,19,0,57.5
2026-09-15T22:22:01.368Z,29.1,339924,19,0,56.4
2026-09-15T22:22:06.408Z,29.2,329928,19,0,56.4
2026-09-15T22:22:11.447Z,29.4,332180,19,0,56.4
2026-09-15T22:22:16.478Z,29.3,329804,19,0,56.9
2026-09-15T22:22:21.508Z,29.1,329804,19,0,56.9
2026-09-15T22:22:26.547Z,29.1,330564,19,0,56.9
2026-09-15T22:22:31.585Z,29.3,333160,19,0,56.4
2026-09-15T22:22:36.626Z,29.4,335536,19,0,55.8
2026-09-15T22:22:41.658Z,29.3,335716,19,0,56.4
2026-09-15T22:22:46.689Z,29.2,335716,19,0,56.9
2026-09-15T22:22:51.727Z,29.1,336248,19,0,56.9
2026-09-15T22:22:56.765Z,29.3,336272,19,0,56.4
2026-09-15T22:23:01.811Z,29.4,335480,19,0,55.8
2026-09-15T22:23:06.842Z,29.4,334956,19,0,56.4
2026-09-15T22:23:11.873Z,29.3,334956,19,0,57.5
2026-09-15T22:23:16.904Z,29.2,334956,19,0,56.9
2026-09-15T22:23:21.942Z,29.2,335752,19,0,56.4
2026-09-15T22:23:26.979Z,29.3,336876,19,0,55.8
2026-09-15T22:23:32.019Z,29.4,341812,19,0,56.4
2026-09-15T22:23:37.051Z,29.3,340204,19,0,56.9
2026-09-15T22:23:42.083Z,29.2,340204,19,0,56.9
2026-09-15T22:23:47.114Z,29.1,340204,19,0,56.9
2026-09-15T22:23:52.153Z,29.1,341156,19,0,56.9
2026-09-15T22:23:57.192Z,29.2,342060,19,0,56.9
2026-09-15T22:24:02.236Z,29.3,343708,19,0,56.4
2026-09-15T22:24:07.268Z,29.3,340728,19,0,56.9
2026-09-15T22:24:12.299Z,29.1,340728,19,0,56.4
2026-09-15T22:24:17.339Z,29.1,341952,19,0,56.9
2026-09-15T22:24:22.382Z,29.2,340048,19,0,56.9
2026-09-15T22:24:27.419Z,29.4,344512,19,0,55.8
2026-09-15T22:24:32.450Z,29.3,342908,19,0,56.4
2026-09-15T22:24:37.482Z,29.2,342908,19,0,57.5
2026-09-15T22:24:42.521Z,29.1,343064,19,0,56.9
2026-09-15T22:24:47.561Z,29.3,344388,19,0,56.4
2026-09-15T22:24:52.604Z,29.4,347156,19,0,56.9
2026-09-15T22:24:57.635Z,29.3,348076,19,0,56.9
2026-09-15T22:25:02.666Z,29.2,348076,19,0,57.5
2026-09-15T22:25:07.698Z,29.1,348076,19,0,56.9
2026-09-15T22:25:12.738Z,29.2,347796,19,0,56.4
2026-09-15T22:25:17.779Z,29.3,348576,19,0,56.4
2026-09-15T22:25:22.810Z,29.4,349172,19,0,56.4
2026-09-15T22:25:27.862Z,29.3,349172,19,0,56.9
2026-09-15T22:25:32.894Z,29.2,349172,19,0,56.9
2026-09-15T22:25:37.933Z,29.2,343312,19,0,56.4
2026-09-15T22:25:42.974Z,29.3,340448,19,0,56.4
2026-09-15T22:25:48.008Z,29.4,340460,19,0,56.4
2026-09-15T22:25:53.039Z,29.3,340460,19,0,56.9
2026-09-15T22:25:58.070Z,29.2,340460,19,0,56.9
2026-09-15T22:26:03.110Z,29.2,341172,19,0,56.9
2026-09-15T22:26:08.153Z,29.3,341456,19,0,56.9
2026-09-15T22:26:13.192Z,29.4,340220,19,0,56.4
2026-09-15T22:26:18.223Z,29.4,340780,19,0,56.9
2026-09-15T22:26:23.255Z,29.3,340780,19,0,56.9
2026-09-15T22:26:28.295Z,29.2,341000,19,0,56.9
2026-09-15T22:26:33.335Z,29.3,340316,19,0,56.4
2026-09-15T22:26:38.374Z,29.4,343864,19,0,56.4
2026-09-15T22:26:43.405Z,29.4,342044,19,0,56.4
2026-09-15T22:26:48.437Z,29.3,342044,19,0,56.9
2026-09-15T22:26:53.474Z,29.2,342520,19,0,56.9
2026-09-15T22:26:58.514Z,29.3,344156,19,0,55.8
2026-09-15T22:27:03.553Z,29.4,345588,19,0,55.8
2026-09-15T22:27:08.585Z,29.4,346568,19,0,56.4
2026-09-15T22:27:13.617Z,29.3,346568,19,0,56.9
2026-09-15T22:27:18.647Z,29.2,346568,19,0,56.9
2026-09-15T22:27:23.685Z,29.3,346132,19,0,55.8
2026-09-15T22:27:28.726Z,29.4,346888,19,0,56.4
2026-09-15T22:27:33.757Z,29.5,346188,19,0,56.4
2026-09-15T22:27:38.789Z,29.4,346188,19,0,56.9
2026-09-15T22:27:43.820Z,29.3,346188,19,0,56.9
2026-09-15T22:27:48.857Z,29.2,346216,19,0,56.9
2026-09-15T22:27:53.896Z,29.3,347044,19,0,56.4
2026-09-15T22:27:58.935Z,29.4,348800,19,0,55.8
2026-09-15T22:28:03.969Z,29.4,345428,19,0,55.8
2026-09-15T22:28:09.001Z,29.3,345428,19,0,56.9
2026-09-15T22:28:14.033Z,29.2,345428,19,0,57.5
2026-09-15T22:28:19.071Z,29.2,345812,19,0,56.9
2026-09-15T22:28:24.112Z,29.3,346664,19,0,56.4
2026-09-15T22:28:29.155Z,29.4,347304,19,0,55.8
2026-09-15T22:28:34.186Z,29.4,347592,19,0,56.9
2026-09-15T22:28:39.217Z,29.3,347592,19,0,58.0
2026-09-15T22:28:44.255Z,29.2,346924,19,0,56.9
2026-09-15T22:28:49.295Z,29.3,356528,19,0,56.9
2026-09-15T22:28:54.334Z,29.4,304204,19,0,56.9
2026-09-15T22:28:59.365Z,29.4,285992,19,0,56.9
2026-09-15T22:29:04.397Z,29.3,285992,19,0,56.9
2026-09-15T22:29:09.427Z,29.2,285992,19,0,56.9
2026-09-15T22:29:14.467Z,29.2,287124,19,0,56.9
2026-09-15T22:29:19.507Z,29.3,300304,19,0,56.4
2026-09-15T22:29:24.548Z,29.4,307484,19,0,55.8
2026-09-15T22:29:29.578Z,29.4,307796,19,0,56.9
2026-09-15T22:29:34.609Z,29.3,307796,19,0,56.4
2026-09-15T22:29:39.649Z,29.2,308172,19,0,56.9
2026-09-15T22:29:44.688Z,29.3,315684,19,0,56.4
2026-09-15T22:29:49.729Z,29.4,320456,19,0,55.8
2026-09-15T22:29:54.761Z,29.4,325560,19,0,56.4
2026-09-15T22:29:59.791Z,29.3,325560,19,0,56.4
2026-09-15T22:30:04.823Z,29.3,325560,19,0,56.9
2026-09-15T22:30:09.862Z,29.2,327996,19,0,56.9
2026-09-15T22:30:14.903Z,29.3,331132,19,0,56.4
2026-09-15T22:30:19.942Z,29.4,335724,19,0,55.8
2026-09-15T22:30:24.973Z,29.4,334660,19,0,56.4
2026-09-15T22:30:30.005Z,29.3,334660,19,0,56.9
2026-09-15T22:30:35.048Z,29.3,336260,19,0,56.9
2026-09-15T22:30:40.092Z,29.4,341816,19,0,56.4
2026-09-15T22:30:45.130Z,29.4,343276,19,0,56.4
2026-09-15T22:30:50.163Z,29.4,343892,19,0,56.9
2026-09-15T22:30:55.194Z,29.4,343892,19,0,56.9
2026-09-15T22:31:00.225Z,29.3,343892,19,0,56.9
2026-09-15T22:31:05.265Z,29.3,338916,19,0,56.9
2026-09-15T22:31:10.304Z,29.4,341008,19,0,56.9
2026-09-15T22:31:15.335Z,29.5,344868,19,0,56.4
2026-09-15T22:31:20.365Z,29.4,344868,19,0,56.9
2026-09-15T22:31:25.397Z,29.3,344868,19,0,56.9
2026-09-15T22:31:30.440Z,29.4,352164,19,0,56.9
2026-09-15T22:31:35.479Z,29.5,279432,19,0,56.4
2026-09-15T22:31:40.511Z,29.5,282372,19,0,55.8
2026-09-15T22:31:45.542Z,29.5,282372,19,0,56.9
2026-09-15T22:31:50.574Z,29.4,282372,19,0,56.9
2026-09-15T22:31:55.613Z,29.4,279764,19,0,56.9
2026-09-15T22:32:00.651Z,29.5,291900,19,0,55.8
2026-09-15T22:32:05.693Z,29.6,301152,19,0,56.4
2026-09-15T22:32:10.725Z,29.5,302184,19,0,56.9
2026-09-15T22:32:15.759Z,29.4,302184,19,0,58.0
2026-09-15T22:32:20.790Z,29.3,311404,19,0,56.9
2026-09-15T22:32:25.829Z,29.4,315296,19,0,56.4
2026-09-15T22:32:30.868Z,29.5,323484,19,0,56.9
2026-09-15T22:32:35.900Z,29.6,325648,19,0,56.4
2026-09-15T22:32:40.931Z,29.5,325648,19,0,56.9
2026-09-15T22:32:45.963Z,29.4,325648,19,0,56.9
2026-09-15T22:32:51.000Z,29.4,328292,19,0,56.9
2026-09-15T22:32:56.039Z,29.4,333936,19,0,56.4
2026-09-15T22:33:01.079Z,29.5,336220,19,0,56.4
2026-09-15T22:33:06.110Z,29.5,339120,19,0,56.9
2026-09-15T22:33:11.142Z,29.4,339120,19,0,56.9
2026-09-15T22:33:16.183Z,29.4,334960,19,0,56.9
2026-09-15T22:33:21.222Z,29.5,342880,19,0,56.9
2026-09-15T22:33:26.262Z,29.5,343868,19,0,55.8
2026-09-15T22:33:31.293Z,29.5,339144,19,0,56.9
2026-09-15T22:33:36.324Z,29.5,339144,19,0,56.9
2026-09-15T22:33:41.356Z,29.4,341184,19,0,57.5
2026-09-15T22:33:46.395Z,29.4,341588,19,0,56.9
2026-09-15T22:33:51.437Z,29.5,345240,19,0,55.8
2026-09-15T22:33:56.468Z,29.6,346204,19,0,56.9
2026-09-15T22:34:01.500Z,29.5,346204,19,0,56.9
2026-09-15T22:34:06.531Z,29.4,346204,19,0,56.9
2026-09-15T22:34:11.571Z,29.3,346428,19,0,56.9
2026-09-15T22:34:16.610Z,29.4,345792,19,0,56.9
2026-09-15T22:34:21.654Z,29.5,346552,19,0,56.9
2026-09-15T22:34:26.685Z,29.5,342776,19,0,56.9
2026-09-15T22:34:31.716Z,29.4,342776,19,0,56.9
2026-09-15T22:34:36.747Z,29.4,342776,19,0,56.9
2026-09-15T22:34:41.787Z,29.4,342472,19,0,56.9
2026-09-15T22:34:46.829Z,29.5,337984,19,0,56.4
2026-09-15T22:34:51.860Z,29.6,342076,19,0,56.4
2026-09-15T22:34:56.893Z,29.5,342076,19,0,57.5
2026-09-15T22:35:01.924Z,29.4,348172,19,0,56.9
2026-09-15T22:35:06.955Z,29.3,348172,19,0,58.0
2026-09-15T22:35:11.996Z,29.3,354372,19,0,57.5
2026-09-15T22:35:17.036Z,29.3,349108,19,0,56.4
2026-09-15T22:35:22.072Z,29.4,346704,19,0,56.9
2026-09-15T22:35:27.104Z,29.4,347388,19,0,56.9
2026-09-15T22:35:32.134Z,29.4,347388,19,0,56.9
2026-09-15T22:35:37.165Z,29.3,347388,19,0,56.9
2026-09-15T22:35:42.203Z,29.3,346752,19,0,56.9
2026-09-15T22:35:47.242Z,29.4,344712,19,0,56.4
2026-09-15T22:35:52.281Z,29.5,349388,19,0,55.8
2026-09-15T22:35:57.312Z,29.4,349860,19,0,56.9
2026-09-15T22:36:02.343Z,29.3,349860,19,0,57.5
2026-09-15T22:36:07.382Z,29.2,349996,19,0,56.9
2026-09-15T22:36:12.423Z,29.3,344916,19,0,56.4
2026-09-15T22:36:17.463Z,29.4,348944,19,0,56.4
2026-09-15T22:36:22.494Z,29.4,353276,19,0,56.4
2026-09-15T22:36:27.526Z,29.4,353276,19,0,56.9
2026-09-15T22:36:32.556Z,29.3,353276,19,0,56.9
2026-09-15T22:36:37.594Z,29.3,353308,19,0,56.9
2026-09-15T22:36:42.632Z,29.4,353220,19,0,56.9
2026-09-15T22:36:47.662Z,29.5,353576,19,0,56.4
2026-09-15T22:36:52.694Z,29.4,353576,19,0,56.4
2026-09-15T22:36:57.724Z,29.3,353576,19,0,56.9
2026-09-15T22:37:02.771Z,29.3,353576,19,0,57.5
2026-09-15T22:37:07.810Z,29.3,353960,19,0,56.9
2026-09-15T22:37:12.850Z,29.4,350656,19,0,55.8
2026-09-15T22:37:17.882Z,29.4,337776,19,0,56.4
2026-09-15T22:37:22.913Z,29.4,337776,19,0,56.9
2026-09-15T22:37:27.944Z,29.3,339808,19,0,56.9
2026-09-15T22:37:32.984Z,29.3,340412,19,0,56.9
2026-09-15T22:37:38.027Z,29.4,356608,19,0,56.4
2026-09-15T22:37:43.065Z,29.5,354400,19,0,56.9
2026-09-15T22:37:48.097Z,29.4,354848,19,0,56.9
2026-09-15T22:37:53.128Z,29.3,354848,19,0,56.9
2026-09-15T22:37:58.170Z,29.4,343732,19,0,56.9
2026-09-15T22:38:03.210Z,29.4,297172,19,0,56.4
2026-09-15T22:38:08.247Z,29.5,283016,19,0,56.9
2026-09-15T22:38:13.278Z,29.5,284944,19,0,56.9
2026-09-15T22:38:18.309Z,29.4,284944,19,0,56.9
2026-09-15T22:38:23.352Z,29.4,287644,19,0,56.9
2026-09-15T22:38:28.392Z,29.5,273992,19,0,56.4
2026-09-15T22:38:33.431Z,29.6,275864,19,0,56.4
2026-09-15T22:38:38.463Z,29.5,277204,19,0,56.9
2026-09-15T22:38:43.495Z,29.4,277204,19,0,56.9
2026-09-15T22:38:48.526Z,29.4,277204,19,0,56.9
2026-09-15T22:38:53.567Z,29.4,280352,19,0,56.4
2026-09-15T22:38:58.607Z,29.5,292076,19,0,56.4
2026-09-15T22:39:03.646Z,29.6,305056,19,0,56.4
2026-09-15T22:39:08.677Z,29.5,305188,19,0,56.9
2026-09-15T22:39:13.708Z,29.4,305188,19,0,57.5
2026-09-15T22:39:18.746Z,29.4,303472,19,0,56.9
2026-09-15T22:39:23.789Z,29.5,307980,19,0,56.4
2026-09-15T22:39:28.829Z,29.6,287696,19,0,56.4
2026-09-15T22:39:33.863Z,29.6,285964,19,0,56.4
2026-09-15T22:39:38.894Z,29.5,285964,19,0,56.9
2026-09-15T22:39:43.931Z,29.4,286076,19,0,56.9
2026-09-15T22:39:48.970Z,29.5,295568,19,0,56.4
2026-09-15T22:39:54.015Z,29.6,303612,19,0,56.4
2026-09-15T22:39:59.046Z,29.6,306012,19,0,56.9
2026-09-15T22:40:04.076Z,29.5,306012,19,0,57.5
2026-09-15T22:40:09.107Z,29.5,306012,19,0,56.9
2026-09-15T22:40:14.148Z,29.5,311284,19,0,56.4
2026-09-15T22:40:19.188Z,29.6,317876,19,0,56.4
2026-09-15T22:40:24.220Z,29.6,320856,19,0,56.4
2026-09-15T22:40:29.250Z,29.6,320856,19,0,56.9
2026-09-15T22:40:34.281Z,29.5,320856,19,0,56.9
2026-09-15T22:40:39.322Z,29.5,326576,19,0,56.4
2026-09-15T22:40:44.361Z,29.6,332040,19,0,55.8
2026-09-15T22:40:49.401Z,29.7,334264,19,0,56.4
2026-09-15T22:40:54.432Z,29.6,334536,19,0,56.9
2026-09-15T22:40:59.463Z,29.5,334536,19,0,56.9
2026-09-15T22:41:04.503Z,29.6,334992,19,0,56.9
2026-09-15T22:41:09.544Z,29.6,332292,19,0,55.8
2026-09-15T22:41:14.583Z,29.7,328132,19,0,56.4
2026-09-15T22:41:19.615Z,29.6,328416,19,0,56.4
2026-09-15T22:41:24.646Z,29.6,328416,19,0,56.9
2026-09-15T22:41:29.677Z,29.5,328416,19,0,57.5
2026-09-15T22:41:34.716Z,29.6,328268,19,0,56.4
2026-09-15T22:41:39.755Z,29.7,331612,19,0,56.4
2026-09-15T22:41:44.786Z,29.7,335516,19,0,55.8
2026-09-15T22:41:49.817Z,29.6,335552,19,0,56.9
2026-09-15T22:41:54.848Z,29.6,335552,19,0,56.9
2026-09-15T22:41:59.887Z,29.6,335736,19,0,56.4
2026-09-15T22:42:04.926Z,29.7,331848,19,0,56.4
2026-09-15T22:42:09.958Z,29.7,334576,19,0,56.4
2026-09-15T22:42:14.989Z,29.7,334576,19,0,56.4
2026-09-15T22:42:20.020Z,29.6,338212,19,0,56.9
2026-09-15T22:42:25.059Z,29.6,338624,19,0,55.8
2026-09-15T22:42:30.098Z,29.6,342500,19,0,56.4
2026-09-15T22:42:35.154Z,29.7,342180,19,0,56.4
2026-09-15T22:42:40.186Z,29.7,344640,19,0,56.9
2026-09-15T22:42:45.218Z,29.6,344640,19,0,56.9
2026-09-15T22:42:50.249Z,29.5,344640,19,0,56.9
2026-09-15T22:42:55.289Z,29.6,345316,19,0,56.4
2026-09-15T22:43:00.327Z,29.7,346296,19,0,56.9
2026-09-15T22:43:05.358Z,29.7,347008,19,0,55.8
2026-09-15T22:43:10.390Z,29.6,347008,19,0,56.4
2026-09-15T22:43:15.421Z,29.6,347008,19,0,56.9
2026-09-15T22:43:20.458Z,29.5,347012,19,0,57.5
2026-09-15T22:43:25.499Z,29.6,345228,19,0,56.9
2026-09-15T22:43:30.539Z,29.7,342816,19,0,55.8
2026-09-15T22:43:35.570Z,29.7,349160,19,0,56.4
2026-09-15T22:43:40.602Z,29.6,349160,19,0,57.5
2026-09-15T22:43:45.633Z,29.5,350204,19,0,56.9
2026-09-15T22:43:50.676Z,29.6,350720,19,0,56.9
2026-09-15T22:43:55.715Z,29.6,351436,19,0,55.8
2026-09-15T22:44:00.756Z,29.7,352384,19,0,56.4
2026-09-15T22:44:05.788Z,29.6,352744,19,0,56.4
2026-09-15T22:44:10.820Z,29.6,352744,19,0,56.9
2026-09-15T22:44:15.851Z,29.5,352744,19,0,57.5
2026-09-15T22:44:20.889Z,29.6,352340,19,0,56.9
2026-09-15T22:44:25.927Z,29.6,345848,19,0,56.4
2026-09-15T22:44:30.958Z,29.7,345888,19,0,56.4
2026-09-15T22:44:35.989Z,29.6,345888,19,0,56.9
2026-09-15T22:44:41.020Z,29.5,345888,19,0,57.5
2026-09-15T22:44:46.062Z,29.5,346384,19,0,56.9
2026-09-15T22:44:51.102Z,29.6,341080,19,0,56.9
2026-09-15T22:44:56.140Z,29.7,344844,19,0,56.9
2026-09-15T22:45:01.171Z,29.6,345104,19,0,56.9
2026-09-15T22:45:06.202Z,29.6,345104,19,0,56.9
2026-09-15T22:45:11.237Z,29.5,345296,19,0,56.9
2026-09-15T22:45:16.276Z,29.6,343844,19,0,56.4
2026-09-15T22:45:21.315Z,29.7,345232,19,0,55.8
2026-09-15T22:45:26.347Z,29.6,345496,19,0,57.5
2026-09-15T22:45:31.377Z,29.6,345496,19,0,56.9
2026-09-15T22:45:36.417Z,29.5,339552,19,0,56.9
2026-09-15T22:45:41.456Z,29.6,342516,19,0,56.4
2026-09-15T22:45:46.496Z,29.7,343272,19,0,55.8
2026-09-15T22:45:51.528Z,29.7,343240,19,0,56.4
2026-09-15T22:45:56.561Z,29.6,343240,19,0,56.4
2026-09-15T22:46:01.592Z,29.6,343240,19,0,57.5
2026-09-15T22:46:06.623Z,29.5,343240,19,0,57.5
2026-09-15T22:46:11.665Z,29.5,344316,19,0,56.9
2026-09-15T22:46:16.703Z,29.6,346456,19,0,56.9
2026-09-15T22:46:21.742Z,29.6,346352,19,0,56.4
2026-09-15T22:46:26.773Z,29.6,346568,19,0,56.9
2026-09-15T22:46:31.804Z,29.5,346568,19,0,58.0
2026-09-15T22:46:36.835Z,29.5,346568,19,0,57.5
2026-09-15T22:46:41.875Z,29.5,344804,19,0,56.4
2026-09-15T22:46:46.913Z,29.6,341532,19,0,56.9
2026-09-15T22:46:51.944Z,29.6,343184,19,0,56.9
2026-09-15T22:46:56.976Z,29.6,343184,19,0,56.9
2026-09-15T22:47:02.006Z,29.5,343184,19,0,56.9
2026-09-15T22:47:07.046Z,29.5,341836,19,0,56.9
2026-09-15T22:47:12.087Z,29.6,345080,19,0,56.4
2026-09-15T22:47:17.127Z,29.6,345240,19,0,56.4
2026-09-15T22:47:22.160Z,29.6,345504,19,0,56.9
2026-09-15T22:47:27.191Z,29.5,345504,19,0,57.5
2026-09-15T22:47:32.223Z,29.5,345504,19,0,56.9
2026-09-15T22:47:37.260Z,29.5,346916,19,0,56.9
2026-09-15T22:47:42.302Z,29.5,344968,19,0,56.4
2026-09-15T22:47:47.333Z,29.6,349556,19,0,55.8
2026-09-15T22:47:52.365Z,29.5,349556,19,0,56.9
2026-09-15T22:47:57.396Z,29.5,349556,19,0,57.5
2026-09-15T22:48:02.435Z,29.5,348692,19,0,56.9
2026-09-15T22:48:07.478Z,29.5,350496,19,0,56.4
2026-09-15T22:48:12.520Z,29.6,353360,19,0,56.4
2026-09-15T22:48:17.551Z,29.6,354416,19,0,56.9
2026-09-15T22:48:22.582Z,29.5,354416,19,0,56.9
2026-09-15T22:48:27.621Z,29.5,351632,19,0,57.5
2026-09-15T22:48:32.661Z,29.6,352788,19,0,56.4
2026-09-15T22:48:37.702Z,29.6,353908,19,0,56.9
2026-09-15T22:48:42.734Z,29.6,354376,19,0,56.4
2026-09-15T22:48:47.764Z,29.5,354376,19,0,56.9
2026-09-15T22:48:52.796Z,29.5,354376,19,0,57.5
2026-09-15T22:48:57.836Z,29.5,352712,19,0,56.9
2026-09-15T22:49:02.875Z,29.6,350976,19,0,56.4
2026-09-15T22:49:07.914Z,29.6,352392,19,0,56.9
2026-09-15T22:49:12.945Z,29.6,352684,19,0,56.9
2026-09-15T22:49:17.976Z,29.5,352684,19,0,57.5
2026-09-15T22:49:23.015Z,29.5,352844,19,0,56.9
2026-09-15T22:49:28.056Z,29.6,355948,19,0,56.4
2026-09-15T22:49:33.095Z,29.6,349996,19,0,56.4
2026-09-15T22:49:38.126Z,29.6,348320,19,0,56.9
2026-09-15T22:49:43.157Z,29.6,348320,19,0,57.5
2026-09-15T22:49:48.188Z,29.5,348320,19,0,56.9
2026-09-15T22:49:53.231Z,29.5,349596,19,0,57.5
2026-09-15T22:49:58.274Z,29.6,348768,19,0,56.9
2026-09-15T22:50:03.313Z,29.6,348880,19,0,56.9
2026-09-15T22:50:08.344Z,29.6,349332,19,0,56.9
2026-09-15T22:50:13.376Z,29.5,349332,19,0,57.5
2026-09-15T22:50:18.407Z,29.5,349332,19,0,57.5
2026-09-15T22:50:23.447Z,29.5,349176,19,0,56.4
2026-09-15T22:50:28.486Z,29.6,354396,19,0,56.4
2026-09-15T22:50:33.518Z,29.6,353740,19,0,56.4
2026-09-15T22:50:38.548Z,29.6,353740,19,0,56.9
2026-09-15T22:50:43.579Z,29.5,357044,19,0,56.9
2026-09-15T22:50:48.617Z,29.5,357308,19,0,56.9
2026-09-15T22:50:53.659Z,29.6,361636,19,0,56.9
2026-09-15T22:50:58.698Z,29.6,358420,19,0,56.9
2026-09-15T22:51:03.730Z,29.6,358988,19,0,57.5
2026-09-15T22:51:08.760Z,29.5,358988,19,0,57.5
2026-09-15T22:51:13.801Z,29.5,360436,19,0,56.9
2026-09-15T22:51:18.842Z,29.6,358400,19,0,56.9
2026-09-15T22:51:23.881Z,29.6,346284,19,0,56.4
2026-09-15T22:51:28.913Z,29.6,346964,19,0,56.9
2026-09-15T22:51:33.944Z,29.6,346964,19,0,57.5
2026-09-15T22:51:38.975Z,29.5,346964,19,0,58.0
2026-09-15T22:51:44.014Z,29.5,340092,19,0,56.9
2026-09-15T22:51:49.053Z,29.6,347056,19,0,56.9
2026-09-15T22:51:54.095Z,29.6,344564,19,0,56.9
2026-09-15T22:51:59.127Z,29.6,344720,19,0,57.5
2026-09-15T22:52:04.158Z,29.5,348800,19,0,57.5
2026-09-15T22:52:09.195Z,29.5,343656,19,0,56.9
2026-09-15T22:52:14.237Z,29.6,352072,19,0,57.5
2026-09-15T22:52:19.277Z,29.6,356320,19,0,56.4
2026-09-15T22:52:24.310Z,29.6,355140,19,0,57.5
2026-09-15T22:52:29.340Z,29.6,355140,19,0,56.9
2026-09-15T22:52:34.380Z,29.5,355220,19,0,57.5
2026-09-15T22:52:39.421Z,29.6,356092,19,0,56.9
2026-09-15T22:52:44.462Z,29.6,361068,19,0,56.4
2026-09-15T22:52:49.493Z,29.6,358924,19,0,56.9
2026-09-15T22:52:54.524Z,29.6,358924,19,0,58.0
2026-09-15T22:52:59.556Z,29.5,358924,19,0,57.5
2026-09-15T22:53:04.596Z,29.6,360264,19,0,56.4
2026-09-15T22:53:09.637Z,29.6,359360,19,0,56.4
2026-09-15T22:53:14.670Z,29.6,356856,19,0,56.9
2026-09-15T22:53:19.701Z,29.6,358888,19,0,56.9
2026-09-15T22:53:24.732Z,29.5,358888,19,0,57.5
2026-09-15T22:53:29.773Z,29.5,358936,19,0,56.9
2026-09-15T22:53:34.811Z,29.6,314024,19,0,56.9
2026-09-15T22:53:39.851Z,29.7,286536,19,0,56.9
2026-09-15T22:53:44.884Z,29.6,286808,19,0,58.0
2026-09-15T22:53:49.915Z,29.6,286808,19,0,57.5
2026-09-15T22:53:54.954Z,29.5,286844,19,0,57.5
2026-09-15T22:53:59.994Z,29.6,296696,19,0,56.9
2026-09-15T22:54:05.037Z,29.7,308444,19,0,56.4
2026-09-15T22:54:10.069Z,29.7,311044,19,0,56.9
2026-09-15T22:54:15.099Z,29.6,311044,19,0,57.5
2026-09-15T22:54:20.130Z,29.6,311044,19,0,57.5
2026-09-15T22:54:25.168Z,29.6,314716,19,0,56.9
2026-09-15T22:54:30.207Z,29.6,323636,19,0,56.9
2026-09-15T22:54:35.249Z,29.7,331036,19,0,56.9
2026-09-15T22:54:40.280Z,29.7,336592,19,0,56.9
2026-09-15T22:54:45.311Z,29.6,336592,19,0,58.0
2026-09-15T22:54:50.342Z,29.6,336592,19,0,58.0
2026-09-15T22:54:55.380Z,29.6,337940,19,0,56.9
2026-09-15T22:55:00.422Z,29.6,342876,19,0,56.9
2026-09-15T22:55:05.457Z,29.7,348864,19,0,56.9
2026-09-15T22:55:10.488Z,29.7,348864,19,0,57.5
2026-09-15T22:55:15.520Z,29.6,348864,19,0,56.9
2026-09-15T22:55:20.551Z,29.6,348864,19,0,58.0
2026-09-15T22:55:25.589Z,29.6,349256,19,0,57.5
2026-09-15T22:55:30.629Z,29.7,351696,19,0,56.9
2026-09-15T22:55:35.661Z,29.7,346664,19,0,56.9
2026-09-15T22:55:40.691Z,29.6,352760,19,0,56.9
2026-09-15T22:55:45.723Z,29.6,352760,19,0,56.9
2026-09-15T22:55:50.764Z,29.6,350560,19,0,56.9
2026-09-15T22:55:55.805Z,29.6,351828,19,0,56.9
2026-09-15T22:56:00.845Z,29.7,355112,19,0,56.9
2026-09-15T22:56:05.876Z,29.7,356568,19,0,56.9
2026-09-15T22:56:10.908Z,29.6,356568,19,0,56.9
2026-09-15T22:56:15.947Z,29.6,354464,19,0,58.0
2026-09-15T22:56:20.988Z,29.6,355576,19,0,56.9
2026-09-15T22:56:26.028Z,29.7,358048,19,0,56.9
2026-09-15T22:56:31.059Z,29.7,359648,19,0,56.9
2026-09-15T22:56:36.090Z,29.6,359648,19,0,56.9
2026-09-15T22:56:41.121Z,29.6,359648,19,0,56.9
2026-09-15T22:56:46.163Z,29.7,350136,19,0,56.9
2026-09-15T22:56:51.209Z,29.7,317724,19,0,56.9
2026-09-15T22:56:56.241Z,29.7,289168,19,0,56.9
2026-09-15T22:57:01.272Z,29.7,291200,19,0,57.5
2026-09-15T22:57:06.303Z,29.6,291200,19,0,58.0
2026-09-15T22:57:11.345Z,29.6,294444,19,0,57.5
2026-09-15T22:57:16.384Z,29.7,303952,19,0,56.9
2026-09-15T22:57:21.423Z,29.7,309952,19,0,56.4
2026-09-15T22:57:26.454Z,29.7,313920,19,0,58.0
2026-09-15T22:57:31.485Z,29.7,313920,19,0,57.5
2026-09-15T22:57:36.516Z,29.6,313920,19,0,58.0
2026-09-15T22:57:41.557Z,29.7,319796,19,0,56.9
2026-09-15T22:57:46.596Z,29.7,321432,19,0,56.9
2026-09-15T22:57:51.628Z,29.7,326600,19,0,56.9
2026-09-15T22:57:56.659Z,29.7,326600,19,0,58.0
2026-09-15T22:58:01.691Z,29.7,326600,19,0,57.5
2026-09-15T22:58:06.730Z,29.6,339584,19,0,56.9
2026-09-15T22:58:11.770Z,29.7,343576,19,0,56.9
2026-09-15T22:58:16.808Z,29.7,351540,19,0,56.9
2026-09-15T22:58:21.840Z,29.7,353768,19,0,57.5
2026-09-15T22:58:26.871Z,29.7,353768,19,0,57.5
2026-09-15T22:58:31.903Z,29.6,353768,19,0,58.0
2026-09-15T22:58:36.943Z,29.6,347356,19,0,58.0
2026-09-15T22:58:41.982Z,29.7,355204,19,0,56.9
2026-09-15T22:58:47.021Z,29.7,353592,19,0,56.9
2026-09-15T22:58:52.052Z,29.7,356208,19,0,56.9
2026-09-15T22:58:57.084Z,29.7,356208,19,0,57.5
2026-09-15T22:59:02.114Z,29.6,356208,19,0,56.9
2026-09-15T22:59:07.154Z,29.6,354424,19,0,56.9
2026-09-15T22:59:12.195Z,29.7,352972,19,0,56.4
2026-09-15T22:59:17.231Z,29.7,360020,19,0,56.4
2026-09-15T22:59:22.263Z,29.7,360020,19,0,56.9
2026-09-15T22:59:27.294Z,29.6,360020,19,0,57.5
2026-09-15T22:59:32.334Z,29.6,359212,19,0,57.5
2026-09-15T22:59:37.371Z,29.7,362892,19,0,56.9
2026-09-15T22:59:42.413Z,29.7,361208,19,0,56.9
2026-09-15T22:59:47.443Z,29.7,362492,19,0,56.9
2026-09-15T22:59:52.474Z,29.7,362492,19,0,56.9
2026-09-15T22:59:57.505Z,29.6,362492,19,0,56.9
2026-09-15T23:00:02.543Z,29.7,364824,19,0,56.9
2026-09-15T23:00:07.586Z,29.7,366108,19,0,56.4
2026-09-15T23:00:12.618Z,29.7,362612,19,0,58.0
2026-09-15T23:00:17.648Z,29.7,362612,19,0,57.5
2026-09-15T23:00:22.679Z,29.6,362612,19,0,56.9
2026-09-15T23:00:27.718Z,29.7,363420,19,0,56.9
2026-09-15T23:00:32.760Z,29.7,365236,19,0,56.9
2026-09-15T23:00:37.791Z,29.7,366784,19,0,56.9
2026-09-15T23:00:42.822Z,29.7,366784,19,0,56.9
2026-09-15T23:00:47.852Z,29.7,366784,19,0,57.5
2026-09-15T23:00:52.893Z,29.7,358512,19,0,56.9
2026-09-15T23:00:57.935Z,29.7,358844,19,0,56.4
2026-09-15T23:01:02.978Z,29.7,357644,19,0,56.9
2026-09-15T23:01:08.009Z,29.7,356904,19,0,56.9
2026-09-15T23:01:13.041Z,29.7,356904,19,0,56.9
2026-09-15T23:01:18.080Z,29.7,357736,19,0,56.9
2026-09-15T23:01:23.121Z,29.7,355580,19,0,56.9
2026-09-15T23:01:28.163Z,29.8,350004,19,0,56.9
2026-09-15T23:01:33.195Z,29.7,349820,19,0,56.9
2026-09-15T23:01:38.226Z,29.7,349820,19,0,57.5
2026-09-15T23:01:43.257Z,29.7,349820,19,0,58.0
2026-09-15T23:01:48.292Z,29.7,345588,19,0,56.9
2026-09-15T23:01:53.332Z,29.7,350104,19,0,56.4
2026-09-15T23:01:58.364Z,29.8,350332,19,0,56.9
2026-09-15T23:02:03.395Z,29.7,350332,19,0,57.5
2026-09-15T23:02:08.426Z,29.7,350332,19,0,58.0
2026-09-15T23:02:13.465Z,29.7,346092,19,0,58.0
2026-09-15T23:02:18.505Z,29.7,348212,19,0,56.9
2026-09-15T23:02:23.544Z,29.7,349168,19,0,56.9
2026-09-15T23:02:28.575Z,29.7,349760,19,0,56.9
2026-09-15T23:02:33.607Z,29.7,349760,19,0,57.5
2026-09-15T23:02:38.639Z,29.7,349760,19,0,58.0
2026-09-15T23:02:43.677Z,29.7,350580,19,0,58.0
2026-09-15T23:02:48.722Z,29.7,350864,19,0,56.9
2026-09-15T23:02:53.765Z,29.8,351464,19,0,56.9
2026-09-15T23:02:58.798Z,29.7,351820,19,0,58.0
2026-09-15T23:03:03.829Z,29.7,351820,19,0,58.0
2026-09-15T23:03:08.869Z,29.7,352644,19,0,58.0
2026-09-15T23:03:13.909Z,29.7,354548,19,0,56.9
2026-09-15T23:03:18.950Z,29.8,355360,19,0,56.9
2026-09-15T23:03:23.981Z,29.7,355788,19,0,57.5
2026-09-15T23:03:29.012Z,29.7,355788,19,0,56.9
2026-09-15T23:03:34.044Z,29.7,355788,19,0,58.0
2026-09-15T23:03:39.075Z,29.6,355788,19,0,58.0
2026-09-15T23:03:44.114Z,29.7,355080,19,0,57.5
2026-09-15T23:03:49.151Z,29.7,349008,19,0,57.5
2026-09-15T23:03:54.183Z,29.7,350780,19,0,56.9
2026-09-15T23:03:59.214Z,29.7,350780,19,0,58.0
2026-09-15T23:04:04.245Z,29.6,355916,19,0,58.0
2026-09-15T23:04:09.287Z,29.6,352912,19,0,57.5
2026-09-15T23:04:14.332Z,29.7,357516,19,0,56.9
2026-09-15T23:04:19.372Z,29.7,350268,19,0,56.9
2026-09-15T23:04:24.404Z,29.7,352548,19,0,56.9
2026-09-15T23:04:29.434Z,29.7,352548,19,0,58.0
2026-09-15T23:04:34.467Z,29.6,352548,19,0,58.0
2026-09-15T23:04:39.507Z,29.6,352948,19,0,58.0
2026-09-15T23:04:44.547Z,29.6,351924,19,0,57.5
2026-09-15T23:04:49.587Z,29.7,354276,19,0,56.9
2026-09-15T23:04:54.619Z,29.7,352168,19,0,56.9
2026-09-15T23:04:59.649Z,29.6,352168,19,0,57.5
2026-09-15T23:05:04.681Z,29.6,352176,19,0,58.0
2026-09-15T23:05:09.720Z,29.6,349948,19,0,58.0
2026-09-15T23:05:14.758Z,29.6,314496,19,0,56.9
2026-09-15T23:05:19.794Z,29.7,293980,19,0,56.9
2026-09-15T23:05:24.825Z,29.7,305100,19,0,56.9
2026-09-15T23:05:29.856Z,29.6,305100,19,0,58.0
2026-09-15T23:05:34.887Z,29.6,316336,19,0,58.0
2026-09-15T23:05:39.925Z,29.6,306280,19,0,58.0
2026-09-15T23:05:44.964Z,29.7,327428,19,0,56.4
2026-09-15T23:05:49.996Z,29.7,320436,19,0,57.5
2026-09-15T23:05:55.027Z,29.7,332620,19,0,57.5
2026-09-15T23:06:00.057Z,29.6,332620,19,0,58.0
2026-09-15T23:06:05.096Z,29.6,346848,19,0,56.9
2026-09-15T23:06:10.134Z,29.7,333936,19,0,56.9
2026-09-15T23:06:15.174Z,29.7,343992,19,0,56.9
2026-09-15T23:06:20.205Z,29.7,347340,19,0,57.5
2026-09-15T23:06:25.236Z,29.6,347340,19,0,57.5
2026-09-15T23:06:30.275Z,29.6,340380,19,0,56.9
2026-09-15T23:06:35.315Z,29.7,347796,19,0,56.9
2026-09-15T23:06:40.355Z,29.7,350384,19,0,56.9
2026-09-15T23:06:45.386Z,29.7,346808,19,0,56.9
2026-09-15T23:06:50.428Z,29.7,346808,19,0,58.0
2026-09-15T23:06:55.459Z,29.6,346808,19,0,58.0
2026-09-15T23:07:00.498Z,29.7,344296,19,0,56.9
2026-09-15T23:07:05.538Z,29.7,349532,19,0,56.9
2026-09-15T23:07:10.570Z,29.7,348888,19,0,56.9
2026-09-15T23:07:15.601Z,29.7,349964,19,0,57.5
2026-09-15T23:07:20.631Z,29.6,349964,19,0,58.0
2026-09-15T23:07:25.673Z,29.6,353364,19,0,58.0
2026-09-15T23:07:30.711Z,29.7,352380,19,0,57.5
2026-09-15T23:07:35.750Z,29.7,352292,19,0,56.9
2026-09-15T23:07:40.782Z,29.7,351472,19,0,56.9
2026-09-15T23:07:45.813Z,29.7,351472,19,0,58.0
2026-09-15T23:07:50.844Z,29.6,351472,19,0,58.0
2026-09-15T23:07:55.882Z,29.7,364380,19,0,58.0
2026-09-15T23:08:00.922Z,29.7,284560,19,0,56.9
2026-09-15T23:08:05.954Z,29.7,282448,19,0,56.9
2026-09-15T23:08:10.986Z,29.7,282448,19,0,58.0
2026-09-15T23:08:16.017Z,29.7,282448,19,0,58.0
2026-09-15T23:08:21.058Z,29.7,296016,19,0,57.5
2026-09-15T23:08:26.096Z,29.7,309260,19,0,56.9
2026-09-15T23:08:31.128Z,29.8,313848,19,0,56.9
2026-09-15T23:08:36.159Z,29.7,313848,19,0,58.0
2026-09-15T23:08:41.191Z,29.7,313848,19,0,58.0
2026-09-15T23:08:46.233Z,29.7,318636,19,0,57.5
2026-09-15T23:08:51.272Z,29.7,325340,19,0,56.9
2026-09-15T23:08:56.312Z,29.8,332916,19,0,56.9
2026-09-15T23:09:01.344Z,29.7,335724,19,0,56.9
2026-09-15T23:09:06.375Z,29.7,335724,19,0,58.0
2026-09-15T23:09:11.406Z,29.7,335724,19,0,58.0
2026-09-15T23:09:16.451Z,29.7,340072,19,0,57.5
2026-09-15T23:09:21.493Z,29.7,344352,19,0,56.9
2026-09-15T23:09:26.526Z,29.8,348888,19,0,56.9
2026-09-15T23:09:31.557Z,29.7,348888,19,0,56.9
2026-09-15T23:09:36.588Z,29.7,348888,19,0,58.0
2026-09-15T23:09:41.630Z,29.7,345816,19,0,58.0
2026-09-15T23:09:46.667Z,29.7,347316,19,0,56.4
2026-09-15T23:09:51.708Z,29.7,349336,19,0,56.9
2026-09-15T23:09:56.739Z,29.7,349628,19,0,58.0
2026-09-15T23:10:01.772Z,29.7,349628,19,0,58.0
2026-09-15T23:10:06.803Z,29.7,349628,19,0,56.9
2026-09-15T23:10:11.834Z,29.6,349628,19,0,58.0
2026-09-15T23:10:16.876Z,29.7,346660,19,0,58.0
2026-09-15T23:10:21.915Z,29.7,347536,19,0,56.9
2026-09-15T23:10:26.947Z,29.7,347548,19,0,56.9
2026-09-15T23:10:31.979Z,29.7,347548,19,0,57.5
2026-09-15T23:10:37.033Z,29.6,347548,19,0,58.0
2026-09-15T23:10:42.064Z,29.6,347548,19,0,58.0
2026-09-15T23:10:47.103Z,29.6,347636,19,0,58.0
2026-09-15T23:10:52.153Z,29.7,349752,19,0,56.9
2026-09-15T23:10:57.186Z,29.7,349660,19,0,56.9
2026-09-15T23:11:02.217Z,29.7,349660,19,0,57.5
2026-09-15T23:11:07.249Z,29.6,349660,19,0,58.0
2026-09-15T23:11:12.288Z,29.6,350004,19,0,58.5
2026-09-15T23:11:17.331Z,29.7,355096,19,0,56.9
2026-09-15T23:11:22.371Z,29.7,355112,19,0,56.9
2026-09-15T23:11:27.403Z,29.7,355888,19,0,57.5
2026-09-15T23:11:32.434Z,29.7,355888,19,0,58.0
2026-09-15T23:11:37.465Z,29.6,355888,19,0,58.0
2026-09-15T23:11:42.508Z,29.7,365452,19,0,56.9
2026-09-15T23:11:47.547Z,29.7,281216,19,0,57.5
2026-09-15T23:11:52.578Z,29.7,279860,19,0,56.9
2026-09-15T23:11:57.610Z,29.7,279860,19,0,57.5
2026-09-15T23:12:02.641Z,29.7,283940,19,0,57.5
2026-09-15T23:12:07.680Z,29.7,295460,19,0,56.9
2026-09-15T23:12:12.720Z,29.7,316580,19,0,56.9
2026-09-15T23:12:17.758Z,29.7,326288,19,0,56.9
2026-09-15T23:12:22.789Z,29.7,328328,19,0,56.9
2026-09-15T23:12:27.820Z,29.7,328328,19,0,56.9
2026-09-15T23:12:32.859Z,29.7,343436,19,0,56.9
2026-09-15T23:12:37.902Z,29.7,349500,19,0,56.9
2026-09-15T23:12:42.941Z,29.8,351252,19,0,56.9
2026-09-15T23:12:47.973Z,29.7,353212,19,0,57.5
2026-09-15T23:12:53.004Z,29.7,361364,19,0,58.0
2026-09-15T23:12:58.034Z,29.7,361364,19,0,58.0
2026-09-15T23:13:03.075Z,29.7,360900,19,0,56.9
2026-09-15T23:13:08.118Z,29.7,372724,19,0,56.9
2026-09-15T23:13:13.149Z,29.8,372468,19,0,56.9
2026-09-15T23:13:18.180Z,29.7,372468,19,0,56.9
2026-09-15T23:13:23.212Z,29.7,372468,19,0,56.9
2026-09-15T23:13:28.251Z,29.7,372604,19,0,56.9
2026-09-15T23:13:33.293Z,29.7,378580,19,0,56.9
2026-09-15T23:13:38.335Z,29.7,372180,19,0,56.4
2026-09-15T23:13:43.366Z,29.7,365888,19,0,56.9
2026-09-15T23:13:48.397Z,29.7,365888,19,0,57.5
2026-09-15T23:13:53.428Z,29.7,365888,19,0,58.0
2026-09-15T23:13:58.469Z,29.7,367272,19,0,56.9
2026-09-15T23:14:03.508Z,29.7,356828,19,0,56.9
2026-09-15T23:14:08.550Z,29.8,356372,19,0,56.9
2026-09-15T23:14:13.581Z,29.7,356384,19,0,57.5
2026-09-15T23:14:18.613Z,29.7,362672,19,0,58.5
2026-09-15T23:14:23.653Z,29.7,363416,19,0,57.5
2026-09-15T23:14:28.693Z,29.7,290152,19,0,57.5
2026-09-15T23:14:33.736Z,29.8,293176,19,0,56.9
2026-09-15T23:14:38.767Z,29.8,293180,19,0,58.0
2026-09-15T23:14:43.799Z,29.7,293180,19,0,58.0
2026-09-15T23:14:48.839Z,29.7,293760,19,0,58.0
2026-09-15T23:14:53.878Z,29.7,307640,19,0,56.9
2026-09-15T23:14:58.917Z,29.8,314340,19,0,56.4
2026-09-15T23:15:03.949Z,29.8,316992,19,0,57.5
2026-09-15T23:15:08.980Z,29.7,316992,19,0,57.5
2026-09-15T23:15:14.012Z,29.7,316992,19,0,58.0
2026-09-15T23:15:19.051Z,29.7,323536,19,0,56.9
2026-09-15T23:15:24.091Z,29.8,330336,19,0,56.4
2026-09-15T23:15:29.123Z,29.8,339560,19,0,56.9
2026-09-15T23:15:34.155Z,29.8,339560,19,0,57.5
2026-09-15T23:15:39.186Z,29.7,339560,19,0,58.0
2026-09-15T23:15:44.227Z,29.7,338500,19,0,57.5
2026-09-15T23:15:49.266Z,29.8,344696,19,0,57.5
2026-09-15T23:15:54.305Z,29.8,348236,19,0,56.4
2026-09-15T23:15:59.336Z,29.8,349728,19,0,57.5
2026-09-15T23:16:04.367Z,29.7,349728,19,0,58.0
2026-09-15T23:16:09.405Z,29.7,353452,19,0,56.9
2026-09-15T23:16:14.445Z,29.8,358068,19,0,56.9
2026-09-15T23:16:19.487Z,29.8,356484,19,0,56.9
2026-09-15T23:16:24.518Z,29.8,355356,19,0,56.9
2026-09-15T23:16:29.549Z,29.7,355356,19,0,58.0
2026-09-15T23:16:34.580Z,29.7,355356,19,0,58.0
2026-09-15T23:16:39.620Z,29.7,355984,19,0,58.0
2026-09-15T23:16:44.659Z,29.7,354244,19,0,56.9
2026-09-15T23:16:49.699Z,29.8,357152,19,0,56.9
2026-09-15T23:16:54.729Z,29.8,358368,19,0,57.5
2026-09-15T23:16:59.760Z,29.7,358368,19,0,56.9
2026-09-15T23:17:04.791Z,29.7,358368,19,0,58.0
2026-09-15T23:17:09.830Z,29.7,357544,19,0,57.5
2026-09-15T23:17:14.869Z,29.7,357588,19,0,56.9
2026-09-15T23:17:19.909Z,29.8,354892,19,0,56.9
2026-09-15T23:17:24.942Z,29.7,354896,19,0,58.0
2026-09-15T23:17:29.974Z,29.7,354896,19,0,58.0
2026-09-15T23:17:35.004Z,29.7,354896,19,0,58.0
2026-09-15T23:17:40.044Z,29.7,354836,19,0,56.9
2026-09-15T23:17:45.084Z,29.7,351440,19,0,56.9
2026-09-15T23:17:50.115Z,29.8,355588,19,0,56.9
2026-09-15T23:17:55.147Z,29.7,355588,19,0,57.5
2026-09-15T23:18:00.177Z,29.7,361588,19,0,58.0
2026-09-15T23:18:05.217Z,29.7,356952,19,0,56.9
2026-09-15T23:18:10.257Z,29.7,358524,19,0,56.9
2026-09-15T23:18:15.297Z,29.8,360476,19,0,56.9
2026-09-15T23:18:20.328Z,29.7,361124,19,0,58.0
2026-09-15T23:18:25.359Z,29.7,367312,19,0,56.9
2026-09-15T23:18:30.399Z,29.7,367460,19,0,58.0
2026-09-15T23:18:35.438Z,29.7,362628,19,0,56.9
2026-09-15T23:18:40.477Z,29.8,364948,19,0,56.9
2026-09-15T23:18:45.508Z,29.8,370140,19,0,57.5
2026-09-15T23:18:50.539Z,29.7,370140,19,0,57.5
2026-09-15T23:18:55.571Z,29.7,384264,19,0,58.0
2026-09-15T23:19:00.609Z,29.7,376700,19,0,57.5
2026-09-15T23:19:05.648Z,29.7,395736,19,0,56.9
2026-09-15T23:19:10.690Z,29.8,391996,19,0,56.9
2026-09-15T23:19:15.720Z,29.7,399160,19,0,56.9
2026-09-15T23:19:20.751Z,29.7,399160,19,0,58.0
2026-09-15T23:19:25.782Z,29.7,399160,19,0,58.0
2026-09-15T23:19:30.822Z,29.7,397296,19,0,56.9
2026-09-15T23:19:35.861Z,29.7,389048,19,0,56.9
2026-09-15T23:19:40.892Z,29.8,382500,19,0,56.9
2026-09-15T23:19:45.923Z,29.7,382500,19,0,58.0
2026-09-15T23:19:50.954Z,29.7,382500,19,0,58.0
2026-09-15T23:19:55.994Z,29.7,382524,19,0,58.0
2026-09-15T23:20:01.034Z,29.7,375660,19,0,56.9
2026-09-15T23:20:06.073Z,29.7,374888,19,0,57.5
2026-09-15T23:20:11.105Z,29.7,375048,19,0,56.9
2026-09-15T23:20:16.135Z,29.7,383192,19,0,57.5
2026-09-15T23:20:21.166Z,29.7,383192,19,0,58.0
2026-09-15T23:20:26.204Z,29.7,400440,19,0,58.0
2026-09-15T23:20:31.246Z,29.7,396544,19,0,56.4
2026-09-15T23:20:36.284Z,29.8,402360,19,0,56.9
2026-09-15T23:20:41.315Z,29.7,402360,19,0,58.0
2026-09-15T23:20:46.346Z,29.7,402360,19,0,58.0
2026-09-15T23:20:51.377Z,29.7,402360,19,0,58.5
2026-09-15T23:20:56.414Z,29.7,398616,19,0,56.9
2026-09-15T23:21:01.454Z,29.7,394976,19,0,56.9
2026-09-15T23:21:06.486Z,29.8,386740,19,0,56.9
2026-09-15T23:21:11.516Z,29.7,386740,19,0,57.5
2026-09-15T23:21:16.546Z,29.7,386740,19,0,58.0
2026-09-15T23:21:21.588Z,29.7,378276,19,0,56.9
2026-09-15T23:21:26.625Z,29.8,294632,19,0,56.9
2026-09-15T23:21:31.657Z,29.8,295448,19,0,56.9
2026-09-15T23:21:36.689Z,29.7,295448,19,0,57.5
2026-09-15T23:21:41.719Z,29.7,295448,19,0,58.0
2026-09-15T23:21:46.758Z,29.7,322152,19,0,57.5
2026-09-15T23:21:51.799Z,29.8,326076,19,0,56.9
2026-09-15T23:21:56.831Z,29.8,342748,19,0,56.4
2026-09-15T23:22:01.862Z,29.8,342748,19,0,56.9
2026-09-15T23:22:06.894Z,29.7,342748,19,0,57.5
2026-09-15T23:22:11.933Z,29.7,345240,19,0,58.0
2026-09-15T23:22:16.971Z,29.7,348084,19,0,56.9
2026-09-15T23:22:22.011Z,29.8,354388,19,0,57.5
2026-09-15T23:22:27.043Z,29.8,351828,19,0,56.9
2026-09-15T23:22:32.074Z,29.8,351828,19,0,58.0
2026-09-15T23:22:37.106Z,29.7,351828,19,0,58.0
2026-09-15T23:22:42.144Z,29.7,357664,19,0,58.0
2026-09-15T23:22:47.185Z,29.8,357676,19,0,57.5
2026-09-15T23:22:52.225Z,29.8,355836,19,0,56.9
2026-09-15T23:22:57.256Z,29.8,356404,19,0,58.0
2026-09-15T23:23:02.287Z,29.7,356404,19,0,56.9
2026-09-15T23:23:07.317Z,29.7,356404,19,0,58.0
2026-09-15T23:23:12.360Z,29.7,358432,19,0,57.5
2026-09-15T23:23:17.401Z,29.8,355276,19,0,56.9
2026-09-15T23:23:22.432Z,29.8,354448,19,0,56.9
2026-09-15T23:23:27.462Z,29.8,354448,19,0,57.5
2026-09-15T23:23:32.493Z,29.7,354448,19,0,58.0
2026-09-15T23:23:37.535Z,29.7,354524,19,0,58.0
2026-09-15T23:23:42.575Z,29.7,352724,19,0,58.0
2026-09-15T23:23:47.617Z,29.8,350228,19,0,56.4
2026-09-15T23:23:52.648Z,29.8,350852,19,0,56.9
2026-09-15T23:23:57.678Z,29.7,350852,19,0,58.0
2026-09-15T23:24:02.710Z,29.7,352860,19,0,57.5
2026-09-15T23:24:07.750Z,29.7,353444,19,0,58.0
2026-09-15T23:24:12.792Z,29.7,353576,19,0,57.5
2026-09-15T23:24:17.832Z,29.8,350052,19,0,57.5
2026-09-15T23:24:22.864Z,29.8,351844,19,0,56.9
2026-09-15T23:24:27.895Z,29.7,351844,19,0,58.0
2026-09-15T23:24:32.933Z,29.7,348904,19,0,57.5
2026-09-15T23:24:37.974Z,29.7,351184,19,0,57.5
2026-09-15T23:24:43.014Z,29.8,347984,19,0,56.9
2026-09-15T23:24:48.044Z,29.8,349188,19,0,57.5
2026-09-15T23:24:53.075Z,29.7,349188,19,0,58.0
2026-09-15T23:24:58.107Z,29.7,349188,19,0,58.0
2026-09-15T23:25:03.145Z,29.7,352520,19,0,57.5
2026-09-15T23:25:08.185Z,29.8,316356,19,0,56.9
2026-09-15T23:25:13.216Z,29.8,295024,19,0,56.9
2026-09-15T23:25:18.247Z,29.8,295024,19,0,57.5
2026-09-15T23:25:23.279Z,29.7,302276,19,0,58.0
2026-09-15T23:25:28.317Z,29.7,293268,19,0,57.5
2026-09-15T23:25:33.356Z,29.8,313812,19,0,56.9
2026-09-15T23:25:38.396Z,29.8,312136,19,0,56.9
2026-09-15T23:25:43.427Z,29.8,330584,19,0,56.9
2026-09-15T23:25:48.459Z,29.8,330584,19,0,57.5
2026-09-15T23:25:53.500Z,29.7,343224,19,0,58.0
2026-09-15T23:25:58.541Z,29.8,327340,19,0,56.9
2026-09-15T23:26:03.582Z,29.8,335528,19,0,56.9
2026-09-15T23:26:08.615Z,29.8,339432,19,0,57.5
2026-09-15T23:26:13.646Z,29.8,349504,19,0,56.9
2026-09-15T23:26:18.677Z,29.7,349504,19,0,58.5
2026-09-15T23:26:23.708Z,29.7,359636,19,0,58.5
2026-09-15T23:26:28.752Z,29.7,347372,19,0,57.5
2026-09-15T23:26:33.792Z,29.8,360476,19,0,56.9
2026-09-15T23:26:38.824Z,29.8,360896,19,0,56.9
2026-09-15T23:26:43.855Z,29.8,366960,19,0,56.9
2026-09-15T23:26:48.887Z,29.7,366960,19,0,58.0
2026-09-15T23:26:53.926Z,29.7,370536,19,0,57.5
2026-09-15T23:26:58.968Z,29.8,376636,19,0,56.9
2026-09-15T23:27:04.007Z,29.8,377700,19,0,56.9
2026-09-15T23:27:09.038Z,29.8,376532,19,0,58.0
2026-09-15T23:27:14.069Z,29.7,376532,19,0,58.0
2026-09-15T23:27:19.100Z,29.7,376532,19,0,58.0
2026-09-15T23:27:24.138Z,29.7,380516,19,0,58.0
2026-09-15T23:27:29.178Z,29.8,378324,19,0,56.9
2026-09-15T23:27:34.218Z,29.8,378296,19,0,57.5
2026-09-15T23:27:39.251Z,29.8,378612,19,0,58.0
2026-09-15T23:27:44.282Z,29.7,378612,19,0,58.0
2026-09-15T23:27:49.319Z,29.7,378624,19,0,58.0
2026-09-15T23:27:54.360Z,29.7,381136,19,0,56.9
2026-09-15T23:27:59.405Z,29.8,378424,19,0,56.9
2026-09-15T23:28:04.438Z,29.8,379852,19,0,56.9
2026-09-15T23:28:09.469Z,29.7,379852,19,0,56.9
2026-09-15T23:28:14.500Z,29.7,379852,19,0,58.0
2026-09-15T23:28:19.543Z,29.7,376068,19,0,57.5
2026-09-15T23:28:24.583Z,29.7,374068,19,0,56.9
2026-09-15T23:28:29.625Z,29.8,375552,19,0,56.4
2026-09-15T23:28:34.657Z,29.8,374428,19,0,57.5
2026-09-15T23:28:39.687Z,29.7,374428,19,0,57.5
2026-09-15T23:28:44.719Z,29.7,374428,19,0,58.0
2026-09-15T23:28:49.758Z,29.7,374656,19,0,58.0
2026-09-15T23:28:54.797Z,29.7,371628,19,0,56.9
2026-09-15T23:28:59.838Z,29.8,380584,19,0,57.5
2026-09-15T23:29:04.870Z,29.7,382156,19,0,58.0
2026-09-15T23:29:09.902Z,29.7,382156,19,0,57.5
2026-09-15T23:29:14.940Z,29.7,379696,19,0,58.0
2026-09-15T23:29:19.979Z,29.7,330012,19,0,56.9
2026-09-15T23:29:25.018Z,29.8,333896,19,0,56.9
2026-09-15T23:29:30.049Z,29.8,299684,19,0,56.9
2026-09-15T23:29:35.080Z,29.7,299684,19,0,58.0
2026-09-15T23:29:40.110Z,29.7,299684,19,0,58.0
2026-09-15T23:29:45.150Z,29.7,300540,19,0,58.0
2026-09-15T23:29:50.191Z,29.7,313200,19,0,56.9
2026-09-15T23:29:55.230Z,29.8,322960,19,0,56.9
2026-09-15T23:30:00.262Z,29.8,325648,19,0,58.0
2026-09-15T23:30:05.295Z,29.7,325648,19,0,58.0
2026-09-15T23:30:10.334Z,29.7,332340,19,0,58.0
2026-09-15T23:30:15.377Z,29.7,304360,19,0,56.9
2026-09-15T23:30:20.419Z,29.8,286936,19,0,56.9
2026-09-15T23:30:25.450Z,29.8,284992,19,0,57.5
2026-09-15T23:30:30.481Z,29.8,284992,19,0,58.0
2026-09-15T23:30:35.511Z,29.7,284992,19,0,58.0
2026-09-15T23:30:40.551Z,29.8,291360,19,0,56.9
2026-09-15T23:30:45.589Z,29.8,293468,19,0,56.9
2026-09-15T23:30:50.621Z,29.8,297716,19,0,56.9
2026-09-15T23:30:55.652Z,29.8,297716,19,0,57.5
2026-09-15T23:31:00.683Z,29.7,298020,19,0,58.0
2026-09-15T23:31:05.727Z,29.7,298404,19,0,58.0
2026-09-15T23:31:10.767Z,29.8,307876,19,0,56.9
2026-09-15T23:31:15.806Z,29.8,319668,19,0,56.9
2026-09-15T23:31:20.840Z,29.8,322680,19,0,57.5
2026-09-15T23:31:25.871Z,29.8,322680,19,0,58.0
2026-09-15T23:31:30.901Z,29.7,326580,19,0,57.5
2026-09-15T23:31:35.941Z,29.8,326704,19,0,57.5
2026-09-15T23:31:40.980Z,29.8,314548,19,0,58.0
2026-09-15T23:31:46.012Z,29.8,304936,19,0,57.5
2026-09-15T23:31:51.045Z,29.8,319308,19,0,58.0
2026-09-15T23:31:56.076Z,29.8,319308,19,0,58.0
2026-09-15T23:32:01.110Z,29.7,333396,19,0,58.0
2026-09-15T23:32:06.153Z,29.8,310452,19,0,56.9
2026-09-15T23:32:11.198Z,29.8,322288,19,0,56.9
2026-09-15T23:32:16.228Z,29.8,328720,19,0,56.9
2026-09-15T23:32:21.258Z,29.8,340864,19,0,58.0
2026-09-15T23:32:26.289Z,29.8,340864,19,0,58.0
2026-09-15T23:32:31.328Z,29.8,343832,19,0,56.9
2026-09-15T23:32:36.370Z,29.8,342664,19,0,56.9
2026-09-15T23:32:41.401Z,29.8,351320,19,0,56.9
2026-09-15T23:32:46.432Z,29.8,351320,19,0,56.9
2026-09-15T23:32:51.463Z,29.8,351320,19,0,58.0
2026-09-15T23:32:56.505Z,29.8,352144,19,0,56.9
2026-09-15T23:33:01.544Z,29.8,355604,19,0,57.5
2026-09-15T23:33:06.584Z,29.8,356204,19,0,56.9
2026-09-15T23:33:11.616Z,29.8,356412,19,0,57.5
2026-09-15T23:33:16.647Z,29.8,356412,19,0,58.0
2026-09-15T23:33:21.678Z,29.8,356412,19,0,58.0
2026-09-15T23:33:26.718Z,29.8,360524,19,0,57.5
2026-09-15T23:33:31.763Z,29.8,361448,19,0,57.5
2026-09-15T23:33:36.795Z,29.8,354804,19,0,56.9
2026-09-15T23:33:41.826Z,29.8,354804,19,0,58.0
2026-09-15T23:33:46.858Z,29.8,354804,19,0,58.0
2026-09-15T23:33:51.899Z,29.8,358564,19,0,56.9
2026-09-15T23:33:56.944Z,29.8,365000,19,0,56.9
2026-09-15T23:34:01.983Z,29.8,365744,19,0,56.9
2026-09-15T23:34:07.015Z,29.8,367152,19,0,58.0
2026-09-15T23:34:12.046Z,29.8,367152,19,0,57.5
2026-09-15T23:34:17.087Z,29.8,365564,19,0,58.0
2026-09-15T23:34:22.127Z,29.8,365080,19,0,56.9
2026-09-15T23:34:27.169Z,29.8,368868,19,0,56.9
2026-09-15T23:34:32.200Z,29.8,369228,19,0,56.9
2026-09-15T23:34:37.232Z,29.8,369228,19,0,58.0
2026-09-15T23:34:42.269Z,29.8,367944,19,0,58.0
2026-09-15T23:34:47.315Z,29.8,290600,19,0,58.0
2026-09-15T23:34:52.358Z,29.8,289464,19,0,56.9
2026-09-15T23:34:57.390Z,29.8,286532,19,0,57.5
2026-09-15T23:35:02.421Z,29.8,286532,19,0,58.0
2026-09-15T23:35:07.452Z,29.8,288572,19,0,58.0
2026-09-15T23:35:12.492Z,29.8,295516,19,0,58.0
2026-09-15T23:35:17.533Z,29.8,318256,19,0,56.9
2026-09-15T23:35:22.570Z,29.9,325876,19,0,56.4
2026-09-15T23:35:27.601Z,29.8,325876,19,0,58.0
2026-09-15T23:35:32.632Z,29.8,325876,19,0,58.0
2026-09-15T23:35:37.674Z,29.8,329388,19,0,58.0
2026-09-15T23:35:42.714Z,29.8,337152,19,0,56.9
2026-09-15T23:35:47.756Z,29.9,342612,19,0,56.9
2026-09-15T23:35:52.788Z,29.9,342764,19,0,57.5
2026-09-15T23:35:57.819Z,29.8,342764,19,0,58.0
2026-09-15T23:36:02.851Z,29.8,342764,19,0,58.0
2026-09-15T23:36:07.889Z,29.8,343872,19,0,56.9
2026-09-15T23:36:12.930Z,29.8,347924,19,0,56.9
2026-09-15T23:36:17.965Z,29.9,350132,19,0,56.4
2026-09-15T23:36:22.997Z,29.8,350132,19,0,57.5
2026-09-15T23:36:28.027Z,29.8,354204,19,0,58.0
2026-09-15T23:36:33.065Z,29.8,354900,19,0,58.0
2026-09-15T23:36:38.108Z,29.8,354700,19,0,56.9
2026-09-15T23:36:43.147Z,29.9,352708,19,0,56.9
2026-09-15T23:36:48.178Z,29.9,353044,19,0,57.5
2026-09-15T23:36:53.209Z,29.8,353044,19,0,57.5
2026-09-15T23:36:58.247Z,29.8,353100,19,0,58.0
2026-09-15T23:37:03.286Z,29.8,347832,19,0,56.9
2026-09-15T23:37:08.327Z,29.9,344836,19,0,56.9
2026-09-15T23:37:13.359Z,29.9,346416,19,0,56.9
2026-09-15T23:37:18.390Z,29.8,346416,19,0,57.5
2026-09-15T23:37:23.421Z,29.8,346416,19,0,56.9
2026-09-15T23:37:28.459Z,29.8,344568,19,0,57.5
2026-09-15T23:37:33.504Z,29.8,341256,19,0,56.9
2026-09-15T23:37:38.536Z,29.9,342828,19,0,56.9
2026-09-15T23:37:43.567Z,29.8,342828,19,0,58.0
2026-09-15T23:37:48.599Z,29.8,346892,19,0,58.0
2026-09-15T23:37:53.637Z,29.8,347512,19,0,58.0
2026-09-15T23:37:58.679Z,29.8,346864,19,0,56.9
2026-09-15T23:38:03.719Z,29.9,350016,19,0,56.9
2026-09-15T23:38:08.751Z,29.9,351504,19,0,56.9
2026-09-15T23:38:13.782Z,29.8,351504,19,0,58.0
2026-09-15T23:38:18.814Z,29.8,351504,19,0,58.0
2026-09-15T23:38:23.855Z,29.8,355040,19,0,58.0
2026-09-15T23:38:28.896Z,29.8,351892,19,0,56.9
2026-09-15T23:38:33.936Z,29.9,348868,19,0,56.9
2026-09-15T23:38:38.967Z,29.8,350484,19,0,57.5
2026-09-15T23:38:43.999Z,29.8,350484,19,0,58.0
2026-09-15T23:38:49.054Z,29.8,347672,19,0,58.0
2026-09-15T23:38:54.094Z,29.8,319404,19,0,57.5
2026-09-15T23:38:59.133Z,29.9,322356,19,0,56.9
2026-09-15T23:39:04.164Z,29.9,311660,19,0,56.9
2026-09-15T23:39:09.195Z,29.8,311660,19,0,57.5
2026-09-15T23:39:14.226Z,29.8,319812,19,0,57.5
2026-09-15T23:39:19.269Z,29.8,326604,19,0,56.9
2026-09-15T23:39:24.309Z,29.9,334968,19,0,56.9
2026-09-15T23:39:29.341Z,29.9,339312,19,0,56.9
2026-09-15T23:39:34.372Z,29.9,339312,19,0,56.9
2026-09-15T23:39:39.404Z,29.8,339312,19,0,58.0
2026-09-15T23:39:44.443Z,29.8,323216,19,0,57.5
2026-09-15T23:39:49.482Z,29.9,300032,19,0,56.9
2026-09-15T23:39:54.525Z,29.9,299676,19,0,56.4
2026-09-15T23:39:59.557Z,29.9,299456,19,0,58.0
2026-09-15T23:40:04.589Z,29.9,299456,19,0,57.5
2026-09-15T23:40:09.627Z,29.8,300352,19,0,57.5
2026-09-15T23:40:14.668Z,29.9,316964,19,0,56.9
2026-09-15T23:40:19.707Z,29.9,323480,19,0,56.4
2026-09-15T23:40:24.739Z,29.9,335712,19,0,57.5
2026-09-15T23:40:29.770Z,29.9,335712,19,0,58.0
2026-09-15T23:40:34.800Z,29.8,335712,19,0,57.5
2026-09-15T23:40:39.842Z,29.8,335784,19,0,58.0
2026-09-15T23:40:44.881Z,29.9,339904,19,0,57.5
2026-09-15T23:40:49.922Z,29.9,347280,19,0,56.9
2026-09-15T23:40:54.953Z,29.9,346756,19,0,57.5
2026-09-15T23:40:59.984Z,29.9,346756,19,0,58.0
2026-09-15T23:41:05.024Z,29.9,345540,19,0,58.0
2026-09-15T23:41:10.066Z,29.9,344608,19,0,56.9
2026-09-15T23:41:15.105Z,29.9,315604,19,0,56.9
2026-09-15T23:41:20.137Z,29.9,301872,19,0,57.5
2026-09-15T23:41:25.191Z,29.9,301872,19,0,57.5
2026-09-15T23:41:30.223Z,29.9,301872,19,0,56.9
2026-09-15T23:41:35.261Z,29.9,308296,19,0,56.9
2026-09-15T23:41:40.300Z,29.9,317300,19,0,56.9
2026-09-15T23:41:45.331Z,29.9,324596,19,0,56.9
2026-09-15T23:41:50.362Z,29.9,324596,19,0,56.9
2026-09-15T23:41:55.394Z,29.9,324596,19,0,57.5
2026-09-15T23:42:00.436Z,29.8,325100,19,0,58.0
2026-09-15T23:42:05.475Z,29.9,326576,19,0,56.9
2026-09-15T23:42:10.518Z,29.9,333668,19,0,56.9
2026-09-15T23:42:15.549Z,29.9,336764,19,0,56.9
2026-09-15T23:42:20.581Z,29.9,336764,19,0,57.5
2026-09-15T23:42:25.612Z,29.9,336764,19,0,58.0
2026-09-15T23:42:30.651Z,29.9,341736,19,0,56.9
2026-09-15T23:42:35.690Z,29.9,346108,19,0,56.9
2026-09-15T23:42:40.730Z,29.9,351316,19,0,56.9
2026-09-15T23:42:45.761Z,29.9,352040,19,0,58.0
2026-09-15T23:42:50.792Z,29.9,352040,19,0,58.0
2026-09-15T23:42:55.822Z,29.8,352040,19,0,56.9
2026-09-15T23:43:00.866Z,29.9,352524,19,0,57.5
2026-09-15T23:43:05.903Z,29.9,352448,19,0,56.9
2026-09-15T23:43:10.934Z,29.9,353776,19,0,56.9
2026-09-15T23:43:15.965Z,29.9,353776,19,0,56.9
2026-09-15T23:43:20.997Z,29.9,353776,19,0,58.0
2026-09-15T23:43:26.035Z,29.8,354060,19,0,56.9
2026-09-15T23:43:31.075Z,29.9,355408,19,0,56.9
2026-09-15T23:43:36.123Z,29.9,356328,19,0,56.9
2026-09-15T23:43:41.156Z,29.9,357344,19,0,56.9
2026-09-15T23:43:46.187Z,29.9,357344,19,0,56.9
2026-09-15T23:43:51.220Z,29.8,357344,19,0,58.0
2026-09-15T23:43:56.260Z,29.9,363224,19,0,56.9
2026-09-15T23:44:01.300Z,29.9,362700,19,0,56.4
2026-09-15T23:44:06.331Z,29.9,363060,19,0,56.9
2026-09-15T23:44:11.362Z,29.9,363060,19,0,57.5
2026-09-15T23:44:16.393Z,29.8,363060,19,0,58.0
2026-09-15T23:44:21.432Z,29.8,363380,19,0,58.0
2026-09-15T23:44:26.474Z,29.9,360244,19,0,56.9
2026-09-15T23:44:31.514Z,29.9,362112,19,0,56.9
2026-09-15T23:44:36.545Z,29.9,361748,19,0,56.9
2026-09-15T23:44:41.576Z,29.9,361748,19,0,58.0
2026-09-15T23:44:46.607Z,29.8,361748,19,0,57.5
2026-09-15T23:44:51.649Z,29.8,361156,19,0,56.9
2026-09-15T23:44:56.687Z,29.9,361568,19,0,56.9
2026-09-15T23:45:01.720Z,29.9,364340,19,0,56.9
2026-09-15T23:45:06.751Z,29.9,364340,19,0,56.9
2026-09-15T23:45:11.782Z,29.8,369808,19,0,58.0
2026-09-15T23:45:16.824Z,29.8,365588,19,0,57.5
2026-09-15T23:45:21.866Z,29.9,363608,19,0,56.9
2026-09-15T23:45:26.898Z,29.9,365472,19,0,56.9
2026-09-15T23:45:31.929Z,29.9,369780,19,0,58.0
2026-09-15T23:45:36.960Z,29.8,369780,19,0,57.5
2026-09-15T23:45:42.000Z,29.9,364928,19,0,56.9
2026-09-15T23:45:47.040Z,29.9,365268,19,0,56.9
2026-09-15T23:45:52.073Z,29.9,361648,19,0,56.9
2026-09-15T23:45:57.103Z,29.9,361648,19,0,57.5
2026-09-15T23:46:02.145Z,29.9,361648,19,0,58.0
2026-09-15T23:46:07.185Z,29.9,362236,19,0,57.5
2026-09-15T23:46:12.224Z,29.9,360548,19,0,56.9
2026-09-15T23:46:17.263Z,29.9,364060,19,0,56.9
2026-09-15T23:46:22.295Z,29.9,362624,19,0,57.5
2026-09-15T23:46:27.327Z,29.9,362624,19,0,58.0
2026-09-15T23:46:32.357Z,29.8,363380,19,0,58.0
2026-09-15T23:46:37.397Z,29.8,364624,19,0,56.9
2026-09-15T23:46:42.437Z,29.9,370732,19,0,56.9
2026-09-15T23:46:47.476Z,29.9,369504,19,0,56.9
2026-09-15T23:46:52.508Z,29.9,375328,19,0,58.0
2026-09-15T23:46:57.539Z,29.9,375328,19,0,56.9
2026-09-15T23:47:02.580Z,29.8,384476,19,0,57.5
2026-09-15T23:47:07.625Z,29.9,380020,19,0,56.9
2026-09-15T23:47:12.664Z,29.9,386872,19,0,56.9
2026-09-15T23:47:17.695Z,29.9,387628,19,0,56.9
2026-09-15T23:47:22.726Z,29.9,389660,19,0,58.0
2026-09-15T23:47:27.766Z,29.9,389824,19,0,57.5
2026-09-15T23:47:32.807Z,29.9,383636,19,0,56.9
2026-09-15T23:47:37.847Z,29.9,385936,19,0,56.9
2026-09-15T23:47:42.879Z,29.9,386392,19,0,56.9
2026-09-15T23:47:47.910Z,29.9,386392,19,0,58.0
2026-09-15T23:47:52.951Z,29.9,386392,19,0,57.5
2026-09-15T23:47:57.992Z,29.9,378864,19,0,56.9
2026-09-15T23:48:03.029Z,29.9,372596,19,0,56.9
2026-09-15T23:48:08.060Z,29.9,373092,19,0,56.9
2026-09-15T23:48:13.091Z,29.9,373092,19,0,58.0
2026-09-15T23:48:18.122Z,29.9,373092,19,0,58.0
2026-09-15T23:48:23.164Z,29.9,380604,19,0,56.9
2026-09-15T23:48:28.204Z,29.9,376344,19,0,56.9
2026-09-15T23:48:33.243Z,29.9,387804,19,0,56.9
2026-09-15T23:48:38.276Z,29.9,385408,19,0,56.9
2026-09-15T23:48:43.316Z,29.9,391512,19,0,58.0
2026-09-15T23:48:48.347Z,29.8,391512,19,0,58.0
2026-09-15T23:48:53.387Z,29.9,393876,19,0,57.5
2026-09-15T23:48:58.426Z,29.9,391196,19,0,56.9
2026-09-15T23:49:03.457Z,29.9,387460,19,0,58.0
2026-09-15T23:49:08.489Z,29.9,387460,19,0,58.0
2026-09-15T23:49:13.519Z,29.9,387460,19,0,58.0
2026-09-15T23:49:18.559Z,29.9,388452,19,0,56.9
2026-09-15T23:49:23.599Z,29.9,387536,19,0,56.9
2026-09-15T23:49:28.639Z,29.9,388248,19,0,56.9
2026-09-15T23:49:33.671Z,29.9,388780,19,0,56.9
2026-09-15T23:49:38.701Z,29.9,388780,19,0,58.0
2026-09-15T23:49:43.732Z,29.8,388780,19,0,58.0
2026-09-15T23:49:48.770Z,29.8,392368,19,0,56.9
2026-09-15T23:49:53.812Z,29.9,392144,19,0,56.4
2026-09-15T23:49:58.849Z,29.9,380552,19,0,56.9
2026-09-15T23:50:03.880Z,29.9,380648,19,0,56.9
2026-09-15T23:50:08.911Z,29.9,380648,19,0,56.9
2026-09-15T23:50:13.942Z,29.8,380648,19,0,57.5
2026-09-15T23:50:18.980Z,29.8,374352,19,0,56.9
2026-09-15T23:50:24.018Z,29.9,373576,19,0,56.9
2026-09-15T23:50:29.054Z,29.9,376496,19,0,56.4
2026-09-15T23:50:34.084Z,29.9,376664,19,0,56.9
2026-09-15T23:50:39.115Z,29.8,376664,19,0,58.0
2026-09-15T23:50:44.152Z,29.8,364768,19,0,56.9
2026-09-15T23:50:49.192Z,29.9,365992,19,0,56.9
2026-09-15T23:50:54.231Z,29.9,358712,19,0,56.4
2026-09-15T23:50:59.263Z,29.9,368424,19,0,56.9
2026-09-15T23:51:04.294Z,29.9,368424,19,0,57.5
2026-09-15T23:51:09.324Z,29.8,372472,19,0,58.5
2026-09-15T23:51:14.356Z,29.8,372472,19,0,58.0
2026-09-15T23:51:19.395Z,29.8,369596,19,0,58.0
2026-09-15T23:51:24.435Z,29.9,370460,19,0,56.4
2026-09-15T23:51:29.466Z,29.9,367596,19,0,56.9
2026-09-15T23:51:34.498Z,29.8,367596,19,0,57.5
2026-09-15T23:51:39.529Z,29.8,367596,19,0,58.0
2026-09-15T23:51:44.569Z,29.8,365828,19,0,57.5
2026-09-15T23:51:49.610Z,29.9,364612,19,0,56.9
2026-09-15T23:51:54.648Z,29.9,367004,19,0,56.4
2026-09-15T23:51:59.680Z,29.9,367012,19,0,58.0
2026-09-15T23:52:04.712Z,29.8,367012,19,0,56.9
2026-09-15T23:52:09.751Z,29.8,367468,19,0,58.0
2026-09-15T23:52:14.790Z,29.8,367400,19,0,56.9
2026-09-15T23:52:19.830Z,29.9,367780,19,0,56.9
2026-09-15T23:52:24.862Z,29.9,359424,19,0,56.9
2026-09-15T23:52:29.894Z,29.8,359424,19,0,58.0
2026-09-15T23:52:34.924Z,29.8,359424,19,0,57.5
2026-09-15T23:52:39.962Z,29.8,363136,19,0,56.9
2026-09-15T23:52:45.001Z,29.9,364584,19,0,56.9
2026-09-15T23:52:50.033Z,29.9,361872,19,0,56.4
2026-09-15T23:52:55.063Z,29.9,361872,19,0,57.5
2026-09-15T23:53:00.095Z,29.8,361872,19,0,58.0
2026-09-15T23:53:05.133Z,29.8,359024,19,0,56.9
2026-09-15T23:53:10.175Z,29.9,359712,19,0,56.9
2026-09-15T23:53:15.207Z,29.9,360852,19,0,56.9
2026-09-15T23:53:20.238Z,29.9,360852,19,0,57.5
2026-09-15T23:53:25.269Z,29.8,360852,19,0,58.0
2026-09-15T23:53:30.300Z,29.8,360852,19,0,58.0
2026-09-15T23:53:35.339Z,29.8,359364,19,0,56.9
2026-09-15T23:53:40.381Z,29.8,360196,19,0,56.9
2026-09-15T23:53:45.429Z,29.9,364236,19,0,56.9
2026-09-15T23:53:50.460Z,29.8,364236,19,0,56.9
2026-09-15T23:53:55.491Z,29.8,364236,19,0,58.0
2026-09-15T23:54:00.521Z,29.8,364236,19,0,58.0
2026-09-15T23:54:05.560Z,29.8,365680,19,0,56.9
2026-09-15T23:54:10.602Z,29.8,366780,19,0,56.9
2026-09-15T23:54:15.634Z,29.9,368076,19,0,56.9
2026-09-15T23:54:20.665Z,29.8,368076,19,0,58.0
2026-09-15T23:54:25.696Z,29.8,368076,19,0,57.5
2026-09-15T23:54:30.737Z,29.8,366148,19,0,57.5
2026-09-15T23:54:35.778Z,29.9,364664,19,0,56.9
2026-09-15T23:54:40.811Z,29.9,364932,19,0,56.9
2026-09-15T23:54:45.842Z,29.8,366824,19,0,58.0
2026-09-15T23:54:50.874Z,29.8,366824,19,0,58.0
2026-09-15T23:54:55.916Z,29.8,372020,19,0,57.5
2026-09-15T23:55:00.958Z,29.8,371340,19,0,56.9
2026-09-15T23:55:06.001Z,29.9,360140,19,0,56.9
2026-09-15T23:55:11.033Z,29.9,361584,19,0,57.5
2026-09-15T23:55:16.064Z,29.8,361584,19,0,58.0
2026-09-15T23:55:21.095Z,29.8,361584,19,0,58.0
2026-09-15T23:55:26.136Z,29.8,355520,19,0,57.5
2026-09-15T23:55:31.175Z,29.9,356468,19,0,57.5
2026-09-15T23:55:36.206Z,29.9,358648,19,0,56.9
2026-09-15T23:55:41.238Z,29.8,358648,19,0,57.5
2026-09-15T23:55:46.269Z,29.8,358648,19,0,57.5
2026-09-15T23:55:51.309Z,29.8,359248,19,0,58.0
2026-09-15T23:55:56.353Z,29.8,361716,19,0,56.4
2026-09-15T23:56:01.393Z,29.9,361468,19,0,56.9
2026-09-15T23:56:06.425Z,29.9,362324,19,0,58.0
2026-09-15T23:56:11.456Z,29.8,362324,19,0,58.0
2026-09-15T23:56:16.495Z,29.8,363364,19,0,56.9
2026-09-15T23:56:21.533Z,29.8,360340,19,0,56.9
2026-09-15T23:56:26.574Z,29.9,359376,19,0,56.9
2026-09-15T23:56:31.608Z,29.9,356692,19,0,56.9
2026-09-15T23:56:36.639Z,29.8,361952,19,0,56.9
2026-09-15T23:56:41.674Z,29.8,357832,19,0,58.0
2026-09-15T23:56:46.715Z,29.9,367384,19,0,56.9
2026-09-15T23:56:51.757Z,29.9,296608,19,0,56.4
2026-09-15T23:56:56.789Z,29.9,315108,19,0,57.5
2026-09-15T23:57:01.821Z,29.9,315108,19,0,57.5
2026-09-15T23:57:06.852Z,29.8,329268,19,0,58.0
2026-09-15T23:57:11.909Z,29.8,300828,19,0,56.9
2026-09-15T23:57:16.949Z,29.9,323708,19,0,56.9
2026-09-15T23:57:21.989Z,29.9,321800,19,0,56.9
2026-09-15T23:57:27.021Z,29.9,334768,19,0,58.0
2026-09-15T23:57:32.052Z,29.9,334768,19,0,57.5
2026-09-15T23:57:37.090Z,29.9,340336,19,0,57.5
2026-09-15T23:57:42.131Z,29.9,340932,19,0,56.9
2026-09-15T23:57:47.170Z,29.9,345348,19,0,56.4
2026-09-15T23:57:52.202Z,29.9,349336,19,0,56.9
2026-09-15T23:57:57.232Z,29.9,349336,19,0,57.5
2026-09-15T23:58:02.277Z,29.8,349408,19,0,58.0
2026-09-15T23:58:07.316Z,29.9,346104,19,0,56.9
2026-09-15T23:58:12.356Z,29.9,352284,19,0,56.9
2026-09-15T23:58:17.387Z,29.9,349488,19,0,56.9
2026-09-15T23:58:22.419Z,29.9,349488,19,0,58.0
2026-09-15T23:58:27.451Z,29.9,349488,19,0,58.0
2026-09-15T23:58:32.491Z,29.8,350736,19,0,58.0
2026-09-15T23:58:37.531Z,29.9,350060,19,0,56.9
2026-09-15T23:58:42.571Z,29.9,346992,19,0,56.9
2026-09-15T23:58:47.603Z,29.9,350888,19,0,57.5
2026-09-15T23:58:52.633Z,29.9,350888,19,0,56.9
2026-09-15T23:58:57.674Z,29.8,348212,19,0,58.0
2026-09-15T23:59:02.714Z,29.9,350196,19,0,57.5
2026-09-15T23:59:07.754Z,29.9,345328,19,0,56.9
2026-09-15T23:59:12.785Z,29.9,347440,19,0,58.0
2026-09-15T23:59:17.816Z,29.9,347440,19,0,58.0
2026-09-15T23:59:22.847Z,29.9,347440,19,0,56.9
2026-09-15T23:59:27.886Z,29.9,344032,19,0,56.9
2026-09-15T23:59:32.925Z,29.9,346172,19,0,56.9
2026-09-15T23:59:37.957Z,29.9,351272,19,0,56.9
2026-09-15T23:59:42.987Z,29.9,351272,19,0,57.5
2026-09-15T23:59:48.020Z,29.9,351272,19,0,58.0
2026-09-15T23:59:53.060Z,29.9,356616,19,0,58.0
2026-09-15T23:59:58.101Z,29.9,352828,19,0,56.4
2026-09-16T00:00:03.142Z,29.9,354860,19,0,56.4
2026-09-16T00:00:08.172Z,29.9,355032,19,0,58.0
2026-09-16T00:00:13.204Z,29.9,355032,19,0,58.0
2026-09-16T00:00:18.245Z,29.9,355320,19,0,57.5
2026-09-16T00:00:23.284Z,29.9,355792,19,0,56.4
2026-09-16T00:00:28.323Z,29.9,362024,19,0,56.9
2026-09-16T00:00:33.355Z,29.9,362256,19,0,58.0
2026-09-16T00:00:38.387Z,29.9,362256,19,0,58.0
2026-09-16T00:00:43.417Z,29.9,362256,19,0,56.9
2026-09-16T00:00:48.456Z,29.9,361620,19,0,56.9
2026-09-16T00:00:53.496Z,29.9,365944,19,0,57.5
2026-09-16T00:00:58.527Z,29.9,366320,19,0,56.9
2026-09-16T00:01:03.559Z,29.9,366320,19,0,58.0
2026-09-16T00:01:08.590Z,29.9,366320,19,0,57.5
2026-09-16T00:01:13.638Z,29.9,366372,19,0,58.0
2026-09-16T00:01:18.679Z,29.9,359480,19,0,57.5
2026-09-16T00:01:23.723Z,29.9,360108,19,0,56.9
2026-09-16T00:01:28.755Z,29.9,361484,19,0,57.5
2026-09-16T00:01:33.786Z,29.9,361484,19,0,57.5
2026-09-16T00:01:38.824Z,29.9,361564,19,0,58.0
2026-09-16T00:01:43.867Z,29.9,359848,19,0,56.9
2026-09-16T00:01:48.906Z,29.9,360156,19,0,56.9
2026-09-16T00:01:53.936Z,29.9,361588,19,0,56.9
2026-09-16T00:01:58.967Z,29.9,361588,19,0,56.9
2026-09-16T00:02:03.997Z,29.9,361588,19,0,58.0
2026-09-16T00:02:09.036Z,29.9,362516,19,0,58.0
2026-09-16T00:02:14.076Z,29.9,366788,19,0,56.9
2026-09-16T00:02:19.116Z,29.9,367524,19,0,56.9
2026-09-16T00:02:24.149Z,29.9,367524,19,0,57.5
2026-09-16T00:02:29.180Z,29.9,367524,19,0,57.5
2026-09-16T00:02:34.224Z,29.9,368704,19,0,56.9
2026-09-16T00:02:39.263Z,29.9,363124,19,0,56.9
2026-09-16T00:02:44.302Z,29.9,361608,19,0,56.9
2026-09-16T00:02:49.334Z,29.9,361664,19,0,57.5
2026-09-16T00:02:54.365Z,29.9,361664,19,0,58.0
2026-09-16T00:02:59.407Z,29.9,363264,19,0,57.5
2026-09-16T00:03:04.445Z,29.9,366664,19,0,56.9
2026-09-16T00:03:09.493Z,29.9,363412,19,0,56.4
2026-09-16T00:03:14.525Z,29.9,364132,19,0,56.9
2026-09-16T00:03:19.555Z,29.9,364132,19,0,56.9
2026-09-16T00:03:24.586Z,29.9,366172,19,0,58.0
2026-09-16T00:03:29.628Z,29.9,373100,19,0,56.9
2026-09-16T00:03:34.671Z,29.9,285444,19,0,56.9
2026-09-16T00:03:39.703Z,29.9,285212,19,0,56.9
2026-09-16T00:03:44.734Z,29.9,293372,19,0,57.5
2026-09-16T00:03:49.764Z,29.9,293372,19,0,58.0
2026-09-16T00:03:54.802Z,29.9,312624,19,0,56.9
2026-09-16T00:03:59.842Z,29.9,319032,19,0,56.9
2026-09-16T00:04:04.874Z,29.9,326108,19,0,56.9
2026-09-16T00:04:09.905Z,29.9,326108,19,0,57.5
2026-09-16T00:04:14.935Z,29.9,326108,19,0,58.0
2026-09-16T00:04:19.974Z,29.9,333348,19,0,56.9
2026-09-16T00:04:25.015Z,29.9,341084,19,0,56.4
2026-09-16T00:04:30.053Z,29.9,349368,19,0,56.9
2026-09-16T00:04:35.084Z,29.9,350108,19,0,56.9
2026-09-16T00:04:40.115Z,29.9,350108,19,0,57.5
2026-09-16T00:04:45.152Z,29.9,352440,19,0,57.5
2026-09-16T00:04:50.192Z,29.9,352164,19,0,56.4
2026-09-16T00:04:55.230Z,29.9,351680,19,0,56.9
2026-09-16T00:05:00.262Z,29.9,356004,19,0,56.9
2026-09-16T00:05:05.294Z,29.9,356004,19,0,58.0
2026-09-16T00:05:10.324Z,29.9,364156,19,0,58.0
2026-09-16T00:05:15.367Z,29.9,359620,19,0,58.0
2026-09-16T00:05:20.412Z,29.9,365712,19,0,56.9
2026-09-16T00:05:25.450Z,29.9,369296,19,0,56.9
2026-09-16T00:05:30.480Z,29.9,369504,19,0,58.0
2026-09-16T00:05:35.512Z,29.9,369504,19,0,58.0
2026-09-16T00:05:40.551Z,29.9,370296,19,0,58.0
2026-09-16T00:05:45.590Z,29.9,367340,19,0,56.4
2026-09-16T00:05:50.632Z,29.9,363284,19,0,56.9
2026-09-16T00:05:55.664Z,29.9,359236,19,0,56.9
2026-09-16T00:06:00.695Z,29.9,359236,19,0,57.5
2026-09-16T00:06:05.726Z,29.9,359236,19,0,58.0
2026-09-16T00:06:10.763Z,29.9,361576,19,0,58.0
2026-09-16T00:06:15.803Z,29.9,360428,19,0,56.9
2026-09-16T00:06:20.835Z,29.9,369360,19,0,56.4
2026-09-16T00:06:25.866Z,29.9,369360,19,0,57.5
2026-09-16T00:06:30.898Z,29.9,373408,19,0,57.5
2026-09-16T00:06:35.937Z,29.9,373472,19,0,58.0
2026-09-16T00:06:40.978Z,29.9,370200,19,0,56.9
2026-09-16T00:06:46.017Z,29.9,367652,19,0,56.4
2026-09-16T00:06:51.047Z,29.9,368588,19,0,56.9
2026-09-16T00:06:56.078Z,29.9,368588,19,0,57.5
2026-09-16T00:07:01.109Z,29.9,368588,19,0,56.9
2026-09-16T00:07:06.148Z,29.9,370240,19,0,56.9
2026-09-16T00:07:11.188Z,29.9,369360,19,0,56.4
2026-09-16T00:07:16.220Z,29.9,370176,19,0,56.4
2026-09-16T00:07:21.250Z,29.9,370176,19,0,56.9
2026-09-16T00:07:26.281Z,29.9,370176,19,0,58.0
2026-09-16T00:07:31.322Z,29.9,368112,19,0,56.9
2026-09-16T00:07:36.362Z,29.9,365736,19,0,56.9
2026-09-16T00:07:41.394Z,29.9,366128,19,0,56.9
2026-09-16T00:07:46.424Z,29.9,366128,19,0,57.5
2026-09-16T00:07:51.455Z,29.9,366128,19,0,57.5
2026-09-16T00:07:56.494Z,29.9,365364,19,0,56.9
2026-09-16T00:08:01.537Z,29.9,367608,19,0,56.9
2026-09-16T00:08:06.574Z,29.9,362156,19,0,56.9
2026-09-16T00:08:11.606Z,29.9,362208,19,0,57.5
2026-09-16T00:08:16.637Z,29.9,362208,19,0,57.5
2026-09-16T00:08:21.670Z,29.9,362208,19,0,58.0
2026-09-16T00:08:26.706Z,29.9,359716,19,0,56.9
2026-09-16T00:08:31.749Z,29.9,357584,19,0,56.9
2026-09-16T00:08:36.784Z,29.9,352644,19,0,56.9
2026-09-16T00:08:41.815Z,29.9,352644,19,0,58.0
2026-09-16T00:08:46.846Z,29.9,352644,19,0,58.0
2026-09-16T00:08:51.887Z,29.9,352788,19,0,58.0
2026-09-16T00:08:56.925Z,29.9,355920,19,0,56.9
2026-09-16T00:09:01.965Z,29.9,354808,19,0,56.9
2026-09-16T00:09:06.996Z,29.9,354324,19,0,57.5
2026-09-16T00:09:12.027Z,29.9,354324,19,0,57.5
2026-09-16T00:09:17.058Z,29.9,354324,19,0,58.0
2026-09-16T00:09:22.096Z,29.9,356592,19,0,56.9
2026-09-16T00:09:27.137Z,29.9,356104,19,0,56.9
2026-09-16T00:09:32.168Z,29.9,357000,19,0,56.9
2026-09-16T00:09:37.199Z,29.9,357000,19,0,57.5
2026-09-16T00:09:42.230Z,29.9,357000,19,0,56.9
2026-09-16T00:09:47.273Z,29.9,363724,19,0,57.5
2026-09-16T00:09:52.310Z,29.9,299980,19,0,56.9
2026-09-16T00:09:57.341Z,30.0,295644,19,0,56.9
2026-09-16T00:10:02.371Z,29.9,295644,19,0,58.0
2026-09-16T00:10:07.401Z,29.9,295644,19,0,58.0
2026-09-16T00:10:12.440Z,29.9,297288,19,0,58.0
2026-09-16T00:10:17.479Z,29.9,306052,19,0,56.9
2026-09-16T00:10:22.519Z,30.0,318868,19,0,56.9
2026-09-16T00:10:27.552Z,29.9,318608,19,0,57.5
2026-09-16T00:10:32.583Z,29.9,318608,19,0,57.5
2026-09-16T00:10:37.614Z,29.9,318820,19,0,58.0
2026-09-16T00:10:42.652Z,29.9,321252,19,0,57.5
2026-09-16T00:10:47.692Z,29.9,330884,19,0,56.9
2026-09-16T00:10:52.734Z,29.9,334736,19,0,56.4
2026-09-16T00:10:57.765Z,29.9,340136,19,0,56.9
2026-09-16T00:11:02.796Z,29.9,340136,19,0,58.0
2026-09-16T00:11:07.826Z,29.9,343328,19,0,58.0
2026-09-16T00:11:12.864Z,29.9,346764,19,0,57.5
2026-09-16T00:11:17.905Z,29.9,308392,19,0,56.9
2026-09-16T00:11:22.936Z,29.9,296084,19,0,56.9
2026-09-16T00:11:27.967Z,29.9,310728,19,0,58.0
2026-09-16T00:11:32.998Z,29.9,310728,19,0,58.0
2026-09-16T00:11:38.039Z,29.9,295692,19,0,56.9
2026-09-16T00:11:43.079Z,29.9,312052,19,0,56.9
2026-09-16T00:11:48.122Z,29.9,332144,19,0,56.9
2026-09-16T00:11:53.153Z,29.9,335540,19,0,56.9
2026-09-16T00:11:58.183Z,29.9,347308,19,0,58.0
2026-09-16T00:12:03.221Z,29.9,348388,19,0,58.0
2026-09-16T00:12:08.261Z,29.9,340068,19,0,56.9
2026-09-16T00:12:13.303Z,29.9,344124,19,0,56.9
2026-09-16T00:12:18.335Z,29.9,346860,19,0,56.9
2026-09-16T00:12:23.367Z,29.9,346860,19,0,58.0
2026-09-16T00:12:28.398Z,29.9,346860,19,0,58.0
2026-09-16T00:12:33.438Z,29.9,351812,19,0,56.4
2026-09-16T00:12:38.477Z,29.9,355748,19,0,56.9
2026-09-16T00:12:43.519Z,29.9,358468,19,0,56.9
2026-09-16T00:12:48.550Z,29.9,359068,19,0,57.5
2026-09-16T00:12:53.582Z,29.9,359068,19,0,56.9
2026-09-16T00:12:58.622Z,29.9,358824,19,0,58.0
2026-09-16T00:13:03.661Z,29.9,366048,19,0,57.5
2026-09-16T00:13:08.701Z,29.9,321928,19,0,56.9
2026-09-16T00:13:13.732Z,29.9,297688,19,0,56.9
2026-09-16T00:13:18.763Z,29.9,299728,19,0,58.0
2026-09-16T00:13:23.805Z,29.9,298136,19,0,57.5
2026-09-16T00:13:28.843Z,29.9,300260,19,0,56.9
2026-09-16T00:13:33.886Z,30.0,296320,19,0,56.9
2026-09-16T00:13:38.917Z,30.0,299928,19,0,56.9
2026-09-16T00:13:43.949Z,29.9,299928,19,0,57.5
2026-09-16T00:13:48.980Z,29.9,299928,19,0,58.0
2026-09-16T00:13:54.019Z,29.9,307500,19,0,56.9
2026-09-16T00:13:59.059Z,30.0,317816,19,0,56.4
2026-09-16T00:14:04.091Z,30.0,323324,19,0,56.9
2026-09-16T00:14:09.121Z,29.9,323324,19,0,56.9
2026-09-16T00:14:14.152Z,29.9,323324,19,0,58.0
2026-09-16T00:14:19.192Z,29.9,330364,19,0,58.0
2026-09-16T00:14:24.231Z,29.9,334660,19,0,56.4
2026-09-16T00:14:29.273Z,30.0,340448,19,0,56.9
2026-09-16T00:14:34.305Z,30.0,343540,19,0,56.9
2026-09-16T00:14:39.336Z,29.9,343540,19,0,58.0
2026-09-16T00:14:44.367Z,29.9,345580,19,0,58.0
2026-09-16T00:14:49.407Z,29.9,347816,19,0,58.0
2026-09-16T00:14:54.451Z,29.9,354520,19,0,56.9
2026-09-16T00:14:59.482Z,30.0,357012,19,0,56.4
2026-09-16T00:15:04.513Z,29.9,357012,19,0,56.9
2026-09-16T00:15:09.544Z,29.9,357012,19,0,56.9
2026-09-16T00:15:14.582Z,29.9,355804,19,0,56.9
2026-09-16T00:15:19.622Z,29.9,364400,19,0,56.9
2026-09-16T00:15:24.663Z,30.0,362872,19,0,55.8
2026-09-16T00:15:29.695Z,29.9,363024,19,0,56.9
2026-09-16T00:15:34.726Z,29.9,363024,19,0,57.5
2026-09-16T00:15:39.758Z,29.9,363024,19,0,57.5
2026-09-16T00:15:44.797Z,29.9,364728,19,0,56.9
2026-09-16T00:15:49.836Z,29.9,363868,19,0,56.9
2026-09-16T00:15:54.872Z,29.9,366924,19,0,56.9
2026-09-16T00:15:59.903Z,29.9,367800,19,0,56.9
2026-09-16T00:16:04.935Z,29.9,367800,19,0,56.9
2026-09-16T00:16:09.966Z,29.9,367800,19,0,58.0
2026-09-16T00:16:15.004Z,29.9,365972,19,0,56.9
2026-09-16T00:16:20.046Z,29.9,365936,19,0,56.9
2026-09-16T00:16:25.086Z,29.9,367416,19,0,56.9
2026-09-16T00:16:30.116Z,29.9,367560,19,0,56.9
2026-09-16T00:16:35.147Z,29.9,367560,19,0,58.0
2026-09-16T00:16:40.186Z,29.9,367616,19,0,58.0
2026-09-16T00:16:45.225Z,29.9,369008,19,0,56.9
2026-09-16T00:16:50.265Z,29.9,366520,19,0,56.9
2026-09-16T00:16:55.296Z,29.9,368028,19,0,57.5
2026-09-16T00:17:00.328Z,29.9,368028,19,0,57.5
2026-09-16T00:17:05.358Z,29.9,368028,19,0,58.0
2026-09-16T00:17:10.397Z,29.9,365088,19,0,56.9
2026-09-16T00:17:15.436Z,29.9,366556,19,0,56.9
2026-09-16T00:17:20.467Z,29.9,367820,19,0,56.9
2026-09-16T00:17:25.498Z,29.9,367820,19,0,58.0
2026-09-16T00:17:30.529Z,29.9,367820,19,0,58.0
2026-09-16T00:17:35.568Z,29.9,369424,19,0,56.9
2026-09-16T00:17:40.611Z,29.9,370572,19,0,56.4
2026-09-16T00:17:45.653Z,29.9,370464,19,0,56.4
2026-09-16T00:17:50.685Z,29.9,370596,19,0,56.9
2026-09-16T00:17:55.716Z,29.9,370596,19,0,57.5
2026-09-16T00:18:00.758Z,29.9,370728,19,0,58.0
2026-09-16T00:18:05.796Z,29.9,374060,19,0,56.9
2026-09-16T00:18:10.844Z,29.9,372268,19,0,56.9
2026-09-16T00:18:15.876Z,29.9,372840,19,0,56.9
2026-09-16T00:18:20.908Z,29.9,372840,19,0,58.0
2026-09-16T00:18:25.939Z,29.9,372840,19,0,57.5
2026-09-16T00:18:30.977Z,29.9,376320,19,0,57.5
2026-09-16T00:18:36.016Z,29.9,288844,19,0,56.9
2026-09-16T00:18:41.048Z,29.9,282172,19,0,56.9
2026-09-16T00:18:46.080Z,29.9,282172,19,0,58.0
2026-09-16T00:18:51.111Z,29.9,282172,19,0,57.5
2026-09-16T00:18:56.149Z,29.9,289596,19,0,56.9
2026-09-16T00:19:01.187Z,29.9,304912,19,0,56.9
2026-09-16T00:19:06.230Z,29.9,315260,19,0,56.9
2026-09-16T00:19:11.262Z,29.9,317584,19,0,57.5
2026-09-16T00:19:16.293Z,29.9,327768,19,0,57.5
2026-09-16T00:19:21.333Z,29.9,330032,19,0,58.0
2026-09-16T00:19:26.372Z,29.9,313064,19,0,56.9
2026-09-16T00:19:31.414Z,29.9,298444,19,0,56.9
2026-09-16T00:19:36.445Z,29.9,298300,19,0,56.9
2026-09-16T00:19:41.475Z,29.9,308484,19,0,56.9
2026-09-16T00:19:46.507Z,29.9,308484,19,0,58.0
2026-09-16T00:19:51.547Z,29.9,322952,19,0,56.9
2026-09-16T00:19:56.588Z,30.0,332160,19,0,56.9
2026-09-16T00:20:01.619Z,30.0,344244,19,0,56.9
2026-09-16T00:20:06.651Z,29.9,344244,19,0,58.0
2026-09-16T00:20:11.682Z,29.9,350588,19,0,58.0
2026-09-16T00:20:16.722Z,29.9,352400,19,0,56.9
2026-09-16T00:20:21.761Z,29.9,352672,19,0,56.9
2026-09-16T00:20:26.800Z,30.0,356244,19,0,56.9
2026-09-16T00:20:31.831Z,30.0,357176,19,0,56.9
2026-09-16T00:20:36.861Z,29.9,357176,19,0,58.0
2026-09-16T00:20:41.908Z,29.9,357360,19,0,58.0
2026-09-16T00:20:46.947Z,29.9,358140,19,0,56.9
2026-09-16T00:20:51.988Z,30.0,355236,19,0,56.9
2026-09-16T00:20:57.019Z,30.0,354288,19,0,56.9
2026-09-16T00:21:02.050Z,29.9,354288,19,0,56.9
2026-09-16T00:21:07.081Z,29.9,354288,19,0,58.0
2026-09-16T00:21:12.118Z,29.9,354424,19,0,56.9
2026-09-16T00:21:17.159Z,29.9,347708,19,0,56.9
2026-09-16T00:21:22.198Z,30.0,350804,19,0,56.9
2026-09-16T00:21:27.229Z,30.0,351160,19,0,57.5
2026-09-16T00:21:32.261Z,29.9,351160,19,0,58.0
2026-09-16T00:21:37.291Z,29.9,351160,19,0,58.0
2026-09-16T00:21:42.329Z,29.9,351560,19,0,56.9
2026-09-16T00:21:47.369Z,29.9,354332,19,0,56.9
2026-09-16T00:21:52.411Z,30.0,352044,19,0,57.5
2026-09-16T00:21:57.443Z,29.9,349692,19,0,56.9
2026-09-16T00:22:02.475Z,29.9,349692,19,0,58.0
2026-09-16T00:22:07.506Z,29.9,349692,19,0,58.0
2026-09-16T00:22:12.547Z,29.9,352088,19,0,56.9
2026-09-16T00:22:17.586Z,29.9,352840,19,0,56.9
2026-09-16T00:22:22.618Z,30.0,354620,19,0,56.9
2026-09-16T00:22:27.649Z,29.9,354620,19,0,58.0
2026-09-16T00:22:32.680Z,29.9,354620,19,0,58.0
2026-09-16T00:22:37.718Z,29.9,355800,19,0,56.9
2026-09-16T00:22:42.760Z,30.0,352844,19,0,56.4
2026-09-16T00:22:47.791Z,30.0,345976,19,0,56.9
2026-09-16T00:22:52.822Z,29.9,345976,19,0,57.5
2026-09-16T00:22:57.854Z,29.9,345976,19,0,58.0
2026-09-16T00:23:02.906Z,29.9,345976,19,0,58.0
2026-09-16T00:23:07.944Z,29.9,348228,19,0,56.9
2026-09-16T00:23:12.983Z,29.9,348616,19,0,56.9
2026-09-16T00:23:18.016Z,30.0,350196,19,0,56.9
2026-09-16T00:23:23.047Z,29.9,350216,19,0,58.0
2026-09-16T00:23:28.078Z,29.9,350216,19,0,58.0
2026-09-16T00:23:33.115Z,29.9,349012,19,0,58.0
2026-09-16T00:23:38.154Z,29.9,350652,19,0,57.5
2026-09-16T00:23:43.194Z,29.9,349684,19,0,56.9
2026-09-16T00:23:48.226Z,29.9,350880,19,0,56.9
2026-09-16T00:23:53.257Z,29.9,350880,19,0,56.9
2026-09-16T00:23:58.288Z,29.9,350880,19,0,58.0
2026-09-16T00:24:03.328Z,29.9,349088,19,0,57.5
2026-09-16T00:24:08.368Z,29.9,352052,19,0,56.9
2026-09-16T00:24:13.408Z,30.0,353772,19,0,56.9
2026-09-16T00:24:18.439Z,29.9,355028,19,0,57.5
2026-09-16T00:24:23.470Z,29.9,355028,19,0,57.5
2026-09-16T00:24:28.510Z,29.9,356456,19,0,58.0
2026-09-16T00:24:33.552Z,29.9,355876,19,0,56.9
2026-09-16T00:24:38.592Z,29.9,358720,19,0,56.9
2026-09-16T00:24:43.623Z,29.9,359356,19,0,56.9
2026-09-16T00:24:48.654Z,29.9,359468,19,0,56.9
2026-09-16T00:24:53.698Z,29.9,359724,19,0,58.0
2026-09-16T00:24:58.737Z,29.9,358968,19,0,57.5
2026-09-16T00:25:03.779Z,30.0,353264,19,0,56.9
2026-09-16T00:25:08.810Z,30.0,361824,19,0,56.9
2026-09-16T00:25:13.842Z,29.9,361824,19,0,58.0
2026-09-16T00:25:18.873Z,29.9,368528,19,0,58.0
2026-09-16T00:25:23.911Z,29.9,360288,19,0,58.0
2026-09-16T00:25:28.951Z,29.9,367208,19,0,56.9
2026-09-16T00:25:33.991Z,30.0,364460,19,0,56.9
2026-09-16T00:25:39.022Z,29.9,371132,19,0,56.9
2026-09-16T00:25:44.053Z,29.9,371132,19,0,58.0
2026-09-16T00:25:49.084Z,29.9,377388,19,0,58.0
2026-09-16T00:25:54.122Z,29.9,364396,19,0,56.9
2026-09-16T00:25:59.162Z,29.9,380520,19,0,56.9
2026-09-16T00:26:04.194Z,30.0,381352,19,0,56.4
2026-09-16T00:26:09.225Z,29.9,385424,19,0,56.9
2026-09-16T00:26:14.256Z,29.9,385424,19,0,58.5
2026-09-16T00:26:19.299Z,29.9,383276,19,0,57.5
2026-09-16T00:26:24.338Z,29.9,381736,19,0,57.5
2026-09-16T00:26:29.379Z,29.9,376412,19,0,56.9
2026-09-16T00:26:34.410Z,29.9,376664,19,0,57.5
2026-09-16T00:26:39.440Z,29.9,376664,19,0,57.5
2026-09-16T00:26:44.481Z,29.9,373856,19,0,56.9
2026-09-16T00:26:49.520Z,29.9,336652,19,0,56.9
2026-09-16T00:26:54.560Z,30.0,306804,19,0,56.9
2026-09-16T00:26:59.591Z,29.9,307928,19,0,56.9
2026-09-16T00:27:04.622Z,29.9,307928,19,0,58.0
2026-09-16T00:27:09.661Z,29.9,305824,19,0,57.5
2026-09-16T00:27:14.700Z,29.9,315600,19,0,56.9
2026-09-16T00:27:19.743Z,30.0,336044,19,0,56.9
2026-09-16T00:27:24.774Z,30.0,335248,19,0,56.9
2026-09-16T00:27:29.805Z,29.9,343400,19,0,58.0
2026-09-16T00:27:34.837Z,29.9,343400,19,0,58.0
2026-09-16T00:27:39.876Z,29.9,360136,19,0,56.9
2026-09-16T00:27:44.916Z,29.9,360660,19,0,56.4
2026-09-16T00:27:49.957Z,30.0,369644,19,0,56.9
2026-09-16T00:27:54.989Z,29.9,369932,19,0,56.9
2026-09-16T00:28:00.021Z,29.9,371972,19,0,58.0
2026-09-16T00:28:05.053Z,29.9,371972,19,0,58.0
2026-09-16T00:28:10.092Z,29.9,378280,19,0,56.9
2026-09-16T00:28:15.132Z,29.9,375344,19,0,56.9
2026-09-16T00:28:20.164Z,29.9,382144,19,0,56.4
2026-09-16T00:28:25.195Z,29.9,382144,19,0,57.5
2026-09-16T00:28:30.226Z,29.9,382144,19,0,57.5
2026-09-16T00:28:35.264Z,29.9,367684,19,0,57.5
2026-09-16T00:28:40.306Z,29.9,286488,19,0,56.4
2026-09-16T00:28:45.338Z,30.0,288664,19,0,56.9
2026-09-16T00:28:50.368Z,29.9,288664,19,0,58.0
2026-09-16T00:28:55.398Z,29.9,288664,19,0,58.0
2026-09-16T00:29:00.447Z,29.9,299896,19,0,56.9
2026-09-16T00:29:05.486Z,29.9,313932,19,0,56.4
2026-09-16T00:29:10.525Z,30.0,332276,19,0,56.4
2026-09-16T00:29:15.557Z,30.0,337256,19,0,56.9
2026-09-16T00:29:20.587Z,29.9,337256,19,0,57.5
2026-09-16T00:29:25.618Z,29.9,337256,19,0,57.5
2026-09-16T00:29:30.655Z,29.9,323800,19,0,58.0
2026-09-16T00:29:35.694Z,29.9,289624,19,0,56.9
2026-09-16T00:29:40.733Z,30.0,286888,19,0,56.9
2026-09-16T00:29:45.765Z,30.0,286608,19,0,57.5
2026-09-16T00:29:50.796Z,29.9,286608,19,0,57.5
2026-09-16T00:29:55.840Z,29.9,295268,19,0,58.0
2026-09-16T00:30:00.880Z,30.0,305500,19,0,56.9
2026-09-16T00:30:05.920Z,30.0,317176,19,0,56.9
2026-09-16T00:30:10.952Z,30.0,318704,19,0,57.5
2026-09-16T00:30:15.983Z,29.9,320744,19,0,58.0
2026-09-16T00:30:21.025Z,29.9,321224,19,0,58.0
2026-09-16T00:30:26.064Z,30.0,302176,19,0,56.9
2026-09-16T00:30:31.104Z,30.0,290640,19,0,56.9
2026-09-16T00:30:36.135Z,30.0,291076,19,0,56.9
2026-09-16T00:30:41.166Z,30.0,291076,19,0,58.0
2026-09-16T00:30:46.206Z,30.0,296072,19,0,56.9
2026-09-16T00:30:51.246Z,30.0,311312,19,0,56.9
2026-09-16T00:30:56.286Z,30.0,318308,19,0,56.9
2026-09-16T00:31:01.318Z,30.0,322016,19,0,56.9
2026-09-16T00:31:06.350Z,30.0,322016,19,0,58.0
2026-09-16T00:31:11.381Z,30.0,322016,19,0,58.0
2026-09-16T00:31:16.419Z,30.0,327252,19,0,56.9
2026-09-16T00:31:21.457Z,30.0,333720,19,0,56.9
2026-09-16T00:31:26.488Z,30.0,338780,19,0,57.5
2026-09-16T00:31:31.519Z,30.0,338780,19,0,58.0
2026-09-16T00:31:36.550Z,30.0,338780,19,0,58.0
2026-09-16T00:31:41.588Z,30.0,342304,19,0,57.5
2026-09-16T00:31:46.631Z,30.0,347636,19,0,56.9
2026-09-16T00:31:51.676Z,30.0,351448,19,0,56.9
2026-09-16T00:31:56.707Z,30.0,353400,19,0,57.5
2026-09-16T00:32:01.739Z,30.0,353400,19,0,57.5
2026-09-16T00:32:06.769Z,30.0,353400,19,0,57.5
2026-09-16T00:32:11.809Z,30.0,356304,19,0,56.9
2026-09-16T00:32:16.850Z,30.0,356584,19,0,56.9
2026-09-16T00:32:21.882Z,30.0,355520,19,0,57.5
2026-09-16T00:32:26.914Z,30.0,355520,19,0,58.0
2026-09-16T00:32:31.944Z,30.0,355520,19,0,58.0
2026-09-16T00:32:36.984Z,30.0,355592,19,0,56.9
2026-09-16T00:32:42.025Z,30.0,357532,19,0,56.9
2026-09-16T00:32:47.067Z,30.0,353856,19,0,56.9
2026-09-16T00:32:52.099Z,30.0,354716,19,0,56.9
2026-09-16T00:32:57.130Z,30.0,354716,19,0,58.0
2026-09-16T00:33:02.167Z,30.0,357276,19,0,57.5
2026-09-16T00:33:07.204Z,30.0,356972,19,0,56.4
2026-09-16T00:33:12.246Z,30.0,355504,19,0,56.9
2026-09-16T00:33:17.276Z,30.0,355792,19,0,57.5
2026-09-16T00:33:22.309Z,30.0,355792,19,0,58.0
2026-09-16T00:33:27.340Z,30.0,355792,19,0,58.0
2026-09-16T00:33:32.379Z,30.0,356032,19,0,56.9
2026-09-16T00:33:37.418Z,30.0,357064,19,0,56.4
2026-09-16T00:33:42.449Z,30.0,359624,19,0,56.4
2026-09-16T00:33:47.481Z,30.0,360008,19,0,57.5
2026-09-16T00:33:52.512Z,30.0,360008,19,0,58.0
2026-09-16T00:33:57.552Z,30.0,357820,19,0,57.5
2026-09-16T00:34:02.590Z,30.0,315380,19,0,56.9
2026-09-16T00:34:07.635Z,30.0,294072,19,0,56.9
2026-09-16T00:34:12.669Z,30.0,294072,19,0,57.5
2026-09-16T00:34:17.700Z,30.0,294072,19,0,57.5
2026-09-16T00:34:22.731Z,30.0,294072,19,0,58.0
2026-09-16T00:34:27.770Z,30.0,302468,19,0,56.9
2026-09-16T00:34:32.810Z,30.0,317008,19,0,56.9
2026-09-16T00:34:37.847Z,30.0,320836,19,0,56.9
2026-09-16T00:34:42.878Z,30.0,320840,19,0,58.0
2026-09-16T00:34:47.915Z,30.0,320840,19,0,58.0
2026-09-16T00:34:52.948Z,29.9,321072,19,0,58.0
2026-09-16T00:34:57.988Z,29.9,324740,19,0,58.0
2026-09-16T00:35:03.029Z,30.0,328008,19,0,56.9
2026-09-16T00:35:08.068Z,30.0,335348,19,0,56.9
2026-09-16T00:35:13.100Z,30.0,340800,19,0,57.5
2026-09-16T00:35:18.132Z,30.0,340800,19,0,56.9
2026-09-16T00:35:23.175Z,29.9,346824,19,0,57.5
2026-09-16T00:35:28.214Z,30.0,350384,19,0,56.9
2026-09-16T00:35:33.253Z,30.0,351412,19,0,56.9
2026-09-16T00:35:38.285Z,30.0,355456,19,0,57.5
2026-09-16T00:35:43.315Z,30.0,362672,19,0,57.5
2026-09-16T00:35:48.346Z,29.9,362672,19,0,57.5
2026-09-16T00:35:53.386Z,29.9,372572,19,0,58.0
2026-09-16T00:35:58.427Z,30.0,368828,19,0,56.9
2026-09-16T00:36:03.469Z,30.0,376936,19,0,56.9
2026-09-16T00:36:08.500Z,30.0,377160,19,0,57.5
2026-09-16T00:36:13.532Z,29.9,381052,19,0,58.0
2026-09-16T00:36:18.573Z,29.9,384088,19,0,56.9
2026-09-16T00:36:23.613Z,30.0,389248,19,0,57.5
2026-09-16T00:36:28.654Z,30.0,390580,19,0,56.9
2026-09-16T00:36:33.685Z,30.0,399056,19,0,58.0
2026-09-16T00:36:38.716Z,29.9,399056,19,0,58.0
2026-09-16T00:36:43.755Z,29.9,397344,19,0,58.0
2026-09-16T00:36:48.796Z,30.0,395048,19,0,56.9
2026-09-16T00:36:53.837Z,30.0,390600,19,0,56.9
2026-09-16T00:36:58.868Z,30.0,388460,19,0,56.9
2026-09-16T00:37:03.899Z,30.0,388460,19,0,57.5
2026-09-16T00:37:08.930Z,29.9,388460,19,0,58.0
2026-09-16T00:37:13.969Z,29.9,380296,19,0,57.5
2026-09-16T00:37:19.005Z,30.0,372804,19,0,56.4
2026-09-16T00:37:24.038Z,30.0,371716,19,0,56.9
2026-09-16T00:37:29.069Z,30.0,371716,19,0,57.5
2026-09-16T00:37:34.101Z,29.9,377820,19,0,58.0
2026-09-16T00:37:39.138Z,30.0,373168,19,0,57.5
2026-09-16T00:37:44.179Z,30.0,390296,19,0,56.9
2026-09-16T00:37:49.219Z,30.0,388104,19,0,56.9
2026-09-16T00:37:54.251Z,30.0,388104,19,0,56.9
2026-09-16T00:37:59.282Z,30.0,388104,19,0,57.5
2026-09-16T00:38:04.314Z,29.9,388104,19,0,58.0
2026-09-16T00:38:09.355Z,29.9,376216,19,0,56.9
2026-09-16T00:38:14.396Z,30.0,367388,19,0,56.9
2026-09-16T00:38:19.428Z,30.0,367556,19,0,56.9
2026-09-16T00:38:24.458Z,30.0,367556,19,0,56.9
2026-09-16T00:38:29.490Z,29.9,367556,19,0,57.5
2026-09-16T00:38:34.531Z,29.9,367096,19,0,56.9
2026-09-16T00:38:39.570Z,30.0,369196,19,0,56.9
2026-09-16T00:38:44.609Z,30.0,370876,19,0,56.4
2026-09-16T00:38:49.640Z,30.0,371112,19,0,56.9
2026-09-16T00:38:54.672Z,29.9,371144,19,0,58.0
2026-09-16T00:38:59.703Z,29.9,371144,19,0,57.5
2026-09-16T00:39:04.739Z,29.9,372036,19,0,56.9
2026-09-16T00:39:09.780Z,30.0,371228,19,0,56.9
2026-09-16T00:39:14.819Z,30.0,374416,19,0,56.9
2026-09-16T00:39:19.851Z,30.0,374476,19,0,56.9
2026-09-16T00:39:24.882Z,29.9,377264,19,0,58.0
2026-09-16T00:39:29.913Z,29.9,377264,19,0,58.0
2026-09-16T00:39:34.952Z,29.9,381028,19,0,56.9
2026-09-16T00:39:39.995Z,29.9,380912,19,0,56.9
2026-09-16T00:39:45.026Z,30.0,380164,19,0,56.9
2026-09-16T00:39:50.057Z,29.9,381968,19,0,58.0
2026-09-16T00:39:55.088Z,29.9,381968,19,0,58.0
2026-09-16T00:40:00.127Z,29.9,384084,19,0,57.5
2026-09-16T00:40:05.170Z,29.9,386436,19,0,56.4
2026-09-16T00:40:10.209Z,29.9,391172,19,0,56.9
2026-09-16T00:40:15.240Z,29.9,391828,19,0,57.5
2026-09-16T00:40:20.272Z,29.9,402004,19,0,58.0
2026-09-16T00:40:25.303Z,29.9,402004,19,0,57.5
2026-09-16T00:40:30.346Z,29.9,407104,19,0,56.9
2026-09-16T00:40:35.386Z,29.9,405324,19,0,56.9
2026-09-16T00:40:40.426Z,30.0,419888,19,0,56.4
2026-09-16T00:40:45.457Z,29.9,419924,19,0,57.5
2026-09-16T00:40:50.487Z,29.9,423988,19,0,57.5
2026-09-16T00:40:55.530Z,29.9,424556,19,0,58.0
2026-09-16T00:41:00.571Z,29.9,423176,19,0,56.9
2026-09-16T00:41:05.609Z,29.9,423244,19,0,56.9
2026-09-16T00:41:10.641Z,29.9,424012,19,0,57.5
2026-09-16T00:41:15.673Z,29.9,424012,19,0,58.0
2026-09-16T00:41:20.704Z,29.9,424012,19,0,57.5
2026-09-16T00:41:25.745Z,29.9,421580,19,0,56.9
2026-09-16T00:41:30.784Z,29.9,413464,19,0,56.9
2026-09-16T00:41:35.815Z,29.9,416624,19,0,56.9
2026-09-16T00:41:40.847Z,29.9,416624,19,0,56.9
2026-09-16T00:41:45.879Z,29.9,416624,19,0,58.0
2026-09-16T00:41:50.916Z,29.9,425252,19,0,56.4
2026-09-16T00:41:55.959Z,29.9,416204,19,0,56.9
2026-09-16T00:42:00.989Z,30.0,406184,19,0,56.9
2026-09-16T00:42:06.022Z,29.9,406184,19,0,58.0
2026-09-16T00:42:11.052Z,29.9,406184,19,0,58.0
2026-09-16T00:42:16.094Z,29.9,401504,19,0,56.9
2026-09-16T00:42:21.135Z,29.9,399676,19,0,56.9
2026-09-16T00:42:26.169Z,30.0,392708,19,0,56.4
2026-09-16T00:42:31.200Z,29.9,392708,19,0,56.4
2026-09-16T00:42:36.231Z,29.9,392708,19,0,57.5
2026-09-16T00:42:41.269Z,29.9,392940,19,0,56.9
2026-09-16T00:42:46.310Z,29.9,391996,19,0,56.9
2026-09-16T00:42:51.352Z,29.9,393352,19,0,56.4
2026-09-16T00:42:56.383Z,29.9,382052,19,0,56.9
2026-09-16T00:43:01.425Z,29.9,382052,19,0,58.0
2026-09-16T00:43:06.468Z,29.9,373688,19,0,56.9
2026-09-16T00:43:11.511Z,29.9,321916,19,0,56.9
2026-09-16T00:43:16.557Z,30.0,299076,19,0,56.9
2026-09-16T00:43:21.588Z,30.0,300684,19,0,56.9
2026-09-16T00:43:26.619Z,29.9,300684,19,0,57.5
2026-09-16T00:43:31.659Z,29.9,301012,19,0,57.5
2026-09-16T00:43:36.699Z,29.9,309436,19,0,56.9
2026-09-16T00:43:41.736Z,30.0,322500,19,0,56.4
2026-09-16T00:43:46.774Z,30.0,324008,19,0,56.9
2026-09-16T00:43:51.805Z,29.9,324008,19,0,56.9
2026-09-16T00:43:56.836Z,29.9,324008,19,0,56.9
2026-09-16T00:44:01.877Z,29.9,329524,19,0,56.9
2026-09-16T00:44:06.917Z,30.0,337160,19,0,56.9
2026-09-16T00:44:11.960Z,30.0,341348,19,0,56.9
2026-09-16T00:44:16.993Z,30.0,342196,19,0,57.5
2026-09-16T00:44:22.024Z,29.9,342196,19,0,57.5
2026-09-16T00:44:27.062Z,29.9,344452,19,0,56.9
2026-09-16T00:44:32.101Z,30.0,326312,19,0,56.9
2026-09-16T00:44:37.140Z,30.0,299336,19,0,56.4
2026-09-16T00:44:42.171Z,30.0,299644,19,0,57.5
2026-09-16T00:44:47.202Z,30.0,299644,19,0,56.9
2026-09-16T00:44:52.233Z,29.9,299644,19,0,58.0
2026-09-16T00:44:57.271Z,30.0,308788,19,0,56.9
2026-09-16T00:45:02.309Z,30.0,319940,19,0,56.9
2026-09-16T00:45:07.344Z,30.0,330760,19,0,56.9
2026-09-16T00:45:12.375Z,30.0,330760,19,0,56.9
2026-09-16T00:45:17.405Z,30.0,330760,19,0,56.9
2026-09-16T00:45:22.448Z,30.0,334684,19,0,56.9
2026-09-16T00:45:27.487Z,30.0,341132,19,0,56.9
2026-09-16T00:45:32.526Z,30.0,345948,19,0,56.4
2026-09-16T00:45:37.558Z,30.0,342808,19,0,56.9
2026-09-16T00:45:42.589Z,30.0,342808,19,0,57.5
2026-09-16T00:45:47.627Z,29.9,343352,19,0,57.5
2026-09-16T00:45:52.667Z,30.0,349044,19,0,56.9
2026-09-16T00:45:57.707Z,30.0,349208,19,0,56.9
2026-09-16T00:46:02.737Z,30.0,346796,19,0,56.9
2026-09-16T00:46:07.769Z,30.0,346796,19,0,57.5
2026-09-16T00:46:12.800Z,30.0,346796,19,0,58.0
2026-09-16T00:46:17.831Z,29.9,346796,19,0,58.0
2026-09-16T00:46:22.872Z,30.0,345780,19,0,57.5
2026-09-16T00:46:27.914Z,30.0,347748,19,0,56.4
2026-09-16T00:46:32.945Z,30.0,346816,19,0,56.9
2026-09-16T00:46:37.976Z,30.0,346816,19,0,57.5
2026-09-16T00:46:43.007Z,29.9,346816,19,0,58.0
2026-09-16T00:46:48.045Z,30.0,348028,19,0,57.5
2026-09-16T00:46:53.086Z,30.0,330292,19,0,56.9
2026-09-16T00:46:58.125Z,30.0,302288,19,0,56.9
2026-09-16T00:47:03.157Z,30.0,302288,19,0,57.5
2026-09-16T00:47:08.188Z,30.0,302288,19,0,57.5
2026-09-16T00:47:13.228Z,30.0,298540,19,0,56.9
2026-09-16T00:47:18.267Z,30.0,302556,19,0,56.9
2026-09-16T00:47:23.306Z,30.0,295420,19,0,56.4
2026-09-16T00:47:28.338Z,30.0,296032,19,0,56.9
2026-09-16T00:47:33.369Z,30.0,296032,19,0,57.5
2026-09-16T00:47:38.399Z,30.0,296032,19,0,58.0
2026-09-16T00:47:43.438Z,30.0,305376,19,0,56.9
2026-09-16T00:47:48.481Z,30.0,316756,19,0,56.9
2026-09-16T00:47:53.513Z,30.0,324796,19,0,56.9
2026-09-16T00:47:58.546Z,30.0,324796,19,0,57.5
2026-09-16T00:48:03.577Z,30.0,324796,19,0,58.0
2026-09-16T00:48:08.617Z,30.0,327396,19,0,56.9
2026-09-16T00:48:13.657Z,30.0,335212,19,0,56.9
2026-09-16T00:48:18.699Z,30.0,341972,19,0,56.9
2026-09-16T00:48:23.731Z,30.0,344504,19,0,56.9
2026-09-16T00:48:28.761Z,30.0,346108,19,0,57.5
2026-09-16T00:48:33.802Z,30.0,346996,19,0,58.0
2026-09-16T00:48:38.843Z,30.0,352264,19,0,56.9
2026-09-16T00:48:43.882Z,30.0,354188,19,0,56.9
2026-09-16T00:48:48.914Z,30.0,366928,19,0,56.9
2026-09-16T00:48:53.945Z,30.0,366928,19,0,56.9
2026-09-16T00:48:58.975Z,30.0,374300,19,0,58.0
2026-09-16T00:49:04.014Z,30.0,364516,19,0,56.9
2026-09-16T00:49:09.053Z,30.0,375092,19,0,56.9
2026-09-16T00:49:14.083Z,30.0,374924,19,0,56.9
2026-09-16T00:49:19.114Z,30.0,374924,19,0,56.9
2026-09-16T00:49:24.145Z,30.0,374924,19,0,58.0
2026-09-16T00:49:29.187Z,30.0,368896,19,0,56.9
2026-09-16T00:49:34.226Z,30.0,333584,19,0,56.9
2026-09-16T00:49:39.265Z,30.0,304916,19,0,56.9
2026-09-16T00:49:44.296Z,30.0,304236,19,0,56.9
2026-09-16T00:49:49.327Z,30.0,304236,19,0,58.0
2026-09-16T00:49:54.367Z,30.0,306844,19,0,56.9
2026-09-16T00:49:59.407Z,30.0,318464,19,0,56.9
2026-09-16T00:50:04.447Z,30.0,326076,19,0,56.4
2026-09-16T00:50:09.478Z,30.0,331192,19,0,56.9
2026-09-16T00:50:14.508Z,30.0,331192,19,0,57.5
2026-09-16T00:50:19.540Z,30.0,331192,19,0,58.0
2026-09-16T00:50:24.579Z,30.0,334700,19,0,56.9
2026-09-16T00:50:29.622Z,30.0,340948,19,0,56.9
2026-09-16T00:50:34.661Z,30.0,348652,19,0,56.9
2026-09-16T00:50:39.693Z,30.0,346912,19,0,57.5
2026-09-16T00:50:44.724Z,30.0,346912,19,0,58.0
2026-09-16T00:50:49.755Z,30.0,346912,19,0,58.0
2026-09-16T00:50:54.795Z,30.0,349640,19,0,58.0
2026-09-16T00:50:59.836Z,30.0,357984,19,0,56.9
2026-09-16T00:51:04.876Z,30.0,361260,19,0,56.9
2026-09-16T00:51:09.907Z,30.0,361032,19,0,58.0
2026-09-16T00:51:14.938Z,30.0,361032,19,0,57.5
2026-09-16T00:51:19.977Z,30.0,362076,19,0,56.9
2026-09-16T00:51:25.018Z,30.0,367400,19,0,56.9
2026-09-16T00:51:30.055Z,30.0,368048,19,0,56.9
2026-09-16T00:51:35.086Z,30.0,366764,19,0,56.9
2026-09-16T00:51:40.117Z,30.0,366764,19,0,58.0
2026-09-16T00:51:45.148Z,30.0,368572,19,0,58.0
2026-09-16T00:51:50.187Z,30.0,362464,19,0,56.9
2026-09-16T00:51:55.226Z,30.0,366896,19,0,56.9
2026-09-16T00:52:00.257Z,30.0,369264,19,0,56.9
2026-09-16T00:52:05.289Z,30.0,369264,19,0,57.5
2026-09-16T00:52:10.323Z,30.0,369264,19,0,58.0
2026-09-16T00:52:15.364Z,30.0,366640,19,0,56.9
2026-09-16T00:52:20.403Z,30.0,365540,19,0,56.9
2026-09-16T00:52:25.435Z,30.0,367884,19,0,56.9
2026-09-16T00:52:30.465Z,30.0,367884,19,0,57.5
2026-09-16T00:52:35.497Z,30.0,367884,19,0,58.0
2026-09-16T00:52:40.535Z,30.0,367984,19,0,58.0
2026-09-16T00:52:45.577Z,30.0,365576,19,0,56.9
2026-09-16T00:52:50.620Z,30.0,364760,19,0,56.9
2026-09-16T00:52:55.651Z,30.0,364940,19,0,56.9
2026-09-16T00:53:00.681Z,30.0,364940,19,0,57.5
2026-09-16T00:53:05.712Z,30.0,364940,19,0,58.0
2026-09-16T00:53:10.751Z,30.0,365452,19,0,56.9
2026-09-16T00:53:15.792Z,30.0,368904,19,0,56.9
2026-09-16T00:53:20.824Z,30.0,360856,19,0,56.9
2026-09-16T00:53:25.855Z,30.0,360856,19,0,57.5
2026-09-16T00:53:30.887Z,30.0,360856,19,0,57.5
2026-09-16T00:53:35.927Z,30.0,361032,19,0,56.9
2026-09-16T00:53:40.966Z,30.0,363184,19,0,56.9
2026-09-16T00:53:46.005Z,30.0,362680,19,0,56.9
2026-09-16T00:53:51.037Z,30.0,364056,19,0,57.5
2026-09-16T00:53:56.067Z,30.0,364056,19,0,58.0
2026-09-16T00:54:01.098Z,30.0,364056,19,0,58.0
2026-09-16T00:54:06.140Z,30.0,363136,19,0,57.5
2026-09-16T00:54:11.181Z,30.0,366320,19,0,56.9
2026-09-16T00:54:16.219Z,30.0,360788,19,0,56.9
2026-09-16T00:54:21.251Z,30.0,361036,19,0,57.5
2026-09-16T00:54:26.282Z,30.0,361036,19,0,57.5
2026-09-16T00:54:31.320Z,30.0,359032,19,0,57.5
2026-09-16T00:54:36.360Z,30.0,363168,19,0,56.9
2026-09-16T00:54:41.400Z,30.0,364408,19,0,56.9
2026-09-16T00:54:46.431Z,30.0,364832,19,0,56.9
2026-09-16T00:54:51.462Z,30.0,364832,19,0,57.5
2026-09-16T00:54:56.505Z,30.0,366180,19,0,58.0
2026-09-16T00:55:01.546Z,30.0,363712,19,0,56.9
2026-09-16T00:55:06.586Z,30.0,364888,19,0,56.9
2026-09-16T00:55:11.621Z,30.0,367776,19,0,56.9
2026-09-16T00:55:16.652Z,30.0,367776,19,0,56.9
2026-09-16T00:55:21.683Z,30.0,367776,19,0,57.5
2026-09-16T00:55:26.725Z,30.0,368492,19,0,56.9
2026-09-16T00:55:31.768Z,30.0,363904,19,0,56.9
2026-09-16T00:55:36.808Z,30.0,364520,19,0,56.9
2026-09-16T00:55:41.840Z,30.0,365348,19,0,56.9
2026-09-16T00:55:46.871Z,30.0,365348,19,0,58.0
2026-09-16T00:55:51.911Z,30.0,357432,19,0,56.9
2026-09-16T00:55:56.955Z,30.0,359132,19,0,56.9
2026-09-16T00:56:01.995Z,30.0,354328,19,0,56.9
2026-09-16T00:56:07.025Z,30.0,355472,19,0,56.9
2026-09-16T00:56:12.057Z,30.0,355472,19,0,57.5
2026-09-16T00:56:17.087Z,30.0,355472,19,0,57.5
2026-09-16T00:56:22.125Z,30.0,358548,19,0,56.9
2026-09-16T00:56:27.168Z,30.0,360180,19,0,56.9
2026-09-16T00:56:32.200Z,30.0,363344,19,0,56.4
2026-09-16T00:56:37.231Z,30.0,363344,19,0,56.9
2026-09-16T00:56:42.262Z,30.0,363344,19,0,56.9
2026-09-16T00:56:47.301Z,30.0,363672,19,0,56.9
2026-09-16T00:56:52.343Z,30.0,363428,19,0,56.4
2026-09-16T00:56:57.381Z,30.0,364704,19,0,56.9
2026-09-16T00:57:02.412Z,30.0,363096,19,0,56.9
2026-09-16T00:57:07.443Z,30.0,363096,19,0,57.5
2026-09-16T00:57:12.475Z,30.0,363096,19,0,58.0
2026-09-16T00:57:17.515Z,30.0,363140,19,0,56.9
2026-09-16T00:57:22.555Z,30.0,359888,19,0,56.9
2026-09-16T00:57:27.587Z,30.0,362524,19,0,56.4
2026-09-16T00:57:32.618Z,30.0,362328,19,0,56.9
2026-09-16T00:57:37.649Z,30.0,362328,19,0,57.5
2026-09-16T00:57:42.691Z,30.0,364580,19,0,57.5
2026-09-16T00:57:47.731Z,30.0,360160,19,0,56.9
2026-09-16T00:57:52.772Z,30.0,362724,19,0,56.4
2026-09-16T00:57:57.813Z,30.0,362668,19,0,56.9
2026-09-16T00:58:02.845Z,30.0,362668,19,0,57.5
2026-09-16T00:58:07.878Z,30.0,362668,19,0,57.5
2026-09-16T00:58:12.919Z,30.0,367284,19,0,56.9
2026-09-16T00:58:17.957Z,30.0,300208,19,0,56.9
2026-09-16T00:58:22.989Z,30.0,302604,19,0,56.9
2026-09-16T00:58:28.021Z,30.0,302604,19,0,56.9
2026-09-16T00:58:33.052Z,30.0,302604,19,0,58.0
2026-09-16T00:58:38.090Z,30.0,304160,19,0,58.0
2026-09-16T00:58:43.129Z,30.0,319324,19,0,56.9
2026-09-16T00:58:48.169Z,30.0,325584,19,0,56.9
2026-09-16T00:58:53.201Z,30.0,339676,19,0,56.9
2026-09-16T00:58:58.233Z,30.0,339676,19,0,57.5
2026-09-16T00:59:03.265Z,30.0,343756,19,0,58.0
2026-09-16T00:59:08.306Z,30.0,341576,19,0,56.9
2026-09-16T00:59:13.350Z,30.0,347660,19,0,56.9
2026-09-16T00:59:18.395Z,30.0,355792,19,0,56.9
2026-09-16T00:59:23.426Z,30.0,357748,19,0,56.9
2026-09-16T00:59:28.457Z,30.0,357748,19,0,57.5
2026-09-16T00:59:33.499Z,30.0,356152,19,0,57.5
2026-09-16T00:59:38.538Z,30.0,342444,19,0,56.9
2026-09-16T00:59:43.579Z,30.0,306876,19,0,56.9
2026-09-16T00:59:48.611Z,30.0,306984,19,0,56.9
2026-09-16T00:59:53.641Z,30.0,306984,19,0,58.0
2026-09-16T00:59:58.684Z,30.0,307616,19,0,58.0
2026-09-16T01:00:03.722Z,30.0,325448,19,0,56.9
2026-09-16T01:00:08.765Z,30.0,331248,19,0,55.8
2026-09-16T01:00:13.796Z,30.0,337388,19,0,56.9
2026-09-16T01:00:18.827Z,30.0,353636,19,0,57.5
2026-09-16T01:00:23.867Z,30.0,349796,19,0,58.0
2026-09-16T01:00:28.912Z,30.0,360688,19,0,56.9
2026-09-16T01:00:33.953Z,30.0,363824,19,0,55.8
2026-09-16T01:00:38.985Z,30.0,366060,19,0,56.4
2026-09-16T01:00:44.016Z,30.0,366060,19,0,56.9
2026-09-16T01:00:49.048Z,30.0,366060,19,0,57.5
2026-09-16T01:00:54.087Z,30.0,372564,19,0,56.9
2026-09-16T01:00:59.126Z,30.0,373500,19,0,56.9
2026-09-16T01:01:04.158Z,30.0,374048,19,0,56.9
2026-09-16T01:01:09.190Z,30.0,374048,19,0,58.0
2026-09-16T01:01:14.221Z,30.0,374048,19,0,58.0
2026-09-16T01:01:19.260Z,30.0,378428,19,0,56.9
2026-09-16T01:01:24.299Z,30.0,378276,19,0,56.9
2026-09-16T01:01:29.338Z,30.0,388268,19,0,56.4
2026-09-16T01:01:34.370Z,30.0,388720,19,0,58.0
2026-09-16T01:01:39.400Z,30.0,388720,19,0,56.9
2026-09-16T01:01:44.442Z,30.0,377704,19,0,57.5
2026-09-16T01:01:49.481Z,30.0,292388,19,0,56.4
2026-09-16T01:01:54.518Z,30.0,295548,19,0,56.4
2026-09-16T01:01:59.549Z,30.0,291832,19,0,56.9
2026-09-16T01:02:04.580Z,30.0,291832,19,0,57.5
2026-09-16T01:02:09.612Z,30.0,291832,19,0,58.0
2026-09-16T01:02:14.651Z,30.0,301376,19,0,56.9
2026-09-16T01:02:19.692Z,30.0,317652,19,0,56.4
2026-09-16T01:02:24.724Z,30.0,322544,19,0,56.9
2026-09-16T01:02:29.754Z,30.0,322544,19,0,56.9
2026-09-16T01:02:34.786Z,30.0,322544,19,0,58.0
2026-09-16T01:02:39.826Z,30.0,336568,19,0,56.9
2026-09-16T01:02:44.866Z,30.0,341392,19,0,56.4
2026-09-16T01:02:49.905Z,30.0,357452,19,0,55.8
2026-09-16T01:02:54.936Z,30.0,359696,19,0,56.9
2026-09-16T01:02:59.967Z,30.0,359944,19,0,58.0
2026-09-16T01:03:05.005Z,30.0,363144,19,0,56.9
2026-09-16T01:03:10.043Z,30.0,365964,19,0,56.9
2026-09-16T01:03:15.085Z,30.0,367176,19,0,56.4
2026-09-16T01:03:20.116Z,30.0,364768,19,0,56.9
2026-09-16T01:03:25.147Z,30.0,364768,19,0,56.9
2026-09-16T01:03:30.187Z,30.0,365820,19,0,58.0
2026-09-16T01:03:35.224Z,30.0,371244,19,0,56.9
2026-09-16T01:03:40.264Z,30.0,305744,19,0,56.9
2026-09-16T01:03:45.295Z,30.0,302016,19,0,56.9
2026-09-16T01:03:50.326Z,30.0,302016,19,0,58.0
2026-09-16T01:03:55.358Z,30.0,302016,19,0,58.0
2026-09-16T01:04:00.396Z,30.0,303596,19,0,57.5
2026-09-16T01:04:05.436Z,30.0,318744,19,0,56.4
2026-09-16T01:04:10.473Z,30.0,325680,19,0,56.9
2026-09-16T01:04:15.505Z,30.0,330252,19,0,56.9
2026-09-16T01:04:20.537Z,30.0,330256,19,0,57.5
2026-09-16T01:04:25.567Z,30.0,330256,19,0,58.0
2026-09-16T01:04:30.606Z,30.0,336804,19,0,56.9
2026-09-16T01:04:35.647Z,30.0,342416,19,0,56.9
2026-09-16T01:04:40.678Z,30.0,346140,19,0,58.0
2026-09-16T01:04:45.709Z,30.0,346140,19,0,56.9
2026-09-16T01:04:50.740Z,30.0,347948,19,0,58.0
2026-09-16T01:04:55.780Z,30.0,347968,19,0,56.9
2026-09-16T01:05:00.819Z,30.0,357104,19,0,56.9
2026-09-16T01:05:05.852Z,30.0,357024,19,0,56.9
2026-09-16T01:05:10.883Z,30.0,364368,19,0,57.5
2026-09-16T01:05:15.914Z,30.0,364368,19,0,57.5
2026-09-16T01:05:20.953Z,30.0,364936,19,0,56.9
2026-09-16T01:05:25.996Z,30.0,378496,19,0,56.9
2026-09-16T01:05:31.037Z,30.0,373636,19,0,56.4
2026-09-16T01:05:36.068Z,30.0,371548,19,0,56.9
2026-09-16T01:05:41.099Z,30.0,371548,19,0,56.9
2026-09-16T01:05:46.130Z,30.0,377884,19,0,57.5
2026-09-16T01:05:51.168Z,30.0,378640,19,0,56.9
2026-09-16T01:05:56.207Z,30.0,373972,19,0,56.4
2026-09-16T01:06:01.244Z,30.0,376232,19,0,56.9
2026-09-16T01:06:06.276Z,30.0,381348,19,0,57.5
2026-09-16T01:06:11.307Z,30.0,381348,19,0,58.0
2026-09-16T01:06:16.338Z,30.0,395628,19,0,56.9
2026-09-16T01:06:21.377Z,30.0,388008,19,0,56.9
2026-09-16T01:06:26.416Z,30.0,385484,19,0,56.9
2026-09-16T01:06:31.448Z,30.0,379756,19,0,56.4
2026-09-16T01:06:36.479Z,30.0,396036,19,0,57.5
2026-09-16T01:06:41.510Z,30.0,396036,19,0,56.9
2026-09-16T01:06:46.549Z,30.0,400112,19,0,57.5
2026-09-16T01:06:51.589Z,30.0,397620,19,0,56.9
2026-09-16T01:06:56.627Z,30.0,396272,19,0,56.9
2026-09-16T01:07:01.658Z,30.0,397472,19,0,56.9
2026-09-16T01:07:06.690Z,30.0,397472,19,0,56.9
2026-09-16T01:07:11.721Z,30.0,397472,19,0,58.0
2026-09-16T01:07:16.760Z,30.0,396736,19,0,56.4
2026-09-16T01:07:21.803Z,30.0,399552,19,0,56.9
2026-09-16T01:07:26.834Z,30.0,396824,19,0,56.9
2026-09-16T01:07:31.866Z,30.0,396824,19,0,56.9
2026-09-16T01:07:36.896Z,30.0,396824,19,0,58.0
2026-09-16T01:07:41.938Z,30.0,378760,19,0,56.9
2026-09-16T01:07:46.979Z,30.0,335164,19,0,56.9
2026-09-16T01:07:52.017Z,30.0,305248,19,0,56.4
2026-09-16T01:07:57.048Z,30.0,315128,19,0,58.0
2026-09-16T01:08:02.079Z,30.0,315128,19,0,57.5
2026-09-16T01:08:07.110Z,30.0,331424,19,0,58.0
2026-09-16T01:08:12.149Z,30.0,335596,19,0,57.5
2026-09-16T01:08:17.190Z,30.0,351540,19,0,56.9
2026-09-16T01:08:22.229Z,30.0,358048,19,0,56.4
2026-09-16T01:08:27.260Z,30.0,361516,19,0,56.9
2026-09-16T01:08:32.291Z,30.0,361516,19,0,57.5
2026-09-16T01:08:37.322Z,30.0,361516,19,0,58.0
2026-09-16T01:08:42.361Z,30.0,365248,19,0,56.9
2026-09-16T01:08:47.402Z,30.0,374280,19,0,56.4
2026-09-16T01:08:52.433Z,30.0,374256,19,0,56.9
2026-09-16T01:08:57.464Z,30.0,374256,19,0,57.5
2026-09-16T01:09:02.496Z,30.0,374256,19,0,57.5
2026-09-16T01:09:07.534Z,30.0,369768,19,0,57.5
2026-09-16T01:09:12.576Z,30.0,371656,19,0,56.4
2026-09-16T01:09:17.618Z,30.0,370944,19,0,56.4
2026-09-16T01:09:22.649Z,30.0,373872,19,0,56.9
2026-09-16T01:09:27.680Z,30.0,373872,19,0,58.0
2026-09-16T01:09:32.719Z,30.0,377368,19,0,56.9
2026-09-16T01:09:37.758Z,30.0,368736,19,0,56.9
2026-09-16T01:09:42.797Z,30.0,366436,19,0,56.9
2026-09-16T01:09:47.829Z,30.0,367612,19,0,56.9
2026-09-16T01:09:52.860Z,30.0,367612,19,0,56.9
2026-09-16T01:09:57.897Z,30.0,367796,19,0,57.5
2026-09-16T01:10:02.937Z,30.0,361232,19,0,56.9
2026-09-16T01:10:07.977Z,30.0,358500,19,0,56.9
2026-09-16T01:10:13.009Z,30.0,360012,19,0,56.9
2026-09-16T01:10:18.040Z,30.0,360012,19,0,56.9
2026-09-16T01:10:23.071Z,30.0,360012,19,0,57.5
2026-09-16T01:10:28.111Z,30.0,359616,19,0,56.9
2026-09-16T01:10:33.153Z,30.0,359924,19,0,56.9
2026-09-16T01:10:38.185Z,30.0,358968,19,0,56.4
2026-09-16T01:10:43.216Z,30.0,358968,19,0,57.5
2026-09-16T01:10:48.247Z,30.0,358968,19,0,56.9
2026-09-16T01:10:53.286Z,30.0,359184,19,0,56.9
2026-09-16T01:10:58.326Z,30.0,359036,19,0,56.9
2026-09-16T01:11:03.368Z,30.0,362348,19,0,56.9
2026-09-16T01:11:08.400Z,30.0,363404,19,0,56.9
2026-09-16T01:11:13.431Z,30.0,363404,19,0,58.0
2026-09-16T01:11:18.462Z,30.0,363404,19,0,58.0
2026-09-16T01:11:23.502Z,30.0,363672,19,0,58.0
2026-09-16T01:11:28.543Z,30.0,362944,19,0,56.9
2026-09-16T01:11:33.584Z,30.0,363764,19,0,56.4
2026-09-16T01:11:38.615Z,30.0,367492,19,0,56.4
2026-09-16T01:11:43.645Z,30.0,367492,19,0,57.5
2026-09-16T01:11:48.676Z,30.0,367492,19,0,56.9
2026-09-16T01:11:53.719Z,30.0,379904,19,0,56.9
2026-09-16T01:11:58.758Z,30.0,296836,19,0,56.9
2026-09-16T01:12:03.789Z,30.0,285576,19,0,56.9
2026-09-16T01:12:08.822Z,30.0,285576,19,0,56.9
2026-09-16T01:12:13.853Z,30.0,286392,19,0,57.5
2026-09-16T01:12:18.892Z,30.0,289924,19,0,58.0
2026-09-16T01:12:23.932Z,30.0,307976,19,0,56.4
2026-09-16T01:12:28.974Z,30.0,319856,19,0,56.9
2026-09-16T01:12:34.006Z,30.0,323992,19,0,56.9
2026-09-16T01:12:39.037Z,30.0,323992,19,0,56.9
2026-09-16T01:12:44.076Z,30.0,326252,19,0,56.9
2026-09-16T01:12:49.116Z,30.0,330720,19,0,57.5
2026-09-16T01:12:54.156Z,30.0,343988,19,0,56.9
2026-09-16T01:12:59.189Z,30.0,346808,19,0,56.9
2026-09-16T01:13:04.221Z,30.0,353092,19,0,56.9
2026-09-16T01:13:09.253Z,30.0,353092,19,0,58.0
2026-09-16T01:13:14.293Z,30.0,365944,19,0,56.4
2026-09-16T01:13:19.333Z,30.0,358476,19,0,56.9
2026-09-16T01:13:24.374Z,30.0,370376,19,0,56.4
2026-09-16T01:13:29.406Z,30.0,371476,19,0,56.9
2026-09-16T01:13:34.438Z,30.0,378636,19,0,57.5
2026-09-16T01:13:39.469Z,30.0,378636,19,0,57.5
2026-09-16T01:13:44.524Z,30.0,375932,19,0,56.9
2026-09-16T01:13:49.564Z,30.0,379888,19,0,56.9
2026-09-16T01:13:54.623Z,30.0,382272,19,0,56.4
2026-09-16T01:13:59.654Z,30.0,382272,19,0,56.9
2026-09-16T01:14:04.686Z,30.0,387620,19,0,58.0
2026-09-16T01:14:09.726Z,30.0,383724,19,0,57.5
2026-09-16T01:14:14.766Z,30.0,387296,19,0,56.4
2026-09-16T01:14:19.805Z,30.0,380940,19,0,56.4
2026-09-16T01:14:24.836Z,30.0,391388,19,0,56.9
2026-09-16T01:14:29.868Z,30.0,391388,19,0,56.9
2026-09-16T01:14:34.899Z,30.0,391388,19,0,58.0
2026-09-16T01:14:39.940Z,30.0,389948,19,0,56.9
2026-09-16T01:14:44.978Z,30.0,385620,19,0,56.9
2026-09-16T01:14:50.009Z,30.0,384344,19,0,56.9
2026-09-16T01:14:55.039Z,30.0,384344,19,0,56.9
2026-09-16T01:15:00.070Z,30.0,384344,19,0,58.0
2026-09-16T01:15:05.108Z,30.0,385664,19,0,56.9
2026-09-16T01:15:10.147Z,30.0,385136,19,0,56.9
2026-09-16T01:15:15.187Z,30.0,374584,19,0,56.4
2026-09-16T01:15:20.217Z,30.0,374584,19,0,56.9
2026-09-16T01:15:25.249Z,30.0,376624,19,0,57.5
2026-09-16T01:15:30.288Z,30.0,377504,19,0,56.9
2026-09-16T01:15:35.328Z,30.0,378980,19,0,56.9
2026-09-16T01:15:40.367Z,30.0,380168,19,0,56.9
2026-09-16T01:15:45.400Z,30.0,381264,19,0,56.9
2026-09-16T01:15:50.431Z,30.0,381264,19,0,56.9
2026-09-16T01:15:55.471Z,30.0,381316,19,0,56.9
2026-09-16T01:16:00.510Z,30.0,378460,19,0,56.9
2026-09-16T01:16:05.547Z,30.0,378864,19,0,56.4
2026-09-16T01:16:10.580Z,30.0,379388,19,0,56.4
2026-09-16T01:16:15.611Z,30.0,379388,19,0,57.5
2026-09-16T01:16:20.649Z,30.0,379388,19,0,58.0
2026-09-16T01:16:25.690Z,30.0,380780,19,0,56.9
2026-09-16T01:16:30.729Z,30.0,380816,19,0,56.9
2026-09-16T01:16:35.761Z,30.0,376508,19,0,56.9
2026-09-16T01:16:40.792Z,30.0,380588,19,0,56.9
2026-09-16T01:16:45.823Z,30.0,380588,19,0,56.9
2026-09-16T01:16:50.862Z,30.0,378656,19,0,56.9
2026-09-16T01:16:55.904Z,30.0,381628,19,0,56.9
2026-09-16T01:17:00.945Z,30.0,379560,19,0,56.9
2026-09-16T01:17:05.977Z,30.0,379572,19,0,57.5
2026-09-16T01:17:11.008Z,30.0,379572,19,0,56.9
2026-09-16T01:17:16.040Z,30.0,379572,19,0,58.0
2026-09-16T01:17:21.079Z,30.0,378716,19,0,56.9
2026-09-16T01:17:26.120Z,30.0,379504,19,0,56.4
2026-09-16T01:17:31.160Z,30.0,383816,19,0,56.4
2026-09-16T01:17:36.192Z,30.0,385716,19,0,57.5
2026-09-16T01:17:41.223Z,30.0,385716,19,0,58.0
2026-09-16T01:17:46.265Z,30.0,386128,19,0,57.5
2026-09-16T01:17:51.304Z,30.0,394872,19,0,56.4
2026-09-16T01:17:56.342Z,30.0,394496,19,0,56.4
2026-09-16T01:18:01.373Z,30.0,396200,19,0,56.4
2026-09-16T01:18:06.404Z,30.0,396200,19,0,56.9
2026-09-16T01:18:11.435Z,30.0,396200,19,0,57.5
2026-09-16T01:18:16.477Z,30.0,388004,19,0,56.9
2026-09-16T01:18:21.515Z,30.0,386252,19,0,56.4
2026-09-16T01:18:26.558Z,30.0,380272,19,0,56.4
2026-09-16T01:18:31.590Z,30.0,380924,19,0,56.9
2026-09-16T01:18:36.621Z,30.0,380924,19,0,57.5
2026-09-16T01:18:41.660Z,30.0,381044,19,0,57.5
2026-09-16T01:18:46.701Z,30.0,380556,19,0,56.9
2026-09-16T01:18:51.742Z,30.0,376940,19,0,56.9
2026-09-16T01:18:56.773Z,30.0,377560,19,0,56.9
2026-09-16T01:19:01.804Z,30.0,381856,19,0,58.0
2026-09-16T01:19:06.835Z,30.0,381856,19,0,58.0
2026-09-16T01:19:11.873Z,30.0,383344,19,0,56.9
2026-09-16T01:19:16.915Z,30.0,379932,19,0,56.9
2026-09-16T01:19:21.955Z,30.0,379536,19,0,56.4
2026-09-16T01:19:26.986Z,30.0,379644,19,0,56.9
2026-09-16T01:19:32.018Z,30.0,379644,19,0,56.9
2026-09-16T01:19:37.058Z,30.0,380336,19,0,57.5
2026-09-16T01:19:42.095Z,30.0,378292,19,0,56.9
2026-09-16T01:19:47.135Z,30.0,375080,19,0,56.4
2026-09-16T01:19:52.166Z,30.0,377944,19,0,56.9
2026-09-16T01:19:57.196Z,30.0,377944,19,0,56.9
2026-09-16T01:20:02.226Z,30.0,377944,19,0,56.9
2026-09-16T01:20:07.265Z,30.0,376416,19,0,56.4
2026-09-16T01:20:12.305Z,30.0,372904,19,0,56.9
2026-09-16T01:20:17.337Z,30.0,372752,19,0,56.4
2026-09-16T01:20:22.368Z,30.0,372752,19,0,58.0
2026-09-16T01:20:27.399Z,30.0,372752,19,0,56.9
2026-09-16T01:20:32.439Z,30.0,363340,19,0,56.9
2026-09-16T01:20:37.482Z,30.0,363832,19,0,56.9
2026-09-16T01:20:42.513Z,30.0,362568,19,0,56.9
2026-09-16T01:20:47.544Z,30.0,362568,19,0,56.9
2026-09-16T01:20:52.575Z,30.0,362568,19,0,56.9
2026-09-16T01:20:57.613Z,30.0,362460,19,0,56.4
2026-09-16T01:21:02.652Z,30.0,362808,19,0,56.9
2026-09-16T01:21:07.687Z,30.0,362156,19,0,56.9
2026-09-16T01:21:12.718Z,30.0,362156,19,0,58.0
2026-09-16T01:21:17.749Z,30.0,362700,19,0,57.5
2026-09-16T01:21:22.790Z,30.0,365164,19,0,56.9
2026-09-16T01:21:27.830Z,30.0,367420,19,0,56.4
2026-09-16T01:21:32.869Z,30.0,369856,19,0,56.4
2026-09-16T01:21:37.900Z,30.0,370816,19,0,56.9
2026-09-16T01:21:42.931Z,30.0,370816,19,0,56.9
2026-09-16T01:21:47.970Z,30.0,373664,19,0,56.9
2026-09-16T01:21:53.009Z,30.0,348280,19,0,56.9
2026-09-16T01:21:58.049Z,30.0,301160,19,0,56.4
2026-09-16T01:22:03.081Z,30.0,302552,19,0,56.9
2026-09-16T01:22:08.113Z,30.0,303564,19,0,56.9
2026-09-16T01:22:13.144Z,30.0,303564,19,0,57.5
2026-09-16T01:22:18.185Z,30.0,310708,19,0,56.9
2026-09-16T01:22:23.223Z,30.0,322964,19,0,56.4
2026-09-16T01:22:28.256Z,30.0,329864,19,0,56.4
2026-09-16T01:22:33.287Z,30.0,329864,19,0,56.9
2026-09-16T01:22:38.317Z,30.0,335636,19,0,58.0
2026-09-16T01:22:43.356Z,30.0,336140,19,0,57.5
2026-09-16T01:22:48.396Z,30.0,351840,19,0,56.9
2026-09-16T01:22:53.436Z,30.0,343036,19,0,56.9
2026-09-16T01:22:58.467Z,30.0,356648,19,0,56.9
2026-09-16T01:23:03.498Z,30.0,356648,19,0,56.9
2026-09-16T01:23:08.530Z,30.0,366480,19,0,56.9
2026-09-16T01:23:13.570Z,30.0,352796,19,0,56.9
2026-09-16T01:23:18.610Z,30.0,365268,19,0,56.4
2026-09-16T01:23:23.649Z,30.0,364160,19,0,56.4
2026-09-16T01:23:28.680Z,30.0,371836,19,0,56.9
2026-09-16T01:23:33.712Z,30.0,371836,19,0,58.0
2026-09-16T01:23:38.751Z,30.0,380316,19,0,57.5
2026-09-16T01:23:43.791Z,30.0,373468,19,0,56.9
2026-09-16T01:23:48.832Z,30.0,385292,19,0,56.4
2026-09-16T01:23:53.863Z,30.0,386060,19,0,56.9
2026-09-16T01:23:58.894Z,30.0,388100,19,0,56.9
2026-09-16T01:24:03.925Z,30.0,388100,19,0,57.5
2026-09-16T01:24:08.962Z,30.0,390080,19,0,56.9
2026-09-16T01:24:14.004Z,30.0,389680,19,0,56.9
2026-09-16T01:24:19.036Z,30.0,387388,19,0,56.9
2026-09-16T01:24:24.067Z,30.0,387388,19,0,57.5
2026-09-16T01:24:29.098Z,30.0,387388,19,0,58.0
2026-09-16T01:24:34.136Z,30.0,388524,19,0,57.5
2026-09-16T01:24:39.179Z,30.0,378544,19,0,56.9
2026-09-16T01:24:44.221Z,30.0,379260,19,0,56.4
2026-09-16T01:24:49.253Z,30.0,379764,19,0,56.9
2026-09-16T01:24:54.284Z,30.0,379764,19,0,57.5
2026-09-16T01:24:59.316Z,30.0,391996,19,0,57.5
2026-09-16T01:25:04.355Z,30.0,392500,19,0,56.9
2026-09-16T01:25:09.397Z,30.0,394312,19,0,55.8
2026-09-16T01:25:14.427Z,30.0,391520,19,0,56.9
2026-09-16T01:25:19.459Z,30.0,391520,19,0,56.9
2026-09-16T01:25:24.490Z,30.0,391520,19,0,56.9
2026-09-16T01:25:29.531Z,30.0,392092,19,0,56.9
2026-09-16T01:25:34.569Z,30.0,389092,19,0,56.4
2026-09-16T01:25:39.614Z,30.0,388912,19,0,56.9
2026-09-16T01:25:44.645Z,30.0,389240,19,0,56.9
2026-09-16T01:25:49.677Z,30.0,389240,19,0,57.5
2026-09-16T01:25:54.707Z,30.0,389240,19,0,57.5
2026-09-16T01:25:59.750Z,30.0,382896,19,0,56.9
2026-09-16T01:26:04.790Z,30.0,379756,19,0,56.4
2026-09-16T01:26:09.821Z,30.0,376820,19,0,56.9
2026-09-16T01:26:14.853Z,30.0,384964,19,0,57.5
2026-09-16T01:26:19.883Z,30.0,384964,19,0,57.5
2026-09-16T01:26:24.925Z,30.0,385352,19,0,56.9
2026-09-16T01:26:29.965Z,30.0,386084,19,0,56.4
2026-09-16T01:26:35.004Z,30.0,385336,19,0,56.4
2026-09-16T01:26:40.035Z,30.0,385516,19,0,57.5
2026-09-16T01:26:45.066Z,30.0,385516,19,0,58.0
2026-09-16T01:26:50.107Z,30.0,386812,19,0,56.9
2026-09-16T01:26:55.147Z,30.0,386676,19,0,56.4
2026-09-16T01:27:00.190Z,30.0,386256,19,0,56.4
2026-09-16T01:27:05.222Z,30.0,385512,19,0,56.9
2026-09-16T01:27:10.253Z,30.0,385512,19,0,58.0
2026-09-16T01:27:15.284Z,30.0,385512,19,0,56.9
2026-09-16T01:27:20.324Z,30.0,387448,19,0,56.4
2026-09-16T01:27:25.367Z,30.0,377444,19,0,56.9
2026-09-16T01:27:30.398Z,30.0,377300,19,0,56.9
2026-09-16T01:27:35.428Z,30.0,383420,19,0,57.5
2026-09-16T01:27:40.459Z,30.0,383420,19,0,57.5
2026-09-16T01:27:45.500Z,30.0,384764,19,0,56.9
2026-09-16T01:27:50.540Z,30.0,386928,19,0,56.9
2026-09-16T01:27:55.582Z,30.0,369704,19,0,56.9
2026-09-16T01:28:00.612Z,30.0,370352,19,0,56.9
2026-09-16T01:28:05.643Z,30.0,370352,19,0,57.5
2026-09-16T01:28:10.674Z,30.0,370352,19,0,57.5
2026-09-16T01:28:15.715Z,30.0,369972,19,0,57.5
2026-09-16T01:28:20.754Z,30.0,370240,19,0,56.9
2026-09-16T01:28:25.794Z,30.0,370332,19,0,56.9
2026-09-16T01:28:30.825Z,30.0,370688,19,0,56.9
2026-09-16T01:28:35.856Z,30.0,374768,19,0,57.5
2026-09-16T01:28:40.897Z,30.0,371544,19,0,57.5
2026-09-16T01:28:45.937Z,30.0,332956,19,0,56.9
2026-09-16T01:28:50.977Z,30.0,307196,19,0,56.9
2026-09-16T01:28:56.008Z,30.0,314212,19,0,56.9
2026-09-16T01:29:01.040Z,30.0,314212,19,0,57.5
2026-09-16T01:29:06.071Z,30.0,314212,19,0,57.5
2026-09-16T01:29:11.115Z,30.0,317432,19,0,56.9
2026-09-16T01:29:16.157Z,30.0,326240,19,0,56.9
2026-09-16T01:29:21.188Z,30.1,330264,19,0,56.9
2026-09-16T01:29:26.219Z,30.0,330264,19,0,56.9
2026-09-16T01:29:31.251Z,30.0,330264,19,0,57.5
2026-09-16T01:29:36.291Z,30.0,334672,19,0,57.5
2026-09-16T01:29:41.331Z,30.0,337292,19,0,56.9
2026-09-16T01:29:46.371Z,30.1,344332,19,0,56.9
2026-09-16T01:29:51.404Z,30.0,347936,19,0,57.5
2026-09-16T01:29:56.434Z,30.0,347936,19,0,58.0
2026-09-16T01:30:01.465Z,30.0,347936,19,0,57.5
2026-09-16T01:30:06.506Z,30.0,354592,19,0,56.9
2026-09-16T01:30:11.550Z,30.0,358364,19,0,56.9
2026-09-16T01:30:16.581Z,30.1,360468,19,0,56.4
2026-09-16T01:30:21.612Z,30.0,360468,19,0,58.0
2026-09-16T01:30:26.643Z,30.0,360468,19,0,56.9
2026-09-16T01:30:31.681Z,30.0,362140,19,0,56.9
2026-09-16T01:30:36.721Z,30.0,362408,19,0,56.9
2026-09-16T01:30:41.760Z,30.1,361780,19,0,56.4
2026-09-16T01:30:46.792Z,30.0,361788,19,0,56.9
2026-09-16T01:30:51.826Z,30.0,361788,19,0,56.9
2026-09-16T01:30:56.857Z,30.0,361788,19,0,56.9
2026-09-16T01:31:01.896Z,30.0,362492,19,0,56.4
2026-09-16T01:31:06.936Z,30.0,363316,19,0,56.9
2026-09-16T01:31:11.969Z,30.1,364728,19,0,56.9
2026-09-16T01:31:17.000Z,30.0,364728,19,0,57.5
2026-09-16T01:31:22.031Z,30.0,364728,19,0,57.5
2026-09-16T01:31:27.070Z,30.0,360116,19,0,56.4
2026-09-16T01:31:32.109Z,30.0,368392,19,0,56.4
2026-09-16T01:31:37.148Z,30.1,369460,19,0,56.9
2026-09-16T01:31:42.179Z,30.0,369468,19,0,56.9
2026-09-16T01:31:47.212Z,30.0,369468,19,0,58.0
2026-09-16T01:31:52.243Z,30.0,369468,19,0,57.5
2026-09-16T01:31:57.283Z,30.0,371068,19,0,56.9
2026-09-16T01:32:02.322Z,30.0,371148,19,0,56.9
2026-09-16T01:32:07.358Z,30.1,367792,19,0,56.4
2026-09-16T01:32:12.389Z,30.0,367792,19,0,56.9
2026-09-16T01:32:17.420Z,30.0,367792,19,0,56.9
2026-09-16T01:32:22.460Z,30.0,368104,19,0,57.5
2026-09-16T01:32:27.501Z,30.0,363160,19,0,56.9
2026-09-16T01:32:32.541Z,30.0,366832,19,0,56.4
2026-09-16T01:32:37.573Z,30.0,365600,19,0,56.9
2026-09-16T01:32:42.605Z,30.0,365600,19,0,56.9
2026-09-16T01:32:47.637Z,30.0,365600,19,0,58.0
2026-09-16T01:32:52.668Z,30.0,365600,19,0,58.0
2026-09-16T01:32:57.707Z,30.0,365944,19,0,57.5
2026-09-16T01:33:02.747Z,30.0,369640,19,0,57.5
2026-09-16T01:33:07.786Z,30.0,360044,19,0,56.9
2026-09-16T01:33:12.818Z,30.0,360160,19,0,56.9
2026-09-16T01:33:17.850Z,30.0,360160,19,0,56.9
2026-09-16T01:33:22.880Z,30.0,360160,19,0,58.0
2026-09-16T01:33:27.920Z,30.0,362472,19,0,56.9
2026-09-16T01:33:32.960Z,30.0,358452,19,0,55.8
2026-09-16T01:33:37.991Z,30.0,357380,19,0,56.9
2026-09-16T01:33:43.023Z,30.0,357628,19,0,56.9
2026-09-16T01:33:48.054Z,30.0,357628,19,0,57.5
2026-09-16T01:33:53.091Z,30.0,357796,19,0,57.5
2026-09-16T01:33:58.133Z,30.0,359280,19,0,56.9
2026-09-16T01:34:03.173Z,30.0,361472,19,0,56.9
2026-09-16T01:34:08.204Z,30.0,361788,19,0,56.9
2026-09-16T01:34:13.248Z,30.0,361788,19,0,57.5
2026-09-16T01:34:18.310Z,30.0,361808,19,0,58.0
2026-09-16T01:34:23.354Z,30.0,359440,19,0,56.9
2026-09-16T01:34:28.396Z,30.0,360088,19,0,56.9
2026-09-16T01:34:33.428Z,30.0,359728,19,0,56.9
2026-09-16T01:34:38.459Z,30.0,359728,19,0,56.9
2026-09-16T01:34:43.490Z,30.0,359728,19,0,56.9
2026-09-16T01:34:48.530Z,30.0,361672,19,0,56.9
2026-09-16T01:34:53.569Z,30.0,362280,19,0,56.9
2026-09-16T01:34:58.601Z,30.0,360784,19,0,56.9
2026-09-16T01:35:03.632Z,30.0,360784,19,0,56.9
2026-09-16T01:35:08.663Z,30.0,360784,19,0,56.9
2026-09-16T01:35:13.704Z,30.0,363712,19,0,56.9
2026-09-16T01:35:18.744Z,30.0,365024,19,0,56.9
2026-09-16T01:35:23.781Z,30.0,364048,19,0,56.9
2026-09-16T01:35:28.813Z,30.0,364068,19,0,58.0
2026-09-16T01:35:33.868Z,30.0,364068,19,0,56.9
2026-09-16T01:35:38.899Z,30.0,364068,19,0,56.9
2026-09-16T01:35:43.930Z,30.0,364068,19,0,58.0
2026-09-16T01:35:48.968Z,30.0,363224,19,0,57.5
2026-09-16T01:35:54.006Z,30.0,359476,19,0,56.9
2026-09-16T01:35:59.049Z,30.0,362232,19,0,56.9
2026-09-16T01:36:04.080Z,30.0,362340,19,0,56.9
2026-09-16T01:36:09.112Z,30.0,362340,19,0,56.9
2026-09-16T01:36:14.150Z,30.0,362340,19,0,57.5
2026-09-16T01:36:19.192Z,30.0,366444,19,0,56.9
2026-09-16T01:36:24.235Z,30.0,365516,19,0,56.9
2026-09-16T01:36:29.266Z,30.0,365672,19,0,56.4
2026-09-16T01:36:34.297Z,30.0,365672,19,0,56.9
2026-09-16T01:36:39.328Z,30.0,365672,19,0,56.9
2026-09-16T01:36:44.368Z,30.0,367832,19,0,56.9
2026-09-16T01:36:49.407Z,30.0,369416,19,0,56.9
2026-09-16T01:36:54.439Z,30.0,365892,19,0,56.4
2026-09-16T01:36:59.470Z,30.0,365892,19,0,56.9
2026-09-16T01:37:04.501Z,30.0,365892,19,0,56.9
2026-09-16T01:37:09.539Z,30.0,366620,19,0,56.9
2026-09-16T01:37:14.581Z,30.0,366200,19,0,56.4
2026-09-16T01:37:19.624Z,30.0,371156,19,0,56.9
2026-09-16T01:37:24.655Z,30.0,372308,19,0,56.9
2026-09-16T01:37:29.686Z,30.0,376840,19,0,58.0
2026-09-16T01:37:34.726Z,30.0,372304,19,0,56.9
2026-09-16T01:37:39.768Z,30.0,382056,19,0,56.9
2026-09-16T01:37:44.808Z,30.0,381852,19,0,56.4
2026-09-16T01:37:49.840Z,30.0,385212,19,0,56.9
2026-09-16T01:37:54.871Z,30.0,385212,19,0,57.5
2026-09-16T01:37:59.902Z,30.0,389452,19,0,57.5
2026-09-16T01:38:04.940Z,30.0,390796,19,0,56.9
2026-09-16T01:38:09.979Z,30.0,389424,19,0,56.4
2026-09-16T01:38:15.019Z,30.0,382232,19,0,56.9
2026-09-16T01:38:20.050Z,30.0,389208,19,0,56.9
2026-09-16T01:38:25.081Z,30.0,389208,19,0,57.5
2026-09-16T01:38:30.111Z,30.0,395328,19,0,56.9
2026-09-16T01:38:35.150Z,30.0,392928,19,0,56.9
2026-09-16T01:38:40.189Z,30.0,391700,19,0,55.8
2026-09-16T01:38:45.219Z,30.0,392276,19,0,56.9
2026-09-16T01:38:50.251Z,30.0,392276,19,0,56.9
2026-09-16T01:38:55.282Z,30.0,392276,19,0,56.9
2026-09-16T01:39:00.321Z,30.0,384764,19,0,56.9
2026-09-16T01:39:05.363Z,30.0,375020,19,0,56.4
2026-09-16T01:39:10.395Z,30.0,376264,19,0,56.9
2026-09-16T01:39:15.425Z,30.0,376264,19,0,56.9
2026-09-16T01:39:20.457Z,30.0,376264,19,0,57.5
2026-09-16T01:39:25.495Z,30.0,376312,19,0,56.9
2026-09-16T01:39:30.535Z,30.0,375392,19,0,56.9
2026-09-16T01:39:35.574Z,30.0,375672,19,0,56.4
2026-09-16T01:39:40.606Z,30.0,390260,19,0,56.9
2026-09-16T01:39:45.637Z,30.0,390260,19,0,56.9
2026-09-16T01:39:50.676Z,30.0,392476,19,0,56.9
2026-09-16T01:39:55.716Z,30.0,389040,19,0,56.9
2026-09-16T01:40:00.756Z,30.0,386216,19,0,56.9
2026-09-16T01:40:05.790Z,30.0,382032,19,0,56.4
2026-09-16T01:40:10.821Z,30.0,382032,19,0,56.9
2026-09-16T01:40:15.852Z,30.0,382032,19,0,58.0
2026-09-16T01:40:20.892Z,30.0,382248,19,0,56.9
2026-09-16T01:40:25.929Z,30.0,383020,19,0,56.9
2026-09-16T01:40:30.970Z,30.0,376788,19,0,56.4
2026-09-16T01:40:36.001Z,30.0,377016,19,0,56.9
2026-09-16T01:40:41.032Z,30.0,377016,19,0,56.9
2026-09-16T01:40:46.071Z,30.0,372396,19,0,56.9
2026-09-16T01:40:51.109Z,30.0,309464,19,0,56.9
2026-09-16T01:40:56.152Z,30.0,303292,19,0,56.4
2026-09-16T01:41:01.183Z,30.0,305268,19,0,57.5
2026-09-16T01:41:06.214Z,30.0,317508,19,0,57.5
2026-09-16T01:41:11.245Z,30.0,317508,19,0,57.5
2026-09-16T01:41:16.286Z,30.0,322600,19,0,56.9
2026-09-16T01:41:21.327Z,30.0,330320,19,0,56.4
2026-09-16T01:41:26.369Z,30.0,339324,19,0,56.4
2026-09-16T01:41:31.401Z,30.0,341084,19,0,57.5
2026-09-16T01:41:36.432Z,30.0,341084,19,0,57.5
2026-09-16T01:41:41.464Z,30.0,341084,19,0,56.9
2026-09-16T01:41:46.507Z,30.0,331412,19,0,56.9
2026-09-16T01:41:51.546Z,30.0,340076,19,0,56.9
2026-09-16T01:41:56.585Z,30.0,345140,19,0,56.9
2026-09-16T01:42:01.616Z,30.0,346668,19,0,56.9
2026-09-16T01:42:06.648Z,30.0,346668,19,0,58.0
2026-09-16T01:42:11.679Z,30.0,346668,19,0,56.9
2026-09-16T01:42:16.721Z,30.0,358328,19,0,56.9
2026-09-16T01:42:21.762Z,30.0,362468,19,0,56.9
2026-09-16T01:42:26.794Z,30.0,372268,19,0,56.9
2026-09-16T01:42:31.824Z,30.0,372268,19,0,57.5
2026-09-16T01:42:36.855Z,30.0,372268,19,0,56.9
2026-09-16T01:42:41.893Z,30.0,373800,19,0,56.9
2026-09-16T01:42:46.930Z,30.0,374548,19,0,56.9
2026-09-16T01:42:51.974Z,30.0,373024,19,0,56.4
2026-09-16T01:42:57.005Z,30.0,371412,19,0,56.9
2026-09-16T01:43:02.036Z,30.0,371412,19,0,56.9
2026-09-16T01:43:07.067Z,30.0,371412,19,0,57.5
2026-09-16T01:43:12.106Z,30.0,368916,19,0,56.9
2026-09-16T01:43:17.146Z,30.0,368368,19,0,56.4
2026-09-16T01:43:22.186Z,30.0,365900,19,0,56.4
2026-09-16T01:43:27.217Z,30.0,365900,19,0,56.4
2026-09-16T01:43:32.249Z,30.0,365900,19,0,56.9
2026-09-16T01:43:37.288Z,30.0,367788,19,0,56.9
2026-09-16T01:43:42.328Z,30.0,363100,19,0,56.4
2026-09-16T01:43:47.368Z,30.0,365368,19,0,56.4
2026-09-16T01:43:52.399Z,30.0,364568,19,0,56.9
2026-09-16T01:43:57.430Z,30.0,364568,19,0,57.5
2026-09-16T01:44:02.470Z,30.0,365656,19,0,56.9
2026-09-16T01:44:07.509Z,30.0,365524,19,0,56.9
2026-09-16T01:44:12.547Z,30.0,363556,19,0,55.8
2026-09-16T01:44:17.578Z,30.0,364244,19,0,56.9
2026-09-16T01:44:22.608Z,30.0,364244,19,0,57.5
2026-09-16T01:44:27.639Z,30.0,364244,19,0,56.9
2026-09-16T01:44:32.678Z,30.0,365316,19,0,56.4
2026-09-16T01:44:37.716Z,30.0,366040,19,0,56.9
2026-09-16T01:44:42.760Z,30.0,367716,19,0,56.4
2026-09-16T01:44:47.793Z,30.0,368272,19,0,56.9
2026-09-16T01:44:52.824Z,30.0,368272,19,0,57.5
2026-09-16T01:44:57.864Z,30.0,368588,19,0,56.9
2026-09-16T01:45:02.904Z,30.0,370480,19,0,56.9
2026-09-16T01:45:07.944Z,30.0,365252,19,0,56.9
2026-09-16T01:45:12.977Z,30.0,366232,19,0,56.9
2026-09-16T01:45:18.010Z,30.0,366232,19,0,56.9
2026-09-16T01:45:23.041Z,30.0,366232,19,0,56.9
2026-09-16T01:45:28.084Z,30.0,365640,19,0,56.9
2026-09-16T01:45:33.123Z,30.0,362404,19,0,56.9
2026-09-16T01:45:38.163Z,30.0,361748,19,0,56.4
2026-09-16T01:45:43.194Z,30.0,363736,19,0,56.9
2026-09-16T01:45:48.226Z,30.0,363736,19,0,57.5
2026-09-16T01:45:53.256Z,30.0,363736,19,0,57.5
2026-09-16T01:45:58.292Z,30.0,363636,19,0,56.9
2026-09-16T01:46:03.334Z,30.0,360316,19,0,56.9
2026-09-16T01:46:08.376Z,30.0,360436,19,0,56.4
2026-09-16T01:46:13.408Z,30.0,363032,19,0,57.5
2026-09-16T01:46:18.439Z,30.0,363032,19,0,56.9
2026-09-16T01:46:23.478Z,30.0,370576,19,0,56.9
2026-09-16T01:46:28.518Z,30.0,364408,19,0,56.4
2026-09-16T01:46:33.557Z,30.0,375696,19,0,56.4
2026-09-16T01:46:38.589Z,30.0,371592,19,0,56.9
2026-09-16T01:46:43.619Z,30.0,377560,19,0,56.9
2026-09-16T01:46:48.662Z,30.0,379196,19,0,56.9
2026-09-16T01:46:53.699Z,30.0,385104,19,0,56.9
2026-09-16T01:46:58.740Z,30.0,309656,19,0,56.9
2026-09-16T01:47:03.772Z,30.0,304684,19,0,56.4
2026-09-16T01:47:08.804Z,30.0,304684,19,0,56.9
2026-09-16T01:47:13.838Z,30.0,315092,19,0,58.0
2026-09-16T01:47:18.879Z,30.0,319056,19,0,56.9
2026-09-16T01:47:23.919Z,30.0,329208,19,0,56.9
2026-09-16T01:47:28.959Z,30.0,336828,19,0,56.4
2026-09-16T01:47:33.991Z,30.0,343668,19,0,56.9
2026-09-16T01:47:39.022Z,30.0,343668,19,0,58.0
2026-09-16T01:47:44.063Z,30.0,350972,19,0,56.9
2026-09-16T01:47:49.104Z,30.0,357660,19,0,56.4
2026-09-16T01:47:54.142Z,30.0,361176,19,0,56.4
2026-09-16T01:47:59.173Z,30.0,358056,19,0,56.9
2026-09-16T01:48:04.204Z,30.0,358056,19,0,56.9
2026-09-16T01:48:09.244Z,30.0,358220,19,0,57.5
2026-09-16T01:48:14.287Z,30.0,358144,19,0,56.9
2026-09-16T01:48:19.326Z,30.0,366056,19,0,56.4
2026-09-16T01:48:24.358Z,30.0,364180,19,0,56.4
2026-09-16T01:48:29.389Z,30.0,364180,19,0,56.9
2026-09-16T01:48:34.420Z,30.0,364180,19,0,57.5
2026-09-16T01:48:39.459Z,30.0,364220,19,0,56.9
2026-09-16T01:48:44.499Z,30.0,367280,19,0,56.4
2026-09-16T01:48:49.531Z,30.0,370168,19,0,56.4
2026-09-16T01:48:54.563Z,30.0,378328,19,0,56.9
2026-09-16T01:48:59.595Z,30.0,378328,19,0,56.9
2026-09-16T01:49:04.641Z,30.0,381620,19,0,56.9
2026-09-16T01:49:09.679Z,30.0,373048,19,0,56.9
2026-09-16T01:49:14.718Z,30.0,374340,19,0,56.4
2026-09-16T01:49:19.748Z,30.0,377516,19,0,56.4
2026-09-16T01:49:24.779Z,30.0,377516,19,0,56.9
2026-09-16T01:49:29.817Z,30.0,375504,19,0,56.9
2026-09-16T01:49:34.858Z,30.0,372984,19,0,56.9
2026-09-16T01:49:39.899Z,30.0,368764,19,0,56.4
2026-09-16T01:49:44.931Z,30.0,362880,19,0,56.9
2026-09-16T01:49:49.962Z,30.0,362880,19,0,56.9
2026-09-16T01:49:54.993Z,30.0,362880,19,0,57.5
2026-09-16T01:50:00.031Z,30.0,364072,19,0,56.9
2026-09-16T01:50:05.074Z,30.0,363224,19,0,56.4
2026-09-16T01:50:10.107Z,30.0,368060,19,0,56.9
2026-09-16T01:50:15.139Z,30.0,368060,19,0,56.9
2026-09-16T01:50:20.169Z,30.0,368060,19,0,56.9
2026-09-16T01:50:25.206Z,30.0,372896,19,0,56.9
2026-09-16T01:50:30.248Z,30.0,338628,19,0,56.9
2026-09-16T01:50:35.312Z,30.0,314560,19,0,56.9
2026-09-16T01:50:40.343Z,30.0,311252,19,0,56.9
2026-09-16T01:50:45.373Z,30.0,319396,19,0,56.9
2026-09-16T01:50:50.404Z,30.0,319396,19,0,56.9
2026-09-16T01:50:55.443Z,30.0,330408,19,0,56.9
2026-09-16T01:51:00.485Z,30.0,333472,19,0,56.9
2026-09-16T01:51:05.517Z,30.0,336548,19,0,56.9
2026-09-16T01:51:10.547Z,30.0,336548,19,0,56.9
2026-09-16T01:51:15.579Z,30.0,336548,19,0,57.5
2026-09-16T01:51:20.618Z,30.0,330076,19,0,56.4
2026-09-16T01:51:25.659Z,30.0,292548,19,0,56.9
2026-09-16T01:51:30.698Z,30.1,288772,19,0,56.9
2026-09-16T01:51:35.730Z,30.0,289332,19,0,56.9
2026-09-16T01:51:40.761Z,30.0,289332,19,0,56.9
2026-09-16T01:51:45.804Z,30.0,288648,19,0,56.9
2026-09-16T01:51:50.844Z,30.0,305120,19,0,56.9
2026-09-16T01:51:55.883Z,30.0,320436,19,0,56.9
2026-09-16T01:52:00.915Z,30.0,323084,19,0,56.9
2026-09-16T01:52:05.946Z,30.0,323084,19,0,57.5
2026-09-16T01:52:10.987Z,30.0,322692,19,0,56.9
2026-09-16T01:52:16.025Z,30.0,285340,19,0,56.9
2026-09-16T01:52:21.066Z,30.1,293668,19,0,56.9
2026-09-16T01:52:26.099Z,30.1,296588,19,0,56.9
2026-09-16T01:52:31.131Z,30.0,296588,19,0,56.9
2026-09-16T01:52:36.162Z,30.0,296588,19,0,58.0
2026-09-16T01:52:41.201Z,30.0,298604,19,0,56.9
2026-09-16T01:52:46.241Z,30.0,311624,19,0,55.8
2026-09-16T01:52:51.281Z,30.1,322368,19,0,56.4
2026-09-16T01:52:56.312Z,30.1,325196,19,0,56.9
2026-09-16T01:53:01.343Z,30.0,325196,19,0,57.5
2026-09-16T01:53:06.383Z,30.0,326792,19,0,56.4
2026-09-16T01:53:11.425Z,30.1,335984,19,0,55.8
2026-09-16T01:53:16.468Z,30.1,338896,19,0,56.4
2026-09-16T01:53:21.499Z,30.1,341384,19,0,56.9
2026-09-16T01:53:26.530Z,30.0,341384,19,0,56.9
2026-09-16T01:53:31.570Z,30.0,342900,19,0,57.5
2026-09-16T01:53:36.610Z,30.0,348508,19,0,56.9
2026-09-16T01:53:41.648Z,30.1,353496,19,0,56.4
2026-09-16T01:53:46.680Z,30.1,353048,19,0,56.9
2026-09-16T01:53:51.711Z,30.0,353048,19,0,57.5
2026-09-16T01:53:56.743Z,30.0,353048,19,0,56.9
2026-09-16T01:54:01.774Z,30.0,353048,19,0,58.0
2026-09-16T01:54:06.814Z,30.0,356336,19,0,56.4
2026-09-16T01:54:11.853Z,30.0,356068,19,0,56.4
2026-09-16T01:54:16.884Z,30.1,361132,19,0,56.4
2026-09-16T01:54:21.915Z,30.0,361132,19,0,56.9
2026-09-16T01:54:26.946Z,30.0,361132,19,0,58.0
2026-09-16T01:54:31.986Z,30.0,360708,19,0,56.9
2026-09-16T01:54:37.025Z,30.0,364872,19,0,56.4
2026-09-16T01:54:42.064Z,30.1,366064,19,0,55.8
2026-09-16T01:54:47.095Z,30.0,366712,19,0,56.9
2026-09-16T01:54:52.128Z,30.0,366712,19,0,57.5
2026-09-16T01:54:57.159Z,30.0,366712,19,0,58.0
2026-09-16T01:55:02.201Z,30.0,369856,19,0,56.9
2026-09-16T01:55:07.243Z,30.0,369520,19,0,56.4
2026-09-16T01:55:12.282Z,30.0,371576,19,0,56.9
2026-09-16T01:55:17.314Z,30.0,373168,19,0,56.9
2026-09-16T01:55:22.345Z,30.0,373200,19,0,57.5
2026-09-16T01:55:27.376Z,30.0,373200,19,0,58.0
2026-09-16T01:55:32.417Z,30.0,377048,19,0,56.9
2026-09-16T01:55:37.456Z,30.0,376464,19,0,56.4
2026-09-16T01:55:42.487Z,30.0,379488,19,0,56.4
2026-09-16T01:55:47.519Z,30.0,379488,19,0,56.9
2026-09-16T01:55:52.551Z,30.0,383320,19,0,56.9
2026-09-16T01:55:57.592Z,30.0,384188,19,0,57.5
2026-09-16T01:56:02.634Z,30.0,387444,19,0,56.9
2026-09-16T01:56:07.673Z,30.0,378360,19,0,56.9
2026-09-16T01:56:12.704Z,30.0,379164,19,0,56.9
2026-09-16T01:56:17.735Z,30.0,379164,19,0,56.9
2026-09-16T01:56:22.775Z,30.0,379432,19,0,57.5
2026-09-16T01:56:27.814Z,30.0,373912,19,0,56.9
2026-09-16T01:56:32.854Z,30.0,361484,19,0,56.9
2026-09-16T01:56:37.887Z,30.0,362160,19,0,56.9
2026-09-16T01:56:42.918Z,30.0,362160,19,0,56.9
2026-09-16T01:56:47.949Z,30.0,362160,19,0,56.9
2026-09-16T01:56:52.988Z,30.0,362844,19,0,56.4
2026-09-16T01:56:58.029Z,30.0,364180,19,0,56.9
2026-09-16T01:57:03.068Z,30.0,365520,19,0,56.4
2026-09-16T01:57:08.100Z,30.0,366420,19,0,57.5
2026-09-16T01:57:13.131Z,30.0,366420,19,0,56.9
2026-09-16T01:57:18.162Z,30.0,372052,19,0,56.9
2026-09-16T01:57:23.201Z,30.0,366192,19,0,56.9
2026-09-16T01:57:28.241Z,30.0,371932,19,0,56.4
2026-09-16T01:57:33.272Z,30.0,372268,19,0,56.9
2026-09-16T01:57:38.303Z,30.0,378268,19,0,56.9
2026-09-16T01:57:43.334Z,30.0,378268,19,0,56.9
2026-09-16T01:57:48.371Z,30.0,384476,19,0,56.9
2026-09-16T01:57:53.414Z,30.0,374796,19,0,56.4
2026-09-16T01:57:58.451Z,30.0,390272,19,0,56.4
2026-09-16T01:58:03.482Z,30.0,389092,19,0,56.9
2026-09-16T01:58:08.514Z,30.0,399284,19,0,57.5
2026-09-16T01:58:13.553Z,30.0,399416,19,0,56.9
2026-09-16T01:58:18.595Z,30.0,403060,19,0,56.9
2026-09-16T01:58:23.634Z,30.0,399188,19,0,56.4
2026-09-16T01:58:28.665Z,30.0,399944,19,0,56.9
2026-09-16T01:58:33.696Z,30.0,399944,19,0,56.9
2026-09-16T01:58:38.726Z,30.0,399944,19,0,57.5
2026-09-16T01:58:43.765Z,30.0,400552,19,0,56.9
2026-09-16T01:58:48.805Z,30.0,401980,19,0,56.9
2026-09-16T01:58:53.848Z,30.0,402088,19,0,55.8
2026-09-16T01:58:58.880Z,30.0,402212,19,0,56.9
2026-09-16T01:59:03.912Z,30.0,402212,19,0,58.0
2026-09-16T01:59:08.951Z,30.0,400808,19,0,57.5
2026-09-16T01:59:13.990Z,30.0,394260,19,0,56.4
2026-09-16T01:59:19.034Z,30.0,394060,19,0,56.4
2026-09-16T01:59:24.068Z,30.0,387716,19,0,56.9
2026-09-16T01:59:29.099Z,30.0,401988,19,0,57.5
2026-09-16T01:59:34.131Z,30.0,401988,19,0,56.9
2026-09-16T01:59:39.172Z,30.0,404368,19,0,56.9
2026-09-16T01:59:44.212Z,30.0,405268,19,0,56.4
2026-09-16T01:59:49.243Z,30.0,404988,19,0,56.9
2026-09-16T01:59:54.275Z,30.0,404988,19,0,56.9
2026-09-16T01:59:59.307Z,30.0,404988,19,0,56.9
2026-09-16T02:00:04.339Z,30.0,404988,19,0,57.5
2026-09-16T02:00:09.377Z,30.0,405900,19,0,56.4
2026-09-16T02:00:14.416Z,30.0,405756,19,0,55.8
2026-09-16T02:00:19.457Z,30.0,408568,19,0,55.8
2026-09-16T02:00:24.524Z,30.0,408580,19,0,56.9
2026-09-16T02:00:29.556Z,30.0,408580,19,0,56.9
2026-09-16T02:00:34.596Z,30.0,405360,19,0,56.9
2026-09-16T02:00:39.635Z,30.0,404044,19,0,55.8
2026-09-16T02:00:44.684Z,30.0,384088,19,0,56.4
2026-09-16T02:00:49.716Z,30.0,398332,19,0,57.5
2026-09-16T02:00:54.746Z,30.0,398332,19,0,56.9
2026-09-16T02:00:59.785Z,30.0,403116,19,0,56.9
2026-09-16T02:01:04.830Z,30.0,402136,19,0,56.9
2026-09-16T02:01:09.868Z,30.0,400452,19,0,56.4
2026-09-16T02:01:14.900Z,30.0,401764,19,0,56.4
2026-09-16T02:01:19.930Z,30.0,401764,19,0,56.9
2026-09-16T02:01:24.961Z,30.0,401764,19,0,56.9
2026-09-16T02:01:29.998Z,30.0,386212,19,0,56.9
2026-09-16T02:01:35.037Z,30.0,318844,19,0,56.4
2026-09-16T02:01:40.068Z,30.0,308404,19,0,56.4
2026-09-16T02:01:45.098Z,30.0,308404,19,0,57.5
2026-09-16T02:01:50.129Z,30.0,308404,19,0,56.9
2026-09-16T02:01:55.159Z,30.0,308404,19,0,56.9
2026-09-16T02:02:00.198Z,30.0,315828,19,0,56.9
2026-09-16T02:02:05.236Z,30.0,336252,19,0,56.9
2026-09-16T02:02:10.268Z,30.0,340524,19,0,56.4
2026-09-16T02:02:15.298Z,30.0,342812,19,0,56.9
2026-09-16T02:02:20.329Z,30.0,342812,19,0,56.9
2026-09-16T02:02:25.368Z,30.0,345464,19,0,56.9
2026-09-16T02:02:30.409Z,30.0,355772,19,0,56.4
2026-09-16T02:02:35.451Z,30.0,361776,19,0,55.8
2026-09-16T02:02:40.483Z,30.0,357476,19,0,57.5
2026-09-16T02:02:45.514Z,30.0,357476,19,0,58.0
2026-09-16T02:02:50.556Z,30.0,360628,19,0,56.9
2026-09-16T02:02:55.595Z,30.0,360532,19,0,56.9
2026-09-16T02:03:00.634Z,30.0,358848,19,0,56.4
2026-09-16T02:03:05.665Z,30.0,359096,19,0,56.9
2026-09-16T02:03:10.696Z,30.0,359096,19,0,56.9
2026-09-16T02:03:15.741Z,30.0,358956,19,0,57.5
2026-09-16T02:03:20.781Z,30.0,359280,19,0,56.9
2026-09-16T02:03:25.821Z,30.0,356268,19,0,55.8
2026-09-16T02:03:30.853Z,30.0,357116,19,0,56.9
2026-09-16T02:03:35.884Z,30.0,357116,19,0,56.9
2026-09-16T02:03:40.915Z,30.0,357116,19,0,58.0
2026-09-16T02:03:45.953Z,30.0,360088,19,0,56.9
2026-09-16T02:03:50.995Z,30.0,358992,19,0,56.4
2026-09-16T02:03:56.026Z,30.0,361200,19,0,56.9
2026-09-16T02:04:01.058Z,30.0,361200,19,0,58.0
2026-09-16T02:04:06.089Z,30.0,361200,19,0,56.9
2026-09-16T02:04:11.132Z,30.0,364084,19,0,56.9
2026-09-16T02:04:16.174Z,30.0,296116,19,0,56.4
2026-09-16T02:04:21.205Z,30.0,300728,19,0,56.4
2026-09-16T02:04:26.237Z,30.0,300728,19,0,56.9
2026-09-16T02:04:31.268Z,30.0,300728,19,0,56.9
2026-09-16T02:04:36.307Z,30.0,307412,19,0,56.9
2026-09-16T02:04:41.347Z,30.0,319676,19,0,56.4
2026-09-16T02:04:46.390Z,30.0,328260,19,0,55.8
2026-09-16T02:04:51.421Z,30.0,326160,19,0,56.9
2026-09-16T02:04:56.452Z,30.0,326164,19,0,58.0
2026-09-16T02:05:01.493Z,30.0,329708,19,0,56.9
2026-09-16T02:05:06.534Z,30.0,337124,19,0,56.9
2026-09-16T02:05:11.573Z,30.0,344324,19,0,56.9
2026-09-16T02:05:16.604Z,30.0,343176,19,0,56.9
2026-09-16T02:05:21.636Z,30.0,343176,19,0,56.9
2026-09-16T02:05:26.676Z,30.0,343400,19,0,56.9
2026-09-16T02:05:31.718Z,30.0,348236,19,0,56.9
2026-09-16T02:05:36.757Z,30.0,354828,19,0,56.4
2026-09-16T02:05:41.787Z,30.0,358012,19,0,56.4
2026-09-16T02:05:46.819Z,30.0,358012,19,0,56.9
2026-09-16T02:05:51.852Z,30.0,358012,19,0,58.0
2026-09-16T02:05:56.892Z,30.0,360160,19,0,56.4
2026-09-16T02:06:01.932Z,30.0,361952,19,0,55.8
2026-09-16T02:06:06.964Z,30.1,366544,19,0,56.9
2026-09-16T02:06:11.995Z,30.0,366544,19,0,58.0
2026-09-16T02:06:17.027Z,30.0,366640,19,0,57.5
2026-09-16T02:06:22.070Z,30.0,366072,19,0,56.4
2026-09-16T02:06:27.111Z,30.0,366924,19,0,56.9
2026-09-16T02:06:32.150Z,30.1,365004,19,0,56.9
2026-09-16T02:06:37.182Z,30.0,364180,19,0,56.9
2026-09-16T02:06:42.213Z,30.0,368580,19,0,56.9
2026-09-16T02:06:47.245Z,30.0,368580,19,0,57.5
2026-09-16T02:06:52.284Z,30.0,376256,19,0,56.9
2026-09-16T02:06:57.325Z,30.0,371276,19,0,56.9
2026-09-16T02:07:02.356Z,30.1,375476,19,0,56.9
2026-09-16T02:07:07.387Z,30.0,375476,19,0,56.9
2026-09-16T02:07:12.418Z,30.0,381164,19,0,56.9
2026-09-16T02:07:17.457Z,30.0,377612,19,0,56.9
2026-09-16T02:07:22.495Z,30.0,383920,19,0,56.9
2026-09-16T02:07:27.535Z,30.1,386424,19,0,56.4
2026-09-16T02:07:32.566Z,30.0,391904,19,0,56.9
2026-09-16T02:07:37.597Z,30.0,391904,19,0,56.9
2026-09-16T02:07:42.637Z,30.0,384524,19,0,57.5
2026-09-16T02:07:47.675Z,30.0,386356,19,0,56.9
2026-09-16T02:07:52.714Z,30.0,401352,19,0,56.4
2026-09-16T02:07:57.746Z,30.0,398224,19,0,56.9
2026-09-16T02:08:02.776Z,30.0,410440,19,0,57.5
2026-09-16T02:08:07.807Z,30.0,410440,19,0,57.5
2026-09-16T02:08:12.847Z,30.0,416148,19,0,56.9
2026-09-16T02:08:17.886Z,30.0,412592,19,0,56.4
2026-09-16T02:08:22.918Z,30.1,414840,19,0,55.8
2026-09-16T02:08:27.951Z,30.0,414840,19,0,56.9
2026-09-16T02:08:32.983Z,30.0,414840,19,0,56.9
2026-09-16T02:08:38.014Z,30.0,414840,19,0,56.9
2026-09-16T02:08:43.055Z,30.0,411316,19,0,56.4
2026-09-16T02:08:48.101Z,30.0,404380,19,0,56.9
2026-09-16T02:08:53.134Z,30.0,402372,19,0,56.4
2026-09-16T02:08:58.164Z,30.0,402372,19,0,56.9
2026-09-16T02:09:03.195Z,30.0,402372,19,0,56.9
2026-09-16T02:09:08.237Z,30.0,403024,19,0,56.4
2026-09-16T02:09:13.276Z,30.0,397500,19,0,56.4
2026-09-16T02:09:18.317Z,30.1,399340,19,0,55.8
2026-09-16T02:09:23.347Z,30.0,415612,19,0,56.9
2026-09-16T02:09:28.378Z,30.0,415612,19,0,56.9
2026-09-16T02:09:33.409Z,30.0,417644,19,0,57.5
2026-09-16T02:09:38.449Z,30.0,405736,19,0,56.9
2026-09-16T02:09:43.487Z,30.0,397716,19,0,56.4
2026-09-16T02:09:48.519Z,30.0,398756,19,0,56.9
2026-09-16T02:09:53.549Z,30.0,398756,19,0,57.5
2026-09-16T02:09:58.580Z,30.0,398756,19,0,56.9
2026-09-16T02:10:03.618Z,30.0,390708,19,0,56.9
2026-09-16T02:10:08.659Z,30.0,385936,19,0,56.4
2026-09-16T02:10:13.703Z,30.0,373712,19,0,55.8
2026-09-16T02:10:18.734Z,30.0,376808,19,0,56.9
2026-09-16T02:10:23.765Z,30.0,376808,19,0,56.9
2026-09-16T02:10:28.796Z,30.0,376808,19,0,56.9
2026-09-16T02:10:33.835Z,30.0,388816,19,0,56.9
2026-09-16T02:10:38.880Z,30.0,385832,19,0,56.4
2026-09-16T02:10:43.916Z,30.0,389344,19,0,56.9
2026-09-16T02:10:48.973Z,30.0,389344,19,0,56.9
2026-09-16T02:10:54.005Z,30.0,389344,19,0,56.9
2026-09-16T02:10:59.046Z,30.0,379832,19,0,56.9
2026-09-16T02:11:04.087Z,30.0,371852,19,0,56.9
2026-09-16T02:11:09.129Z,30.0,368636,19,0,56.4
2026-09-16T02:11:14.162Z,30.0,368764,19,0,56.9
2026-09-16T02:11:19.194Z,30.0,368764,19,0,56.9
2026-09-16T02:11:24.225Z,30.0,368764,19,0,58.0
2026-09-16T02:11:29.265Z,30.0,371736,19,0,56.9
2026-09-16T02:11:34.304Z,30.0,372628,19,0,56.9
2026-09-16T02:11:39.336Z,30.0,367924,19,0,56.9
2026-09-16T02:11:44.367Z,30.0,367924,19,0,56.9
2026-09-16T02:11:49.397Z,30.0,367924,19,0,56.9
2026-09-16T02:11:54.439Z,30.0,368412,19,0,56.9
2026-09-16T02:11:59.481Z,30.0,365864,19,0,56.4
2026-09-16T02:12:04.521Z,30.0,365636,19,0,55.8
2026-09-16T02:12:09.552Z,30.0,368260,19,0,56.9
2026-09-16T02:12:14.582Z,30.0,368260,19,0,56.9
2026-09-16T02:12:19.614Z,30.0,368260,19,0,56.9
2026-09-16T02:12:24.653Z,30.0,368524,19,0,56.9
2026-09-16T02:12:29.697Z,30.0,370344,19,0,56.4
2026-09-16T02:12:34.729Z,30.0,371032,19,0,56.4
2026-09-16T02:12:39.759Z,30.0,371032,19,0,56.9
2026-09-16T02:12:44.790Z,30.0,371032,19,0,56.9
2026-09-16T02:12:49.831Z,30.0,375092,19,0,57.5
2026-09-16T02:12:54.870Z,30.0,316960,19,0,56.4
2026-09-16T02:12:59.906Z,30.0,310508,19,0,56.4
2026-09-16T02:13:04.936Z,30.0,310508,19,0,56.9
2026-09-16T02:13:09.968Z,30.0,310508,19,0,56.9
2026-09-16T02:13:15.007Z,30.0,308088,19,0,56.9
2026-09-16T02:13:20.046Z,30.0,322608,19,0,56.4
2026-09-16T02:13:25.088Z,30.0,330652,19,0,55.8
2026-09-16T02:13:30.120Z,30.0,332232,19,0,56.9
2026-09-16T02:13:35.151Z,30.0,332232,19,0,56.4
2026-09-16T02:13:40.182Z,30.0,332232,19,0,56.9
2026-09-16T02:13:45.222Z,30.0,338612,19,0,56.9
2026-09-16T02:13:50.261Z,30.0,341544,19,0,56.4
2026-09-16T02:13:55.293Z,30.1,345408,19,0,56.4
2026-09-16T02:14:00.324Z,30.0,345408,19,0,57.5
2026-09-16T02:14:05.355Z,30.0,345408,19,0,57.5
2026-09-16T02:14:10.396Z,30.0,347820,19,0,56.9
2026-09-16T02:14:15.437Z,30.0,351200,19,0,56.4
2026-09-16T02:14:20.476Z,30.0,356120,19,0,55.8
2026-09-16T02:14:25.507Z,30.0,358076,19,0,56.4
2026-09-16T02:14:30.540Z,30.0,358076,19,0,56.9
2026-09-16T02:14:35.571Z,30.0,358076,19,0,57.5
2026-09-16T02:14:40.614Z,30.0,354788,19,0,56.9
2026-09-16T02:14:45.656Z,30.0,353208,19,0,56.4
2026-09-16T02:14:50.695Z,30.1,353624,19,0,56.4
2026-09-16T02:14:55.727Z,30.0,353628,19,0,56.4
2026-09-16T02:15:00.758Z,30.0,354212,19,0,56.9
2026-09-16T02:15:05.799Z,30.0,354684,19,0,56.9
2026-09-16T02:15:10.840Z,30.0,361576,19,0,56.9
2026-09-16T02:15:15.881Z,30.1,362204,19,0,56.4
2026-09-16T02:15:20.912Z,30.0,366456,19,0,56.9
2026-09-16T02:15:25.945Z,30.0,366456,19,0,57.5
2026-09-16T02:15:30.976Z,30.0,373492,19,0,57.5
2026-09-16T02:15:36.007Z,30.0,373492,19,0,57.5
2026-09-16T02:15:41.047Z,30.0,381460,19,0,57.5
2026-09-16T02:15:46.094Z,30.0,368128,19,0,55.8
2026-09-16T02:15:51.134Z,30.0,376716,19,0,55.8
2026-09-16T02:15:56.165Z,30.0,377404,19,0,56.9
2026-09-16T02:16:01.196Z,30.0,383940,19,0,56.9
2026-09-16T02:16:06.236Z,30.0,383940,19,0,56.9
2026-09-16T02:16:11.299Z,30.0,390364,19,0,57.5
2026-09-16T02:16:16.338Z,30.0,378752,19,0,56.4
2026-09-16T02:16:21.377Z,30.0,395172,19,0,56.9
2026-09-16T02:16:26.408Z,30.0,393160,19,0,56.4
2026-09-16T02:16:31.461Z,30.0,399272,19,0,56.4
2026-09-16T02:16:36.493Z,30.0,399272,19,0,56.9
2026-09-16T02:16:41.536Z,30.0,399844,19,0,56.9
2026-09-16T02:16:46.582Z,30.0,397592,19,0,56.9
2026-09-16T02:16:51.621Z,30.0,399584,19,0,56.4
2026-09-16T02:16:56.652Z,30.0,397448,19,0,56.9
2026-09-16T02:17:01.682Z,30.0,397448,19,0,57.5
2026-09-16T02:17:06.720Z,30.0,397768,19,0,57.5
2026-09-16T02:17:11.758Z,30.0,394900,19,0,56.4
2026-09-16T02:17:16.798Z,30.0,388688,19,0,55.8
2026-09-16T02:17:21.831Z,30.0,386852,19,0,56.9
2026-09-16T02:17:26.862Z,30.0,386852,19,0,56.9
2026-09-16T02:17:31.893Z,30.0,386852,19,0,56.9
2026-09-16T02:17:36.934Z,30.0,381940,19,0,56.4
2026-09-16T02:17:41.974Z,30.0,335500,19,0,56.9
2026-09-16T02:17:47.006Z,30.0,313580,19,0,56.4
2026-09-16T02:17:52.036Z,30.0,313580,19,0,56.9
2026-09-16T02:17:57.067Z,30.0,321740,19,0,56.9
2026-09-16T02:18:02.106Z,30.0,315204,19,0,56.4
2026-09-16T02:18:07.145Z,30.0,340456,19,0,56.4
2026-09-16T02:18:12.187Z,30.0,345404,19,0,55.8
2026-09-16T02:18:17.218Z,30.0,352680,19,0,56.9
2026-09-16T02:18:22.249Z,30.0,352680,19,0,56.9
2026-09-16T02:18:27.281Z,30.0,352680,19,0,56.9
2026-09-16T02:18:32.321Z,30.0,355168,19,0,56.9
2026-09-16T02:18:37.363Z,30.0,365716,19,0,56.9
2026-09-16T02:18:42.409Z,30.0,366720,19,0,55.8
2026-09-16T02:18:47.440Z,30.0,370368,19,0,56.9
2026-09-16T02:18:52.471Z,30.0,370368,19,0,57.5
2026-09-16T02:18:57.509Z,30.0,371228,19,0,56.9
2026-09-16T02:19:02.548Z,30.0,367268,19,0,56.9
2026-09-16T02:19:07.589Z,30.0,361048,19,0,55.8
2026-09-16T02:19:12.620Z,30.0,365076,19,0,56.4
2026-09-16T02:19:17.650Z,30.0,365076,19,0,56.9
2026-09-16T02:19:22.682Z,30.0,365076,19,0,57.5
2026-09-16T02:19:27.723Z,30.0,365688,19,0,56.4
2026-09-16T02:19:32.762Z,30.0,367964,19,0,55.8
2026-09-16T02:19:37.793Z,30.0,366700,19,0,56.4
2026-09-16T02:19:42.824Z,30.0,366700,19,0,56.4
2026-09-16T02:19:47.855Z,30.0,366700,19,0,56.9
2026-09-16T02:19:52.894Z,30.0,366704,19,0,56.9
2026-09-16T02:19:57.931Z,30.0,364052,19,0,56.4
2026-09-16T02:20:02.972Z,30.0,356284,19,0,55.8
2026-09-16T02:20:08.004Z,30.0,356556,19,0,56.4
2026-09-16T02:20:13.036Z,30.0,356556,19,0,56.9
2026-09-16T02:20:18.067Z,30.0,356556,19,0,56.9
2026-09-16T02:20:23.105Z,30.0,363816,19,0,56.9
2026-09-16T02:20:28.144Z,30.0,295060,19,0,56.9
2026-09-16T02:20:33.186Z,30.0,292024,19,0,56.9
2026-09-16T02:20:38.218Z,30.0,292028,19,0,56.9
2026-09-16T02:20:43.249Z,30.0,292028,19,0,56.9
2026-09-16T02:20:48.286Z,30.0,295420,19,0,56.9
2026-09-16T02:20:53.327Z,30.0,309224,19,0,56.4
2026-09-16T02:20:58.367Z,30.0,320684,19,0,56.4
2026-09-16T02:21:03.400Z,30.0,321296,19,0,56.4
2026-09-16T02:21:08.431Z,30.0,321296,19,0,56.9
2026-09-16T02:21:13.470Z,30.0,321548,19,0,57.5
2026-09-16T02:21:18.509Z,30.0,330988,19,0,56.9
2026-09-16T02:21:23.547Z,30.0,336812,19,0,56.4
2026-09-16T02:21:28.578Z,30.0,340668,19,0,55.8
2026-09-16T02:21:33.610Z,30.0,340668,19,0,57.5
2026-09-16T02:21:38.641Z,30.0,340668,19,0,56.9
2026-09-16T02:21:43.681Z,30.0,347452,19,0,56.4
2026-09-16T02:21:48.721Z,30.0,346064,19,0,56.4
2026-09-16T02:21:53.753Z,30.0,346808,19,0,56.4
2026-09-16T02:21:58.784Z,30.0,346808,19,0,56.9
2026-09-16T02:22:03.815Z,30.0,346808,19,0,56.9
2026-09-16T02:22:08.858Z,30.0,347696,19,0,56.9
2026-09-16T02:22:13.898Z,30.0,344348,19,0,56.4
2026-09-16T02:22:18.939Z,30.0,345496,19,0,56.9
2026-09-16T02:22:23.971Z,30.0,348320,19,0,56.9
2026-09-16T02:22:29.002Z,30.0,348320,19,0,57.5
2026-09-16T02:22:34.042Z,30.0,346612,19,0,56.9
2026-09-16T02:22:39.082Z,30.0,352616,19,0,56.4
2026-09-16T02:22:44.121Z,30.0,351404,19,0,55.8
2026-09-16T02:22:49.152Z,30.0,353140,19,0,56.9
2026-09-16T02:22:54.183Z,30.0,353600,19,0,57.5
2026-09-16T02:22:59.213Z,30.0,353600,19,0,57.5
2026-09-16T02:23:04.252Z,30.0,358660,19,0,56.4
2026-09-16T02:23:09.292Z,30.0,357852,19,0,56.9
2026-09-16T02:23:14.322Z,30.0,365128,19,0,56.4
2026-09-16T02:23:19.354Z,30.0,365128,19,0,56.9
2026-09-16T02:23:24.385Z,30.0,372460,19,0,56.9
2026-09-16T02:23:29.425Z,30.0,373396,19,0,56.9
2026-09-16T02:23:34.463Z,30.0,372008,19,0,56.4
2026-09-16T02:23:39.501Z,30.0,373032,19,0,56.4
2026-09-16T02:23:44.532Z,30.0,371576,19,0,56.4
2026-09-16T02:23:49.563Z,30.0,371576,19,0,57.5
2026-09-16T02:23:54.602Z,30.0,379088,19,0,57.5
2026-09-16T02:23:59.641Z,30.0,382720,19,0,56.4
2026-09-16T02:24:04.681Z,30.0,384820,19,0,55.8
2026-09-16T02:24:09.712Z,30.0,380180,19,0,56.4
2026-09-16T02:24:14.743Z,30.0,393608,19,0,56.9
2026-09-16T02:24:19.774Z,30.0,393608,19,0,56.9
2026-09-16T02:24:24.814Z,30.0,410644,19,0,56.9
2026-09-16T02:24:29.852Z,30.0,412144,19,0,56.4
2026-09-16T02:24:34.893Z,30.0,419936,19,0,55.8
2026-09-16T02:24:39.923Z,30.0,419284,19,0,56.9
2026-09-16T02:24:44.954Z,30.0,419284,19,0,56.9
2026-09-16T02:24:49.995Z,30.0,419380,19,0,56.9
2026-09-16T02:24:55.033Z,30.0,416940,19,0,56.9
2026-09-16T02:25:00.074Z,30.0,422292,19,0,56.4
2026-09-16T02:25:05.104Z,30.0,417936,19,0,56.9
2026-09-16T02:25:10.135Z,30.0,417936,19,0,56.9
2026-09-16T02:25:15.176Z,30.0,418644,19,0,56.9
2026-09-16T02:25:20.216Z,30.0,397484,19,0,56.9
2026-09-16T02:25:25.258Z,30.0,316036,19,0,56.9
2026-09-16T02:25:30.290Z,30.0,305712,19,0,56.9
2026-09-16T02:25:35.321Z,30.0,313872,19,0,56.4
2026-09-16T02:25:40.352Z,30.0,313872,19,0,56.9
2026-09-16T02:25:45.393Z,30.0,320532,19,0,56.9
2026-09-16T02:25:50.435Z,30.0,331740,19,0,55.8
2026-09-16T02:25:55.475Z,30.0,347152,19,0,55.8
2026-09-16T02:26:00.506Z,30.0,342052,19,0,56.9
2026-09-16T02:26:05.537Z,30.0,342052,19,0,57.5
2026-09-16T02:26:10.568Z,30.0,342052,19,0,57.5
2026-09-16T02:26:15.608Z,30.0,344292,19,0,56.9
2026-09-16T02:26:20.650Z,30.0,350632,19,0,56.4
2026-09-16T02:26:25.688Z,30.0,360772,19,0,55.8
2026-09-16T02:26:30.721Z,30.0,361140,19,0,56.4
2026-09-16T02:26:35.752Z,30.0,361144,19,0,56.9
2026-09-16T02:26:40.793Z,30.0,361204,19,0,56.9
2026-09-16T02:26:45.836Z,30.0,360464,19,0,56.4
2026-09-16T02:26:50.875Z,30.0,364556,19,0,56.4
2026-09-16T02:26:55.907Z,30.0,361068,19,0,56.4
2026-09-16T02:27:00.938Z,30.0,361068,19,0,56.9
2026-09-16T02:27:05.969Z,30.0,361068,19,0,56.9
2026-09-16T02:27:11.007Z,30.0,364068,19,0,56.9
2026-09-16T02:27:16.049Z,30.0,371724,19,0,56.4
2026-09-16T02:27:21.088Z,30.0,369580,19,0,55.8
2026-09-16T02:27:26.120Z,30.0,370388,19,0,56.9
2026-09-16T02:27:31.152Z,30.0,370388,19,0,56.9
2026-09-16T02:27:36.183Z,30.0,370388,19,0,56.9
2026-09-16T02:27:41.222Z,30.0,372648,19,0,56.9
2026-09-16T02:27:46.262Z,30.0,373372,19,0,56.9
2026-09-16T02:27:51.301Z,30.0,376228,19,0,56.4
2026-09-16T02:27:56.333Z,30.0,376492,19,0,56.9
2026-09-16T02:28:01.364Z,30.0,376492,19,0,56.9
2026-09-16T02:28:06.406Z,30.0,376492,19,0,57.5
2026-09-16T02:28:11.445Z,30.0,385076,19,0,56.4
2026-09-16T02:28:16.487Z,30.0,335708,19,0,56.4
2026-09-16T02:28:21.519Z,30.0,314252,19,0,56.9
2026-09-16T02:28:26.551Z,30.0,314252,19,0,56.9
2026-09-16T02:28:31.582Z,30.0,320436,19,0,56.9
2026-09-16T02:28:36.621Z,30.0,315500,19,0,56.4
2026-09-16T02:28:41.661Z,30.0,323764,19,0,56.4
2026-09-16T02:28:46.693Z,30.0,327976,19,0,56.4
2026-09-16T02:28:51.724Z,30.0,338936,19,0,57.5
2026-09-16T02:28:56.756Z,30.0,338936,19,0,56.9
2026-09-16T02:29:01.796Z,30.0,353812,19,0,56.4
2026-09-16T02:29:06.837Z,30.0,340484,19,0,56.9
2026-09-16T02:29:11.877Z,30.0,347048,19,0,56.4
2026-09-16T02:29:16.909Z,30.0,349548,19,0,56.9
2026-09-16T02:29:21.940Z,30.0,359264,19,0,56.9
2026-09-16T02:29:26.971Z,30.0,359264,19,0,57.5
2026-09-16T02:29:32.009Z,30.0,357068,19,0,56.9
2026-09-16T02:29:37.049Z,30.0,363172,19,0,56.4
2026-09-16T02:29:42.082Z,30.0,369080,19,0,56.9
2026-09-16T02:29:47.112Z,30.0,369080,19,0,56.9
2026-09-16T02:29:52.143Z,30.0,384760,19,0,56.9
2026-09-16T02:29:57.182Z,30.0,386380,19,0,56.9
2026-09-16T02:30:02.221Z,30.0,395240,19,0,55.8
2026-09-16T02:30:07.261Z,30.0,390152,19,0,56.4
2026-09-16T02:30:12.293Z,30.0,378884,19,0,56.9
2026-09-16T02:30:17.324Z,30.0,378884,19,0,56.9
2026-09-16T02:30:22.356Z,30.0,378884,19,0,56.9
2026-09-16T02:30:27.400Z,30.0,381788,19,0,56.4
2026-09-16T02:30:32.441Z,30.0,380976,19,0,56.9
2026-09-16T02:30:37.472Z,30.0,381140,19,0,56.4
2026-09-16T02:30:42.503Z,30.0,381140,19,0,56.9
2026-09-16T02:30:47.535Z,30.0,381140,19,0,56.9
2026-09-16T02:30:52.566Z,30.0,381140,19,0,56.9
2026-09-16T02:30:57.606Z,30.0,380008,19,0,56.4
2026-09-16T02:31:02.647Z,30.0,384256,19,0,57.5
2026-09-16T02:31:07.679Z,30.0,386420,19,0,56.9
2026-09-16T02:31:12.710Z,30.0,392540,19,0,56.9
2026-09-16T02:31:17.740Z,30.0,392540,19,0,58.0
2026-09-16T02:31:22.781Z,30.0,390504,19,0,56.9
2026-09-16T02:31:27.820Z,30.0,390632,19,0,56.4
2026-09-16T02:31:32.859Z,30.0,391968,19,0,56.4
2026-09-16T02:31:37.891Z,30.0,392300,19,0,56.9
2026-09-16T02:31:42.922Z,30.0,392300,19,0,56.9
2026-09-16T02:31:47.961Z,30.0,392636,19,0,57.5
2026-09-16T02:31:53.003Z,30.0,387592,19,0,56.4
2026-09-16T02:31:58.044Z,30.0,392084,19,0,56.4
2026-09-16T02:32:03.076Z,30.0,388520,19,0,56.9
2026-09-16T02:32:08.108Z,30.0,388520,19,0,56.9
2026-09-16T02:32:13.139Z,30.0,388520,19,0,57.5
2026-09-16T02:32:18.181Z,30.0,391472,19,0,56.9
2026-09-16T02:32:23.219Z,30.0,387056,19,0,56.4
2026-09-16T02:32:28.251Z,30.0,388984,19,0,55.8
2026-09-16T02:32:33.283Z,30.0,388984,19,0,56.9
2026-09-16T02:32:38.313Z,30.0,391024,19,0,56.9
2026-09-16T02:32:43.344Z,30.0,391024,19,0,57.5
2026-09-16T02:32:48.383Z,30.0,388540,19,0,56.9
2026-09-16T02:32:53.425Z,30.0,379956,19,0,56.4
2026-09-16T02:32:58.457Z,30.0,378928,19,0,56.9
2026-09-16T02:33:03.487Z,30.0,378928,19,0,56.9
2026-09-16T02:33:08.519Z,30.0,378928,19,0,56.9
2026-09-16T02:33:13.560Z,30.0,381300,19,0,56.9
2026-09-16T02:33:18.599Z,30.0,379708,19,0,55.8
2026-09-16T02:33:23.639Z,30.0,378144,19,0,55.8
2026-09-16T02:33:28.671Z,30.0,371564,19,0,56.4
2026-09-16T02:33:33.701Z,30.0,371564,19,0,56.9
2026-09-16T02:33:38.733Z,30.0,377612,19,0,56.9
2026-09-16T02:33:43.772Z,30.0,370232,19,0,56.9
2026-09-16T02:33:48.812Z,30.0,379184,19,0,56.9
2026-09-16T02:33:53.845Z,30.0,375208,19,0,55.8
2026-09-16T02:33:58.876Z,30.0,381280,19,0,56.4
2026-09-16T02:34:03.908Z,30.0,381280,19,0,56.9
2026-09-16T02:34:08.940Z,30.0,381280,19,0,56.9
2026-09-16T02:34:13.979Z,30.0,383388,19,0,56.9
2026-09-16T02:34:19.020Z,30.0,382952,19,0,56.9
2026-09-16T02:34:24.052Z,30.0,383264,19,0,55.8
2026-09-16T02:34:29.083Z,30.0,383264,19,0,56.9
2026-09-16T02:34:34.113Z,30.0,383264,19,0,56.9
2026-09-16T02:34:39.155Z,30.0,384200,19,0,56.9
2026-09-16T02:34:44.194Z,30.0,381112,19,0,56.4
2026-09-16T02:34:49.233Z,30.0,373640,19,0,56.4
2026-09-16T02:34:54.265Z,30.0,372928,19,0,56.9
2026-09-16T02:34:59.296Z,30.0,379032,19,0,56.9
2026-09-16T02:35:04.336Z,30.0,379032,19,0,56.9
2026-09-16T02:35:09.375Z,30.0,390576,19,0,56.4
2026-09-16T02:35:14.413Z,30.0,380072,19,0,56.4
2026-09-16T02:35:19.444Z,30.0,381676,19,0,56.9
2026-09-16T02:35:24.474Z,30.0,381676,19,0,56.9
2026-09-16T02:35:29.506Z,30.0,381676,19,0,56.9
2026-09-16T02:35:34.544Z,30.0,382892,19,0,56.4
2026-09-16T02:35:39.584Z,30.0,385564,19,0,56.9
2026-09-16T02:35:44.627Z,30.0,386160,19,0,56.4
2026-09-16T02:35:49.659Z,30.0,386256,19,0,57.5
2026-09-16T02:35:54.689Z,30.0,386256,19,0,56.9
2026-09-16T02:35:59.720Z,30.0,386256,19,0,56.9
2026-09-16T02:36:04.762Z,30.0,390040,19,0,56.4
2026-09-16T02:36:09.801Z,30.0,389880,19,0,56.9
2026-09-16T02:36:14.841Z,30.0,386252,19,0,56.9
2026-09-16T02:36:19.873Z,30.0,386252,19,0,56.9
2026-09-16T02:36:24.904Z,30.0,386252,19,0,56.9
2026-09-16T02:36:29.942Z,30.0,386260,19,0,56.9
2026-09-16T02:36:34.981Z,30.0,377912,19,0,56.9
2026-09-16T02:36:40.021Z,30.0,375708,19,0,56.9
2026-09-16T02:36:45.053Z,30.0,376376,19,0,56.9
2026-09-16T02:36:50.084Z,30.0,376376,19,0,57.5
2026-09-16T02:36:55.115Z,30.0,376376,19,0,56.9
2026-09-16T02:37:00.156Z,30.0,374900,19,0,56.9
2026-09-16T02:37:05.197Z,30.0,378188,19,0,56.4
2026-09-16T02:37:10.236Z,30.0,375188,19,0,56.4
2026-09-16T02:37:15.266Z,30.0,376652,19,0,56.9
2026-09-16T02:37:20.297Z,30.0,376652,19,0,57.5
2026-09-16T02:37:25.328Z,30.0,390728,19,0,56.9
2026-09-16T02:37:30.368Z,30.0,386168,19,0,55.8
2026-09-16T02:37:35.407Z,30.0,373876,19,0,56.4
2026-09-16T02:37:40.437Z,30.0,374896,19,0,56.4
2026-09-16T02:37:45.468Z,30.0,374896,19,0,56.4
2026-09-16T02:37:50.498Z,30.0,374896,19,0,56.9
2026-09-16T02:37:55.541Z,30.0,371260,19,0,56.9
2026-09-16T02:38:00.581Z,30.0,370812,19,0,56.4
2026-09-16T02:38:05.614Z,30.0,371492,19,0,56.9
2026-09-16T02:38:10.645Z,30.0,371492,19,0,56.9
2026-09-16T02:38:15.676Z,30.0,371492,19,0,56.9
2026-09-16T02:38:20.713Z,30.0,364236,19,0,56.4
2026-09-16T02:38:25.752Z,30.0,364196,19,0,56.4
2026-09-16T02:38:30.795Z,30.0,360140,19,0,55.8
2026-09-16T02:38:35.827Z,30.0,359944,19,0,56.9
2026-09-16T02:38:40.858Z,30.0,359944,19,0,58.0
2026-09-16T02:38:45.889Z,30.0,359944,19,0,56.9
2026-09-16T02:38:50.930Z,30.0,362272,19,0,56.9
2026-09-16T02:38:55.969Z,30.0,303948,19,0,56.4
2026-09-16T02:39:01.009Z,30.0,304172,19,0,56.4
2026-09-16T02:39:06.040Z,30.0,301656,19,0,56.9
2026-09-16T02:39:11.077Z,30.0,301656,19,0,56.9
2026-09-16T02:39:16.109Z,30.0,301656,19,0,56.9
2026-09-16T02:39:21.147Z,30.0,305928,19,0,56.9
2026-09-16T02:39:26.191Z,30.0,317080,19,0,56.4
2026-09-16T02:39:31.233Z,30.0,327052,19,0,55.8
2026-09-16T02:39:36.265Z,30.0,328032,19,0,56.4
2026-09-16T02:39:41.296Z,30.0,328032,19,0,56.4
2026-09-16T02:39:46.327Z,30.0,328032,19,0,56.9
2026-09-16T02:39:51.368Z,30.0,330400,19,0,56.9
2026-09-16T02:39:56.409Z,30.0,338868,19,0,56.4
2026-09-16T02:40:01.447Z,30.0,344288,19,0,55.8
2026-09-16T02:40:06.479Z,30.0,345364,19,0,56.4
2026-09-16T02:40:11.510Z,30.0,345364,19,0,56.9
2026-09-16T02:40:16.541Z,30.0,345368,19,0,57.5
2026-09-16T02:40:21.580Z,30.0,349832,19,0,56.9
2026-09-16T02:40:26.618Z,30.0,354700,19,0,56.9
2026-09-16T02:40:31.659Z,30.0,357208,19,0,56.4
2026-09-16T02:40:36.690Z,30.0,358056,19,0,56.4
2026-09-16T02:40:41.720Z,30.0,358056,19,0,56.9
2026-09-16T02:40:46.760Z,30.0,358964,19,0,56.9
2026-09-16T02:40:51.799Z,30.0,359468,19,0,56.4
2026-09-16T02:40:56.838Z,30.0,360904,19,0,56.4
2026-09-16T02:41:01.869Z,30.0,359276,19,0,56.9
2026-09-16T02:41:06.900Z,30.0,360508,19,0,57.5
2026-09-16T02:41:11.940Z,30.0,360056,19,0,56.9
2026-09-16T02:41:16.983Z,30.0,323464,19,0,56.4
2026-09-16T02:41:22.022Z,30.0,302012,19,0,56.9
2026-09-16T02:41:27.053Z,30.0,317904,19,0,56.9
2026-09-16T02:41:32.084Z,30.0,317904,19,0,56.9
2026-09-16T02:41:37.114Z,30.0,332388,19,0,56.9
2026-09-16T02:41:42.153Z,30.0,334720,19,0,56.9
2026-09-16T02:41:47.196Z,30.0,328604,19,0,56.4
2026-09-16T02:41:52.237Z,30.0,325540,19,0,55.8
2026-09-16T02:41:57.268Z,30.0,344456,19,0,56.9
2026-09-16T02:42:02.300Z,30.0,344456,19,0,56.9
2026-09-16T02:42:07.331Z,30.0,356888,19,0,57.5
2026-09-16T02:42:12.371Z,30.0,336924,19,0,56.9
2026-09-16T02:42:17.410Z,30.0,334032,19,0,56.4
2026-09-16T02:42:22.441Z,30.0,317912,19,0,56.9
2026-09-16T02:42:27.472Z,30.0,317912,19,0,56.9
2026-09-16T02:42:32.503Z,30.0,326072,19,0,56.9
2026-09-16T02:42:37.543Z,30.0,314420,19,0,56.9
2026-09-16T02:42:42.582Z,30.0,299788,19,0,56.9
2026-09-16T02:42:47.614Z,30.0,297620,19,0,55.8
2026-09-16T02:42:52.646Z,30.0,307820,19,0,56.9
2026-09-16T02:42:57.676Z,30.0,307820,19,0,56.9
2026-09-16T02:43:02.707Z,30.0,318020,19,0,56.9
2026-09-16T02:43:07.746Z,30.0,322244,19,0,56.9
2026-09-16T02:43:12.791Z,30.0,346368,19,0,56.4
2026-09-16T02:43:17.822Z,30.0,353164,19,0,55.8
2026-09-16T02:43:22.853Z,30.0,353164,19,0,56.9
2026-09-16T02:43:27.884Z,30.0,353164,19,0,56.9
2026-09-16T02:43:32.926Z,30.0,356004,19,0,56.9
2026-09-16T02:43:37.966Z,30.0,358128,19,0,56.9
2026-09-16T02:43:43.008Z,30.0,352572,19,0,56.4
2026-09-16T02:43:48.040Z,30.0,357908,19,0,56.9
2026-09-16T02:43:53.072Z,30.0,357908,19,0,56.9
2026-09-16T02:43:58.103Z,30.0,357908,19,0,56.9
2026-09-16T02:44:03.146Z,30.0,347172,19,0,56.9
2026-09-16T02:44:08.189Z,30.0,353068,19,0,56.9
2026-09-16T02:44:13.230Z,30.0,364112,19,0,56.9
2026-09-16T02:44:18.261Z,30.0,362032,19,0,56.9
2026-09-16T02:44:23.295Z,30.0,378332,19,0,57.5
2026-09-16T02:44:28.335Z,30.0,381456,19,0,56.9
2026-09-16T02:44:33.377Z,30.0,389588,19,0,56.4
2026-09-16T02:44:38.419Z,30.0,389600,19,0,55.8
2026-09-16T02:44:43.450Z,30.0,390640,19,0,56.9
2026-09-16T02:44:48.481Z,30.0,390640,19,0,56.9
2026-09-16T02:44:53.512Z,30.0,390640,19,0,56.9
2026-09-16T02:44:58.553Z,30.0,388024,19,0,56.9
2026-09-16T02:45:03.592Z,30.0,393364,19,0,56.4
2026-09-16T02:45:08.625Z,30.0,392168,19,0,56.4
2026-09-16T02:45:13.656Z,30.0,392168,19,0,56.9
2026-09-16T02:45:18.687Z,30.0,392168,19,0,56.9
2026-09-16T02:45:23.726Z,30.0,392164,19,0,56.4
2026-09-16T02:45:28.766Z,30.0,382908,19,0,56.4
2026-09-16T02:45:33.806Z,30.0,374868,19,0,56.4
2026-09-16T02:45:38.838Z,30.0,374868,19,0,56.9
2026-09-16T02:45:43.868Z,30.0,382988,19,0,56.9
2026-09-16T02:45:48.908Z,30.0,378696,19,0,56.9
2026-09-16T02:45:53.953Z,30.0,379724,19,0,56.4
2026-09-16T02:45:58.994Z,30.0,381200,19,0,56.9
2026-09-16T02:46:04.026Z,30.0,382644,19,0,56.9
2026-09-16T02:46:09.058Z,30.0,382644,19,0,56.9
2026-09-16T02:46:14.089Z,30.0,382644,19,0,56.9
2026-09-16T02:46:19.127Z,30.0,383900,19,0,56.9
2026-09-16T02:46:24.165Z,30.0,374456,19,0,56.4
2026-09-16T02:46:29.196Z,30.0,364504,19,0,56.4
2026-09-16T02:46:34.227Z,30.0,364504,19,0,56.9
2026-09-16T02:46:39.259Z,30.0,364504,19,0,56.9
2026-09-16T02:46:44.297Z,30.0,366088,19,0,56.9
2026-09-16T02:46:49.335Z,30.0,367196,19,0,56.4
2026-09-16T02:46:54.377Z,30.0,367344,19,0,56.4
2026-09-16T02:46:59.408Z,30.0,362944,19,0,56.4
2026-09-16T02:47:04.438Z,30.0,369048,19,0,56.9
2026-09-16T02:47:09.477Z,30.0,369948,19,0,56.9
2026-09-16T02:47:14.516Z,30.0,384432,19,0,56.4
2026-09-16T02:47:19.558Z,30.0,381636,19,0,56.4
2026-09-16T02:47:24.589Z,30.0,382112,19,0,56.9
2026-09-16T02:47:29.620Z,30.0,382112,19,0,56.9
2026-09-16T02:47:34.662Z,30.0,377880,19,0,56.9
2026-09-16T02:47:39.703Z,30.0,306656,19,0,56.4
2026-09-16T02:47:44.742Z,30.0,301916,19,0,56.4
2026-09-16T02:47:49.773Z,30.0,303392,19,0,56.9
2026-09-16T02:47:54.805Z,30.0,303392,19,0,57.5
2026-09-16T02:47:59.835Z,30.0,303392,19,0,58.0
2026-09-16T02:48:04.875Z,30.0,303016,19,0,56.9
2026-09-16T02:48:09.918Z,30.0,316188,19,0,56.9
2026-09-16T02:48:14.955Z,30.0,322984,19,0,56.4
2026-09-16T02:48:19.987Z,30.0,328512,19,0,56.9
2026-09-16T02:48:25.018Z,30.0,328512,19,0,56.9
2026-09-16T02:48:30.050Z,30.0,328512,19,0,56.9
2026-09-16T02:48:35.090Z,30.0,330980,19,0,56.9
2026-09-16T02:48:40.130Z,30.0,339220,19,0,56.4
2026-09-16T02:48:45.161Z,30.0,343940,19,0,56.4
2026-09-16T02:48:50.191Z,30.0,343940,19,0,56.9
2026-09-16T02:48:55.223Z,30.0,343940,19,0,57.5
2026-09-16T02:49:00.266Z,30.0,347224,19,0,56.9
2026-09-16T02:49:05.307Z,30.0,298096,19,0,56.4
2026-09-16T02:49:10.338Z,30.0,305108,19,0,56.4
2026-09-16T02:49:15.370Z,30.0,305108,19,0,56.9
2026-09-16T02:49:20.400Z,30.0,305108,19,0,56.9
2026-09-16T02:49:25.441Z,30.0,306956,19,0,56.9
2026-09-16T02:49:30.480Z,30.0,314468,19,0,56.4
2026-09-16T02:49:35.520Z,30.0,323368,19,0,55.8
2026-09-16T02:49:40.551Z,30.0,329748,19,0,56.9
2026-09-16T02:49:45.582Z,30.0,329748,19,0,56.9
2026-09-16T02:49:50.619Z,30.0,331084,19,0,57.5
2026-09-16T02:49:55.659Z,30.0,332524,19,0,56.4
2026-09-16T02:50:00.699Z,30.0,339396,19,0,56.4
2026-09-16T02:50:05.731Z,30.0,342380,19,0,56.9
2026-09-16T02:50:10.763Z,30.0,342384,19,0,56.9
2026-09-16T02:50:15.794Z,30.0,342384,19,0,56.9
2026-09-16T02:50:20.832Z,30.0,347064,19,0,56.9
2026-09-16T02:50:25.873Z,30.0,351696,19,0,56.4
2026-09-16T02:50:30.912Z,30.0,359484,19,0,55.8
2026-09-16T02:50:35.944Z,30.0,359808,19,0,56.9
2026-09-16T02:50:40.975Z,30.0,359808,19,0,56.9
2026-09-16T02:50:46.014Z,30.0,359244,19,0,56.9
2026-09-16T02:50:51.057Z,30.0,363008,19,0,56.9
2026-09-16T02:50:56.096Z,30.0,363984,19,0,56.4
2026-09-16T02:51:01.128Z,30.0,368016,19,0,56.9
2026-09-16T02:51:06.160Z,30.0,368016,19,0,56.9
2026-09-16T02:51:11.190Z,30.0,374712,19,0,56.9
2026-09-16T02:51:16.233Z,30.0,368228,19,0,56.9
2026-09-16T02:51:21.274Z,30.0,376056,19,0,56.4
2026-09-16T02:51:26.306Z,30.0,375796,19,0,56.4
2026-09-16T02:51:31.336Z,30.0,381752,19,0,56.4
2026-09-16T02:51:36.367Z,30.0,381752,19,0,56.9
2026-09-16T02:51:41.405Z,30.0,381468,19,0,56.9
2026-09-16T02:51:46.446Z,30.0,372492,19,0,56.4
2026-09-16T02:51:51.478Z,30.0,375708,19,0,56.9
2026-09-16T02:51:56.509Z,30.0,375708,19,0,56.9
2026-09-16T02:52:01.540Z,30.0,381036,19,0,56.9
2026-09-16T02:52:06.578Z,30.0,383028,19,0,56.4
2026-09-16T02:52:11.616Z,30.0,378504,19,0,56.4
2026-09-16T02:52:16.649Z,30.0,376692,19,0,56.9
2026-09-16T02:52:21.680Z,30.0,378732,19,0,56.9
2026-09-16T02:52:26.712Z,30.0,378732,19,0,56.9
2026-09-16T02:52:31.752Z,30.0,378864,19,0,56.9
2026-09-16T02:52:36.793Z,30.0,381452,19,0,56.4
2026-09-16T02:52:41.834Z,30.0,377432,19,0,56.9
2026-09-16T02:52:46.866Z,30.0,392432,19,0,56.9
2026-09-16T02:52:51.897Z,30.0,392432,19,0,56.9
2026-09-16T02:52:56.928Z,30.0,408752,19,0,57.5
2026-09-16T02:53:01.969Z,30.0,404720,19,0,56.9
2026-09-16T02:53:07.010Z,30.0,412600,19,0,55.8
2026-09-16T02:53:12.051Z,30.0,407840,19,0,56.4
2026-09-16T02:53:17.081Z,30.0,408004,19,0,56.9
2026-09-16T02:53:22.111Z,30.0,408004,19,0,56.9
2026-09-16T02:53:27.157Z,30.0,408012,19,0,56.9
2026-09-16T02:53:32.196Z,30.0,412128,19,0,56.9
2026-09-16T02:53:37.236Z,30.0,410932,19,0,55.8
2026-09-16T02:53:42.268Z,30.0,411920,19,0,56.9
2026-09-16T02:53:47.300Z,30.0,411920,19,0,56.9
2026-09-16T02:53:52.352Z,30.0,411920,19,0,58.0
2026-09-16T02:53:57.397Z,30.0,413792,19,0,57.5
2026-09-16T02:54:02.436Z,30.0,393996,19,0,56.9
2026-09-16T02:54:07.474Z,30.0,396384,19,0,56.9
2026-09-16T02:54:12.506Z,30.0,388488,19,0,56.9
2026-09-16T02:54:17.538Z,30.0,404744,19,0,56.9
2026-09-16T02:54:22.579Z,30.0,405396,19,0,56.9
2026-09-16T02:54:27.620Z,30.0,405340,19,0,56.9
2026-09-16T02:54:32.665Z,30.0,400372,19,0,56.9
2026-09-16T02:54:37.696Z,30.0,399916,19,0,57.5
2026-09-16T02:54:42.727Z,30.0,399916,19,0,56.9
2026-09-16T02:54:47.758Z,30.0,399916,19,0,57.5
2026-09-16T02:54:52.801Z,30.0,400744,19,0,56.9
2026-09-16T02:54:57.846Z,30.0,386908,19,0,56.4
2026-09-16T02:55:02.887Z,30.0,376548,19,0,56.9
2026-09-16T02:55:07.918Z,30.0,377148,19,0,57.5
2026-09-16T02:55:12.950Z,30.0,377148,19,0,57.5
2026-09-16T02:55:17.982Z,30.0,377148,19,0,57.5
2026-09-16T02:55:23.021Z,30.0,369348,19,0,57.5
2026-09-16T02:55:28.061Z,30.0,369244,19,0,56.9
2026-09-16T02:55:33.095Z,30.0,371404,19,0,57.5
2026-09-16T02:55:38.126Z,30.0,371672,19,0,56.9
2026-09-16T02:55:43.158Z,30.0,371672,19,0,57.5
2026-09-16T02:55:48.196Z,30.0,374052,19,0,56.9
2026-09-16T02:55:53.234Z,30.0,371648,19,0,56.4
2026-09-16T02:55:58.275Z,30.0,378348,19,0,56.9
2026-09-16T02:56:03.307Z,30.0,379384,19,0,56.9
2026-09-16T02:56:08.339Z,30.0,383908,19,0,58.0
2026-09-16T02:56:13.369Z,30.0,383908,19,0,56.9
2026-09-16T02:56:18.411Z,30.0,382796,19,0,56.9
2026-09-16T02:56:23.449Z,30.0,382332,19,0,56.4
2026-09-16T02:56:28.481Z,30.0,386740,19,0,56.9
2026-09-16T02:56:33.512Z,30.0,386740,19,0,58.0
2026-09-16T02:56:38.542Z,30.0,391024,19,0,57.5
2026-09-16T02:56:43.583Z,30.0,390460,19,0,56.9
2026-09-16T02:56:48.622Z,30.0,304068,19,0,56.4
2026-09-16T02:56:53.661Z,30.0,293864,19,0,56.4
2026-09-16T02:56:58.692Z,30.0,297704,19,0,56.9
2026-09-16T02:57:03.723Z,30.0,297704,19,0,57.5
2026-09-16T02:57:08.761Z,30.0,300468,19,0,56.9
2026-09-16T02:57:13.801Z,30.0,305188,19,0,56.9
2026-09-16T02:57:18.840Z,30.0,323520,19,0,56.9
2026-09-16T02:57:23.871Z,30.0,314176,19,0,57.5
2026-09-16T02:57:28.903Z,30.0,322336,19,0,56.9
2026-09-16T02:57:33.933Z,30.0,322336,19,0,56.9
2026-09-16T02:57:38.976Z,30.0,312732,19,0,56.9
2026-09-16T02:57:44.016Z,30.0,299424,19,0,56.4
2026-09-16T02:57:49.048Z,30.0,298120,19,0,56.9
2026-09-16T02:57:54.079Z,30.0,304240,19,0,56.9
2026-09-16T02:57:59.110Z,30.0,304240,19,0,57.5
2026-09-16T02:58:04.149Z,30.0,314456,19,0,56.9
2026-09-16T02:58:09.188Z,30.0,330268,19,0,56.4
2026-09-16T02:58:14.222Z,30.0,344756,19,0,55.8
2026-09-16T02:58:19.253Z,30.0,344756,19,0,56.9
2026-09-16T02:58:24.284Z,30.0,350876,19,0,56.9
2026-09-16T02:58:29.323Z,30.0,342948,19,0,56.9
2026-09-16T02:58:34.357Z,30.0,356768,19,0,55.8
2026-09-16T02:58:39.396Z,30.0,353096,19,0,56.4
2026-09-16T02:58:44.428Z,30.0,370792,19,0,56.9
2026-09-16T02:58:49.460Z,30.0,370792,19,0,56.9
2026-09-16T02:58:54.498Z,30.0,385112,19,0,56.9
2026-09-16T02:58:59.538Z,30.0,380024,19,0,56.9
2026-09-16T02:59:04.577Z,30.0,394684,19,0,55.8
2026-09-16T02:59:09.616Z,30.0,400040,19,0,56.4
2026-09-16T02:59:14.649Z,30.0,400040,19,0,56.9
2026-09-16T02:59:19.680Z,30.0,400040,19,0,56.9
2026-09-16T02:59:24.721Z,30.0,402488,19,0,56.4
2026-09-16T02:59:29.761Z,30.0,397536,19,0,55.8
2026-09-16T02:59:34.799Z,30.0,378180,19,0,56.4
2026-09-16T02:59:39.830Z,30.0,378624,19,0,56.9
2026-09-16T02:59:44.862Z,30.0,378624,19,0,56.9
2026-09-16T02:59:49.892Z,30.0,378624,19,0,56.9
2026-09-16T02:59:54.933Z,30.0,381112,19,0,56.9
2026-09-16T02:59:59.975Z,30.0,376004,19,0,56.4
2026-09-16T03:00:05.014Z,30.0,373508,19,0,56.4
2026-09-16T03:00:10.046Z,30.0,364116,19,0,56.9
2026-09-16T03:00:15.077Z,30.0,364364,19,0,56.9
2026-09-16T03:00:20.108Z,30.0,364364,19,0,57.5
2026-09-16T03:00:25.146Z,30.0,364532,19,0,56.4
2026-09-16T03:00:30.185Z,30.0,366124,19,0,56.4
2026-09-16T03:00:35.217Z,30.0,368652,19,0,56.4
2026-09-16T03:00:40.249Z,30.0,368652,19,0,56.9
2026-09-16T03:00:45.280Z,30.0,368652,19,0,56.9
2026-09-16T03:00:50.319Z,30.0,366196,19,0,56.4
2026-09-16T03:00:55.360Z,30.0,361292,19,0,55.8
2026-09-16T03:01:00.391Z,30.0,363120,19,0,55.8
2026-09-16T03:01:05.423Z,30.0,363120,19,0,56.9
2026-09-16T03:01:10.455Z,30.0,363120,19,0,56.9
2026-09-16T03:01:15.496Z,30.0,365060,19,0,56.9
2026-09-16T03:01:20.542Z,30.0,366860,19,0,56.4
2026-09-16T03:01:25.582Z,30.0,365988,19,0,55.8
2026-09-16T03:01:30.614Z,30.0,367808,19,0,56.9
2026-09-16T03:01:35.645Z,30.0,367808,19,0,56.9
2026-09-16T03:01:40.676Z,30.0,367808,19,0,56.9
2026-09-16T03:01:45.716Z,30.0,367840,19,0,56.4
2026-09-16T03:01:50.756Z,30.0,368348,19,0,55.8
2026-09-16T03:01:55.788Z,30.0,371784,19,0,55.8
2026-09-16T03:02:00.819Z,30.0,371784,19,0,56.4
2026-09-16T03:02:05.850Z,30.0,371784,19,0,56.9
2026-09-16T03:02:10.891Z,30.0,372940,19,0,56.9
2026-09-16T03:02:15.930Z,30.0,368756,19,0,56.4
2026-09-16T03:02:20.968Z,30.0,369740,19,0,56.4
2026-09-16T03:02:26.000Z,30.0,371492,19,0,56.9
2026-09-16T03:02:31.031Z,30.0,371492,19,0,56.9
2026-09-16T03:02:36.062Z,30.0,371492,19,0,56.9
2026-09-16T03:02:41.102Z,30.0,373740,19,0,56.4
2026-09-16T03:02:46.141Z,30.0,374336,19,0,56.4
2026-09-16T03:02:51.171Z,30.0,373772,19,0,56.4
2026-09-16T03:02:56.202Z,30.0,373772,19,0,56.9
2026-09-16T03:03:01.234Z,30.0,373772,19,0,56.9
2026-09-16T03:03:06.273Z,30.0,371616,19,0,56.4
2026-09-16T03:03:11.313Z,30.0,373952,19,0,56.4
2026-09-16T03:03:16.353Z,30.0,375120,19,0,56.4
2026-09-16T03:03:21.385Z,30.0,375132,19,0,56.9
2026-09-16T03:03:26.415Z,30.0,375132,19,0,57.5
