timestamp,cpu_pct,rss_kb,threads,swap_kb,temp_c
2026-09-16T03:04:47.139Z,9.0,42232,7,0,52.6
2026-09-16T03:04:52.171Z,3.6,42808,7,0,54.8
2026-09-16T03:04:57.202Z,2.5,44592,7,0,55.3
2026-09-16T03:05:02.240Z,3.9,54360,7,0,55.8
2026-09-16T03:05:07.285Z,14.5,87432,7,0,54.8
2026-09-16T03:05:12.325Z,21.2,101020,7,0,55.3
2026-09-16T03:05:17.357Z,22.6,108860,7,0,55.8
2026-09-16T03:05:22.387Z,19.7,108876,7,0,55.8
2026-09-16T03:05:27.429Z,17.8,110056,7,0,55.8
2026-09-16T03:05:32.470Z,21.3,121516,7,0,55.8
2026-09-16T03:05:37.509Z,24.2,133676,7,0,54.8
2026-09-16T03:05:42.541Z,25.2,141588,7,0,55.3
2026-09-16T03:05:47.572Z,23.2,142268,7,0,56.4
2026-09-16T03:05:52.603Z,21.6,142284,7,0,56.4
2026-09-16T03:05:57.643Z,22.2,151264,7,0,55.8
2026-09-16T03:06:02.681Z,24.0,166692,7,0,54.8
2026-09-16T03:06:07.721Z,25.6,181284,7,0,54.8
2026-09-16T03:06:12.752Z,24.4,185516,7,0,55.8
2026-09-16T03:06:17.783Z,23.1,186132,7,0,56.4
2026-09-16T03:06:22.813Z,21.9,186136,7,0,55.8
2026-09-16T03:06:27.852Z,23.1,198916,7,0,55.8
2026-09-16T03:06:32.892Z,24.3,211804,7,0,55.8
2026-09-16T03:06:37.924Z,25.0,223292,7,0,55.8
2026-09-16T03:06:42.956Z,23.9,223320,7,0,55.8
2026-09-16T03:06:47.987Z,23.0,223928,7,0,56.9
2026-09-16T03:06:53.028Z,23.3,230412,7,0,55.8
2026-09-16T03:06:58.068Z,24.2,241140,7,0,54.8
2026-09-16T03:07:03.109Z,25.0,251852,7,0,55.3
2026-09-16T03:07:08.141Z,24.3,253004,7,0,56.4
2026-09-16T03:07:13.173Z,23.5,260332,7,0,56.9
2026-09-16T03:07:18.204Z,22.7,260944,7,0,56.9
2026-09-16T03:07:23.245Z,23.1,274824,7,0,55.8
2026-09-16T03:07:28.283Z,24.0,287764,7,0,55.8
2026-09-16T03:07:33.329Z,24.9,300716,7,0,55.8
2026-09-16T03:07:38.360Z,24.3,302312,7,0,56.4
2026-09-16T03:07:43.391Z,23.7,302320,7,0,56.9
2026-09-16T03:07:48.431Z,23.4,305808,7,0,56.4
2026-09-16T03:07:53.470Z,24.1,316924,7,0,55.8
2026-09-16T03:07:58.512Z,24.8,328660,7,0,54.8
2026-09-16T03:08:03.543Z,24.8,334092,7,0,55.8
2026-09-16T03:08:08.574Z,24.2,334732,7,0,56.4
2026-09-16T03:08:13.605Z,23.7,334736,7,0,56.4
2026-09-16T03:08:18.644Z,23.9,343020,7,0,55.8
2026-09-16T03:08:23.683Z,24.4,353184,7,0,55.3
2026-09-16T03:08:28.740Z,24.9,364196,7,0,55.8
2026-09-16T03:08:33.773Z,24.4,364212,7,0,55.8
2026-09-16T03:08:38.804Z,23.9,364828,7,0,56.4
2026-09-16T03:08:43.846Z,23.8,369664,7,0,56.4
2026-09-16T03:08:48.891Z,24.3,385892,7,0,55.8
2026-09-16T03:08:53.931Z,24.8,400124,7,0,54.8
2026-09-16T03:08:58.962Z,24.7,405788,7,0,55.8
2026-09-16T03:09:03.993Z,24.2,405812,7,0,56.4
2026-09-16T03:09:09.034Z,23.9,407616,7,0,56.9
2026-09-16T03:09:14.073Z,24.4,418216,7,0,55.8
2026-09-16T03:09:19.112Z,24.8,429688,7,0,56.4
2026-09-16T03:09:24.151Z,25.0,436084,7,0,56.9
2026-09-16T03:09:29.183Z,24.5,436704,7,0,56.9
2026-09-16T03:09:34.214Z,24.1,436712,7,0,56.9
2026-09-16T03:09:39.255Z,23.9,437028,7,0,57.5
2026-09-16T03:09:44.294Z,24.3,438652,7,0,56.4
2026-09-16T03:09:49.333Z,24.8,433488,7,0,55.3
2026-09-16T03:09:54.364Z,24.7,433620,7,0,55.8
2026-09-16T03:09:59.396Z,24.3,433760,7,0,56.4
2026-09-16T03:10:04.427Z,23.9,433760,7,0,56.9
2026-09-16T03:10:09.468Z,24.0,434440,7,0,56.4
2026-09-16T03:10:14.506Z,24.4,434880,7,0,55.8
2026-09-16T03:10:19.544Z,24.8,433512,7,0,55.8
2026-09-16T03:10:24.576Z,24.5,433532,7,0,55.8
2026-09-16T03:10:29.607Z,24.2,433540,7,0,56.9
2026-09-16T03:10:34.645Z,24.1,433680,7,0,55.8
2026-09-16T03:10:39.688Z,24.4,435052,7,0,54.8
2026-09-16T03:10:44.729Z,24.7,441900,7,0,55.3
2026-09-16T03:10:49.760Z,24.5,433220,7,0,56.4
2026-09-16T03:10:54.791Z,24.2,433224,7,0,56.4
2026-09-16T03:10:59.830Z,24.0,436316,7,0,56.9
2026-09-16T03:11:04.869Z,24.3,436576,7,0,55.8
2026-09-16T03:11:09.911Z,24.7,439048,7,0,55.8
2026-09-16T03:11:14.947Z,24.7,443384,7,0,55.8
2026-09-16T03:11:19.978Z,24.4,443388,7,0,56.4
2026-09-16T03:11:25.009Z,24.1,443424,7,0,56.9
2026-09-16T03:11:30.048Z,24.1,444264,7,0,56.4
2026-09-16T03:11:35.090Z,24.4,444728,7,0,55.8
2026-09-16T03:11:40.131Z,24.7,445184,7,0,55.8
2026-09-16T03:11:45.162Z,24.6,445612,7,0,55.8
2026-09-16T03:11:50.193Z,24.3,445616,7,0,56.4
2026-09-16T03:11:55.231Z,24.2,446684,7,0,56.4
2026-09-16T03:12:00.271Z,24.5,445076,7,0,55.8
2026-09-16T03:12:05.315Z,24.8,445252,7,0,55.3
2026-09-16T03:12:10.346Z,24.8,445432,7,0,55.8
2026-09-16T03:12:15.377Z,24.5,445436,7,0,56.4
2026-09-16T03:12:20.418Z,24.3,446916,7,0,56.4
2026-09-16T03:12:25.457Z,24.5,449612,7,0,55.8
2026-09-16T03:12:30.498Z,24.8,449916,7,0,55.8
2026-09-16T03:12:35.530Z,24.9,449964,7,0,55.8
2026-09-16T03:12:40.562Z,24.6,449964,7,0,56.4
2026-09-16T03:12:45.593Z,24.4,449972,7,0,56.9
2026-09-16T03:12:50.632Z,24.3,450716,7,0,55.8
2026-09-16T03:12:55.670Z,24.6,447912,7,0,55.8
2026-09-16T03:13:00.712Z,24.8,449220,7,0,55.8
2026-09-16T03:13:05.744Z,24.7,450056,7,0,56.4
2026-09-16T03:13:10.775Z,24.4,450056,7,0,56.9
2026-09-16T03:13:15.816Z,24.3,443048,7,0,56.4
2026-09-16T03:13:20.857Z,24.5,443156,7,0,55.3
2026-09-16T03:13:25.895Z,24.7,443000,7,0,55.8
2026-09-16T03:13:30.926Z,24.8,443236,7,0,55.8
2026-09-16T03:13:35.957Z,24.5,443240,7,0,55.8
2026-09-16T03:13:40.988Z,24.3,443244,7,0,56.9
2026-09-16T03:13:46.028Z,24.4,443336,7,0,55.8
2026-09-16T03:13:51.070Z,24.6,443808,7,0,55.8
2026-09-16T03:13:56.110Z,24.9,443484,7,0,55.8
2026-09-16T03:14:01.142Z,24.7,443488,7,0,55.8
2026-09-16T03:14:06.173Z,24.5,443496,7,0,56.9
2026-09-16T03:14:11.209Z,24.4,443556,7,0,56.4
2026-09-16T03:14:16.249Z,24.6,445284,7,0,55.3
2026-09-16T03:14:21.291Z,24.8,452560,7,0,55.8
2026-09-16T03:14:26.323Z,24.8,448992,7,0,55.8
2026-09-16T03:14:31.354Z,24.6,448992,7,0,56.4
2026-09-16T03:14:36.384Z,24.4,448996,7,0,56.4
2026-09-16T03:14:41.423Z,24.6,449140,7,0,55.3
2026-09-16T03:14:46.464Z,24.8,449192,7,0,55.3
2026-09-16T03:14:51.494Z,24.9,449812,7,0,55.3
2026-09-16T03:14:56.526Z,24.7,449840,7,0,55.8
2026-09-16T03:15:01.557Z,24.5,449844,7,0,56.9
2026-09-16T03:15:06.597Z,24.5,450236,7,0,55.8
2026-09-16T03:15:11.638Z,24.7,450472,7,0,55.8
2026-09-16T03:15:16.676Z,24.8,451336,7,0,55.3
2026-09-16T03:15:21.709Z,24.7,451756,7,0,55.8
2026-09-16T03:15:26.740Z,24.5,448920,7,0,56.4
2026-09-16T03:15:31.783Z,24.5,449080,7,0,55.8
2026-09-16T03:15:36.825Z,24.7,449188,7,0,55.8
2026-09-16T03:15:41.867Z,24.9,449276,7,0,55.3
2026-09-16T03:15:46.899Z,24.8,449476,7,0,55.8
2026-09-16T03:15:51.930Z,24.6,449476,7,0,56.4
2026-09-16T03:15:56.971Z,24.5,449608,7,0,56.9
2026-09-16T03:16:02.012Z,24.7,448108,7,0,55.8
2026-09-16T03:16:07.057Z,24.9,448144,7,0,55.3
2026-09-16T03:16:12.089Z,24.9,448256,7,0,55.8
2026-09-16T03:16:17.120Z,24.7,448260,7,0,56.4
2026-09-16T03:16:22.152Z,24.6,448260,7,0,56.9
2026-09-16T03:16:27.189Z,24.7,450780,7,0,55.8
2026-09-16T03:16:32.229Z,24.9,449524,7,0,54.8
2026-09-16T03:16:37.263Z,25.0,449600,7,0,55.3
2026-09-16T03:16:42.295Z,24.9,449600,7,0,55.8
2026-09-16T03:16:47.324Z,24.7,449600,7,0,56.4
2026-09-16T03:16:52.355Z,24.5,449600,7,0,56.9
2026-09-16T03:16:57.399Z,24.6,451984,7,0,56.4
2026-09-16T03:17:02.441Z,24.8,448888,7,0,55.8
2026-09-16T03:17:07.472Z,24.9,449364,7,0,55.8
2026-09-16T03:17:12.503Z,24.7,449364,7,0,55.8
2026-09-16T03:17:17.533Z,24.6,449368,7,0,56.4
2026-09-16T03:17:22.574Z,24.5,449388,7,0,55.8
2026-09-16T03:17:27.615Z,24.6,450088,7,0,55.8
2026-09-16T03:17:32.654Z,24.8,451032,7,0,55.3
2026-09-16T03:17:37.685Z,24.8,452052,7,0,55.8
2026-09-16T03:17:42.716Z,24.6,452052,7,0,56.4
2026-09-16T03:17:47.747Z,24.5,452068,7,0,56.9
2026-09-16T03:17:52.785Z,24.6,452780,7,0,55.8
2026-09-16T03:17:57.826Z,24.7,453176,7,0,55.8
2026-09-16T03:18:02.858Z,24.9,453644,7,0,55.8
2026-09-16T03:18:07.889Z,24.7,453676,7,0,56.4
2026-09-16T03:18:12.921Z,24.6,453688,7,0,56.9
2026-09-16T03:18:17.961Z,24.6,459276,7,0,55.8
2026-09-16T03:18:23.001Z,24.8,462504,7,0,55.8
2026-09-16T03:18:28.036Z,24.9,462704,7,0,54.8
2026-09-16T03:18:33.067Z,24.8,462704,7,0,56.4
2026-09-16T03:18:38.098Z,24.7,462716,7,0,56.9
2026-09-16T03:18:43.139Z,24.7,462744,7,0,55.8
2026-09-16T03:18:48.178Z,24.8,464864,7,0,55.3
2026-09-16T03:18:53.219Z,24.9,464700,7,0,54.8
2026-09-16T03:18:58.251Z,24.9,464736,7,0,56.4
2026-09-16T03:19:03.283Z,24.7,464736,7,0,56.4
2026-09-16T03:19:08.313Z,24.6,464736,7,0,56.9
2026-09-16T03:19:13.351Z,24.5,464788,7,0,55.8
2026-09-16T03:19:18.389Z,24.7,465096,7,0,55.8
2026-09-16T03:19:23.427Z,24.9,465424,7,0,55.3
2026-09-16T03:19:28.462Z,24.8,465504,7,0,55.8
2026-09-16T03:19:33.492Z,24.7,465504,7,0,56.4
2026-09-16T03:19:38.522Z,24.6,465504,7,0,56.9
2026-09-16T03:19:43.560Z,24.5,465648,7,0,56.4
2026-09-16T03:19:48.598Z,24.6,467568,7,0,55.8
2026-09-16T03:19:53.643Z,24.8,467104,7,0,55.8
2026-09-16T03:19:58.674Z,24.8,467196,7,0,56.4
2026-09-16T03:20:03.705Z,24.6,467196,7,0,56.9
2026-09-16T03:20:08.736Z,24.5,467564,7,0,56.9
2026-09-16T03:20:13.777Z,24.5,468504,7,0,56.4
2026-09-16T03:20:18.817Z,24.6,466276,7,0,55.8
2026-09-16T03:20:23.857Z,24.7,468164,7,0,55.8
2026-09-16T03:20:28.889Z,24.7,460012,7,0,56.4
2026-09-16T03:20:33.920Z,24.6,460012,7,0,56.9
2026-09-16T03:20:38.959Z,24.5,460020,7,0,56.4
2026-09-16T03:20:43.999Z,24.6,460028,7,0,55.8
2026-09-16T03:20:49.037Z,24.7,460392,7,0,55.8
2026-09-16T03:20:54.068Z,24.7,460404,7,0,55.8
2026-09-16T03:20:59.099Z,24.6,458700,7,0,56.4
2026-09-16T03:21:04.137Z,24.5,458704,7,0,56.4
2026-09-16T03:21:09.177Z,24.6,458908,7,0,55.3
2026-09-16T03:21:14.215Z,24.8,459108,7,0,55.8
2026-09-16T03:21:19.247Z,24.8,459636,7,0,55.8
2026-09-16T03:21:24.278Z,24.7,459636,7,0,55.8
2026-09-16T03:21:29.309Z,24.6,459652,7,0,56.9
2026-09-16T03:21:34.349Z,24.5,460052,7,0,56.9
2026-09-16T03:21:39.390Z,24.6,459452,7,0,55.3
2026-09-16T03:21:44.430Z,24.7,459500,7,0,55.8
2026-09-16T03:21:49.461Z,24.7,459892,7,0,55.8
2026-09-16T03:21:54.491Z,24.6,459892,7,0,56.4
2026-09-16T03:21:59.523Z,24.5,459900,7,0,56.4
2026-09-16T03:22:04.562Z,24.4,459244,7,0,56.9
2026-09-16T03:22:09.599Z,24.5,459932,7,0,55.3
2026-09-16T03:22:14.638Z,24.6,461404,7,0,55.3
2026-09-16T03:22:19.670Z,24.6,460408,7,0,55.8
2026-09-16T03:22:24.701Z,24.5,460408,7,0,56.4
2026-09-16T03:22:29.732Z,24.4,460412,7,0,56.9
2026-09-16T03:22:34.771Z,24.4,460432,7,0,55.8
2026-09-16T03:22:39.810Z,24.5,460852,7,0,55.3
2026-09-16T03:22:44.850Z,24.6,461144,7,0,55.8
2026-09-16T03:22:49.880Z,24.6,460324,7,0,55.8
2026-09-16T03:22:54.911Z,24.5,460324,7,0,56.9
2026-09-16T03:22:59.943Z,24.4,460328,7,0,56.9
2026-09-16T03:23:04.983Z,24.3,460900,7,0,56.4
2026-09-16T03:23:10.024Z,24.5,463360,7,0,55.8
2026-09-16T03:23:15.063Z,24.6,456448,7,0,55.8
2026-09-16T03:23:20.095Z,24.5,457476,7,0,55.8
2026-09-16T03:23:25.126Z,24.4,458020,7,0,56.4
2026-09-16T03:23:30.168Z,24.3,458036,7,0,56.9
2026-09-16T03:23:35.206Z,24.4,452164,7,0,55.8
2026-09-16T03:23:40.248Z,24.5,452260,7,0,55.8
2026-09-16T03:23:45.279Z,24.6,453504,7,0,56.4
2026-09-16T03:23:50.311Z,24.5,453512,7,0,56.9
2026-09-16T03:23:55.343Z,24.4,451848,7,0,56.4
2026-09-16T03:24:00.374Z,24.3,451848,7,0,56.9
2026-09-16T03:24:05.415Z,24.3,452152,7,0,55.8
2026-09-16T03:24:10.457Z,24.4,452752,7,0,55.3
2026-09-16T03:24:15.495Z,24.6,457576,7,0,55.8
2026-09-16T03:24:20.527Z,24.5,457724,7,0,56.4
2026-09-16T03:24:25.558Z,24.4,457744,7,0,56.4
2026-09-16T03:24:30.597Z,24.3,458692,7,0,56.4
2026-09-16T03:24:35.637Z,24.4,454724,7,0,55.8
2026-09-16T03:24:40.677Z,24.5,454840,7,0,54.8
2026-09-16T03:24:45.709Z,24.5,454012,7,0,56.4
2026-09-16T03:24:50.741Z,24.4,454012,7,0,56.4
2026-09-16T03:24:55.773Z,24.3,454012,7,0,56.9
2026-09-16T03:25:00.803Z,24.2,454012,7,0,56.9
2026-09-16T03:25:05.843Z,24.3,454600,7,0,56.9
2026-09-16T03:25:10.882Z,24.4,455600,7,0,55.8
2026-09-16T03:25:15.919Z,24.5,457592,7,0,55.3
2026-09-16T03:25:20.953Z,24.4,457600,7,0,55.8
2026-09-16T03:25:25.984Z,24.3,457600,7,0,56.9
2026-09-16T03:25:31.016Z,24.2,457600,7,0,56.9
2026-09-16T03:25:36.060Z,24.2,458220,7,0,55.8
2026-09-16T03:25:41.105Z,24.3,453796,7,0,55.8
2026-09-16T03:25:46.137Z,24.5,453908,7,0,54.8
2026-09-16T03:25:51.168Z,24.4,453908,7,0,56.4
2026-09-16T03:25:56.200Z,24.3,453908,7,0,56.9
2026-09-16T03:26:01.238Z,24.2,453916,7,0,56.4
2026-09-16T03:26:06.276Z,24.3,455744,7,0,56.4
2026-09-16T03:26:11.315Z,24.3,454072,7,0,55.3
2026-09-16T03:26:16.347Z,24.4,455104,7,0,55.8
2026-09-16T03:26:21.378Z,24.3,455104,7,0,55.8
2026-09-16T03:26:26.410Z,24.2,455104,7,0,56.4
2026-09-16T03:26:31.449Z,24.2,455428,7,0,55.8
2026-09-16T03:26:36.488Z,24.3,457744,7,0,54.8
2026-09-16T03:26:41.519Z,24.4,455428,7,0,54.8
2026-09-16T03:26:46.551Z,24.3,455428,7,0,56.9
2026-09-16T03:26:51.581Z,24.2,455428,7,0,56.4
2026-09-16T03:26:56.619Z,24.2,455472,7,0,55.8
2026-09-16T03:27:01.658Z,24.3,456600,7,0,54.8
2026-09-16T03:27:06.699Z,24.4,454376,7,0,55.3
2026-09-16T03:27:11.730Z,24.3,454396,7,0,56.4
2026-09-16T03:27:16.760Z,24.2,454396,7,0,56.4
2026-09-16T03:27:21.800Z,24.2,454444,7,0,55.8
2026-09-16T03:27:26.837Z,24.3,456372,7,0,55.8
2026-09-16T03:27:31.875Z,24.4,455944,7,0,54.8
2026-09-16T03:27:36.906Z,24.3,456032,7,0,55.8
2026-09-16T03:27:41.937Z,24.2,456032,7,0,56.4
2026-09-16T03:27:46.969Z,24.2,456040,7,0,56.4
2026-09-16T03:27:52.008Z,24.2,456220,7,0,55.8
2026-09-16T03:27:57.047Z,24.2,459504,7,0,55.8
2026-09-16T03:28:02.087Z,24.3,459344,7,0,55.8
2026-09-16T03:28:07.118Z,24.3,459528,7,0,56.4
2026-09-16T03:28:12.150Z,24.2,459528,7,0,56.9
2026-09-16T03:28:17.181Z,24.1,459528,7,0,56.4
2026-09-16T03:28:22.219Z,24.0,459620,7,0,55.8
2026-09-16T03:28:27.259Z,24.1,459796,7,0,55.8
2026-09-16T03:28:32.300Z,24.2,461176,7,0,55.8
2026-09-16T03:28:37.331Z,24.3,461696,7,0,55.8
2026-09-16T03:28:42.363Z,24.2,461700,7,0,56.4
2026-09-16T03:28:47.394Z,24.1,461708,7,0,56.4
2026-09-16T03:28:52.432Z,24.0,461956,7,0,56.4
2026-09-16T03:28:57.470Z,24.1,462168,7,0,55.8
2026-09-16T03:29:02.508Z,24.2,462224,7,0,55.3
2026-09-16T03:29:07.540Z,24.3,462432,7,0,55.8
2026-09-16T03:29:12.571Z,24.2,462432,7,0,56.9
2026-09-16T03:29:17.602Z,24.1,462432,7,0,56.9
2026-09-16T03:29:22.641Z,24.1,461536,7,0,56.4
2026-09-16T03:29:27.682Z,24.2,461684,7,0,55.8
2026-09-16T03:29:32.723Z,24.3,464864,7,0,55.8
2026-09-16T03:29:37.757Z,24.2,464904,7,0,55.8
2026-09-16T03:29:42.787Z,24.2,464904,7,0,56.9
2026-09-16T03:29:47.827Z,24.2,461644,7,0,56.4
2026-09-16T03:29:52.867Z,24.2,461964,7,0,55.8
2026-09-16T03:29:57.905Z,24.3,463032,7,0,55.8
2026-09-16T03:30:02.937Z,24.3,462100,7,0,55.8
2026-09-16T03:30:07.968Z,24.2,462104,7,0,55.8
2026-09-16T03:30:13.005Z,24.1,462112,7,0,56.4
2026-09-16T03:30:18.044Z,24.2,462376,7,0,55.8
2026-09-16T03:30:23.084Z,24.3,462752,7,0,54.8
2026-09-16T03:30:28.115Z,24.3,464340,7,0,55.3
2026-09-16T03:30:33.146Z,24.2,464344,7,0,56.9
2026-09-16T03:30:38.176Z,24.1,464344,7,0,56.4
2026-09-16T03:30:43.215Z,24.2,463600,7,0,55.3
2026-09-16T03:30:48.260Z,24.2,463772,7,0,55.3
2026-09-16T03:30:53.299Z,24.3,463836,7,0,54.8
2026-09-16T03:30:58.332Z,24.2,463836,7,0,55.8
2026-09-16T03:31:03.365Z,24.2,463836,7,0,56.4
2026-09-16T03:31:08.396Z,24.1,463836,7,0,56.9
2026-09-16T03:31:13.435Z,24.1,464328,7,0,55.8
2026-09-16T03:31:18.473Z,24.2,463300,7,0,55.3
2026-09-16T03:31:23.504Z,24.3,463800,7,0,55.3
2026-09-16T03:31:28.534Z,24.2,464180,7,0,56.9
2026-09-16T03:31:33.565Z,24.1,464180,7,0,56.4
2026-09-16T03:31:38.602Z,24.1,464600,7,0,55.8
2026-09-16T03:31:43.640Z,24.2,462924,7,0,55.3
2026-09-16T03:31:48.681Z,24.2,462988,7,0,55.3
2026-09-16T03:31:53.712Z,24.2,463008,7,0,56.4
2026-09-16T03:31:58.743Z,24.1,463008,7,0,56.4
2026-09-16T03:32:03.773Z,24.1,463008,7,0,56.9
2026-09-16T03:32:08.813Z,24.1,464384,7,0,55.8
2026-09-16T03:32:13.851Z,24.2,463160,7,0,55.8
2026-09-16T03:32:18.882Z,24.2,464560,7,0,55.3
2026-09-16T03:32:23.914Z,24.2,464560,7,0,56.4
2026-09-16T03:32:28.945Z,24.1,464944,7,0,56.9
2026-09-16T03:32:33.976Z,24.0,464944,7,0,56.4
2026-09-16T03:32:39.016Z,24.1,460328,7,0,55.8
2026-09-16T03:32:44.054Z,24.2,460344,7,0,55.8
2026-09-16T03:32:49.085Z,24.2,461096,7,0,55.8
2026-09-16T03:32:54.117Z,24.2,461100,7,0,56.4
2026-09-16T03:32:59.148Z,24.1,461268,7,0,56.9
2026-09-16T03:33:04.188Z,24.1,461916,7,0,56.4
2026-09-16T03:33:09.228Z,24.1,462984,7,0,55.8
2026-09-16T03:33:14.270Z,24.2,464480,7,0,54.8
2026-09-16T03:33:19.301Z,24.2,460432,7,0,56.4
2026-09-16T03:33:24.332Z,24.1,460432,7,0,56.4
2026-09-16T03:33:29.369Z,24.1,460436,7,0,56.9
2026-09-16T03:33:34.409Z,24.1,460528,7,0,55.8
2026-09-16T03:33:39.452Z,24.2,460984,7,0,55.3
2026-09-16T03:33:44.483Z,24.2,461076,7,0,55.8
2026-09-16T03:33:49.514Z,24.1,461456,7,0,56.4
2026-09-16T03:33:54.546Z,24.0,461456,7,0,56.4
2026-09-16T03:33:59.584Z,24.1,459628,7,0,55.8
2026-09-16T03:34:04.626Z,24.2,459640,7,0,55.8
2026-09-16T03:34:09.657Z,24.2,459692,7,0,55.8
2026-09-16T03:34:14.689Z,24.2,459692,7,0,56.4
2026-09-16T03:34:19.720Z,24.1,459692,7,0,56.9
2026-09-16T03:34:24.761Z,24.1,461012,7,0,55.3
2026-09-16T03:34:29.805Z,24.2,460076,7,0,55.3
2026-09-16T03:34:34.844Z,24.2,460208,7,0,55.8
2026-09-16T03:34:39.876Z,24.2,460224,7,0,55.8
2026-09-16T03:34:44.906Z,24.1,460224,7,0,56.4
2026-09-16T03:34:49.937Z,24.1,460232,7,0,56.9
2026-09-16T03:34:54.978Z,24.1,461504,7,0,56.4
2026-09-16T03:35:00.021Z,24.2,460688,7,0,55.8
2026-09-16T03:35:05.059Z,24.3,461096,7,0,55.3
2026-09-16T03:35:10.090Z,24.2,461228,7,0,56.4
2026-09-16T03:35:15.121Z,24.1,461604,7,0,56.4
2026-09-16T03:35:20.175Z,24.1,461604,7,0,56.4
2026-09-16T03:35:25.216Z,24.1,459280,7,0,55.8
2026-09-16T03:35:30.255Z,24.2,460036,7,0,55.8
2026-09-16T03:35:35.288Z,24.2,460124,7,0,55.3
2026-09-16T03:35:40.318Z,24.2,460124,7,0,56.4
2026-09-16T03:35:45.350Z,24.1,460492,7,0,55.8
2026-09-16T03:35:50.389Z,24.1,459456,7,0,56.9
2026-09-16T03:35:55.430Z,24.2,459576,7,0,56.4
2026-09-16T03:36:00.467Z,24.2,459584,7,0,55.3
2026-09-16T03:36:05.498Z,24.2,459588,7,0,56.9
2026-09-16T03:36:10.529Z,24.1,459588,7,0,56.4
2026-09-16T03:36:15.568Z,24.1,459596,7,0,56.4
2026-09-16T03:36:20.607Z,24.2,459816,7,0,55.8
2026-09-16T03:36:25.646Z,24.2,460040,7,0,55.3
2026-09-16T03:36:30.677Z,24.2,460060,7,0,55.8
2026-09-16T03:36:35.709Z,24.1,460064,7,0,56.4
2026-09-16T03:36:40.739Z,24.1,460064,7,0,56.9
2026-09-16T03:36:45.778Z,24.1,460124,7,0,55.8
2026-09-16T03:36:50.818Z,24.2,460176,7,0,55.8
2026-09-16T03:36:55.853Z,24.3,460416,7,0,55.8
2026-09-16T03:37:00.884Z,24.2,460420,7,0,56.4
2026-09-16T03:37:05.915Z,24.1,460420,7,0,56.9
2026-09-16T03:37:10.946Z,24.1,460420,7,0,56.9
2026-09-16T03:37:15.987Z,24.1,460556,7,0,56.4
2026-09-16T03:37:21.029Z,24.2,461508,7,0,55.8
2026-09-16T03:37:26.059Z,24.3,461764,7,0,55.8
2026-09-16T03:37:31.090Z,24.2,461764,7,0,56.4
2026-09-16T03:37:36.121Z,24.1,461764,7,0,56.9
2026-09-16T03:37:41.161Z,24.1,461864,7,0,56.4
2026-09-16T03:37:46.203Z,24.2,462648,7,0,55.8
2026-09-16T03:37:51.242Z,24.2,462548,7,0,55.8
2026-09-16T03:37:56.273Z,24.2,462548,7,0,55.8
2026-09-16T03:38:01.304Z,24.1,462548,7,0,56.4
2026-09-16T03:38:06.342Z,24.1,462604,7,0,55.8
2026-09-16T03:38:11.381Z,24.2,462744,7,0,55.3
2026-09-16T03:38:16.419Z,24.3,466380,7,0,55.3
2026-09-16T03:38:21.450Z,24.2,467652,7,0,55.8
2026-09-16T03:38:26.481Z,24.2,464944,7,0,56.4
2026-09-16T03:38:31.514Z,24.1,464948,7,0,56.9
2026-09-16T03:38:36.552Z,24.2,466452,7,0,55.8
2026-09-16T03:38:41.593Z,24.2,464508,7,0,55.8
2026-09-16T03:38:46.624Z,24.3,465600,7,0,55.8
2026-09-16T03:38:51.655Z,24.2,465600,7,0,56.4
2026-09-16T03:38:56.686Z,24.1,465976,7,0,56.9
2026-09-16T03:39:01.725Z,24.2,465996,7,0,55.8
2026-09-16T03:39:06.765Z,24.2,466388,7,0,54.8
2026-09-16T03:39:11.807Z,24.3,464080,7,0,54.8
2026-09-16T03:39:16.840Z,24.2,464088,7,0,56.4
2026-09-16T03:39:21.870Z,24.2,464088,7,0,56.4
2026-09-16T03:39:26.911Z,24.1,464088,7,0,56.9
2026-09-16T03:39:31.950Z,24.2,464104,7,0,55.8
2026-09-16T03:39:36.988Z,24.3,463200,7,0,55.3
2026-09-16T03:39:42.021Z,24.3,463224,7,0,55.8
2026-09-16T03:39:47.053Z,24.2,463224,7,0,56.4
2026-09-16T03:39:52.083Z,24.2,463224,7,0,56.9
2026-09-16T03:39:57.122Z,24.1,463224,7,0,56.9
2026-09-16T03:40:02.167Z,24.2,463284,7,0,55.8
2026-09-16T03:40:07.211Z,24.2,463688,7,0,55.8
2026-09-16T03:40:12.242Z,24.2,464220,7,0,55.8
2026-09-16T03:40:17.273Z,24.2,464220,7,0,56.4
2026-09-16T03:40:22.305Z,24.1,464220,7,0,56.9
2026-09-16T03:40:27.349Z,24.1,464232,7,0,56.4
2026-09-16T03:40:32.387Z,24.2,464320,7,0,55.8
2026-09-16T03:40:37.427Z,24.2,463712,7,0,55.8
2026-09-16T03:40:42.459Z,24.2,463760,7,0,55.8
2026-09-16T03:40:47.490Z,24.2,463760,7,0,56.4
2026-09-16T03:40:52.521Z,24.1,463760,7,0,56.9
2026-09-16T03:40:57.561Z,24.1,464096,7,0,55.8
2026-09-16T03:41:02.601Z,24.2,464888,7,0,55.8
2026-09-16T03:41:07.641Z,24.3,463172,7,0,55.8
2026-09-16T03:41:12.673Z,24.2,463184,7,0,55.8
2026-09-16T03:41:17.704Z,24.2,463312,7,0,55.8
2026-09-16T03:41:22.736Z,24.1,463312,7,0,56.9
2026-09-16T03:41:27.775Z,24.2,464332,7,0,55.8
2026-09-16T03:41:32.814Z,24.2,463296,7,0,55.8
2026-09-16T03:41:37.846Z,24.3,463340,7,0,55.3
2026-09-16T03:41:42.878Z,24.2,463344,7,0,55.8
2026-09-16T03:41:47.908Z,24.2,463348,7,0,56.9
2026-09-16T03:41:52.939Z,24.1,463348,7,0,57.5
2026-09-16T03:41:57.981Z,24.2,463752,7,0,55.8
2026-09-16T03:42:03.018Z,24.2,463064,7,0,55.8
2026-09-16T03:42:08.049Z,24.2,463288,7,0,56.4
2026-09-16T03:42:13.079Z,24.2,463288,7,0,55.8
2026-09-16T03:42:18.110Z,24.1,463304,7,0,56.4
2026-09-16T03:42:23.151Z,24.1,464236,7,0,56.4
2026-09-16T03:42:28.192Z,24.2,463152,7,0,55.3
2026-09-16T03:42:33.234Z,24.3,464948,7,0,55.8
2026-09-16T03:42:38.266Z,24.2,461028,7,0,56.4
2026-09-16T03:42:43.297Z,24.2,461064,7,0,56.9
2026-09-16T03:42:48.337Z,24.1,461072,7,0,55.8
2026-09-16T03:42:53.378Z,24.2,461144,7,0,55.8
2026-09-16T03:42:58.421Z,24.3,463052,7,0,55.8
2026-09-16T03:43:03.452Z,24.2,464508,7,0,55.8
2026-09-16T03:43:08.483Z,24.2,464520,7,0,56.4
2026-09-16T03:43:13.514Z,24.1,464520,7,0,56.4
2026-09-16T03:43:18.554Z,24.2,462932,7,0,55.8
2026-09-16T03:43:23.591Z,24.2,463060,7,0,55.3
2026-09-16T03:43:28.630Z,24.3,463224,7,0,55.8
2026-09-16T03:43:33.662Z,24.2,463228,7,0,56.4
2026-09-16T03:43:38.693Z,24.2,463228,7,0,56.9
2026-09-16T03:43:43.725Z,24.1,463228,7,0,56.9
2026-09-16T03:43:48.764Z,24.1,463484,7,0,56.4
2026-09-16T03:43:53.803Z,24.2,463276,7,0,55.8
2026-09-16T03:43:58.844Z,24.3,463564,7,0,55.8
2026-09-16T03:44:03.876Z,24.2,463616,7,0,56.4
2026-09-16T03:44:08.906Z,24.2,463620,7,0,56.4
2026-09-16T03:44:13.944Z,24.2,463756,7,0,56.4
2026-09-16T03:44:18.985Z,24.2,463380,7,0,55.8
2026-09-16T03:44:24.025Z,24.3,463808,7,0,54.8
2026-09-16T03:44:29.056Z,24.3,463900,7,0,55.8
2026-09-16T03:44:34.088Z,24.2,463900,7,0,56.9
2026-09-16T03:44:39.120Z,24.2,463900,7,0,56.9
2026-09-16T03:44:44.161Z,24.2,464460,7,0,55.8
2026-09-16T03:44:49.201Z,24.3,463884,7,0,55.8
2026-09-16T03:44:54.232Z,24.3,463924,7,0,55.8
2026-09-16T03:44:59.263Z,24.3,463924,7,0,56.4
2026-09-16T03:45:04.294Z,24.2,463924,7,0,56.9
2026-09-16T03:45:09.335Z,24.2,463980,7,0,55.8
2026-09-16T03:45:14.377Z,24.3,464144,7,0,55.8
2026-09-16T03:45:19.417Z,24.3,466500,7,0,54.8
2026-09-16T03:45:24.449Z,24.3,465280,7,0,55.8
2026-09-16T03:45:29.480Z,24.2,465288,7,0,56.4
2026-09-16T03:45:34.517Z,24.2,465512,7,0,56.4
2026-09-16T03:45:39.556Z,24.3,465608,7,0,55.3
2026-09-16T03:45:44.596Z,24.3,465768,7,0,55.3
2026-09-16T03:45:49.628Z,24.3,465972,7,0,55.8
2026-09-16T03:45:54.659Z,24.2,465972,7,0,56.9
2026-09-16T03:45:59.697Z,24.2,466344,7,0,56.4
2026-09-16T03:46:04.740Z,24.3,465556,7,0,55.3
2026-09-16T03:46:09.778Z,24.3,465640,7,0,54.8
2026-09-16T03:46:14.809Z,24.3,465692,7,0,55.8
2026-09-16T03:46:19.841Z,24.3,465696,7,0,55.8
2026-09-16T03:46:24.872Z,24.2,465696,7,0,56.4
2026-09-16T03:46:29.913Z,24.2,465768,7,0,56.4
2026-09-16T03:46:34.957Z,24.3,465088,7,0,55.8
2026-09-16T03:46:39.996Z,24.3,465112,7,0,55.8
2026-09-16T03:46:45.029Z,24.3,465348,7,0,55.8
2026-09-16T03:46:50.061Z,24.3,465348,7,0,56.4
2026-09-16T03:46:55.092Z,24.2,465348,7,0,56.9
2026-09-16T03:47:00.133Z,24.3,465588,7,0,55.8
2026-09-16T03:47:05.175Z,24.3,465732,7,0,55.8
2026-09-16T03:47:10.206Z,24.3,466012,7,0,54.8
2026-09-16T03:47:15.237Z,24.3,465664,7,0,56.4
2026-09-16T03:47:20.268Z,24.2,465664,7,0,56.4
2026-09-16T03:47:25.309Z,24.2,465684,7,0,55.8
2026-09-16T03:47:30.349Z,24.3,465924,7,0,54.8
2026-09-16T03:47:35.388Z,24.3,466692,7,0,55.8
2026-09-16T03:47:40.420Z,24.3,466924,7,0,56.4
2026-09-16T03:47:45.451Z,24.2,466928,7,0,56.4
2026-09-16T03:47:50.482Z,24.2,466940,7,0,56.9
2026-09-16T03:47:55.522Z,24.2,466172,7,0,55.8
2026-09-16T03:48:00.563Z,24.3,466552,7,0,55.8
2026-09-16T03:48:05.608Z,24.3,467672,7,0,55.8
2026-09-16T03:48:10.641Z,24.3,467676,7,0,56.9
2026-09-16T03:48:15.673Z,24.2,468052,7,0,56.4
2026-09-16T03:48:20.712Z,24.2,468084,7,0,56.4
2026-09-16T03:48:25.750Z,24.2,466628,7,0,55.8
2026-09-16T03:48:30.791Z,24.3,467372,7,0,55.8
2026-09-16T03:48:35.822Z,24.3,468172,7,0,55.8
2026-09-16T03:48:40.853Z,24.2,468172,7,0,56.4
2026-09-16T03:48:45.886Z,24.2,466964,7,0,56.9
2026-09-16T03:48:50.925Z,24.2,466976,7,0,55.8
2026-09-16T03:48:55.966Z,24.3,467016,7,0,55.8
2026-09-16T03:49:00.997Z,24.3,467124,7,0,55.8
2026-09-16T03:49:06.029Z,24.3,467124,7,0,56.9
2026-09-16T03:49:11.059Z,24.2,467124,7,0,56.9
2026-09-16T03:49:16.100Z,24.2,466980,7,0,56.9
2026-09-16T03:49:21.139Z,24.2,467576,7,0,55.8
2026-09-16T03:49:26.177Z,24.3,466724,7,0,54.8
2026-09-16T03:49:31.208Z,24.3,466760,7,0,56.4
2026-09-16T03:49:36.239Z,24.2,466760,7,0,56.9
2026-09-16T03:49:41.278Z,24.2,466764,7,0,56.4
2026-09-16T03:49:46.319Z,24.3,466764,7,0,55.8
2026-09-16T03:49:51.360Z,24.3,466848,7,0,55.3
2026-09-16T03:49:56.391Z,24.3,465896,7,0,55.8
2026-09-16T03:50:01.423Z,24.2,465896,7,0,56.4
2026-09-16T03:50:06.464Z,24.2,465908,7,0,56.4
2026-09-16T03:50:11.504Z,24.3,465940,7,0,55.8
2026-09-16T03:50:16.545Z,24.3,465972,7,0,55.8
2026-09-16T03:50:21.577Z,24.3,466020,7,0,56.4
2026-09-16T03:50:26.607Z,24.3,466020,7,0,56.9
2026-09-16T03:50:31.645Z,24.2,466032,7,0,56.4
2026-09-16T03:50:36.683Z,24.3,466728,7,0,55.3
2026-09-16T03:50:41.726Z,24.3,466924,7,0,55.3
2026-09-16T03:50:46.757Z,24.3,467004,7,0,55.8
2026-09-16T03:50:51.794Z,24.3,467004,7,0,56.4
2026-09-16T03:50:56.825Z,24.2,467004,7,0,56.9
2026-09-16T03:51:01.872Z,24.3,467044,7,0,55.8
2026-09-16T03:51:06.912Z,24.3,466604,7,0,55.8
2026-09-16T03:51:11.943Z,24.4,466636,7,0,54.8
2026-09-16T03:51:16.974Z,24.3,466636,7,0,56.4
2026-09-16T03:51:22.004Z,24.3,466636,7,0,56.4
2026-09-16T03:51:27.044Z,24.3,466668,7,0,55.8
2026-09-16T03:51:32.085Z,24.3,467928,7,0,55.8
2026-09-16T03:51:37.116Z,24.4,466944,7,0,55.3
2026-09-16T03:51:42.148Z,24.3,466944,7,0,56.4
2026-09-16T03:51:47.179Z,24.3,466952,7,0,56.4
2026-09-16T03:51:52.216Z,24.2,466992,7,0,56.4
2026-09-16T03:51:57.255Z,24.3,467152,7,0,55.8
2026-09-16T03:52:02.295Z,24.3,467564,7,0,55.3
2026-09-16T03:52:07.326Z,24.4,466096,7,0,55.8
2026-09-16T03:52:12.357Z,24.3,466100,7,0,56.4
2026-09-16T03:52:17.388Z,24.3,466104,7,0,56.9
2026-09-16T03:52:22.429Z,24.3,466136,7,0,55.8
2026-09-16T03:52:27.469Z,24.3,466164,7,0,55.8
2026-09-16T03:52:32.510Z,24.4,466436,7,0,54.8
2026-09-16T03:52:37.541Z,24.3,466040,7,0,55.8
2026-09-16T03:52:42.572Z,24.3,466044,7,0,56.9
2026-09-16T03:52:47.609Z,24.3,466144,7,0,56.9
2026-09-16T03:52:52.649Z,24.3,466392,7,0,55.3
2026-09-16T03:52:57.688Z,24.4,466168,7,0,55.8
2026-09-16T03:53:02.720Z,24.4,466208,7,0,55.8
2026-09-16T03:53:07.751Z,24.3,466208,7,0,55.8
2026-09-16T03:53:12.783Z,24.3,466208,7,0,56.4
2026-09-16T03:53:17.817Z,,,,,55.3
2026-09-16T03:53:22.878Z,39.2,93528,7,0,55.3
2026-09-16T03:53:27.916Z,43.4,110052,7,0,54.8
2026-09-16T03:53:32.947Z,38.8,117612,7,0,55.8
2026-09-16T03:53:37.979Z,30.0,118220,7,0,56.4
2026-09-16T03:53:43.010Z,24.4,118236,7,0,56.9
2026-09-16T03:53:48.049Z,24.0,124340,7,0,56.4
2026-09-16T03:53:53.091Z,28.2,137452,7,0,55.3
2026-09-16T03:53:58.135Z,31.3,151588,7,0,55.8
2026-09-16T03:54:03.166Z,30.0,156192,7,0,55.8
2026-09-16T03:54:08.197Z,27.1,156808,7,0,55.8
2026-09-16T03:54:13.228Z,24.8,161340,7,0,56.9
2026-09-16T03:54:18.269Z,25.7,174740,7,0,55.8
2026-09-16T03:54:23.306Z,27.5,187980,7,0,55.3
2026-09-16T03:54:28.344Z,29.0,201480,7,0,55.8
2026-09-16T03:54:33.377Z,27.1,201612,7,0,56.4
2026-09-16T03:54:38.408Z,25.5,202228,7,0,56.4
2026-09-16T03:54:43.449Z,24.7,204792,7,0,55.8
2026-09-16T03:54:48.488Z,25.9,214960,7,0,55.8
2026-09-16T03:54:53.530Z,26.9,225044,7,0,55.8
2026-09-16T03:54:58.562Z,26.6,229956,7,0,56.4
2026-09-16T03:55:03.594Z,25.4,229976,7,0,55.8
2026-09-16T03:55:08.625Z,24.2,230620,7,0,56.4
2026-09-16T03:55:13.664Z,25.0,241840,7,0,55.8
2026-09-16T03:55:18.703Z,26.0,256096,7,0,55.3
2026-09-16T03:55:23.734Z,26.7,268368,7,0,55.3
2026-09-16T03:55:28.766Z,25.7,269000,7,0,55.8
2026-09-16T03:55:33.797Z,24.8,269016,7,0,56.9
2026-09-16T03:55:38.838Z,24.3,271916,7,0,55.8
2026-09-16T03:55:43.881Z,25.2,282780,7,0,55.3
2026-09-16T03:55:48.921Z,26.1,294496,7,0,55.8
2026-09-16T03:55:53.952Z,26.1,300312,7,0,55.8
2026-09-16T03:55:58.984Z,25.3,300944,7,0,56.4
2026-09-16T03:56:04.016Z,24.6,300944,7,0,56.9
2026-09-16T03:56:09.056Z,24.5,306388,7,0,56.4
2026-09-16T03:56:14.095Z,25.2,318024,7,0,55.8
2026-09-16T03:56:19.138Z,26.0,330212,7,0,54.8
2026-09-16T03:56:24.170Z,25.7,333820,7,0,55.8
2026-09-16T03:56:29.201Z,25.0,334448,7,0,55.8
2026-09-16T03:56:34.233Z,24.4,334460,7,0,56.9
2026-09-16T03:56:39.273Z,24.6,344224,7,0,55.8
2026-09-16T03:56:44.312Z,25.2,358476,7,0,55.8
2026-09-16T03:56:49.354Z,25.8,373436,7,0,55.3
2026-09-16T03:56:54.386Z,25.3,374300,7,0,56.4
2026-09-16T03:56:59.418Z,24.7,374924,7,0,56.4
2026-09-16T03:57:04.462Z,24.8,380520,7,0,55.8
2026-09-16T03:57:09.504Z,25.4,392280,7,0,55.8
2026-09-16T03:57:14.545Z,25.9,403664,7,0,55.3
2026-09-16T03:57:19.576Z,25.6,406584,7,0,56.4
2026-09-16T03:57:24.607Z,25.1,406584,7,0,56.4
2026-09-16T03:57:29.638Z,24.6,407220,7,0,56.4
2026-09-16T03:57:34.676Z,24.9,417940,7,0,55.8
2026-09-16T03:57:39.719Z,25.3,420452,7,0,55.8
2026-09-16T03:57:44.752Z,25.7,420732,7,0,55.8
2026-09-16T03:57:49.785Z,25.2,420740,7,0,56.4
2026-09-16T03:57:54.816Z,24.8,420740,7,0,56.9
2026-09-16T03:57:59.856Z,24.4,420760,7,0,56.4
2026-09-16T03:58:04.900Z,24.8,420936,7,0,55.8
2026-09-16T03:58:09.944Z,25.3,421176,7,0,55.3
2026-09-16T03:58:14.976Z,25.4,421852,7,0,55.8
2026-09-16T03:58:20.008Z,25.0,421868,7,0,56.9
2026-09-16T03:58:25.040Z,24.6,421880,7,0,56.9
2026-09-16T03:58:30.081Z,24.8,423968,7,0,55.8
2026-09-16T03:58:35.120Z,25.2,426420,7,0,55.8
2026-09-16T03:58:40.152Z,25.5,426780,7,0,55.8
2026-09-16T03:58:45.184Z,25.1,426892,7,0,56.4
2026-09-16T03:58:50.216Z,24.7,426904,7,0,56.4
2026-09-16T03:58:55.273Z,24.7,427572,7,0,56.4
2026-09-16T03:59:00.315Z,25.0,433232,7,0,55.8
2026-09-16T03:59:05.353Z,25.3,433592,7,0,55.8
2026-09-16T03:59:10.385Z,25.2,434044,7,0,56.4
2026-09-16T03:59:15.415Z,24.8,434044,7,0,56.4
2026-09-16T03:59:20.456Z,24.6,434444,7,0,56.9
2026-09-16T03:59:25.495Z,24.9,432164,7,0,55.8
2026-09-16T03:59:30.535Z,25.2,432580,7,0,55.8
2026-09-16T03:59:35.568Z,25.2,432800,7,0,55.8
2026-09-16T03:59:40.600Z,24.9,432820,7,0,56.4
2026-09-16T03:59:45.640Z,24.6,432856,7,0,56.9
2026-09-16T03:59:50.679Z,25.0,436268,7,0,55.8
2026-09-16T03:59:55.717Z,25.3,438756,7,0,55.8
2026-09-16T04:00:00.749Z,25.4,438940,7,0,55.8
2026-09-16T04:00:05.781Z,25.1,438940,7,0,56.4
2026-09-16T04:00:10.813Z,24.8,438940,7,0,55.8
2026-09-16T04:00:15.852Z,24.8,439704,7,0,55.8
2026-09-16T04:00:20.891Z,25.1,441044,7,0,55.8
2026-09-16T04:00:25.934Z,25.4,445272,7,0,55.8
2026-09-16T04:00:30.968Z,25.3,445360,7,0,56.4
2026-09-16T04:00:35.999Z,25.0,445360,7,0,56.4
2026-09-16T04:00:41.036Z,24.8,445416,7,0,56.9
2026-09-16T04:00:46.078Z,25.0,445492,7,0,55.8
2026-09-16T04:00:51.116Z,25.3,446052,7,0,55.8
2026-09-16T04:00:56.148Z,25.3,448224,7,0,55.8
2026-09-16T04:01:01.179Z,25.0,446608,7,0,56.4
2026-09-16T04:01:06.219Z,24.8,446608,7,0,56.4
2026-09-16T04:01:11.261Z,25.0,447072,7,0,55.8
2026-09-16T04:01:16.302Z,25.2,447240,7,0,54.8
2026-09-16T04:01:21.333Z,25.4,450912,7,0,55.8
2026-09-16T04:01:26.363Z,25.1,450936,7,0,56.4
2026-09-16T04:01:31.394Z,24.9,450984,7,0,56.9
2026-09-16T04:01:36.433Z,25.0,453892,7,0,55.8
2026-09-16T04:01:41.471Z,25.1,454288,7,0,55.3
2026-09-16T04:01:46.513Z,25.3,454788,7,0,55.3
2026-09-16T04:01:51.544Z,25.1,454808,7,0,56.4
2026-09-16T04:01:56.575Z,24.9,454808,7,0,56.4
2026-09-16T04:02:01.614Z,24.8,457088,7,0,55.8
2026-09-16T04:02:06.654Z,25.0,460800,7,0,55.8
2026-09-16T04:02:11.695Z,25.2,461080,7,0,54.8
2026-09-16T04:02:16.726Z,25.1,461176,7,0,56.4
2026-09-16T04:02:21.757Z,24.9,461176,7,0,56.9
2026-09-16T04:02:26.789Z,24.6,461180,7,0,56.9
2026-09-16T04:02:31.829Z,24.8,461252,7,0,55.8
2026-09-16T04:02:36.870Z,25.0,463480,7,0,54.8
2026-09-16T04:02:41.901Z,25.1,463720,7,0,55.8
2026-09-16T04:02:46.932Z,24.9,463720,7,0,56.4
2026-09-16T04:02:51.963Z,24.7,463720,7,0,56.4
2026-09-16T04:02:57.001Z,24.5,463724,7,0,56.9
2026-09-16T04:03:02.042Z,24.7,463840,7,0,55.8
2026-09-16T04:03:07.082Z,24.9,463316,7,0,55.8
2026-09-16T04:03:12.114Z,25.0,463460,7,0,55.8
2026-09-16T04:03:17.147Z,24.8,463464,7,0,56.9
2026-09-16T04:03:22.178Z,24.6,463464,7,0,56.9
2026-09-16T04:03:27.219Z,24.5,463508,7,0,56.4
2026-09-16T04:03:32.262Z,24.7,463560,7,0,55.8
2026-09-16T04:03:37.300Z,24.9,463764,7,0,55.8
2026-09-16T04:03:42.332Z,24.9,463952,7,0,55.8
2026-09-16T04:03:47.364Z,24.7,463956,7,0,56.9
2026-09-16T04:03:52.395Z,24.5,463956,7,0,56.9
2026-09-16T04:03:57.437Z,24.6,464036,7,0,56.4
2026-09-16T04:04:02.483Z,24.8,463828,7,0,55.8
2026-09-16T04:04:07.516Z,24.9,464292,7,0,55.8
2026-09-16T04:04:12.547Z,24.8,464292,7,0,55.8
2026-09-16T04:04:17.578Z,24.6,464296,7,0,56.4
2026-09-16T04:04:22.617Z,24.5,464412,7,0,56.4
2026-09-16T04:04:27.662Z,24.7,464428,7,0,54.8
2026-09-16T04:04:32.700Z,24.9,464772,7,0,56.4
2026-09-16T04:04:37.731Z,24.8,464796,7,0,55.8
2026-09-16T04:04:42.763Z,24.7,464796,7,0,56.4
2026-09-16T04:04:47.802Z,24.6,464828,7,0,55.8
2026-09-16T04:04:52.840Z,24.7,464952,7,0,56.4
2026-09-16T04:04:57.880Z,24.9,463936,7,0,55.3
2026-09-16T04:05:02.912Z,24.9,464000,7,0,55.8
2026-09-16T04:05:07.943Z,24.7,464000,7,0,56.9
2026-09-16T04:05:12.974Z,24.6,464000,7,0,56.9
2026-09-16T04:05:18.012Z,24.6,464036,7,0,55.8
2026-09-16T04:05:23.051Z,24.7,465012,7,0,55.8
2026-09-16T04:05:28.092Z,24.9,465496,7,0,55.3
2026-09-16T04:05:33.124Z,24.7,465584,7,0,56.9
2026-09-16T04:05:38.155Z,24.6,464132,7,0,56.4
2026-09-16T04:05:43.186Z,24.4,464132,7,0,56.9
2026-09-16T04:05:48.226Z,24.4,464352,7,0,55.3
2026-09-16T04:05:53.268Z,24.6,466124,7,0,55.8
2026-09-16T04:05:58.309Z,24.7,461244,7,0,55.3
2026-09-16T04:06:03.340Z,24.6,461396,7,0,55.8
2026-09-16T04:06:08.371Z,24.5,461772,7,0,56.9
2026-09-16T04:06:13.402Z,24.3,461772,7,0,56.9
2026-09-16T04:06:18.440Z,24.3,463592,7,0,55.8
2026-09-16T04:06:23.481Z,24.5,453600,7,0,55.8
2026-09-16T04:06:28.521Z,24.7,456356,7,0,55.8
2026-09-16T04:06:33.552Z,24.5,456420,7,0,56.9
2026-09-16T04:06:38.583Z,24.4,456820,7,0,56.9
2026-09-16T04:06:43.623Z,24.3,446684,7,0,56.4
2026-09-16T04:06:48.667Z,24.4,446984,7,0,55.8
2026-09-16T04:06:53.710Z,24.6,444600,7,0,55.8
2026-09-16T04:06:58.742Z,24.6,444676,7,0,55.3
2026-09-16T04:07:03.774Z,24.4,444676,7,0,56.4
2026-09-16T04:07:08.804Z,24.3,444676,7,0,56.4
2026-09-16T04:07:13.844Z,24.4,444784,7,0,55.8
2026-09-16T04:07:18.886Z,24.5,445112,7,0,55.8
2026-09-16T04:07:23.918Z,24.6,444872,7,0,54.8
2026-09-16T04:07:28.949Z,24.5,444880,7,0,56.4
2026-09-16T04:07:33.981Z,24.4,444880,7,0,56.4
2026-09-16T04:07:39.020Z,24.3,444968,7,0,56.4
2026-09-16T04:07:44.062Z,24.4,445232,7,0,55.8
2026-09-16T04:07:49.101Z,24.6,445276,7,0,54.8
2026-09-16T04:07:54.132Z,24.5,445316,7,0,55.8
2026-09-16T04:07:59.190Z,24.4,445620,7,0,56.4
2026-09-16T04:08:04.243Z,24.2,445620,7,0,56.4
2026-09-16T04:08:09.285Z,24.4,445272,7,0,56.4
2026-09-16T04:08:14.323Z,24.5,445456,7,0,55.8
2026-09-16T04:08:19.354Z,24.6,445004,7,0,55.3
2026-09-16T04:08:24.385Z,24.4,445004,7,0,56.4
2026-09-16T04:08:29.416Z,24.3,445008,7,0,55.8
2026-09-16T04:08:34.457Z,24.3,445216,7,0,56.4
2026-09-16T04:08:39.503Z,24.4,448176,7,0,55.3
2026-09-16T04:08:44.543Z,24.6,445688,7,0,54.8
2026-09-16T04:08:49.574Z,24.5,447080,7,0,55.8
2026-09-16T04:08:54.605Z,24.4,447080,7,0,56.9
2026-09-16T04:08:59.662Z,24.3,447628,7,0,55.8
2026-09-16T04:09:04.702Z,24.5,441120,7,0,54.8
2026-09-16T04:09:09.741Z,24.6,441172,7,0,54.8
2026-09-16T04:09:14.772Z,24.6,441204,7,0,55.8
2026-09-16T04:09:19.803Z,24.4,441216,7,0,56.4
2026-09-16T04:09:24.835Z,24.3,441216,7,0,56.9
2026-09-16T04:09:29.877Z,24.3,441816,7,0,56.4
2026-09-16T04:09:34.917Z,24.4,440268,7,0,55.8
2026-09-16T04:09:39.956Z,24.6,440908,7,0,54.8
2026-09-16T04:09:44.987Z,24.5,440936,7,0,55.3
2026-09-16T04:09:50.018Z,24.4,440936,7,0,56.4
2026-09-16T04:09:55.058Z,24.3,441332,7,0,56.4
2026-09-16T04:10:00.097Z,24.4,441648,7,0,55.3
2026-09-16T04:10:05.137Z,24.5,443248,7,0,54.8
2026-09-16T04:10:10.169Z,24.5,444836,7,0,55.8
2026-09-16T04:10:15.202Z,24.3,444836,7,0,56.4
2026-09-16T04:10:20.233Z,24.2,444864,7,0,56.9
2026-09-16T04:10:25.264Z,24.1,444868,7,0,56.4
2026-09-16T04:10:30.305Z,24.2,445204,7,0,55.8
2026-09-16T04:10:35.342Z,24.3,445772,7,0,54.8
2026-09-16T04:10:40.389Z,24.4,449720,7,0,55.3
2026-09-16T04:10:45.422Z,24.3,449720,7,0,56.4
2026-09-16T04:10:50.453Z,24.2,449720,7,0,56.4
2026-09-16T04:10:55.490Z,24.2,449948,7,0,55.3
2026-09-16T04:11:00.530Z,24.3,450152,7,0,55.3
2026-09-16T04:11:05.567Z,24.4,451596,7,0,55.8
2026-09-16T04:11:10.599Z,24.3,451728,7,0,56.4
2026-09-16T04:11:15.630Z,24.2,451740,7,0,56.9
2026-09-16T04:11:20.663Z,24.1,451768,7,0,56.9
2026-09-16T04:11:25.702Z,24.0,452116,7,0,56.9
2026-09-16T04:11:30.743Z,24.1,455724,7,0,55.8
2026-09-16T04:11:35.784Z,24.2,452980,7,0,55.3
2026-09-16T04:11:40.816Z,24.2,453048,7,0,55.8
2026-09-16T04:11:45.848Z,24.1,453048,7,0,56.9
2026-09-16T04:11:50.880Z,24.0,453320,7,0,56.4
2026-09-16T04:11:55.919Z,24.1,454236,7,0,55.8
2026-09-16T04:12:00.961Z,24.2,450940,7,0,55.8
2026-09-16T04:12:06.002Z,24.3,451000,7,0,54.8
2026-09-16T04:12:11.033Z,24.2,451008,7,0,55.8
2026-09-16T04:12:16.064Z,24.1,451008,7,0,56.9
2026-09-16T04:12:21.103Z,24.0,451224,7,0,56.9
2026-09-16T04:12:26.143Z,24.2,452460,7,0,55.8
2026-09-16T04:12:31.183Z,24.3,452720,7,0,55.3
2026-09-16T04:12:36.214Z,24.2,452792,7,0,56.4
2026-09-16T04:12:41.244Z,24.1,452792,7,0,55.8
2026-09-16T04:12:46.288Z,24.0,452792,7,0,56.4
2026-09-16T04:12:51.330Z,24.1,454664,7,0,55.3
2026-09-16T04:12:56.369Z,24.3,455196,7,0,55.3
2026-09-16T04:13:01.401Z,24.3,455324,7,0,56.4
2026-09-16T04:13:06.432Z,24.2,455324,7,0,56.4
2026-09-16T04:13:11.463Z,24.1,455332,7,0,56.4
2026-09-16T04:13:16.503Z,24.2,455544,7,0,55.8
2026-09-16T04:13:21.544Z,24.2,457076,7,0,55.3
2026-09-16T04:13:26.576Z,24.3,458464,7,0,55.3
2026-09-16T04:13:31.607Z,24.2,458472,7,0,56.4
2026-09-16T04:13:36.642Z,24.1,458484,7,0,56.9
2026-09-16T04:13:41.682Z,24.0,458596,7,0,56.4
2026-09-16T04:13:46.721Z,24.1,459336,7,0,55.3
2026-09-16T04:13:51.760Z,24.2,459772,7,0,54.8
2026-09-16T04:13:56.791Z,24.2,461312,7,0,55.8
2026-09-16T04:14:01.823Z,24.1,461316,7,0,55.8
2026-09-16T04:14:06.854Z,24.0,461324,7,0,56.4
2026-09-16T04:14:11.894Z,24.1,463004,7,0,55.8
2026-09-16T04:14:16.934Z,24.2,463156,7,0,55.8
2026-09-16T04:14:21.967Z,24.3,464004,7,0,55.8
2026-09-16T04:14:26.999Z,24.2,464012,7,0,56.4
2026-09-16T04:14:32.031Z,24.1,464012,7,0,56.9
2026-09-16T04:14:37.062Z,24.0,464028,7,0,56.9
2026-09-16T04:14:42.100Z,24.0,464544,7,0,55.8
2026-09-16T04:14:47.141Z,24.1,465468,7,0,54.8
2026-09-16T04:14:52.173Z,,,,,55.3
2026-09-16T04:14:57.204Z,7.4,72472,7,0,55.8
2026-09-16T04:15:02.235Z,4.0,74708,7,0,56.4
2026-09-16T04:15:07.266Z,2.8,74776,7,0,56.9
2026-09-16T04:15:12.311Z,12.9,92640,7,0,55.8
2026-09-16T04:15:17.353Z,20.7,104808,7,0,55.3
2026-09-16T04:15:22.384Z,25.2,117568,7,0,55.8
2026-09-16T04:15:27.416Z,21.7,117580,7,0,55.8
2026-09-16T04:15:32.447Z,19.0,118192,7,0,56.4
2026-09-16T04:15:37.495Z,20.5,125328,7,0,55.8
2026-09-16T04:15:42.539Z,23.4,138784,7,0,55.8
2026-09-16T04:15:47.578Z,25.8,150132,7,0,55.3
2026-09-16T04:15:52.611Z,24.2,154404,7,0,55.8
2026-09-16T04:15:57.642Z,22.4,154408,7,0,56.4
2026-09-16T04:16:02.686Z,20.8,155128,7,0,56.9
2026-09-16T04:16:07.726Z,22.7,168696,7,0,55.8
2026-09-16T04:16:12.767Z,24.3,182124,7,0,55.8
2026-09-16T04:16:17.800Z,24.9,191032,7,0,55.3
2026-09-16T04:16:22.831Z,23.6,191648,7,0,56.4
2026-09-16T04:16:27.863Z,22.4,191660,7,0,56.4
2026-09-16T04:16:32.902Z,23.0,201464,7,0,55.8
2026-09-16T04:16:37.943Z,24.2,214960,7,0,55.3
2026-09-16T04:16:42.985Z,25.4,229492,7,0,55.3
2026-09-16T04:16:48.018Z,24.4,229952,7,0,55.8
2026-09-16T04:16:53.050Z,23.4,230632,7,0,56.9
2026-09-16T04:16:58.090Z,22.8,232280,7,0,56.4
2026-09-16T04:17:03.130Z,23.8,245360,7,0,55.8
2026-09-16T04:17:08.169Z,24.7,258304,7,0,55.8
2026-09-16T04:17:13.201Z,24.8,266040,7,0,55.8
2026-09-16T04:17:18.232Z,24.0,266052,7,0,56.4
2026-09-16T04:17:23.263Z,23.2,266668,7,0,55.8
2026-09-16T04:17:28.307Z,23.2,273440,7,0,55.8
2026-09-16T04:17:33.348Z,24.1,288348,7,0,55.8
2026-09-16T04:17:38.388Z,24.9,302584,7,0,54.8
2026-09-16T04:17:43.419Z,24.5,306412,7,0,55.8
2026-09-16T04:17:48.451Z,23.8,306416,7,0,56.9
2026-09-16T04:17:53.482Z,23.1,307092,7,0,56.9
2026-09-16T04:17:58.519Z,23.9,317968,7,0,55.8
2026-09-16T04:18:03.563Z,24.6,329668,7,0,55.3
2026-09-16T04:18:08.595Z,25.0,338016,7,0,54.8
2026-09-16T04:18:13.626Z,24.3,338632,7,0,56.4
2026-09-16T04:18:18.657Z,23.8,338632,7,0,56.4
2026-09-16T04:18:23.696Z,23.9,345416,7,0,55.8
2026-09-16T04:18:28.733Z,24.5,356060,7,0,55.8
2026-09-16T04:18:33.773Z,25.1,368240,7,0,55.3
2026-09-16T04:18:38.806Z,24.7,369716,7,0,56.4
2026-09-16T04:18:43.837Z,24.2,370332,7,0,55.8
2026-09-16T04:18:48.869Z,23.7,370340,7,0,56.9
2026-09-16T04:18:53.908Z,24.0,381356,7,0,55.8
2026-09-16T04:18:58.956Z,24.5,393948,7,0,55.3
2026-09-16T04:19:03.988Z,24.9,406188,7,0,55.8
2026-09-16T04:19:09.019Z,24.4,406204,7,0,55.8
2026-09-16T04:19:14.050Z,24.0,406816,7,0,56.4
2026-09-16T04:19:19.089Z,24.0,412516,7,0,55.8
2026-09-16T04:19:24.129Z,24.4,422432,7,0,55.8
2026-09-16T04:19:29.169Z,24.8,423264,7,0,55.3
2026-09-16T04:19:34.202Z,24.5,423352,7,0,56.4
2026-09-16T04:19:39.233Z,24.1,423352,7,0,56.4
2026-09-16T04:19:44.264Z,23.7,423352,7,0,56.4
2026-09-16T04:19:49.304Z,23.9,424248,7,0,56.4
2026-09-16T04:19:54.341Z,24.3,420548,7,0,55.8
2026-09-16T04:19:59.372Z,24.6,423532,7,0,55.3
2026-09-16T04:20:04.404Z,24.3,424084,7,0,56.4
2026-09-16T04:20:09.435Z,23.9,424200,7,0,56.9
2026-09-16T04:20:14.476Z,23.6,425040,7,0,56.4
2026-09-16T04:20:19.514Z,24.0,417112,7,0,55.8
2026-09-16T04:20:24.554Z,24.3,417260,7,0,54.8
2026-09-16T04:20:29.586Z,24.3,422596,7,0,55.8
2026-09-16T04:20:34.617Z,24.0,422632,7,0,56.9
2026-09-16T04:20:39.648Z,23.7,422636,7,0,56.4
2026-09-16T04:20:44.688Z,24.0,419152,7,0,55.8
2026-09-16T04:20:49.728Z,24.2,419628,7,0,54.8
2026-09-16T04:20:54.761Z,24.3,421248,7,0,55.8
2026-09-16T04:20:59.792Z,24.0,421256,7,0,56.4
2026-09-16T04:21:04.823Z,23.7,421260,7,0,56.4
2026-09-16T04:21:09.862Z,23.7,423808,7,0,55.8
2026-09-16T04:21:14.903Z,24.0,424072,7,0,55.8
2026-09-16T04:21:19.943Z,24.2,424564,7,0,54.8
2026-09-16T04:21:24.974Z,24.0,424680,7,0,55.8
2026-09-16T04:21:30.008Z,23.7,424680,7,0,56.4
2026-09-16T04:21:35.053Z,23.5,424684,7,0,56.4
2026-09-16T04:21:40.092Z,23.8,425176,7,0,55.8
2026-09-16T04:21:45.131Z,24.1,425328,7,0,55.3
2026-09-16T04:21:50.163Z,24.1,425460,7,0,55.8
2026-09-16T04:21:55.195Z,23.9,425472,7,0,55.8
2026-09-16T04:22:00.226Z,23.6,425480,7,0,56.4
2026-09-16T04:22:05.265Z,23.8,426216,7,0,56.4
2026-09-16T04:22:10.306Z,24.1,426388,7,0,55.3
2026-09-16T04:22:15.337Z,24.2,427484,7,0,55.8
2026-09-16T04:22:20.369Z,24.0,427484,7,0,56.4
2026-09-16T04:22:25.400Z,23.7,427484,7,0,56.4
2026-09-16T04:22:30.438Z,23.5,427880,7,0,56.9
2026-09-16T04:22:35.479Z,23.8,430824,7,0,55.8
2026-09-16T04:22:40.518Z,24.0,431096,7,0,55.8
2026-09-16T04:22:45.550Z,24.1,432032,7,0,56.4
2026-09-16T04:22:50.581Z,23.8,432032,7,0,55.8
2026-09-16T04:22:55.612Z,23.6,432416,7,0,56.4
2026-09-16T04:23:00.651Z,23.4,432508,7,0,56.9
2026-09-16T04:23:05.692Z,23.6,426960,7,0,55.8
2026-09-16T04:23:10.734Z,23.9,427820,7,0,55.8
2026-09-16T04:23:15.766Z,23.9,428348,7,0,55.8
2026-09-16T04:23:20.797Z,23.7,428348,7,0,55.8
2026-09-16T04:23:25.828Z,23.5,428740,7,0,56.9
2026-09-16T04:23:30.860Z,23.2,428740,7,0,56.9
2026-09-16T04:23:35.899Z,23.3,429528,7,0,56.4
2026-09-16T04:23:40.942Z,23.5,430184,7,0,55.8
2026-09-16T04:23:45.981Z,23.7,427912,7,0,55.8
2026-09-16T04:23:51.014Z,23.6,427984,7,0,56.4
2026-09-16T04:23:56.045Z,23.4,427992,7,0,56.4
2026-09-16T04:24:01.076Z,23.2,427992,7,0,57.5
2026-09-16T04:24:06.114Z,23.3,428120,7,0,55.8
2026-09-16T04:24:11.153Z,23.5,428540,7,0,55.8
2026-09-16T04:24:16.188Z,23.8,431128,7,0,55.3
2026-09-16T04:24:21.219Z,23.6,431128,7,0,56.9
2026-09-16T04:24:26.254Z,23.4,431144,7,0,56.4
2026-09-16T04:24:31.294Z,23.2,431268,7,0,56.4
2026-09-16T04:24:36.336Z,23.4,431504,7,0,55.8
2026-09-16T04:24:41.374Z,23.6,433420,7,0,55.3
2026-09-16T04:24:46.405Z,23.7,433568,7,0,55.8
2026-09-16T04:24:51.436Z,23.5,433568,7,0,56.4
2026-09-16T04:24:56.467Z,23.3,433572,7,0,56.4
2026-09-16T04:25:01.504Z,23.4,433708,7,0,55.8
2026-09-16T04:25:06.543Z,23.6,434312,7,0,55.8
2026-09-16T04:25:11.574Z,23.8,435272,7,0,55.8
2026-09-16T04:25:16.604Z,23.6,435272,7,0,56.4
2026-09-16T04:25:21.635Z,23.4,435272,7,0,56.4
2026-09-16T04:25:26.673Z,23.4,435320,7,0,56.4
2026-09-16T04:25:31.712Z,23.6,435452,7,0,55.3
2026-09-16T04:25:36.752Z,23.8,436120,7,0,55.3
2026-09-16T04:25:41.783Z,23.6,436228,7,0,55.8
2026-09-16T04:25:46.814Z,23.5,436616,7,0,56.4
2026-09-16T04:25:51.853Z,23.4,436016,7,0,56.4
2026-09-16T04:25:56.896Z,23.6,436152,7,0,55.8
2026-09-16T04:26:01.938Z,23.8,436308,7,0,55.3
2026-09-16T04:26:06.969Z,23.8,437068,7,0,56.4
2026-09-16T04:26:12.002Z,23.6,437068,7,0,56.9
2026-09-16T04:26:17.034Z,23.4,437092,7,0,56.4
2026-09-16T04:26:22.072Z,23.6,440944,7,0,55.8
2026-09-16T04:26:27.116Z,23.7,441768,7,0,55.3
2026-09-16T04:26:32.148Z,23.8,442356,7,0,55.8
2026-09-16T04:26:37.180Z,23.6,442360,7,0,56.4
2026-09-16T04:26:42.217Z,23.5,442364,7,0,56.9
2026-09-16T04:26:47.263Z,23.5,443288,7,0,56.4
2026-09-16T04:26:52.303Z,23.7,447944,7,0,55.8
2026-09-16T04:26:57.343Z,23.9,448148,7,0,54.8
2026-09-16T04:27:02.374Z,23.7,448148,7,0,55.8
2026-09-16T04:27:07.406Z,23.6,448148,7,0,56.4
2026-09-16T04:27:12.445Z,23.5,448180,7,0,56.4
2026-09-16T04:27:17.484Z,23.7,448876,7,0,55.8
2026-09-16T04:27:22.524Z,23.9,449964,7,0,55.3
2026-09-16T04:27:27.556Z,23.9,450084,7,0,56.9
2026-09-16T04:27:32.588Z,23.7,450088,7,0,56.9
2026-09-16T04:27:37.619Z,23.6,450088,7,0,56.9
2026-09-16T04:27:42.661Z,23.6,450220,7,0,55.8
2026-09-16T04:27:47.702Z,23.8,451756,7,0,55.8
2026-09-16T04:27:52.737Z,24.0,456996,7,0,55.3
2026-09-16T04:27:57.768Z,23.8,456996,7,0,56.4
2026-09-16T04:28:02.799Z,23.7,457012,7,0,56.9
2026-09-16T04:28:07.831Z,23.5,457012,7,0,56.9
2026-09-16T04:28:12.869Z,23.6,457388,7,0,55.8
2026-09-16T04:28:17.909Z,23.8,457756,7,0,55.8
2026-09-16T04:28:22.948Z,24.0,460432,7,0,55.8
2026-09-16T04:28:27.981Z,23.8,460436,7,0,56.4
2026-09-16T04:28:33.013Z,23.7,460448,7,0,56.9
2026-09-16T04:28:38.044Z,23.5,460452,7,0,57.5
2026-09-16T04:28:43.075Z,23.4,460460,7,0,56.9
2026-09-16T04:28:48.118Z,23.4,460624,7,0,56.4
2026-09-16T04:28:53.161Z,32.8,84616,7,0,55.3
2026-09-16T04:28:58.200Z,30.0,80960,7,0,54.8
2026-09-16T04:29:03.235Z,41.8,107848,7,0,54.8
2026-09-16T04:29:08.267Z,26.6,113288,7,0,56.4
2026-09-16T04:29:13.299Z,19.5,113304,7,0,56.9
2026-09-16T04:29:18.331Z,15.5,115872,7,0,56.9
2026-09-16T04:29:23.372Z,21.8,127844,7,0,55.8
2026-09-16T04:29:28.413Z,26.3,140492,7,0,55.8
2026-09-16T04:29:33.446Z,28.0,148964,7,0,55.8
2026-09-16T04:29:38.479Z,24.9,149616,7,0,56.4
2026-09-16T04:29:43.510Z,22.3,149620,7,0,56.9
2026-09-16T04:29:48.552Z,21.5,153024,7,0,56.4
2026-09-16T04:29:53.595Z,24.0,164988,7,0,55.8
2026-09-16T04:29:58.634Z,26.1,176620,7,0,56.4
2026-09-16T04:30:03.667Z,26.0,185120,7,0,55.8
2026-09-16T04:30:08.699Z,24.3,185756,7,0,56.4
2026-09-16T04:30:13.731Z,22.8,187932,7,0,56.9
2026-09-16T04:30:18.763Z,21.5,188556,7,0,56.9
2026-09-16T04:30:23.801Z,22.9,198848,7,0,55.8
2026-09-16T04:30:28.840Z,24.6,211988,7,0,55.8
2026-09-16T04:30:33.872Z,25.7,222032,7,0,55.8
2026-09-16T04:30:38.904Z,24.5,222656,7,0,56.4
2026-09-16T04:30:43.935Z,23.4,222660,7,0,56.9
2026-09-16T04:30:48.967Z,22.4,223296,7,0,56.9
2026-09-16T04:30:54.006Z,23.4,235136,7,0,56.4
2026-09-16T04:30:59.047Z,24.4,248472,7,0,55.3
2026-09-16T04:31:04.079Z,24.9,258088,7,0,55.8
2026-09-16T04:31:09.111Z,24.0,258720,7,0,56.9
2026-09-16T04:31:14.142Z,23.2,258728,7,0,56.4
2026-09-16T04:31:19.182Z,23.0,263444,7,0,56.4
2026-09-16T04:31:24.223Z,23.8,273784,7,0,55.8
2026-09-16T04:31:29.261Z,24.5,285048,7,0,55.8
2026-09-16T04:31:34.292Z,24.2,288028,7,0,56.4
2026-09-16T04:31:39.323Z,23.5,288656,7,0,56.9
2026-09-16T04:31:44.354Z,22.8,288672,7,0,56.9
2026-09-16T04:31:49.399Z,22.3,290304,7,0,56.9
2026-09-16T04:31:54.438Z,23.0,303236,7,0,55.8
2026-09-16T04:31:59.479Z,23.8,322344,7,0,55.8
2026-09-16T04:32:04.510Z,23.9,330308,7,0,55.8
2026-09-16T04:32:09.542Z,23.3,330960,7,0,56.4
2026-09-16T04:32:14.573Z,22.8,330972,7,0,56.9
2026-09-16T04:32:19.612Z,23.2,339644,7,0,56.4
2026-09-16T04:32:24.652Z,23.8,350632,7,0,55.3
2026-09-16T04:32:29.703Z,24.5,362544,7,0,55.3
2026-09-16T04:32:34.734Z,23.9,362556,7,0,56.4
2026-09-16T04:32:39.767Z,23.4,363164,7,0,56.9
2026-09-16T04:32:44.809Z,23.4,369228,7,0,56.4
2026-09-16T04:32:49.853Z,23.9,379344,7,0,55.8
2026-09-16T04:32:54.894Z,24.4,390188,7,0,55.8
2026-09-16T04:32:59.926Z,24.1,392180,7,0,56.4
2026-09-16T04:33:04.957Z,23.6,392904,7,0,56.9
2026-09-16T04:33:09.988Z,23.2,392908,7,0,56.9
2026-09-16T04:33:15.027Z,23.4,403360,7,0,55.8
2026-09-16T04:33:20.068Z,23.9,418040,7,0,55.8
2026-09-16T04:33:25.111Z,24.4,433200,7,0,56.4
2026-09-16T04:33:30.142Z,24.0,434456,7,0,56.9
2026-09-16T04:33:35.174Z,23.6,435096,7,0,56.9
2026-09-16T04:33:40.215Z,23.2,435788,7,0,56.4
2026-09-16T04:33:45.258Z,23.6,435136,7,0,55.8
2026-09-16T04:33:50.298Z,24.1,437340,7,0,55.8
2026-09-16T04:33:55.331Z,24.2,438652,7,0,55.8
2026-09-16T04:34:00.363Z,23.8,438656,7,0,56.4
2026-09-16T04:34:05.393Z,23.4,439120,7,0,56.9
2026-09-16T04:34:10.431Z,23.4,439960,7,0,56.4
2026-09-16T04:34:15.470Z,23.8,442020,7,0,55.8
2026-09-16T04:34:20.511Z,24.2,433980,7,0,54.8
2026-09-16T04:34:25.543Z,24.0,434028,7,0,56.4
2026-09-16T04:34:30.574Z,23.6,434028,7,0,55.8
2026-09-16T04:34:35.605Z,23.3,434264,7,0,56.9
2026-09-16T04:34:40.644Z,23.4,435220,7,0,56.4
2026-09-16T04:34:45.684Z,23.8,433396,7,0,55.8
2026-09-16T04:34:50.740Z,24.1,433668,7,0,55.3
2026-09-16T04:34:55.772Z,23.8,433672,7,0,56.4
2026-09-16T04:35:00.803Z,23.4,433672,7,0,56.9
2026-09-16T04:35:05.842Z,23.5,433788,7,0,55.8
2026-09-16T04:35:10.880Z,23.8,434764,7,0,55.8
2026-09-16T04:35:15.921Z,24.1,434988,7,0,55.8
2026-09-16T04:35:20.953Z,23.8,435000,7,0,56.4
2026-09-16T04:35:25.984Z,23.5,435008,7,0,56.4
2026-09-16T04:35:31.015Z,23.2,435008,7,0,56.9
2026-09-16T04:35:36.055Z,23.1,435108,7,0,56.4
2026-09-16T04:35:41.095Z,23.5,435284,7,0,55.8
2026-09-16T04:35:46.137Z,23.8,432180,7,0,55.8
2026-09-16T04:35:51.167Z,23.8,432564,7,0,55.8
2026-09-16T04:35:56.199Z,23.5,432576,7,0,56.9
2026-09-16T04:36:01.231Z,23.3,432576,7,0,56.9
2026-09-16T04:36:06.271Z,23.3,432760,7,0,55.8
2026-09-16T04:36:11.314Z,23.6,433292,7,0,55.8
2026-09-16T04:36:16.355Z,23.9,436260,7,0,55.8
2026-09-16T04:36:21.386Z,23.8,436360,7,0,55.8
2026-09-16T04:36:26.417Z,23.6,436388,7,0,56.4
2026-09-16T04:36:31.454Z,23.4,436412,7,0,56.4
2026-09-16T04:36:36.492Z,23.7,436644,7,0,55.3
2026-09-16T04:36:41.532Z,24.0,437492,7,0,55.8
2026-09-16T04:36:46.563Z,24.0,439204,7,0,56.4
2026-09-16T04:36:51.594Z,23.8,439208,7,0,56.4
2026-09-16T04:36:56.625Z,23.5,439208,7,0,56.9
2026-09-16T04:37:01.670Z,23.7,439580,7,0,55.8
2026-09-16T04:37:06.709Z,24.0,439800,7,0,55.8
2026-09-16T04:37:11.740Z,24.1,440036,7,0,55.8
2026-09-16T04:37:16.771Z,23.9,440416,7,0,56.9
2026-09-16T04:37:21.803Z,23.7,440428,7,0,56.4
2026-09-16T04:37:26.841Z,23.7,437836,7,0,56.4
2026-09-16T04:37:31.878Z,23.9,438128,7,0,55.3
2026-09-16T04:37:36.917Z,24.1,439080,7,0,55.3
2026-09-16T04:37:41.949Z,23.9,439368,7,0,56.4
2026-09-16T04:37:46.979Z,23.7,439376,7,0,56.4
2026-09-16T04:37:52.019Z,23.5,439920,7,0,56.4
2026-09-16T04:37:57.059Z,23.8,444544,7,0,55.8
2026-09-16T04:38:02.100Z,24.0,444984,7,0,55.3
2026-09-16T04:38:07.131Z,24.1,445264,7,0,55.8
2026-09-16T04:38:12.162Z,23.8,445264,7,0,55.8
2026-09-16T04:38:17.193Z,23.6,445272,7,0,56.4
2026-09-16T04:38:22.232Z,23.8,452108,7,0,55.8
2026-09-16T04:38:27.273Z,24.0,452460,7,0,55.3
2026-09-16T04:38:32.304Z,24.2,452584,7,0,55.3
2026-09-16T04:38:37.335Z,24.0,452596,7,0,56.4
2026-09-16T04:38:42.366Z,23.8,452596,7,0,56.4
2026-09-16T04:38:47.409Z,23.8,453580,7,0,55.3
2026-09-16T04:38:52.450Z,24.0,454152,7,0,55.3
2026-09-16T04:38:57.491Z,24.1,454508,7,0,55.8
2026-09-16T04:39:02.523Z,24.0,454540,7,0,55.8
2026-09-16T04:39:07.554Z,23.8,454548,7,0,56.4
2026-09-16T04:39:12.591Z,23.7,455292,7,0,55.8
2026-09-16T04:39:17.636Z,23.9,459124,7,0,55.8
2026-09-16T04:39:22.674Z,24.1,459420,7,0,54.8
2026-09-16T04:39:27.706Z,24.1,459536,7,0,55.8
2026-09-16T04:39:32.738Z,23.9,459540,7,0,56.9
2026-09-16T04:39:37.773Z,23.7,459556,7,0,56.9
2026-09-16T04:39:43.214Z,23.5,459560,7,0,55.8
2026-09-16T04:39:48.258Z,23.4,459572,7,0,56.9
2026-09-16T04:39:53.289Z,23.2,459580,7,0,56.4
2026-09-16T04:39:58.327Z,23.2,461756,7,0,55.8
2026-09-16T04:40:03.368Z,23.4,462728,7,0,55.8
2026-09-16T04:40:08.410Z,23.6,462836,7,0,55.3
2026-09-16T04:40:13.442Z,23.5,472188,7,0,55.8
2026-09-16T04:40:18.473Z,23.3,463928,7,0,56.9
2026-09-16T04:40:23.517Z,23.3,464012,7,0,55.8
2026-09-16T04:40:28.559Z,23.5,465144,7,0,55.8
2026-09-16T04:40:33.600Z,23.7,461328,7,0,54.8
2026-09-16T04:40:38.631Z,23.6,461332,7,0,56.4
2026-09-16T04:40:43.662Z,23.4,461332,7,0,56.4
2026-09-16T04:40:48.699Z,23.3,461532,7,0,56.9
2026-09-16T04:40:53.745Z,23.5,462100,7,0,55.8
2026-09-16T04:40:58.788Z,23.6,459408,7,0,55.3
2026-09-16T04:41:03.819Z,23.7,459448,7,0,55.3
2026-09-16T04:41:08.851Z,23.5,461044,7,0,56.4
2026-09-16T04:41:13.882Z,23.4,461044,7,0,56.4
2026-09-16T04:41:18.922Z,23.5,461452,7,0,55.8
2026-09-16T04:41:23.962Z,23.6,457824,7,0,55.8
2026-09-16T04:41:29.003Z,23.7,468320,7,0,55.3
2026-09-16T04:41:34.034Z,23.6,468324,7,0,55.8
2026-09-16T04:41:39.065Z,23.4,468324,7,0,55.8
2026-09-16T04:41:44.104Z,23.4,468672,7,0,56.4
2026-09-16T04:41:49.142Z,23.6,461848,7,0,55.8
2026-09-16T04:41:54.182Z,23.7,462832,7,0,55.3
2026-09-16T04:41:59.214Z,23.7,463924,7,0,56.4
2026-09-16T04:42:04.245Z,23.5,463924,7,0,56.9
2026-09-16T04:42:09.276Z,23.4,464944,7,0,56.4
2026-09-16T04:42:14.314Z,23.5,457580,7,0,56.4
2026-09-16T04:42:19.356Z,23.7,457664,7,0,55.8
2026-09-16T04:42:24.387Z,23.8,457892,7,0,55.8
2026-09-16T04:42:29.418Z,23.6,457912,7,0,56.4
2026-09-16T04:42:34.449Z,23.5,457912,7,0,56.9
2026-09-16T04:42:39.489Z,23.5,460880,7,0,56.4
2026-09-16T04:42:44.528Z,23.7,462220,7,0,55.8
2026-09-16T04:42:49.568Z,23.8,462404,7,0,55.3
2026-09-16T04:42:54.599Z,23.7,462408,7,0,55.3
2026-09-16T04:42:59.631Z,23.5,462412,7,0,56.9
2026-09-16T04:43:04.663Z,23.4,462412,7,0,56.9
2026-09-16T04:43:09.703Z,23.4,462544,7,0,56.4
2026-09-16T04:43:14.742Z,23.6,467632,7,0,56.4
2026-09-16T04:43:19.784Z,23.8,466004,7,0,54.8
2026-09-16T04:43:24.816Z,23.7,466032,7,0,56.4
2026-09-16T04:43:29.848Z,23.6,466032,7,0,56.9
2026-09-16T04:43:34.881Z,23.4,466036,7,0,56.9
2026-09-16T04:43:39.917Z,23.5,466192,7,0,56.4
2026-09-16T04:43:44.962Z,23.7,466460,7,0,55.8
2026-09-16T04:43:49.997Z,23.8,464660,7,0,55.3
2026-09-16T04:43:55.028Z,23.7,464660,7,0,55.8
2026-09-16T04:44:00.059Z,23.6,464660,7,0,55.8
2026-09-16T04:44:05.101Z,23.6,464772,7,0,55.8
2026-09-16T04:44:10.145Z,23.7,465048,7,0,55.8
2026-09-16T04:44:15.183Z,23.8,467472,7,0,55.8
2026-09-16T04:44:20.215Z,23.7,468100,7,0,56.4
2026-09-16T04:44:25.246Z,23.6,459852,7,0,56.9
2026-09-16T04:44:30.285Z,23.5,460016,7,0,55.8
2026-09-16T04:44:35.324Z,23.6,460412,7,0,55.8
2026-09-16T04:44:40.362Z,23.7,462116,7,0,55.3
2026-09-16T04:44:45.394Z,23.7,464208,7,0,55.8
2026-09-16T04:44:50.425Z,23.6,464216,7,0,56.9
2026-09-16T04:44:55.457Z,23.5,464232,7,0,56.9
2026-09-16T04:45:00.496Z,23.6,466196,7,0,55.3
2026-09-16T04:45:05.535Z,23.7,466480,7,0,54.8
2026-09-16T04:45:10.566Z,23.8,466720,7,0,54.8
2026-09-16T04:45:15.597Z,23.7,466736,7,0,56.4
2026-09-16T04:45:20.629Z,23.6,466736,7,0,56.9
2026-09-16T04:45:25.667Z,23.6,467904,7,0,55.8
2026-09-16T04:45:30.707Z,23.7,471704,7,0,55.8
2026-09-16T04:45:35.747Z,23.9,472120,7,0,55.3
2026-09-16T04:45:40.779Z,23.8,472132,7,0,56.4
2026-09-16T04:45:45.810Z,23.7,472140,7,0,56.9
2026-09-16T04:45:50.843Z,23.6,472140,7,0,56.9
2026-09-16T04:45:55.882Z,23.6,472584,7,0,55.8
2026-09-16T04:46:00.921Z,23.7,474236,7,0,55.8
2026-09-16T04:46:05.963Z,23.8,474616,7,0,55.3
2026-09-16T04:46:10.995Z,23.7,474616,7,0,56.4
2026-09-16T04:46:16.026Z,23.6,474616,7,0,56.4
2026-09-16T04:46:21.065Z,23.6,474632,7,0,56.4
2026-09-16T04:46:26.107Z,23.7,469860,7,0,55.8
2026-09-16T04:46:31.147Z,23.8,469984,7,0,55.8
2026-09-16T04:46:36.179Z,23.8,470316,7,0,56.4
2026-09-16T04:46:41.210Z,23.7,470316,7,0,56.4
2026-09-16T04:46:46.241Z,23.6,470364,7,0,56.9
2026-09-16T04:46:51.274Z,23.5,470364,7,0,56.4
2026-09-16T04:46:56.312Z,23.5,472392,7,0,56.4
2026-09-16T04:47:01.351Z,23.6,473300,7,0,55.8
2026-09-16T04:47:06.383Z,23.7,473624,7,0,55.8
2026-09-16T04:47:11.414Z,23.6,473624,7,0,56.4
2026-09-16T04:47:16.446Z,23.5,473648,7,0,56.4
2026-09-16T04:47:21.478Z,23.4,473648,7,0,56.9
2026-09-16T04:47:26.516Z,23.5,473740,7,0,55.8
2026-09-16T04:47:31.555Z,23.6,474304,7,0,55.8
2026-09-16T04:47:36.589Z,23.7,475256,7,0,55.3
2026-09-16T04:47:41.619Z,23.6,475256,7,0,56.4
2026-09-16T04:47:46.651Z,23.5,475640,7,0,56.4
2026-09-16T04:47:51.690Z,23.5,471984,7,0,56.4
2026-09-16T04:47:56.732Z,23.6,472092,7,0,55.8
2026-09-16T04:48:01.775Z,23.7,472328,7,0,54.8
2026-09-16T04:48:06.807Z,23.6,472352,7,0,56.4
2026-09-16T04:48:11.838Z,23.5,472352,7,0,56.9
2026-09-16T04:48:16.877Z,23.5,472496,7,0,56.9
2026-09-16T04:48:21.918Z,23.6,472668,7,0,55.8
2026-09-16T04:48:26.957Z,23.7,472760,7,0,54.8
2026-09-16T04:48:31.989Z,23.7,472784,7,0,55.8
2026-09-16T04:48:37.021Z,23.6,472784,7,0,56.4
2026-09-16T04:48:42.052Z,23.5,472784,7,0,56.4
2026-09-16T04:48:47.091Z,23.5,472852,7,0,55.8
2026-09-16T04:48:52.134Z,23.6,473192,7,0,55.3
2026-09-16T04:48:57.174Z,23.7,473824,7,0,55.3
2026-09-16T04:49:02.206Z,23.7,473992,7,0,56.4
2026-09-16T04:49:07.238Z,23.6,474368,7,0,56.9
2026-09-16T04:49:12.276Z,23.6,474408,7,0,56.4
2026-09-16T04:49:17.317Z,23.7,471224,7,0,54.8
2026-09-16T04:49:22.358Z,23.8,471432,7,0,54.8
2026-09-16T04:49:27.389Z,23.7,471444,7,0,56.4
2026-09-16T04:49:32.420Z,23.6,471444,7,0,56.4
2026-09-16T04:49:37.451Z,23.5,471464,7,0,56.4
2026-09-16T04:49:42.491Z,23.6,472660,7,0,55.8
2026-09-16T04:49:47.531Z,23.7,472320,7,0,55.3
2026-09-16T04:49:52.562Z,23.8,473632,7,0,55.8
2026-09-16T04:49:57.593Z,23.7,474008,7,0,56.4
2026-09-16T04:50:02.658Z,23.6,474008,7,0,56.4
2026-09-16T04:50:07.696Z,23.6,467684,7,0,56.4
2026-09-16T04:50:12.732Z,23.7,467716,7,0,55.3
2026-09-16T04:50:17.770Z,23.8,466248,7,0,55.3
2026-09-16T04:50:22.801Z,23.8,466256,7,0,55.8
2026-09-16T04:50:27.833Z,23.7,466256,7,0,56.9
2026-09-16T04:50:32.873Z,23.6,466256,7,0,56.4
2026-09-16T04:50:37.914Z,23.7,466308,7,0,55.8
2026-09-16T04:50:42.953Z,23.8,468396,7,0,55.3
2026-09-16T04:50:47.984Z,23.8,467932,7,0,56.4
2026-09-16T04:50:53.015Z,23.7,467936,7,0,56.9
2026-09-16T04:50:58.046Z,23.6,467936,7,0,56.9
2026-09-16T04:51:03.086Z,23.7,468180,7,0,56.4
2026-09-16T04:51:08.132Z,23.8,468440,7,0,55.3
2026-09-16T04:51:13.173Z,23.9,468108,7,0,55.3
2026-09-16T04:51:18.205Z,23.8,468108,7,0,55.8
2026-09-16T04:51:23.236Z,23.7,468108,7,0,56.9
2026-09-16T04:51:28.268Z,23.6,468108,7,0,56.4
2026-09-16T04:51:33.311Z,23.7,468332,7,0,55.8
2026-09-16T04:51:38.350Z,23.8,470152,7,0,55.8
2026-09-16T04:51:43.403Z,23.9,589248,7,0,56.4
2026-09-16T04:51:48.435Z,23.9,589396,7,0,55.8
2026-09-16T04:51:53.466Z,23.8,589396,7,0,56.9
2026-09-16T04:51:58.497Z,23.7,589396,7,0,56.9
2026-09-16T04:52:03.539Z,23.7,589448,7,0,56.4
2026-09-16T04:52:08.581Z,23.8,589552,7,0,55.3
2026-09-16T04:52:13.618Z,23.9,540692,7,0,55.3
2026-09-16T04:52:18.650Z,23.9,540700,7,0,56.4
2026-09-16T04:52:23.680Z,23.8,540700,7,0,56.9
2026-09-16T04:52:28.711Z,23.7,540700,7,0,56.9
2026-09-16T04:52:33.749Z,23.8,541404,7,0,55.8
2026-09-16T04:52:38.793Z,23.9,538920,7,0,55.8
2026-09-16T04:52:43.825Z,23.9,538936,7,0,55.8
2026-09-16T04:52:48.857Z,23.9,538936,7,0,56.9
2026-09-16T04:52:53.887Z,23.8,538936,7,0,55.8
2026-09-16T04:52:58.927Z,23.8,539280,7,0,55.8
2026-09-16T04:53:03.966Z,23.9,539100,7,0,55.3
2026-09-16T04:53:08.997Z,24.0,539316,7,0,55.8
2026-09-16T04:53:14.028Z,23.9,539320,7,0,55.8
2026-09-16T04:53:19.059Z,23.8,539320,7,0,56.9
2026-09-16T04:53:24.104Z,23.8,540096,7,0,56.4
2026-09-16T04:53:29.148Z,23.9,545716,7,0,55.8
2026-09-16T04:53:34.186Z,24.0,545008,7,0,55.8
2026-09-16T04:53:39.218Z,24.0,545248,7,0,55.8
2026-09-16T04:53:44.251Z,23.9,545248,7,0,56.9
2026-09-16T04:53:49.282Z,23.8,545260,7,0,56.9
2026-09-16T04:53:54.314Z,23.8,545260,7,0,56.4
2026-09-16T04:53:59.345Z,23.7,545260,7,0,56.9
2026-09-16T04:54:04.382Z,23.7,545356,7,0,55.8
2026-09-16T04:54:09.420Z,23.8,550176,7,0,55.8
2026-09-16T04:54:14.459Z,23.8,554364,7,0,55.8
2026-09-16T04:54:19.490Z,23.8,554420,7,0,56.4
2026-09-16T04:54:24.521Z,23.7,554420,7,0,56.4
2026-09-16T04:54:29.553Z,23.6,554420,7,0,56.9
2026-09-16T04:54:34.594Z,23.7,549540,7,0,56.4
2026-09-16T04:54:39.638Z,23.8,549568,7,0,55.8
2026-09-16T04:54:44.669Z,23.8,537488,7,0,55.8
2026-09-16T04:54:49.700Z,23.8,537496,7,0,55.8
2026-09-16T04:54:54.731Z,23.7,537496,7,0,56.4
2026-09-16T04:54:59.773Z,23.6,537508,7,0,56.9
2026-09-16T04:55:04.813Z,23.7,537972,7,0,55.3
2026-09-16T04:55:09.850Z,23.8,539800,7,0,55.8
2026-09-16T04:55:14.883Z,23.8,544356,7,0,55.8
2026-09-16T04:55:19.914Z,23.8,544360,7,0,56.4
2026-09-16T04:55:24.946Z,23.7,496992,7,0,56.4
2026-09-16T04:55:29.989Z,23.7,499716,7,0,55.8
2026-09-16T04:55:35.028Z,23.8,507312,7,0,55.8
2026-09-16T04:55:40.069Z,23.9,514108,7,0,54.8
2026-09-16T04:55:45.100Z,23.9,515404,7,0,55.8
2026-09-16T04:55:50.131Z,23.8,515420,7,0,56.9
2026-09-16T04:55:55.172Z,23.8,517756,7,0,56.4
2026-09-16T04:56:00.215Z,23.9,524380,7,0,55.8
2026-09-16T04:56:05.257Z,23.9,530576,7,0,55.8
2026-09-16T04:56:10.289Z,23.9,532320,7,0,55.8
2026-09-16T04:56:15.321Z,23.8,531552,7,0,56.4
2026-09-16T04:56:20.360Z,23.8,531792,7,0,56.4
2026-09-16T04:56:25.404Z,23.9,532056,7,0,55.8
2026-09-16T04:56:30.448Z,23.9,532144,7,0,55.8
2026-09-16T04:56:35.480Z,24.0,533340,7,0,55.8
2026-09-16T04:56:40.512Z,23.9,533348,7,0,55.8
2026-09-16T04:56:45.542Z,23.8,533360,7,0,56.9
2026-09-16T04:56:50.581Z,23.8,525304,7,0,55.8
2026-09-16T04:56:55.625Z,23.9,525452,7,0,55.8
2026-09-16T04:57:00.664Z,24.0,525476,7,0,55.8
2026-09-16T04:57:05.696Z,23.9,525596,7,0,56.4
2026-09-16T04:57:10.727Z,23.9,525596,7,0,56.4
2026-09-16T04:57:15.758Z,23.8,525596,7,0,57.5
2026-09-16T04:57:20.799Z,23.8,525624,7,0,56.9
2026-09-16T04:57:25.842Z,23.9,525260,7,0,55.8
2026-09-16T04:57:30.873Z,24.0,526896,7,0,55.3
2026-09-16T04:57:35.905Z,23.9,527276,7,0,56.4
2026-09-16T04:57:40.936Z,23.8,527276,7,0,56.4
2026-09-16T04:57:45.974Z,23.8,528340,7,0,56.4
2026-09-16T04:57:51.012Z,23.9,520864,7,0,55.8
2026-09-16T04:57:56.056Z,23.9,522340,7,0,55.8
2026-09-16T04:58:01.089Z,23.9,517852,7,0,56.4
2026-09-16T04:58:06.121Z,23.9,517852,7,0,56.9
2026-09-16T04:58:11.151Z,23.8,517852,7,0,56.9
2026-09-16T04:58:16.186Z,23.7,517852,7,0,56.9
2026-09-16T04:58:21.227Z,23.7,519352,7,0,56.9
2026-09-16T04:58:26.268Z,23.8,520128,7,0,55.8
2026-09-16T04:58:31.308Z,23.9,521116,7,0,55.3
2026-09-16T04:58:36.339Z,23.8,521172,7,0,56.4
2026-09-16T04:58:41.370Z,23.8,521176,7,0,56.4
2026-09-16T04:58:46.401Z,23.7,521176,7,0,56.9
2026-09-16T04:58:51.440Z,23.8,521476,7,0,55.8
2026-09-16T04:58:56.481Z,23.8,523268,7,0,55.8
2026-09-16T04:59:01.512Z,23.8,522068,7,0,55.8
2026-09-16T04:59:06.543Z,23.8,522072,7,0,56.4
2026-09-16T04:59:11.573Z,23.7,522072,7,0,56.9
2026-09-16T04:59:16.613Z,23.7,522340,7,0,56.4
2026-09-16T04:59:21.652Z,23.8,522480,7,0,55.8
2026-09-16T04:59:26.692Z,23.8,522980,7,0,55.8
2026-09-16T04:59:31.723Z,23.8,522628,7,0,55.8
2026-09-16T04:59:36.754Z,23.8,522628,7,0,56.4
2026-09-16T04:59:41.786Z,23.7,522636,7,0,56.9
2026-09-16T04:59:46.825Z,23.7,522656,7,0,56.4
2026-09-16T04:59:51.863Z,23.8,522764,7,0,55.8
2026-09-16T04:59:56.908Z,23.8,523012,7,0,55.8
2026-09-16T05:00:01.939Z,23.8,522340,7,0,55.8
2026-09-16T05:00:06.970Z,23.8,522340,7,0,56.4
2026-09-16T05:00:12.009Z,23.7,522352,7,0,56.4
2026-09-16T05:00:17.049Z,23.8,522364,7,0,55.8
2026-09-16T05:00:22.088Z,23.9,522376,7,0,55.8
2026-09-16T05:00:27.120Z,23.8,522400,7,0,56.4
2026-09-16T05:00:32.151Z,23.8,522400,7,0,56.9
2026-09-16T05:00:37.182Z,23.7,522564,7,0,56.9
2026-09-16T05:00:42.221Z,23.8,523028,7,0,56.4
2026-09-16T05:00:47.261Z,23.8,523076,7,0,55.8
2026-09-16T05:00:52.292Z,23.9,523128,7,0,55.8
2026-09-16T05:00:57.323Z,23.8,523132,7,0,56.4
2026-09-16T05:01:02.354Z,23.8,523132,7,0,56.9
2026-09-16T05:01:07.394Z,23.8,523204,7,0,55.8
2026-09-16T05:01:12.435Z,23.8,522860,7,0,56.4
2026-09-16T05:01:17.474Z,23.9,522988,7,0,55.3
2026-09-16T05:01:22.506Z,23.9,522996,7,0,55.8
2026-09-16T05:01:27.537Z,23.8,522996,7,0,56.9
2026-09-16T05:01:32.568Z,23.7,522996,7,0,56.4
2026-09-16T05:01:37.609Z,23.8,524660,7,0,55.8
2026-09-16T05:01:42.648Z,23.9,524120,7,0,55.8
2026-09-16T05:01:47.680Z,23.9,524192,7,0,55.8
2026-09-16T05:01:52.712Z,23.8,524192,7,0,56.4
2026-09-16T05:01:57.745Z,23.8,524192,7,0,56.9
2026-09-16T05:02:02.785Z,23.8,523692,7,0,56.4
2026-09-16T05:02:07.822Z,23.9,523876,7,0,55.8
2026-09-16T05:02:12.861Z,23.9,525028,7,0,55.3
2026-09-16T05:02:17.893Z,23.9,525308,7,0,56.9
2026-09-16T05:02:22.924Z,23.8,525312,7,0,56.9
2026-09-16T05:02:27.962Z,23.8,527968,7,0,56.9
2026-09-16T05:02:33.000Z,23.9,526476,7,0,55.8
2026-09-16T05:02:38.042Z,23.9,526712,7,0,55.3
2026-09-16T05:02:43.074Z,23.9,524916,7,0,55.8
2026-09-16T05:02:48.105Z,23.9,524916,7,0,56.9
2026-09-16T05:02:53.136Z,23.8,524916,7,0,56.9
2026-09-16T05:02:58.174Z,23.8,524976,7,0,55.8
2026-09-16T05:03:03.212Z,23.9,525000,7,0,55.8
2026-09-16T05:03:08.256Z,23.9,525988,7,0,55.8
2026-09-16T05:03:13.288Z,23.9,526048,7,0,56.4
2026-09-16T05:03:18.319Z,23.9,526052,7,0,56.4
2026-09-16T05:03:23.359Z,23.8,526368,7,0,56.4
2026-09-16T05:03:28.397Z,23.9,526500,7,0,55.8
2026-09-16T05:03:33.441Z,24.0,526552,7,0,55.3
2026-09-16T05:03:38.478Z,23.9,526624,7,0,56.4
2026-09-16T05:03:43.510Z,23.9,526632,7,0,56.4
2026-09-16T05:03:48.541Z,23.8,526676,7,0,56.9
2026-09-16T05:03:53.581Z,23.9,525880,7,0,55.8
2026-09-16T05:03:58.618Z,23.9,525920,7,0,55.8
2026-09-16T05:04:03.657Z,24.0,525964,7,0,55.8
2026-09-16T05:04:08.690Z,23.9,525976,7,0,55.8
2026-09-16T05:04:13.722Z,23.9,525976,7,0,56.4
2026-09-16T05:04:18.753Z,23.8,525992,7,0,56.4
2026-09-16T05:04:23.793Z,23.9,526164,7,0,55.8
2026-09-16T05:04:28.831Z,23.9,528824,7,0,55.8
2026-09-16T05:04:33.863Z,24.0,523228,7,0,55.3
2026-09-16T05:04:38.895Z,23.9,523604,7,0,56.4
2026-09-16T05:04:43.927Z,23.9,523604,7,0,56.9
2026-09-16T05:04:48.966Z,23.8,523980,7,0,55.8
2026-09-16T05:04:54.009Z,23.9,524060,7,0,55.8
2026-09-16T05:04:59.050Z,24.0,522852,7,0,55.8
2026-09-16T05:05:04.082Z,24.0,522960,7,0,55.8
2026-09-16T05:05:09.113Z,23.9,522960,7,0,56.4
2026-09-16T05:05:14.145Z,23.9,522960,7,0,56.9
2026-09-16T05:05:19.186Z,23.8,522976,7,0,56.9
2026-09-16T05:05:24.226Z,23.9,523608,7,0,55.8
2026-09-16T05:05:29.263Z,23.9,522320,7,0,55.8
2026-09-16T05:05:34.294Z,23.9,522348,7,0,56.4
2026-09-16T05:05:39.327Z,23.9,522356,7,0,56.4
2026-09-16T05:05:44.358Z,23.8,522356,7,0,56.9
2026-09-16T05:05:49.399Z,23.9,522568,7,0,55.8
2026-09-16T05:05:54.441Z,23.9,523164,7,0,55.8
2026-09-16T05:05:59.472Z,24.0,526116,7,0,54.8
2026-09-16T05:06:04.503Z,23.9,526128,7,0,56.4
2026-09-16T05:06:09.535Z,23.9,526148,7,0,56.4
2026-09-16T05:06:14.576Z,23.9,524472,7,0,55.8
2026-09-16T05:06:19.619Z,23.9,524648,7,0,55.3
2026-09-16T05:06:24.657Z,24.0,525188,7,0,55.3
2026-09-16T05:06:29.689Z,23.9,525752,7,0,56.4
2026-09-16T05:06:34.720Z,23.9,525752,7,0,55.8
2026-09-16T05:06:39.751Z,23.8,525756,7,0,56.9
2026-09-16T05:06:44.792Z,23.9,526160,7,0,56.4
2026-09-16T05:06:49.835Z,23.9,526760,7,0,54.8
2026-09-16T05:06:54.866Z,24.0,526244,7,0,55.8
2026-09-16T05:06:59.898Z,23.9,526244,7,0,55.8
2026-09-16T05:07:04.931Z,23.9,526244,7,0,56.4
2026-09-16T05:07:09.970Z,23.9,526268,7,0,56.4
2026-09-16T05:07:15.013Z,23.9,526396,7,0,55.8
2026-09-16T05:07:20.057Z,24.0,528396,7,0,55.8
2026-09-16T05:07:25.088Z,23.9,528512,7,0,55.8
2026-09-16T05:07:30.119Z,23.9,528516,7,0,56.4
2026-09-16T05:07:35.164Z,23.9,526416,7,0,56.4
2026-09-16T05:07:40.202Z,23.9,526560,7,0,55.8
2026-09-16T05:07:45.241Z,24.0,526604,7,0,55.8
2026-09-16T05:07:50.272Z,24.0,526668,7,0,56.4
2026-09-16T05:07:55.304Z,23.9,526668,7,0,56.4
2026-09-16T05:08:00.351Z,23.8,526668,7,0,56.4
2026-09-16T05:08:05.383Z,23.8,526668,7,0,56.9
2026-09-16T05:08:10.428Z,23.8,529092,7,0,56.4
2026-09-16T05:08:15.466Z,23.9,530908,7,0,55.8
2026-09-16T05:08:20.498Z,23.9,528180,7,0,55.8
2026-09-16T05:08:25.530Z,23.9,528180,7,0,56.4
2026-09-16T05:08:30.561Z,23.8,528180,7,0,56.4
2026-09-16T05:08:35.604Z,23.8,528192,7,0,55.8
2026-09-16T05:08:40.643Z,23.9,528224,7,0,55.8
2026-09-16T05:08:45.686Z,24.0,528816,7,0,55.8
2026-09-16T05:08:50.718Z,23.9,528944,7,0,56.4
2026-09-16T05:08:55.748Z,23.9,528944,7,0,56.4
2026-09-16T05:09:00.787Z,23.8,528968,7,0,55.8
2026-09-16T05:09:05.829Z,23.9,529076,7,0,55.8
2026-09-16T05:09:10.866Z,23.9,529884,7,0,55.3
2026-09-16T05:09:15.899Z,23.9,531596,7,0,55.8
2026-09-16T05:09:20.931Z,23.9,531600,7,0,56.4
2026-09-16T05:09:25.961Z,23.8,531608,7,0,56.9
2026-09-16T05:09:30.999Z,23.9,529384,7,0,55.8
2026-09-16T05:09:36.038Z,23.9,529440,7,0,54.8
2026-09-16T05:09:41.070Z,23.9,529528,7,0,55.3
2026-09-16T05:09:46.102Z,23.9,529528,7,0,55.8
2026-09-16T05:09:51.133Z,23.8,529528,7,0,56.9
2026-09-16T05:09:56.174Z,23.8,529656,7,0,55.8
2026-09-16T05:10:01.215Z,23.9,530264,7,0,55.8
2026-09-16T05:10:06.254Z,23.9,530940,7,0,55.3
2026-09-16T05:10:11.285Z,23.9,531460,7,0,55.8
2026-09-16T05:10:16.317Z,23.9,531836,7,0,56.4
2026-09-16T05:10:21.347Z,23.8,531836,7,0,56.9
2026-09-16T05:10:26.388Z,23.8,530472,7,0,55.8
2026-09-16T05:10:31.426Z,23.9,530516,7,0,54.8
2026-09-16T05:10:36.458Z,23.9,530612,7,0,55.3
2026-09-16T05:10:41.489Z,23.9,530612,7,0,56.4
2026-09-16T05:10:46.520Z,23.8,530612,7,0,56.4
2026-09-16T05:10:51.561Z,23.8,530628,7,0,56.4
2026-09-16T05:10:56.605Z,23.9,530120,7,0,55.8
2026-09-16T05:11:01.645Z,23.9,530740,7,0,55.8
2026-09-16T05:11:06.677Z,23.9,531728,7,0,56.4
2026-09-16T05:11:11.709Z,23.9,531728,7,0,56.4
2026-09-16T05:11:16.740Z,23.8,530332,7,0,56.9
2026-09-16T05:11:21.780Z,23.8,530356,7,0,56.4
2026-09-16T05:11:26.820Z,23.8,530396,7,0,55.8
2026-09-16T05:11:31.860Z,23.9,530612,7,0,55.8
2026-09-16T05:11:36.892Z,23.9,532216,7,0,55.8
2026-09-16T05:11:41.923Z,23.9,532216,7,0,56.4
2026-09-16T05:11:46.954Z,23.8,532220,7,0,56.9
2026-09-16T05:11:51.994Z,23.8,530416,7,0,56.4
2026-09-16T05:11:57.033Z,23.9,530588,7,0,55.8
2026-09-16T05:12:02.072Z,23.9,531784,7,0,55.3
2026-09-16T05:12:07.103Z,23.9,527868,7,0,55.8
2026-09-16T05:12:12.135Z,23.9,527868,7,0,56.4
2026-09-16T05:12:17.175Z,23.8,527876,7,0,56.9
2026-09-16T05:12:22.216Z,23.9,527920,7,0,55.8
2026-09-16T05:12:27.257Z,23.9,527964,7,0,55.8
2026-09-16T05:12:32.288Z,23.9,528548,7,0,54.8
2026-09-16T05:12:37.319Z,23.9,528552,7,0,56.4
2026-09-16T05:12:42.351Z,23.9,528552,7,0,56.4
2026-09-16T05:12:47.390Z,23.9,528788,7,0,55.8
2026-09-16T05:12:52.430Z,23.9,528916,7,0,54.8
2026-09-16T05:12:57.470Z,24.0,529392,7,0,55.8
2026-09-16T05:13:02.503Z,23.9,529408,7,0,55.8
2026-09-16T05:13:07.534Z,23.9,529408,7,0,56.9
2026-09-16T05:13:12.565Z,23.8,529408,7,0,56.9
2026-09-16T05:13:17.604Z,23.9,530408,7,0,55.8
2026-09-16T05:13:22.643Z,23.9,528648,7,0,55.8
2026-09-16T05:13:27.675Z,23.9,529684,7,0,55.8
2026-09-16T05:13:32.708Z,23.9,529684,7,0,55.8
2026-09-16T05:13:37.739Z,23.9,530064,7,0,56.9
2026-09-16T05:13:42.781Z,23.8,530076,7,0,56.9
2026-09-16T05:13:47.821Z,23.9,527772,7,0,55.3
2026-09-16T05:13:52.860Z,23.9,527840,7,0,55.3
2026-09-16T05:13:57.891Z,23.9,527840,7,0,55.8
2026-09-16T05:14:02.923Z,23.9,527840,7,0,56.4
2026-09-16T05:14:07.954Z,23.8,527840,7,0,56.4
2026-09-16T05:14:12.994Z,23.9,527868,7,0,56.9
2026-09-16T05:14:18.033Z,23.9,527056,7,0,55.8
2026-09-16T05:14:23.068Z,23.9,528588,7,0,54.8
2026-09-16T05:14:28.099Z,23.9,529124,7,0,55.8
2026-09-16T05:14:33.130Z,23.9,529124,7,0,56.9
2026-09-16T05:14:38.172Z,23.9,528376,7,0,55.8
2026-09-16T05:14:43.211Z,23.9,528432,7,0,55.8
2026-09-16T05:14:48.249Z,24.0,528480,7,0,55.8
2026-09-16T05:14:53.281Z,23.9,528500,7,0,56.9
2026-09-16T05:14:58.311Z,23.9,528500,7,0,56.4
2026-09-16T05:15:03.556Z,23.8,528500,7,0,56.9
2026-09-16T05:15:08.599Z,23.9,527880,7,0,55.8
2026-09-16T05:15:13.643Z,23.9,527944,7,0,55.8
2026-09-16T05:15:18.675Z,23.9,528632,7,0,55.8
2026-09-16T05:15:23.706Z,23.9,528632,7,0,56.9
2026-09-16T05:15:28.738Z,23.9,528632,7,0,56.9
2026-09-16T05:15:33.770Z,23.8,528632,7,0,56.9
2026-09-16T05:15:38.815Z,23.9,528308,7,0,55.8
2026-09-16T05:15:43.854Z,23.9,530284,7,0,56.4
2026-09-16T05:15:48.886Z,23.9,530324,7,0,55.8
2026-09-16T05:15:53.920Z,23.9,530324,7,0,56.9
2026-09-16T05:15:58.951Z,23.9,530324,7,0,56.4
2026-09-16T05:16:03.988Z,23.9,530832,7,0,55.8
2026-09-16T05:16:09.027Z,23.9,530464,7,0,55.8
2026-09-16T05:16:14.065Z,23.9,530520,7,0,55.8
2026-09-16T05:16:19.098Z,23.9,530736,7,0,55.8
2026-09-16T05:16:24.129Z,23.9,530736,7,0,56.4
2026-09-16T05:16:29.165Z,23.8,530736,7,0,56.4
2026-09-16T05:16:34.207Z,23.9,531868,7,0,56.4
2026-09-16T05:16:39.248Z,23.9,530580,7,0,55.8
2026-09-16T05:16:44.281Z,23.9,530664,7,0,55.8
2026-09-16T05:16:49.312Z,23.9,530672,7,0,56.9
2026-09-16T05:16:54.343Z,23.9,530672,7,0,56.9
2026-09-16T05:16:59.382Z,23.8,530684,7,0,56.9
2026-09-16T05:17:04.422Z,23.9,530800,7,0,56.4
2026-09-16T05:17:09.462Z,23.9,531076,7,0,56.4
2026-09-16T05:17:14.497Z,23.9,531104,7,0,56.4
2026-09-16T05:17:19.529Z,23.9,531104,7,0,56.4
2026-09-16T05:17:24.561Z,23.9,531104,7,0,56.9
2026-09-16T05:17:29.593Z,23.8,531104,7,0,56.9
2026-09-16T05:17:34.634Z,23.8,532132,7,0,55.8
2026-09-16T05:17:39.679Z,23.9,531456,7,0,55.8
2026-09-16T05:17:44.721Z,23.9,531596,7,0,55.8
2026-09-16T05:17:49.753Z,23.9,531596,7,0,56.4
2026-09-16T05:17:54.785Z,23.9,531596,7,0,56.9
2026-09-16T05:17:59.827Z,23.8,531700,7,0,56.4
2026-09-16T05:18:04.871Z,23.9,531224,7,0,55.8
2026-09-16T05:18:09.906Z,,,,,54.8
2026-09-16T05:18:14.951Z,35.4,86936,7,0,54.8
2026-09-16T05:18:19.982Z,21.4,89788,7,0,55.8
2026-09-16T05:18:25.013Z,14.3,90444,7,0,56.4
2026-09-16T05:18:30.056Z,13.1,93236,7,0,55.8
2026-09-16T05:18:35.095Z,20.6,108244,7,0,55.3
2026-09-16T05:18:40.138Z,25.7,122888,7,0,55.8
2026-09-16T05:18:45.169Z,26.1,131420,7,0,55.8
2026-09-16T05:18:50.201Z,22.8,131436,7,0,56.4
2026-09-16T05:18:55.232Z,20.4,132060,7,0,56.9
2026-09-16T05:19:00.273Z,21.7,141292,7,0,56.4
2026-09-16T05:19:05.314Z,24.3,155364,7,0,55.3
2026-09-16T05:19:10.358Z,26.4,168780,7,0,55.3
2026-09-16T05:19:15.390Z,24.5,169908,7,0,56.4
2026-09-16T05:19:20.428Z,22.8,169924,7,0,56.9
2026-09-16T05:19:25.471Z,21.4,170760,7,0,56.9
2026-09-16T05:19:30.516Z,22.9,181180,7,0,55.8
2026-09-16T05:19:35.558Z,24.3,192356,7,0,55.8
2026-09-16T05:19:40.590Z,24.8,200068,7,0,54.8
2026-09-16T05:19:45.621Z,23.5,200076,7,0,56.4
2026-09-16T05:19:50.652Z,22.3,200912,7,0,56.9
2026-09-16T05:19:55.695Z,22.7,207400,7,0,55.8
2026-09-16T05:20:00.736Z,24.0,219360,7,0,55.8
2026-09-16T05:20:05.775Z,25.3,230564,7,0,55.8
2026-09-16T05:20:10.808Z,24.5,232808,7,0,56.4
2026-09-16T05:20:15.839Z,23.6,232828,7,0,56.9
2026-09-16T05:20:20.871Z,22.7,233440,7,0,56.9
2026-09-16T05:20:25.910Z,23.5,244344,7,0,55.8
2026-09-16T05:20:30.950Z,24.5,256504,7,0,56.4
2026-09-16T05:20:35.983Z,25.2,266308,7,0,55.3
2026-09-16T05:20:41.014Z,24.4,273068,7,0,55.8
2026-09-16T05:20:46.045Z,23.6,273076,7,0,56.9
2026-09-16T05:20:51.084Z,23.1,282948,7,0,56.9
2026-09-16T05:20:56.125Z,24.0,295736,7,0,55.8
2026-09-16T05:21:01.166Z,24.9,309380,7,0,55.8
2026-09-16T05:21:06.197Z,25.1,316748,7,0,55.8
2026-09-16T05:21:11.229Z,24.4,317380,7,0,55.8
2026-09-16T05:21:16.268Z,23.9,318332,7,0,56.4
2026-09-16T05:21:21.308Z,24.6,329952,7,0,55.8
2026-09-16T05:21:26.351Z,25.3,340732,7,0,55.8
2026-09-16T05:21:31.382Z,25.5,348520,7,0,55.8
2026-09-16T05:21:36.413Z,24.9,348528,7,0,55.8
2026-09-16T05:21:41.445Z,24.3,349144,7,0,56.9
2026-09-16T05:21:46.485Z,24.8,358796,7,0,55.8
2026-09-16T05:21:51.526Z,25.4,369772,7,0,55.8
2026-09-16T05:21:56.558Z,25.7,377880,7,0,55.8
2026-09-16T05:22:01.589Z,25.1,378508,7,0,56.9
2026-09-16T05:22:06.620Z,24.6,378516,7,0,56.4
2026-09-16T05:22:11.659Z,24.9,386864,7,0,55.8
2026-09-16T05:22:16.700Z,25.4,398328,7,0,55.8
2026-09-16T05:22:21.738Z,25.9,409800,7,0,55.8
2026-09-16T05:22:26.769Z,25.5,410052,7,0,56.4
2026-09-16T05:22:31.801Z,25.0,410676,7,0,56.4
2026-09-16T05:22:36.844Z,25.0,416108,7,0,55.8
2026-09-16T05:22:41.883Z,25.4,426644,7,0,55.8
2026-09-16T05:22:46.925Z,25.8,436648,7,0,55.8
2026-09-16T05:22:51.957Z,25.5,438836,7,0,55.8
2026-09-16T05:22:56.988Z,25.0,438860,7,0,56.9
2026-09-16T05:23:02.028Z,24.8,441536,7,0,56.4
2026-09-16T05:23:07.069Z,25.2,446860,7,0,55.8
2026-09-16T05:23:12.110Z,25.6,447836,7,0,55.8
2026-09-16T05:23:17.140Z,25.6,448192,7,0,55.8
2026-09-16T05:23:22.171Z,25.2,448200,7,0,56.4
2026-09-16T05:23:27.203Z,24.8,448204,7,0,56.9
2026-09-16T05:23:32.242Z,24.7,450800,7,0,56.4
2026-09-16T05:23:37.282Z,25.2,446800,7,0,55.8
2026-09-16T05:23:42.323Z,25.6,447104,7,0,55.8
2026-09-16T05:23:47.355Z,25.5,448028,7,0,55.8
2026-09-16T05:23:52.386Z,25.1,448052,7,0,56.9
2026-09-16T05:23:57.417Z,24.7,448056,7,0,56.9
2026-09-16T05:24:02.454Z,25.0,449056,7,0,55.8
2026-09-16T05:24:07.497Z,25.3,449256,7,0,55.3
2026-09-16T05:24:12.529Z,25.6,449540,7,0,55.3
2026-09-16T05:24:17.560Z,25.2,449556,7,0,56.9
2026-09-16T05:24:22.591Z,24.9,449560,7,0,56.9
2026-09-16T05:24:27.632Z,24.9,449768,7,0,55.8
2026-09-16T05:24:32.674Z,25.1,449824,7,0,55.8
2026-09-16T05:24:37.713Z,25.4,450112,7,0,55.8
2026-09-16T05:24:42.745Z,25.2,450396,7,0,56.4
2026-09-16T05:24:47.777Z,24.8,450396,7,0,56.4
2026-09-16T05:24:52.810Z,24.5,450816,7,0,55.8
2026-09-16T05:24:57.850Z,24.8,449108,7,0,55.8
2026-09-16T05:25:02.890Z,25.1,449248,7,0,55.8
2026-09-16T05:25:07.921Z,25.3,449396,7,0,55.8
2026-09-16T05:25:12.952Z,25.0,449400,7,0,56.4
2026-09-16T05:25:17.983Z,24.7,450552,7,0,56.9
2026-09-16T05:25:23.021Z,24.8,448132,7,0,56.9
2026-09-16T05:25:28.064Z,25.0,448336,7,0,56.4
2026-09-16T05:25:33.104Z,25.3,449896,7,0,55.8
2026-09-16T05:25:38.136Z,25.1,445896,7,0,56.9
2026-09-16T05:25:43.167Z,24.8,445912,7,0,56.9
2026-09-16T05:25:48.198Z,24.6,445912,7,0,56.9
2026-09-16T05:25:53.239Z,24.8,446668,7,0,55.8
2026-09-16T05:25:58.283Z,25.0,441140,7,0,55.8
2026-09-16T05:26:03.314Z,25.2,442420,7,0,55.8
2026-09-16T05:26:08.345Z,24.9,442552,7,0,56.9
2026-09-16T05:26:13.376Z,24.7,443096,7,0,56.9
2026-09-16T05:26:18.415Z,24.5,445676,7,0,56.4
2026-09-16T05:26:23.457Z,24.8,435592,7,0,56.4
2026-09-16T05:26:28.498Z,25.0,438632,7,0,55.8
2026-09-16T05:26:33.529Z,25.0,441160,7,0,55.8
2026-09-16T05:26:38.560Z,24.8,441164,7,0,56.9
2026-09-16T05:26:43.592Z,24.5,441736,7,0,56.4
2026-09-16T05:26:48.630Z,24.5,431504,7,0,56.9
2026-09-16T05:26:53.672Z,24.7,436752,7,0,55.8
2026-09-16T05:26:58.710Z,25.0,427684,7,0,55.8
2026-09-16T05:27:03.742Z,24.9,433620,7,0,55.8
2026-09-16T05:27:08.773Z,24.6,433620,7,0,56.4
2026-09-16T05:27:13.805Z,24.4,440996,7,0,56.9
2026-09-16T05:27:18.845Z,24.4,441008,7,0,56.9
2026-09-16T05:27:23.885Z,24.6,453164,7,0,55.8
2026-09-16T05:27:28.924Z,24.9,450932,7,0,55.8
2026-09-16T05:27:33.956Z,24.8,458316,7,0,55.8
2026-09-16T05:27:38.987Z,24.5,458316,7,0,56.9
2026-09-16T05:27:44.026Z,24.4,458316,7,0,56.9
2026-09-16T05:27:49.068Z,24.6,458424,7,0,55.8
2026-09-16T05:27:54.106Z,24.8,458184,7,0,55.8
2026-09-16T05:27:59.137Z,24.8,458280,7,0,56.9
2026-09-16T05:28:04.169Z,24.6,458284,7,0,56.9
2026-09-16T05:28:09.199Z,24.4,458284,7,0,56.9
2026-09-16T05:28:14.231Z,24.2,458292,7,0,57.5
2026-09-16T05:28:19.272Z,24.3,458368,7,0,56.4
2026-09-16T05:28:24.312Z,24.5,458328,7,0,55.8
2026-09-16T05:28:29.352Z,24.7,458820,7,0,55.8
2026-09-16T05:28:34.387Z,24.6,461776,7,0,56.9
2026-09-16T05:28:39.419Z,24.4,461776,7,0,56.9
2026-09-16T05:28:44.458Z,24.3,470884,7,0,56.4
2026-09-16T05:28:49.498Z,24.5,471024,7,0,55.8
2026-09-16T05:28:54.538Z,24.7,470284,7,0,55.8
2026-09-16T05:28:59.570Z,24.6,470312,7,0,56.4
2026-09-16T05:29:04.602Z,24.5,470320,7,0,56.4
2026-09-16T05:29:09.654Z,24.3,470320,7,0,56.9
2026-09-16T05:29:14.693Z,24.2,470392,7,0,56.9
2026-09-16T05:29:19.735Z,24.4,470556,7,0,55.8
2026-09-16T05:29:24.775Z,24.5,470164,7,0,55.8
2026-09-16T05:29:29.807Z,24.5,470716,7,0,56.4
2026-09-16T05:29:34.839Z,24.3,470720,7,0,56.9
2026-09-16T05:29:39.871Z,24.1,470720,7,0,56.9
2026-09-16T05:29:44.911Z,24.3,470852,7,0,55.8
2026-09-16T05:29:49.949Z,24.5,467940,7,0,55.8
2026-09-16T05:29:54.980Z,24.6,468324,7,0,55.8
2026-09-16T05:30:00.011Z,24.4,468324,7,0,56.9
2026-09-16T05:30:05.042Z,24.2,468332,7,0,56.9
2026-09-16T05:30:10.083Z,24.3,468488,7,0,56.4
2026-09-16T05:30:15.121Z,24.5,469116,7,0,55.8
2026-09-16T05:30:20.158Z,24.6,469376,7,0,55.3
2026-09-16T05:30:25.190Z,24.5,469388,7,0,56.9
2026-09-16T05:30:30.221Z,24.3,469388,7,0,56.9
2026-09-16T05:30:35.259Z,24.2,469432,7,0,56.9
2026-09-16T05:30:40.300Z,24.4,469912,7,0,56.4
2026-09-16T05:30:45.342Z,24.6,470532,7,0,55.8
2026-09-16T05:30:50.373Z,24.6,470648,7,0,55.8
2026-09-16T05:30:55.405Z,24.4,472116,7,0,56.9
2026-09-16T05:31:00.436Z,24.2,472120,7,0,56.9
2026-09-16T05:31:05.467Z,24.1,472128,7,0,56.9
2026-09-16T05:31:10.509Z,24.2,475708,7,0,56.4
2026-09-16T05:31:15.548Z,24.4,475328,7,0,55.8
2026-09-16T05:31:20.580Z,24.5,475556,7,0,55.8
2026-09-16T05:31:25.612Z,24.3,475556,7,0,56.9
2026-09-16T05:31:30.644Z,24.2,475556,7,0,56.9
2026-09-16T05:31:35.683Z,24.2,476804,7,0,56.9
2026-09-16T05:31:40.722Z,24.3,478684,7,0,55.8
2026-09-16T05:31:45.765Z,24.5,478944,7,0,55.8
2026-09-16T05:31:50.798Z,24.3,478944,7,0,56.4
2026-09-16T05:31:55.830Z,24.2,478944,7,0,56.9
2026-09-16T05:32:00.872Z,24.1,479028,7,0,56.4
2026-09-16T05:32:05.911Z,24.2,478188,7,0,56.4
2026-09-16T05:32:10.955Z,24.4,478320,7,0,56.4
2026-09-16T05:32:15.987Z,24.4,478976,7,0,55.8
2026-09-16T05:32:21.019Z,24.2,479352,7,0,56.9
2026-09-16T05:32:26.051Z,24.1,479352,7,0,56.4
2026-09-16T05:32:31.088Z,24.1,477332,7,0,56.4
2026-09-16T05:32:36.127Z,24.3,477440,7,0,55.8
2026-09-16T05:32:41.166Z,24.4,477528,7,0,55.8
2026-09-16T05:32:46.201Z,24.3,477952,7,0,56.4
2026-09-16T05:32:51.232Z,24.2,478000,7,0,56.9
2026-09-16T05:32:56.263Z,24.1,478000,7,0,56.9
2026-09-16T05:33:01.303Z,24.1,476856,7,0,56.9
2026-09-16T05:33:06.341Z,24.3,477300,7,0,55.8
2026-09-16T05:33:11.384Z,24.4,478024,7,0,55.8
2026-09-16T05:33:16.416Z,24.3,478132,7,0,56.4
2026-09-16T05:33:21.448Z,24.2,478512,7,0,56.9
2026-09-16T05:33:26.493Z,24.1,478688,7,0,56.9
2026-09-16T05:33:31.537Z,24.2,476684,7,0,55.8
2026-09-16T05:33:36.577Z,24.4,477756,7,0,55.8
2026-09-16T05:33:41.609Z,24.4,474692,7,0,56.4
2026-09-16T05:33:46.642Z,24.3,474692,7,0,56.9
2026-09-16T05:33:51.673Z,24.1,474692,7,0,57.5
2026-09-16T05:33:56.711Z,24.2,474752,7,0,56.4
2026-09-16T05:34:01.755Z,24.4,474936,7,0,55.8
2026-09-16T05:34:06.787Z,24.5,474932,7,0,56.4
2026-09-16T05:34:11.819Z,24.3,474944,7,0,56.9
2026-09-16T05:34:16.850Z,24.2,474944,7,0,58.0
2026-09-16T05:34:21.887Z,24.2,474972,7,0,56.9
2026-09-16T05:34:26.927Z,24.3,475188,7,0,56.9
2026-09-16T05:34:31.969Z,24.4,476020,7,0,56.4
2026-09-16T05:34:37.000Z,24.3,477468,7,0,56.9
2026-09-16T05:34:42.031Z,24.2,477476,7,0,57.5
2026-09-16T05:34:47.063Z,24.1,477476,7,0,58.0
2026-09-16T05:34:52.105Z,24.1,476176,7,0,56.4
2026-09-16T05:34:57.145Z,24.2,476424,7,0,55.8
2026-09-16T05:35:02.177Z,24.3,476656,7,0,55.8
2026-09-16T05:35:07.210Z,24.2,476656,7,0,56.9
2026-09-16T05:35:12.242Z,24.1,476656,7,0,56.9
2026-09-16T05:35:17.273Z,24.0,476656,7,0,57.5
2026-09-16T05:35:22.313Z,23.9,476704,7,0,56.9
2026-09-16T05:35:27.352Z,24.1,478120,7,0,56.4
2026-09-16T05:35:32.392Z,24.2,478760,7,0,56.4
2026-09-16T05:35:37.423Z,24.2,478848,7,0,56.9
2026-09-16T05:35:42.454Z,24.1,478852,7,0,56.9
2026-09-16T05:35:47.485Z,24.0,478852,7,0,57.5
2026-09-16T05:35:52.529Z,24.1,479220,7,0,56.4
2026-09-16T05:35:57.569Z,24.2,479444,7,0,56.4
2026-09-16T05:36:02.602Z,24.3,480136,7,0,55.8
2026-09-16T05:36:07.633Z,24.2,480136,7,0,56.9
2026-09-16T05:36:12.686Z,24.0,480512,7,0,56.9
2026-09-16T05:36:17.718Z,23.9,480512,7,0,56.9
2026-09-16T05:36:22.749Z,23.8,480892,7,0,56.9
2026-09-16T05:36:27.787Z,23.9,476540,7,0,56.4
2026-09-16T05:36:32.826Z,24.0,478940,7,0,55.8
2026-09-16T05:36:37.858Z,24.1,475184,7,0,56.4
2026-09-16T05:36:42.889Z,24.0,475188,7,0,56.9
2026-09-16T05:36:47.920Z,23.9,475188,7,0,56.9
2026-09-16T05:36:52.959Z,23.9,475236,7,0,56.4
2026-09-16T05:36:58.001Z,24.0,475568,7,0,55.8
2026-09-16T05:37:03.033Z,24.1,479536,7,0,55.8
2026-09-16T05:37:08.064Z,24.0,479548,7,0,56.4
2026-09-16T05:37:13.095Z,23.9,479560,7,0,56.9
2026-09-16T05:37:18.133Z,23.9,473836,7,0,56.4
2026-09-16T05:37:23.172Z,24.0,473992,7,0,55.8
2026-09-16T05:37:28.211Z,24.1,474120,7,0,55.8
2026-09-16T05:37:33.244Z,24.1,474148,7,0,56.4
2026-09-16T05:37:38.275Z,24.0,474152,7,0,56.9
2026-09-16T05:37:43.313Z,23.9,474188,7,0,56.4
2026-09-16T05:37:48.353Z,24.1,472944,7,0,55.8
2026-09-16T05:37:53.401Z,24.2,473080,7,0,55.3
2026-09-16T05:37:58.433Z,24.1,473088,7,0,56.4
2026-09-16T05:38:03.466Z,24.0,473088,7,0,56.9
2026-09-16T05:38:08.497Z,23.9,474548,7,0,56.9
2026-09-16T05:38:13.535Z,23.9,474596,7,0,56.4
2026-09-16T05:38:18.576Z,24.0,475448,7,0,55.8
2026-09-16T05:38:23.614Z,24.1,475672,7,0,55.8
2026-09-16T05:38:28.646Z,24.0,475724,7,0,56.4
2026-09-16T05:38:33.677Z,24.0,476104,7,0,56.9
2026-09-16T05:38:38.710Z,23.9,476104,7,0,56.9
2026-09-16T05:38:43.749Z,23.9,475288,7,0,56.4
2026-09-16T05:38:48.790Z,24.0,475688,7,0,56.4
2026-09-16T05:38:53.820Z,24.1,474676,7,0,56.4
2026-09-16T05:38:58.851Z,24.0,474676,7,0,56.4
2026-09-16T05:39:03.885Z,23.9,474916,7,0,57.5
2026-09-16T05:39:08.926Z,23.9,475244,7,0,56.9
2026-09-16T05:39:13.969Z,24.0,477584,7,0,56.9
2026-09-16T05:39:19.008Z,24.1,470436,7,0,56.4
2026-09-16T05:39:24.040Z,24.1,471764,7,0,55.8
2026-09-16T05:39:29.071Z,24.0,471764,7,0,56.4
2026-09-16T05:39:34.103Z,23.9,472140,7,0,56.9
2026-09-16T05:39:39.141Z,24.0,472152,7,0,55.8
2026-09-16T05:39:44.185Z,24.1,468488,7,0,55.8
2026-09-16T05:39:49.217Z,24.1,468508,7,0,55.8
2026-09-16T05:39:54.250Z,24.0,468508,7,0,56.9
2026-09-16T05:39:59.281Z,23.9,468508,7,0,56.9
2026-09-16T05:40:04.320Z,23.9,468520,7,0,56.9
2026-09-16T05:40:09.358Z,24.0,470164,7,0,56.4
2026-09-16T05:40:14.398Z,24.1,470132,7,0,55.8
2026-09-16T05:40:19.430Z,24.1,470220,7,0,56.4
2026-09-16T05:40:24.463Z,24.0,470220,7,0,56.9
2026-09-16T05:40:29.494Z,23.9,470220,7,0,57.5
2026-09-16T05:40:34.533Z,24.0,471164,7,0,56.4
2026-09-16T05:40:39.574Z,24.1,470928,7,0,55.8
2026-09-16T05:40:44.607Z,24.1,471188,7,0,55.8
2026-09-16T05:40:49.638Z,24.0,471188,7,0,56.9
2026-09-16T05:40:54.670Z,23.9,471188,7,0,56.9
2026-09-16T05:40:59.710Z,23.9,471216,7,0,56.9
2026-09-16T05:41:04.752Z,24.0,471392,7,0,56.4
2026-09-16T05:41:09.795Z,24.1,472740,7,0,55.8
2026-09-16T05:41:14.827Z,24.1,472840,7,0,56.9
2026-09-16T05:41:19.859Z,24.0,472840,7,0,56.9
2026-09-16T05:41:24.891Z,23.9,472844,7,0,56.9
2026-09-16T05:41:29.922Z,23.8,472844,7,0,56.9
2026-09-16T05:41:34.964Z,23.9,474612,7,0,56.4
2026-09-16T05:41:40.007Z,24.0,471112,7,0,55.8
2026-09-16T05:41:45.040Z,24.0,471652,7,0,56.4
2026-09-16T05:41:50.071Z,23.9,471652,7,0,56.9
2026-09-16T05:41:55.102Z,23.9,472028,7,0,56.9
2026-09-16T05:42:00.144Z,23.8,472660,7,0,56.4
2026-09-16T05:42:05.185Z,23.9,468756,7,0,56.4
2026-09-16T05:42:10.226Z,24.0,468808,7,0,55.8
2026-09-16T05:42:15.258Z,24.0,468812,7,0,56.4
2026-09-16T05:42:20.290Z,23.9,468812,7,0,56.9
2026-09-16T05:42:25.321Z,23.8,468900,7,0,56.9
2026-09-16T05:42:30.362Z,23.9,469888,7,0,56.4
2026-09-16T05:42:35.402Z,24.0,470168,7,0,55.8
2026-09-16T05:42:40.433Z,24.0,470684,7,0,55.8
2026-09-16T05:42:45.464Z,23.9,470684,7,0,56.9
2026-09-16T05:42:50.496Z,23.8,470684,7,0,56.9
2026-09-16T05:42:55.537Z,23.8,472180,7,0,56.4
2026-09-16T05:43:00.579Z,23.9,466224,7,0,55.8
2026-09-16T05:43:05.620Z,24.0,466364,7,0,56.4
2026-09-16T05:43:10.654Z,24.0,466368,7,0,56.4
2026-09-16T05:43:15.685Z,23.9,466368,7,0,56.9
2026-09-16T05:43:20.716Z,23.8,466372,7,0,56.9
2026-09-16T05:43:25.762Z,23.9,466680,7,0,55.8
2026-09-16T05:43:30.806Z,24.0,465852,7,0,55.8
2026-09-16T05:43:35.842Z,24.1,468428,7,0,55.3
2026-09-16T05:43:40.873Z,24.0,468428,7,0,56.9
2026-09-16T05:43:45.939Z,23.9,468428,7,0,56.9
2026-09-16T05:43:51.002Z,23.9,468472,7,0,56.4
2026-09-16T05:43:56.043Z,24.0,467684,7,0,56.4
2026-09-16T05:44:01.082Z,24.1,467988,7,0,55.8
2026-09-16T05:44:06.114Z,24.0,468012,7,0,56.9
2026-09-16T05:44:11.145Z,24.0,468016,7,0,56.9
2026-09-16T05:44:16.183Z,23.9,468040,7,0,56.9
2026-09-16T05:44:21.228Z,24.0,468328,7,0,56.4
2026-09-16T05:44:26.271Z,24.1,469364,7,0,55.8
2026-09-16T05:44:31.301Z,24.1,469548,7,0,56.4
2026-09-16T05:44:36.332Z,24.0,469552,7,0,56.9
2026-09-16T05:44:41.364Z,23.9,469552,7,0,56.9
2026-09-16T05:44:46.408Z,24.0,469596,7,0,55.8
2026-09-16T05:44:51.450Z,24.1,469936,7,0,56.4
2026-09-16T05:44:56.481Z,24.1,471672,7,0,56.4
2026-09-16T05:45:01.514Z,24.1,471676,7,0,56.9
2026-09-16T05:45:06.546Z,24.0,471676,7,0,56.9
2026-09-16T05:45:11.584Z,24.0,471784,7,0,56.4
2026-09-16T05:45:16.625Z,24.1,471864,7,0,56.4
2026-09-16T05:45:21.656Z,24.2,471888,7,0,56.4
2026-09-16T05:45:26.687Z,24.1,471888,7,0,56.9
2026-09-16T05:45:31.718Z,24.0,471892,7,0,57.5
2026-09-16T05:45:36.756Z,24.1,470872,7,0,56.9
2026-09-16T05:45:41.801Z,24.1,470948,7,0,55.8
2026-09-16T05:45:46.845Z,24.2,471020,7,0,55.3
2026-09-16T05:45:51.876Z,24.2,471052,7,0,56.9
2026-09-16T05:45:56.909Z,24.1,471052,7,0,56.9
2026-09-16T05:46:01.948Z,24.1,471840,7,0,56.4
2026-09-16T05:46:06.990Z,24.1,469900,7,0,55.8
2026-09-16T05:46:12.029Z,24.2,470132,7,0,55.8
2026-09-16T05:46:17.061Z,24.2,470484,7,0,56.9
2026-09-16T05:46:22.092Z,24.1,470484,7,0,56.9
2026-09-16T05:46:27.133Z,24.1,470904,7,0,56.4
2026-09-16T05:46:32.174Z,24.2,475372,7,0,55.8
2026-09-16T05:46:37.216Z,24.2,472804,7,0,55.8
2026-09-16T05:46:42.248Z,24.2,472856,7,0,56.4
2026-09-16T05:46:47.279Z,24.1,473068,7,0,56.9
2026-09-16T05:46:52.319Z,24.1,473092,7,0,56.9
2026-09-16T05:46:57.358Z,24.2,475076,7,0,55.8
2026-09-16T05:47:02.402Z,24.3,480156,7,0,56.4
2026-09-16T05:47:07.435Z,24.3,480756,7,0,56.4
2026-09-16T05:47:12.466Z,24.2,480756,7,0,56.9
2026-09-16T05:47:17.497Z,24.1,480756,7,0,56.9
2026-09-16T05:47:22.537Z,24.2,480968,7,0,56.4
2026-09-16T05:47:27.576Z,24.2,481408,7,0,54.8
2026-09-16T05:47:32.607Z,24.3,488968,7,0,55.8
2026-09-16T05:47:37.637Z,24.2,488976,7,0,56.4
2026-09-16T05:47:42.669Z,24.2,483732,7,0,56.9
2026-09-16T05:47:47.708Z,24.2,484300,7,0,56.4
2026-09-16T05:47:52.754Z,24.2,484496,7,0,55.8
2026-09-16T05:47:57.794Z,24.3,484700,7,0,55.8
2026-09-16T05:48:02.826Z,24.2,484748,7,0,56.4
2026-09-16T05:48:08.017Z,24.2,484748,7,0,55.8
2026-09-16T05:48:13.063Z,24.1,484996,7,0,56.9
2026-09-16T05:48:18.103Z,24.2,486244,7,0,56.4
2026-09-16T05:48:23.143Z,24.2,486872,7,0,56.4
2026-09-16T05:48:28.175Z,24.3,487016,7,0,55.8
2026-09-16T05:48:33.206Z,24.2,487024,7,0,56.4
2026-09-16T05:48:38.238Z,24.1,487024,7,0,56.9
2026-09-16T05:48:43.270Z,24.1,487064,7,0,57.5
2026-09-16T05:48:48.301Z,24.0,487064,7,0,56.9
2026-09-16T05:48:53.338Z,24.1,488056,7,0,56.4
2026-09-16T05:48:58.377Z,24.1,488096,7,0,55.8
2026-09-16T05:49:03.409Z,24.2,488272,7,0,55.8
2026-09-16T05:49:08.439Z,24.1,488272,7,0,56.9
2026-09-16T05:49:13.470Z,24.0,488272,7,0,57.5
2026-09-16T05:49:18.501Z,24.0,488272,7,0,58.0
2026-09-16T05:49:23.540Z,24.0,489152,7,0,56.9
2026-09-16T05:49:28.581Z,24.1,488584,7,0,55.8
2026-09-16T05:49:33.613Z,24.1,489380,7,0,55.8
2026-09-16T05:49:38.643Z,24.1,489380,7,0,56.4
2026-09-16T05:49:43.674Z,24.0,489768,7,0,57.5
2026-09-16T05:49:48.714Z,24.0,491140,7,0,56.9
2026-09-16T05:49:53.754Z,24.0,489396,7,0,55.8
2026-09-16T05:49:58.801Z,24.1,489936,7,0,55.8
2026-09-16T05:50:03.832Z,24.1,489976,7,0,56.9
2026-09-16T05:50:08.863Z,24.0,489976,7,0,58.0
2026-09-16T05:50:13.896Z,23.9,489980,7,0,57.5
2026-09-16T05:50:18.942Z,23.9,490256,7,0,56.4
2026-09-16T05:50:23.981Z,24.0,490116,7,0,56.4
2026-09-16T05:50:29.020Z,24.1,490344,7,0,55.8
2026-09-16T05:50:34.051Z,24.1,490864,7,0,55.8
2026-09-16T05:50:39.082Z,24.0,490864,7,0,56.4
2026-09-16T05:50:44.113Z,23.9,491240,7,0,56.9
2026-09-16T05:50:49.155Z,24.0,489584,7,0,55.8
2026-09-16T05:50:54.201Z,24.0,491432,7,0,55.8
2026-09-16T05:50:59.232Z,24.1,486316,7,0,55.8
2026-09-16T05:51:04.263Z,24.0,486320,7,0,56.9
2026-09-16T05:51:09.298Z,24.0,486320,7,0,56.9
2026-09-16T05:51:14.339Z,24.0,486668,7,0,55.8
2026-09-16T05:51:19.378Z,24.1,486684,7,0,56.4
2026-09-16T05:51:24.415Z,24.1,487100,7,0,55.8
2026-09-16T05:51:29.446Z,24.1,487104,7,0,55.8
2026-09-16T05:51:34.477Z,24.0,486692,7,0,56.9
2026-09-16T05:51:39.516Z,24.0,486696,7,0,56.4
2026-09-16T05:51:44.554Z,24.1,486764,7,0,56.4
2026-09-16T05:51:49.592Z,24.1,486812,7,0,55.8
2026-09-16T05:51:54.624Z,24.1,486816,7,0,56.9
2026-09-16T05:51:59.656Z,24.1,486816,7,0,56.9
2026-09-16T05:52:04.696Z,24.1,487044,7,0,55.8
2026-09-16T05:52:09.735Z,24.1,486904,7,0,55.8
2026-09-16T05:52:14.774Z,24.2,486940,7,0,55.8
2026-09-16T05:52:19.805Z,24.2,486956,7,0,56.4
2026-09-16T05:52:24.836Z,24.1,486956,7,0,56.4
2026-09-16T05:52:29.875Z,24.1,486968,7,0,55.8
2026-09-16T05:52:34.913Z,24.1,487464,7,0,55.8
2026-09-16T05:52:39.955Z,24.2,486896,7,0,55.8
2026-09-16T05:52:44.985Z,24.2,486928,7,0,56.4
2026-09-16T05:52:50.016Z,24.1,486928,7,0,56.9
2026-09-16T05:52:55.047Z,24.1,486928,7,0,56.9
2026-09-16T05:53:00.085Z,24.0,486928,7,0,57.5
2026-09-16T05:53:05.126Z,24.1,487896,7,0,56.4
2026-09-16T05:53:10.167Z,24.1,483860,7,0,55.8
2026-09-16T05:53:15.198Z,24.1,484144,7,0,55.8
2026-09-16T05:53:20.229Z,24.1,484144,7,0,56.9
2026-09-16T05:53:25.262Z,24.0,484520,7,0,56.9
2026-09-16T05:53:30.306Z,24.1,484528,7,0,56.4
2026-09-16T05:53:35.346Z,24.1,485028,7,0,55.8
2026-09-16T05:53:40.377Z,24.1,485248,7,0,55.8
2026-09-16T05:53:45.409Z,24.1,485256,7,0,56.9
2026-09-16T05:53:50.441Z,24.0,485256,7,0,56.9
2026-09-16T05:53:55.484Z,24.0,485352,7,0,56.4
2026-09-16T05:54:00.521Z,24.1,485692,7,0,55.8
2026-09-16T05:54:05.562Z,24.1,484204,7,0,55.3
2026-09-16T05:54:10.593Z,24.1,484268,7,0,56.4
2026-09-16T05:54:15.624Z,24.0,484272,7,0,56.9
2026-09-16T05:54:20.665Z,24.0,484340,7,0,56.4
2026-09-16T05:54:25.707Z,24.1,484468,7,0,55.8
2026-09-16T05:54:30.755Z,24.1,484496,7,0,55.8
2026-09-16T05:54:35.790Z,24.1,484804,7,0,56.4
2026-09-16T05:54:40.822Z,24.1,484804,7,0,56.4
2026-09-16T05:54:45.861Z,24.0,485208,7,0,56.9
2026-09-16T05:54:50.901Z,24.1,484704,7,0,56.4
2026-09-16T05:54:55.942Z,24.1,484772,7,0,55.8
2026-09-16T05:55:00.974Z,24.1,484780,7,0,56.4
2026-09-16T05:55:06.005Z,24.1,484780,7,0,56.9
2026-09-16T05:55:11.036Z,24.0,484780,7,0,56.9
2026-09-16T05:55:16.073Z,24.1,485764,7,0,56.4
2026-09-16T05:55:21.113Z,24.1,485892,7,0,55.8
2026-09-16T05:55:26.148Z,24.2,486184,7,0,55.8
2026-09-16T05:55:31.181Z,24.1,486184,7,0,56.9
2026-09-16T05:55:36.212Z,24.1,486184,7,0,56.9
2026-09-16T05:55:41.255Z,24.0,486236,7,0,56.9
2026-09-16T05:55:46.295Z,24.1,486300,7,0,55.8
2026-09-16T05:55:51.338Z,24.1,486280,7,0,55.8
2026-09-16T05:55:56.370Z,24.1,487108,7,0,56.9
2026-09-16T05:56:01.400Z,24.1,487484,7,0,56.9
2026-09-16T05:56:06.431Z,24.0,487484,7,0,56.9
2026-09-16T05:56:11.474Z,24.0,488256,7,0,56.9
2026-09-16T05:56:16.512Z,24.1,484824,7,0,55.8
2026-09-16T05:56:21.552Z,24.1,485316,7,0,55.8
2026-09-16T05:56:26.585Z,24.1,485540,7,0,55.8
2026-09-16T05:56:31.616Z,24.1,485916,7,0,56.9
2026-09-16T05:56:36.654Z,24.0,485916,7,0,57.5
2026-09-16T05:56:41.695Z,24.1,486320,7,0,55.8
2026-09-16T05:56:46.735Z,24.1,483040,7,0,55.8
2026-09-16T05:56:51.766Z,24.1,483044,7,0,55.8
2026-09-16T05:56:56.797Z,24.1,483044,7,0,56.9
2026-09-16T05:57:01.828Z,24.0,483044,7,0,56.9
2026-09-16T05:57:06.867Z,24.0,483052,7,0,56.9
2026-09-16T05:57:11.907Z,24.0,483696,7,0,55.8
2026-09-16T05:57:16.946Z,24.1,480028,7,0,55.8
2026-09-16T05:57:21.978Z,24.1,480128,7,0,55.8
2026-09-16T05:57:27.010Z,24.1,480128,7,0,56.9
2026-09-16T05:57:32.041Z,24.0,480128,7,0,56.9
2026-09-16T05:57:37.084Z,24.1,480232,7,0,55.8
2026-09-16T05:57:42.127Z,24.1,483848,7,0,55.8
2026-09-16T05:57:47.159Z,24.2,482676,7,0,56.4
2026-09-16T05:57:52.189Z,24.1,482676,7,0,56.9
2026-09-16T05:57:57.222Z,24.1,482680,7,0,56.9
2026-09-16T05:58:02.262Z,24.0,482684,7,0,56.4
2026-09-16T05:58:07.307Z,24.1,482892,7,0,55.8
2026-09-16T05:58:12.347Z,24.1,483036,7,0,55.8
2026-09-16T05:58:17.378Z,24.1,481152,7,0,55.8
2026-09-16T05:58:22.410Z,24.1,481152,7,0,56.4
2026-09-16T05:58:27.441Z,24.0,481180,7,0,56.9
2026-09-16T05:58:32.479Z,24.1,481408,7,0,55.8
2026-09-16T05:58:37.522Z,24.1,482156,7,0,55.8
2026-09-16T05:58:42.554Z,24.1,482356,7,0,55.3
2026-09-16T05:58:47.584Z,24.1,482360,7,0,55.8
2026-09-16T05:58:52.615Z,24.0,482364,7,0,56.9
2026-09-16T05:58:57.648Z,24.0,482364,7,0,56.9
2026-09-16T05:59:02.687Z,24.0,482508,7,0,56.4
2026-09-16T05:59:07.726Z,24.1,484716,7,0,55.8
2026-09-16T05:59:12.758Z,24.1,478740,7,0,55.8
2026-09-16T05:59:17.790Z,24.1,478740,7,0,56.9
2026-09-16T05:59:22.820Z,24.0,478740,7,0,56.9
2026-09-16T05:59:27.851Z,24.0,478740,7,0,56.9
2026-09-16T05:59:32.892Z,24.0,478896,7,0,56.4
2026-09-16T05:59:37.931Z,24.0,479120,7,0,55.8
2026-09-16T05:59:42.964Z,24.1,479280,7,0,55.8
2026-09-16T05:59:47.996Z,24.1,479720,7,0,55.8
2026-09-16T05:59:53.028Z,24.0,479724,7,0,56.9
2026-09-16T05:59:58.067Z,24.0,479760,7,0,56.9
2026-09-16T06:00:03.109Z,24.0,479992,7,0,56.4
2026-09-16T06:00:08.152Z,24.1,483236,7,0,55.8
2026-09-16T06:00:13.184Z,24.1,481488,7,0,55.8
2026-09-16T06:00:18.216Z,24.0,481488,7,0,56.9
2026-09-16T06:00:23.247Z,24.0,481496,7,0,56.9
2026-09-16T06:00:28.298Z,24.0,481720,7,0,56.4
2026-09-16T06:00:33.337Z,24.0,481996,7,0,55.8
2026-09-16T06:00:38.379Z,24.1,482116,7,0,55.8
2026-09-16T06:00:43.410Z,24.1,482180,7,0,56.4
2026-09-16T06:00:48.442Z,24.0,482180,7,0,56.4
2026-09-16T06:00:53.474Z,24.0,482180,7,0,56.9
2026-09-16T06:00:58.514Z,24.0,482228,7,0,56.9
2026-09-16T06:01:03.553Z,24.0,482272,7,0,55.8
2026-09-16T06:01:08.592Z,24.1,482668,7,0,55.8
2026-09-16T06:01:13.624Z,24.1,482692,7,0,56.4
2026-09-16T06:01:18.655Z,24.0,482692,7,0,56.4
2026-09-16T06:01:23.686Z,24.0,482692,7,0,56.9
2026-09-16T06:01:28.725Z,24.0,482752,7,0,55.8
2026-09-16T06:01:33.764Z,24.1,483136,7,0,55.8
2026-09-16T06:01:38.795Z,24.1,482764,7,0,55.8
2026-09-16T06:01:43.827Z,24.0,482768,7,0,56.9
2026-09-16T06:01:48.860Z,24.0,482768,7,0,56.9
2026-09-16T06:01:53.898Z,24.0,482800,7,0,56.4
2026-09-16T06:01:58.940Z,24.0,483896,7,0,55.8
2026-09-16T06:02:03.979Z,24.1,484244,7,0,55.8
2026-09-16T06:02:09.011Z,24.0,484328,7,0,56.4
2026-09-16T06:02:14.042Z,24.0,483140,7,0,56.9
2026-09-16T06:02:19.074Z,24.0,483476,7,0,56.9
2026-09-16T06:02:24.113Z,24.0,483808,7,0,55.8
2026-09-16T06:02:29.154Z,24.0,489852,7,0,55.8
2026-09-16T06:02:34.194Z,24.1,484260,7,0,55.8
2026-09-16T06:02:39.226Z,24.0,484428,7,0,56.4
2026-09-16T06:02:44.258Z,24.0,484804,7,0,56.9
2026-09-16T06:02:49.301Z,24.0,484932,7,0,56.9
2026-09-16T06:02:54.339Z,24.0,486588,7,0,55.8
2026-09-16T06:02:59.381Z,24.0,483616,7,0,55.8
2026-09-16T06:03:04.413Z,24.0,483948,7,0,55.8
2026-09-16T06:03:09.444Z,24.0,483948,7,0,56.4
2026-09-16T06:03:14.476Z,24.0,484324,7,0,57.5
2026-09-16T06:03:19.519Z,24.0,484336,7,0,56.4
2026-09-16T06:03:24.559Z,24.0,483404,7,0,56.4
2026-09-16T06:03:29.591Z,24.1,483428,7,0,55.8
2026-09-16T06:03:34.623Z,24.0,483428,7,0,56.4
2026-09-16T06:03:39.654Z,24.0,483428,7,0,56.9
2026-09-16T06:03:44.693Z,24.0,484084,7,0,56.4
2026-09-16T06:03:49.734Z,24.0,487160,7,0,55.8
2026-09-16T06:03:54.773Z,24.1,482768,7,0,55.8
2026-09-16T06:03:59.805Z,24.1,482780,7,0,56.9
2026-09-16T06:04:04.837Z,24.0,482780,7,0,56.9
2026-09-16T06:04:09.877Z,24.0,482788,7,0,56.9
2026-09-16T06:04:14.917Z,24.0,482852,7,0,55.8
2026-09-16T06:04:19.958Z,24.1,483820,7,0,55.8
2026-09-16T06:04:24.990Z,24.1,483192,7,0,55.8
2026-09-16T06:04:30.022Z,24.1,483196,7,0,56.4
2026-09-16T06:04:35.053Z,24.0,483200,7,0,56.9
2026-09-16T06:04:40.091Z,24.0,483504,7,0,56.4
2026-09-16T06:04:45.132Z,24.1,483516,7,0,55.8
2026-09-16T06:04:50.168Z,24.1,483408,7,0,55.8
2026-09-16T06:04:55.200Z,24.1,483408,7,0,56.4
2026-09-16T06:05:00.231Z,24.0,483408,7,0,56.9
2026-09-16T06:05:05.263Z,24.0,483408,7,0,56.9
2026-09-16T06:05:10.301Z,24.0,483452,7,0,56.4
2026-09-16T06:05:15.343Z,24.1,483548,7,0,55.8
2026-09-16T06:05:20.374Z,24.1,482976,7,0,55.8
2026-09-16T06:05:25.405Z,24.1,482976,7,0,56.9
2026-09-16T06:05:30.437Z,24.0,482976,7,0,56.9
2026-09-16T06:05:35.481Z,24.0,482980,7,0,56.9
2026-09-16T06:05:40.520Z,24.1,483028,7,0,56.4
2026-09-16T06:05:45.564Z,24.1,483272,7,0,55.8
2026-09-16T06:05:50.596Z,24.1,482856,7,0,55.8
2026-09-16T06:05:55.628Z,24.1,482856,7,0,56.9
2026-09-16T06:06:00.659Z,24.0,482856,7,0,56.9
2026-09-16T06:06:05.699Z,24.0,489500,7,0,56.9
2026-09-16T06:06:10.739Z,24.1,489804,7,0,55.8
2026-09-16T06:06:15.780Z,24.1,490320,7,0,56.4
2026-09-16T06:06:20.812Z,24.1,486420,7,0,56.9
2026-09-16T06:06:25.846Z,24.1,486420,7,0,56.9
2026-09-16T06:06:30.887Z,24.0,486440,7,0,56.4
2026-09-16T06:06:35.927Z,24.1,486488,7,0,56.4
2026-09-16T06:06:40.966Z,24.1,486552,7,0,55.8
2026-09-16T06:06:45.997Z,24.1,486848,7,0,56.4
2026-09-16T06:06:51.033Z,24.1,486892,7,0,56.9
2026-09-16T06:06:56.077Z,24.1,486892,7,0,56.9
2026-09-16T06:07:01.117Z,24.1,486504,7,0,55.8
2026-09-16T06:07:06.157Z,24.1,486680,7,0,55.8
2026-09-16T06:07:11.189Z,24.2,488132,7,0,55.8
2026-09-16T06:07:16.221Z,24.1,481884,7,0,56.9
2026-09-16T06:07:21.254Z,24.1,481900,7,0,58.0
2026-09-16T06:07:26.286Z,24.0,481900,7,0,56.9
2026-09-16T06:07:31.317Z,24.0,481904,7,0,58.0
2026-09-16T06:07:36.352Z,24.0,481912,7,0,58.0
2026-09-16T06:07:41.390Z,23.9,482432,7,0,56.9
2026-09-16T06:07:46.445Z,24.0,482320,7,0,56.9
2026-09-16T06:07:51.486Z,24.0,485784,7,0,55.8
2026-09-16T06:07:56.518Z,24.0,484296,7,0,56.4
2026-09-16T06:08:01.549Z,24.0,484304,7,0,56.9
2026-09-16T06:08:06.581Z,24.0,484304,7,0,57.5
2026-09-16T06:08:11.619Z,24.0,484352,7,0,56.9
2026-09-16T06:08:16.660Z,24.0,484364,7,0,55.8
2026-09-16T06:08:21.699Z,24.1,482812,7,0,55.8
2026-09-16T06:08:26.730Z,24.0,482944,7,0,56.9
2026-09-16T06:08:31.761Z,24.0,482948,7,0,56.9
2026-09-16T06:08:36.801Z,24.0,482988,7,0,56.9
2026-09-16T06:08:41.838Z,24.0,484260,7,0,56.4
2026-09-16T06:08:46.879Z,24.0,482936,7,0,55.8
2026-09-16T06:08:51.910Z,24.0,482980,7,0,55.8
2026-09-16T06:08:56.941Z,24.0,482980,7,0,56.9
2026-09-16T06:09:01.971Z,24.0,483356,7,0,56.9
2026-09-16T06:09:07.012Z,24.0,483476,7,0,56.4
2026-09-16T06:09:12.053Z,24.0,484120,7,0,56.4
2026-09-16T06:09:17.101Z,24.1,483644,7,0,55.8
2026-09-16T06:09:22.133Z,24.0,483652,7,0,56.4
2026-09-16T06:09:27.165Z,24.0,483652,7,0,56.9
2026-09-16T06:09:32.197Z,24.0,483652,7,0,56.9
2026-09-16T06:09:37.236Z,24.0,483760,7,0,56.4
2026-09-16T06:09:42.277Z,24.0,496784,7,0,56.4
2026-09-16T06:09:47.317Z,24.1,485660,7,0,55.8
2026-09-16T06:09:52.349Z,24.0,485664,7,0,56.9
2026-09-16T06:09:57.380Z,24.0,485664,7,0,56.9
2026-09-16T06:10:02.423Z,24.0,485664,7,0,56.9
2026-09-16T06:10:07.462Z,24.0,485732,7,0,56.4
2026-09-16T06:10:12.500Z,24.0,486896,7,0,55.8
2026-09-16T06:10:17.532Z,24.1,486016,7,0,56.9
2026-09-16T06:10:22.563Z,24.0,486024,7,0,56.9
2026-09-16T06:10:27.622Z,24.0,486024,7,0,56.9
2026-09-16T06:10:32.662Z,24.0,486056,7,0,56.4
2026-09-16T06:10:37.702Z,24.0,486140,7,0,55.8
2026-09-16T06:10:42.734Z,24.1,486216,7,0,55.8
2026-09-16T06:10:47.765Z,24.0,486216,7,0,57.5
2026-09-16T06:10:52.796Z,24.0,486312,7,0,56.4
2026-09-16T06:10:57.836Z,24.0,486388,7,0,55.8
2026-09-16T06:11:02.875Z,24.0,486756,7,0,56.4
2026-09-16T06:11:07.915Z,24.1,486164,7,0,56.4
2026-09-16T06:11:12.948Z,24.0,486164,7,0,56.9
2026-09-16T06:11:17.979Z,24.0,486164,7,0,56.9
2026-09-16T06:11:23.011Z,24.0,486452,7,0,56.9
2026-09-16T06:11:28.052Z,24.0,488256,7,0,55.8
2026-09-16T06:11:33.090Z,24.0,485716,7,0,55.8
2026-09-16T06:11:38.121Z,24.1,486600,7,0,55.8
2026-09-16T06:11:43.152Z,24.0,486976,7,0,56.9
2026-09-16T06:11:48.183Z,24.0,486976,7,0,56.9
2026-09-16T06:11:53.223Z,24.0,487568,7,0,56.4
2026-09-16T06:11:58.260Z,24.0,480940,7,0,55.8
2026-09-16T06:12:03.302Z,24.0,480984,7,0,55.8
2026-09-16T06:12:08.333Z,24.0,481352,7,0,56.4
2026-09-16T06:12:13.369Z,24.0,481728,7,0,56.9
2026-09-16T06:12:18.401Z,24.0,481728,7,0,56.9
2026-09-16T06:12:23.442Z,24.0,482544,7,0,56.9
2026-09-16T06:12:28.486Z,24.0,482916,7,0,56.4
2026-09-16T06:12:33.525Z,24.1,482900,7,0,55.8
2026-09-16T06:12:38.556Z,24.0,482904,7,0,56.9
2026-09-16T06:12:43.587Z,24.0,482904,7,0,56.9
2026-09-16T06:12:48.618Z,24.0,482904,7,0,56.9
2026-09-16T06:12:53.657Z,24.0,482936,7,0,56.4
2026-09-16T06:12:58.699Z,24.0,483120,7,0,56.4
2026-09-16T06:13:03.730Z,24.1,483208,7,0,55.8
2026-09-16T06:13:08.761Z,24.0,483212,7,0,56.9
2026-09-16T06:13:13.792Z,24.0,483216,7,0,56.9
2026-09-16T06:13:18.833Z,24.0,483240,7,0,56.4
2026-09-16T06:13:23.874Z,24.0,483268,7,0,55.8
2026-09-16T06:13:28.915Z,24.1,483536,7,0,55.8
2026-09-16T06:13:33.948Z,24.0,482108,7,0,56.4
2026-09-16T06:13:38.980Z,24.0,482112,7,0,56.9
2026-09-16T06:13:44.020Z,24.0,482268,7,0,56.9
2026-09-16T06:13:49.061Z,24.0,482416,7,0,55.8
2026-09-16T06:13:54.100Z,24.1,482700,7,0,55.8
2026-09-16T06:13:59.131Z,24.0,482728,7,0,56.9
2026-09-16T06:14:04.162Z,24.0,482728,7,0,56.9
2026-09-16T06:14:09.193Z,24.0,482728,7,0,56.9
2026-09-16T06:14:14.231Z,24.0,482856,7,0,56.4
2026-09-16T06:14:19.273Z,24.0,484776,7,0,56.4
2026-09-16T06:14:24.306Z,24.1,482228,7,0,56.4
2026-09-16T06:14:29.336Z,24.0,482228,7,0,56.9
2026-09-16T06:14:34.368Z,24.0,482228,7,0,56.9
2026-09-16T06:14:39.406Z,24.0,482228,7,0,56.4
2026-09-16T06:14:44.445Z,24.0,482404,7,0,56.4
2026-09-16T06:14:49.483Z,24.0,481696,7,0,55.8
2026-09-16T06:14:54.516Z,24.0,481740,7,0,55.8
2026-09-16T06:14:59.547Z,24.0,481740,7,0,56.9
2026-09-16T06:15:04.577Z,24.0,481740,7,0,57.5
2026-09-16T06:15:09.622Z,24.0,481756,7,0,56.4
2026-09-16T06:15:14.661Z,24.0,481348,7,0,56.4
2026-09-16T06:15:19.693Z,24.1,481392,7,0,55.8
2026-09-16T06:15:24.724Z,24.0,481392,7,0,56.9
2026-09-16T06:15:29.756Z,24.0,481392,7,0,56.9
2026-09-16T06:15:34.794Z,24.0,481396,7,0,56.9
2026-09-16T06:15:39.841Z,24.0,482028,7,0,56.4
2026-09-16T06:15:44.883Z,24.0,481384,7,0,56.4
2026-09-16T06:15:49.917Z,24.1,481448,7,0,56.4
2026-09-16T06:15:54.948Z,24.0,481448,7,0,56.9
2026-09-16T06:15:59.980Z,24.0,481448,7,0,56.9
2026-09-16T06:16:05.018Z,24.0,482276,7,0,56.4
2026-09-16T06:16:10.057Z,24.0,480668,7,0,55.8
2026-09-16T06:16:15.089Z,24.1,480732,7,0,56.4
2026-09-16T06:16:20.120Z,24.0,480732,7,0,56.4
2026-09-16T06:16:25.151Z,24.0,480732,7,0,56.9
2026-09-16T06:16:30.193Z,24.0,480956,7,0,55.8
2026-09-16T06:16:35.233Z,24.0,483052,7,0,55.8
2026-09-16T06:16:40.270Z,24.1,480492,7,0,55.8
2026-09-16T06:16:45.301Z,24.0,480496,7,0,56.9
2026-09-16T06:16:50.332Z,24.0,482064,7,0,56.9
2026-09-16T06:16:55.371Z,24.0,482124,7,0,56.4
2026-09-16T06:17:00.411Z,24.0,482252,7,0,56.4
2026-09-16T06:17:05.456Z,24.1,481836,7,0,55.8
2026-09-16T06:17:10.491Z,24.1,481856,7,0,56.4
2026-09-16T06:17:15.523Z,24.0,481860,7,0,56.9
2026-09-16T06:17:20.562Z,24.0,482084,7,0,56.9
2026-09-16T06:17:25.602Z,24.0,482144,7,0,56.4
2026-09-16T06:17:30.645Z,24.1,482020,7,0,55.8
2026-09-16T06:17:35.676Z,24.1,482052,7,0,56.9
2026-09-16T06:17:40.707Z,24.0,482052,7,0,56.9
2026-09-16T06:17:45.747Z,24.0,482052,7,0,57.5
2026-09-16T06:17:50.789Z,24.0,482060,7,0,55.8
2026-09-16T06:17:55.828Z,24.1,481240,7,0,55.8
2026-09-16T06:18:00.860Z,24.1,481112,7,0,55.8
2026-09-16T06:18:05.891Z,24.1,481112,7,0,56.4
2026-09-16T06:18:10.923Z,24.0,481112,7,0,56.9
2026-09-16T06:18:15.961Z,24.0,481148,7,0,56.4
2026-09-16T06:18:21.002Z,24.0,481284,7,0,55.8
2026-09-16T06:18:26.042Z,24.1,481580,7,0,56.4
2026-09-16T06:18:31.073Z,24.1,481304,7,0,56.9
2026-09-16T06:18:36.104Z,24.1,481420,7,0,56.9
2026-09-16T06:18:41.136Z,24.0,481424,7,0,56.9
2026-09-16T06:18:46.176Z,24.1,481516,7,0,56.4
2026-09-16T06:18:51.216Z,24.1,481624,7,0,55.8
2026-09-16T06:18:56.248Z,24.1,483892,7,0,55.8
2026-09-16T06:19:01.280Z,24.1,483900,7,0,56.9
2026-09-16T06:19:06.311Z,24.1,483900,7,0,57.5
2026-09-16T06:19:11.355Z,24.1,481024,7,0,56.4
2026-09-16T06:19:16.396Z,24.1,481204,7,0,55.8
2026-09-16T06:19:21.436Z,24.1,481328,7,0,55.8
2026-09-16T06:19:26.473Z,24.1,479872,7,0,56.9
2026-09-16T06:19:31.504Z,24.1,479876,7,0,56.9
2026-09-16T06:19:36.565Z,24.1,480248,7,0,56.4
2026-09-16T06:19:41.605Z,24.1,478812,7,0,55.8
2026-09-16T06:19:46.646Z,24.1,478860,7,0,55.8
2026-09-16T06:19:51.678Z,24.1,478932,7,0,55.8
2026-09-16T06:19:56.710Z,24.1,478932,7,0,56.9
2026-09-16T06:20:01.742Z,24.1,478940,7,0,56.9
2026-09-16T06:20:06.780Z,24.0,479088,7,0,56.9
2026-09-16T06:20:11.823Z,24.1,478704,7,0,55.8
2026-09-16T06:20:16.865Z,24.1,478892,7,0,55.8
2026-09-16T06:20:21.897Z,24.1,478940,7,0,55.8
2026-09-16T06:20:26.929Z,24.1,478940,7,0,56.9
2026-09-16T06:20:31.960Z,24.1,478940,7,0,56.9
2026-09-16T06:20:37.006Z,24.1,481252,7,0,55.8
2026-09-16T06:20:42.046Z,24.1,480052,7,0,55.8
2026-09-16T06:20:47.083Z,24.1,480596,7,0,55.8
2026-09-16T06:20:52.114Z,24.1,480596,7,0,56.4
2026-09-16T06:20:57.147Z,24.1,480596,7,0,56.9
2026-09-16T06:21:02.186Z,24.1,480604,7,0,56.4
2026-09-16T06:21:07.228Z,24.1,480640,7,0,55.8
2026-09-16T06:21:12.267Z,24.1,482632,7,0,56.4
2026-09-16T06:21:17.297Z,24.1,481576,7,0,55.8
2026-09-16T06:21:22.328Z,24.1,481576,7,0,56.9
2026-09-16T06:21:27.360Z,24.1,481576,7,0,56.9
2026-09-16T06:21:32.397Z,24.1,481900,7,0,56.4
2026-09-16T06:21:37.437Z,24.1,482800,7,0,55.8
2026-09-16T06:21:42.470Z,24.1,481100,7,0,55.8
2026-09-16T06:21:47.501Z,24.1,481100,7,0,56.9
2026-09-16T06:21:52.533Z,24.1,481100,7,0,56.9
2026-09-16T06:21:57.572Z,24.1,481108,7,0,56.9
2026-09-16T06:22:02.613Z,24.1,481140,7,0,55.8
2026-09-16T06:22:07.650Z,24.1,483336,7,0,55.3
2026-09-16T06:22:12.682Z,24.1,483692,7,0,56.4
2026-09-16T06:22:17.713Z,24.1,483700,7,0,57.5
2026-09-16T06:22:22.752Z,24.1,481648,7,0,56.9
2026-09-16T06:22:27.793Z,24.1,481772,7,0,55.8
2026-09-16T06:22:32.834Z,24.1,481804,7,0,55.3
2026-09-16T06:22:37.866Z,24.1,481836,7,0,56.4
2026-09-16T06:22:42.897Z,24.1,481836,7,0,56.4
2026-09-16T06:22:47.936Z,24.1,481860,7,0,56.4
2026-09-16T06:22:52.976Z,24.1,481744,7,0,56.4
2026-09-16T06:22:58.015Z,24.1,481812,7,0,55.3
2026-09-16T06:23:03.047Z,24.1,481820,7,0,55.8
2026-09-16T06:23:08.079Z,24.1,481820,7,0,56.4
2026-09-16T06:23:13.110Z,24.1,481820,7,0,56.9
2026-09-16T06:23:18.149Z,24.1,481836,7,0,56.4
2026-09-16T06:23:23.197Z,24.1,481900,7,0,55.8
2026-09-16T06:23:28.230Z,24.2,482088,7,0,56.4
2026-09-16T06:23:33.262Z,24.1,482088,7,0,56.4
2026-09-16T06:23:38.293Z,24.1,482088,7,0,56.9
2026-09-16T06:23:43.334Z,24.1,482088,7,0,56.9
2026-09-16T06:23:48.375Z,24.1,482516,7,0,55.8
2026-09-16T06:23:53.413Z,24.1,481964,7,0,55.8
2026-09-16T06:23:58.445Z,24.1,481980,7,0,55.8
2026-09-16T06:24:03.476Z,24.1,482028,7,0,56.4
2026-09-16T06:24:08.508Z,24.1,482028,7,0,56.9
2026-09-16T06:24:13.545Z,24.1,482404,7,0,55.8
2026-09-16T06:24:18.585Z,24.1,482416,7,0,55.8
2026-09-16T06:24:23.620Z,24.2,481792,7,0,55.8
2026-09-16T06:24:28.652Z,24.1,481792,7,0,55.8
2026-09-16T06:24:33.684Z,24.1,481792,7,0,56.9
2026-09-16T06:24:38.723Z,24.1,481800,7,0,56.4
2026-09-16T06:24:43.765Z,24.1,481852,7,0,56.4
2026-09-16T06:24:48.804Z,24.1,481896,7,0,55.8
2026-09-16T06:24:53.835Z,24.2,481712,7,0,55.8
2026-09-16T06:24:58.867Z,24.1,481716,7,0,56.9
2026-09-16T06:25:03.907Z,24.1,481724,7,0,56.9
2026-09-16T06:25:08.947Z,24.1,481728,7,0,56.4
2026-09-16T06:25:13.986Z,24.2,481736,7,0,55.8
2026-09-16T06:25:19.018Z,24.2,481752,7,0,55.8
2026-09-16T06:25:24.050Z,24.1,481760,7,0,56.4
2026-09-16T06:25:29.081Z,24.1,481760,7,0,56.9
2026-09-16T06:25:34.119Z,24.1,481148,7,0,55.8
2026-09-16T06:25:39.158Z,24.2,481152,7,0,55.8
2026-09-16T06:25:44.190Z,24.2,481160,7,0,55.8
2026-09-16T06:25:49.221Z,24.1,481160,7,0,56.9
2026-09-16T06:25:54.253Z,24.1,481160,7,0,56.9
2026-09-16T06:25:59.293Z,24.1,481284,7,0,56.4
2026-09-16T06:26:04.331Z,24.2,480844,7,0,55.8
2026-09-16T06:26:09.363Z,24.2,480908,7,0,55.8
2026-09-16T06:26:14.480Z,24.2,480912,7,0,56.4
2026-09-16T06:26:19.511Z,24.1,480912,7,0,56.4
2026-09-16T06:26:24.578Z,24.1,480912,7,0,56.9
2026-09-16T06:26:29.617Z,24.1,480928,7,0,56.9
2026-09-16T06:26:34.657Z,32.2,82780,7,0,55.8
2026-09-16T06:26:39.700Z,41.2,109484,7,0,55.3
2026-09-16T06:26:44.739Z,41.2,121644,7,0,54.8
2026-09-16T06:26:49.771Z,32.5,123960,7,0,55.8
2026-09-16T06:26:54.803Z,25.8,124624,7,0,56.4
2026-09-16T06:26:59.834Z,21.4,124628,7,0,56.9
2026-09-16T06:27:04.876Z,24.7,137856,7,0,55.8
2026-09-16T06:27:09.921Z,28.0,152256,7,0,55.3
2026-09-16T06:27:14.953Z,29.8,169156,7,0,55.8
2026-09-16T06:27:19.984Z,26.8,169164,7,0,56.9
2026-09-16T06:27:25.015Z,24.4,170072,7,0,56.9
2026-09-16T06:27:30.057Z,24.9,176568,7,0,56.4
2026-09-16T06:27:35.110Z,26.5,186936,7,0,55.8
2026-09-16T06:27:40.149Z,27.9,196736,7,0,55.8
2026-09-16T06:27:45.180Z,26.2,197836,7,0,56.4
2026-09-16T06:27:50.211Z,24.6,197836,7,0,56.4
2026-09-16T06:27:55.250Z,23.8,201496,7,0,56.9
2026-09-16T06:28:00.289Z,25.3,215980,7,0,55.8
2026-09-16T06:28:05.329Z,26.6,231412,7,0,55.8
2026-09-16T06:28:10.361Z,26.5,238316,7,0,55.8
2026-09-16T06:28:15.392Z,25.3,238928,7,0,56.4
2026-09-16T06:28:20.423Z,24.1,238936,7,0,56.9
2026-09-16T06:28:25.463Z,25.1,249568,7,0,56.4
2026-09-16T06:28:30.503Z,26.0,259732,7,0,55.8
2026-09-16T06:28:35.535Z,26.3,267736,7,0,56.4
2026-09-16T06:28:40.567Z,25.3,267832,7,0,56.9
2026-09-16T06:28:45.598Z,24.4,268452,7,0,56.9
2026-09-16T06:28:50.639Z,24.8,276048,7,0,55.8
2026-09-16T06:28:55.680Z,25.6,287448,7,0,55.8
2026-09-16T06:29:00.720Z,26.5,301252,7,0,54.8
2026-09-16T06:29:05.751Z,25.6,302004,7,0,56.4
2026-09-16T06:29:10.782Z,24.9,313724,7,0,56.4
2026-09-16T06:29:15.821Z,24.9,320296,7,0,56.4
2026-09-16T06:29:20.861Z,25.7,343348,7,0,55.8
2026-09-16T06:29:25.902Z,26.5,354800,7,0,55.8
2026-09-16T06:29:30.933Z,26.0,368552,7,0,55.8
2026-09-16T06:29:35.964Z,25.3,369168,7,0,56.9
2026-09-16T06:29:40.996Z,24.7,379312,7,0,56.9
2026-09-16T06:29:46.034Z,25.4,390916,7,0,55.8
2026-09-16T06:29:51.081Z,26.0,404336,7,0,55.8
2026-09-16T06:29:56.113Z,26.3,413532,7,0,55.8
2026-09-16T06:30:01.144Z,25.7,413540,7,0,56.4
2026-09-16T06:30:06.176Z,25.1,414184,7,0,56.4
2026-09-16T06:30:11.215Z,25.4,422704,7,0,55.8
2026-09-16T06:30:16.254Z,25.9,433936,7,0,55.8
2026-09-16T06:30:21.287Z,26.3,443912,7,0,55.3
2026-09-16T06:30:26.320Z,25.8,444536,7,0,56.4
2026-09-16T06:30:31.351Z,25.3,445580,7,0,56.9
2026-09-16T06:30:36.391Z,25.0,449532,7,0,56.4
2026-09-16T06:30:41.429Z,25.5,463948,7,0,55.8
2026-09-16T06:30:46.469Z,25.9,468164,7,0,55.8
2026-09-16T06:30:51.501Z,25.8,468496,7,0,55.8
2026-09-16T06:30:56.532Z,25.3,468512,7,0,56.9
2026-09-16T06:31:01.563Z,24.9,468512,7,0,56.9
2026-09-16T06:31:06.604Z,25.3,471388,7,0,55.3
2026-09-16T06:31:11.642Z,25.6,472000,7,0,55.8
2026-09-16T06:31:16.674Z,25.8,472488,7,0,55.8
2026-09-16T06:31:21.705Z,25.3,472492,7,0,56.4
2026-09-16T06:31:26.737Z,24.9,472500,7,0,56.9
2026-09-16T06:31:31.793Z,24.5,473384,7,0,56.9
2026-09-16T06:31:36.835Z,24.9,472052,7,0,56.4
2026-09-16T06:31:41.881Z,25.3,472708,7,0,55.8
2026-09-16T06:31:46.914Z,25.5,475696,7,0,55.8
2026-09-16T06:31:51.945Z,25.1,475888,7,0,55.8
2026-09-16T06:31:56.976Z,24.7,475892,7,0,56.4
2026-09-16T06:32:02.017Z,24.9,475200,7,0,56.4
2026-09-16T06:32:07.059Z,25.3,475828,7,0,55.8
2026-09-16T06:32:12.091Z,25.5,476072,7,0,55.8
2026-09-16T06:32:17.122Z,25.2,476072,7,0,56.9
2026-09-16T06:32:22.153Z,24.8,476104,7,0,57.5
2026-09-16T06:32:27.194Z,24.7,476272,7,0,56.4
2026-09-16T06:32:32.236Z,25.0,475768,7,0,55.8
2026-09-16T06:32:37.274Z,25.3,476168,7,0,55.8
2026-09-16T06:32:42.305Z,25.1,476392,7,0,56.9
2026-09-16T06:32:47.337Z,24.7,476392,7,0,56.4
2026-09-16T06:32:52.376Z,24.6,476592,7,0,55.8
2026-09-16T06:32:57.417Z,24.9,479784,7,0,55.8
2026-09-16T06:33:02.457Z,25.1,488604,7,0,55.8
2026-09-16T06:33:07.490Z,25.0,481140,7,0,56.9
2026-09-16T06:33:12.521Z,24.7,481144,7,0,56.4
2026-09-16T06:33:17.552Z,24.4,481144,7,0,56.9
2026-09-16T06:33:22.590Z,24.6,481592,7,0,55.8
2026-09-16T06:33:27.631Z,24.9,482012,7,0,55.3
2026-09-16T06:33:32.662Z,25.0,482500,7,0,55.8
2026-09-16T06:33:37.692Z,24.7,482500,7,0,56.9
2026-09-16T06:33:42.724Z,24.4,482900,7,0,56.9
2026-09-16T06:33:47.764Z,24.6,482544,7,0,56.4
2026-09-16T06:33:52.807Z,24.8,482916,7,0,55.8
2026-09-16T06:33:57.840Z,25.0,482968,7,0,55.3
2026-09-16T06:34:02.871Z,24.7,482972,7,0,56.4
2026-09-16T06:34:07.902Z,24.5,482972,7,0,56.9
2026-09-16T06:34:12.940Z,24.4,483056,7,0,56.4
2026-09-16T06:34:17.980Z,24.7,480856,7,0,56.4
2026-09-16T06:34:23.019Z,24.9,481044,7,0,55.8
2026-09-16T06:34:28.051Z,24.8,481048,7,0,56.4
2026-09-16T06:34:33.082Z,24.6,481052,7,0,56.4
2026-09-16T06:34:38.115Z,24.3,481052,7,0,56.9
2026-09-16T06:34:43.155Z,24.5,480348,7,0,56.4
2026-09-16T06:34:48.192Z,24.7,481956,7,0,55.8
2026-09-16T06:34:53.225Z,24.9,475856,7,0,56.4
2026-09-16T06:34:58.256Z,24.6,475936,7,0,56.9
2026-09-16T06:35:03.287Z,24.4,475968,7,0,56.9
2026-09-16T06:35:08.328Z,24.3,481080,7,0,56.4
2026-09-16T06:35:13.379Z,24.6,481268,7,0,55.8
2026-09-16T06:35:18.420Z,24.8,485888,7,0,55.8
2026-09-16T06:35:23.452Z,24.7,486004,7,0,55.8
2026-09-16T06:35:28.483Z,24.4,488380,7,0,57.5
2026-09-16T06:35:33.528Z,24.4,488412,7,0,56.9
2026-09-16T06:35:38.574Z,24.6,493548,7,0,55.8
2026-09-16T06:35:43.614Z,24.8,492036,7,0,55.8
2026-09-16T06:35:48.646Z,24.7,492108,7,0,56.4
2026-09-16T06:35:53.676Z,24.5,492136,7,0,56.9
2026-09-16T06:35:58.708Z,24.3,492136,7,0,56.9
2026-09-16T06:36:03.747Z,24.3,492232,7,0,56.4
2026-09-16T06:36:08.793Z,24.5,492552,7,0,55.8
2026-09-16T06:36:13.831Z,24.7,494440,7,0,55.8
2026-09-16T06:36:18.863Z,24.6,495048,7,0,56.4
2026-09-16T06:36:23.895Z,24.3,495424,7,0,56.9
2026-09-16T06:36:28.936Z,24.3,495444,7,0,56.4
2026-09-16T06:36:33.976Z,24.4,489792,7,0,55.8
2026-09-16T06:36:39.016Z,24.6,491268,7,0,55.8
2026-09-16T06:36:44.047Z,24.5,491288,7,0,55.8
2026-09-16T06:36:49.078Z,24.3,491288,7,0,56.9
2026-09-16T06:36:54.108Z,24.1,491312,7,0,56.9
2026-09-16T06:36:59.148Z,24.3,492664,7,0,55.8
2026-09-16T06:37:04.185Z,24.5,489636,7,0,55.8
2026-09-16T06:37:09.217Z,24.6,491012,7,0,55.8
2026-09-16T06:37:14.249Z,24.4,491548,7,0,56.9
2026-09-16T06:37:19.279Z,24.2,491548,7,0,56.4
2026-09-16T06:37:24.322Z,24.2,487164,7,0,56.4
2026-09-16T06:37:29.364Z,24.4,486292,7,0,55.8
2026-09-16T06:37:34.399Z,24.5,486624,7,0,55.3
2026-09-16T06:37:39.431Z,24.3,486624,7,0,56.9
2026-09-16T06:37:44.462Z,24.2,486624,7,0,56.9
2026-09-16T06:37:49.494Z,24.0,486624,7,0,56.9
2026-09-16T06:37:54.535Z,24.2,485192,7,0,56.4
2026-09-16T06:37:59.576Z,24.3,487520,7,0,55.8
2026-09-16T06:38:04.608Z,24.4,479468,7,0,55.8
2026-09-16T06:38:09.640Z,24.2,479468,7,0,56.9
2026-09-16T06:38:14.671Z,24.1,479468,7,0,56.9
2026-09-16T06:38:19.711Z,24.0,479476,7,0,56.9
2026-09-16T06:38:24.751Z,24.1,479532,7,0,56.4
2026-09-16T06:38:29.792Z,24.3,479920,7,0,55.8
2026-09-16T06:38:34.824Z,24.3,483904,7,0,56.4
2026-09-16T06:38:39.855Z,24.1,483916,7,0,56.9
2026-09-16T06:38:44.887Z,24.0,483936,7,0,56.9
2026-09-16T06:38:49.918Z,23.8,483944,7,0,57.5
2026-09-16T06:38:54.956Z,24.0,482280,7,0,56.4
2026-09-16T06:39:00.002Z,24.1,482680,7,0,55.8
2026-09-16T06:39:05.034Z,24.3,487424,7,0,56.4
2026-09-16T06:39:10.065Z,24.1,487436,7,0,56.9
2026-09-16T06:39:15.096Z,24.0,487468,7,0,56.9
2026-09-16T06:39:20.136Z,23.9,479056,7,0,55.8
2026-09-16T06:39:25.180Z,24.1,479376,7,0,55.8
2026-09-16T06:39:30.221Z,24.2,479684,7,0,55.8
2026-09-16T06:39:35.252Z,24.2,480728,7,0,56.4
2026-09-16T06:39:40.283Z,24.0,480728,7,0,56.9
2026-09-16T06:39:45.315Z,23.9,480768,7,0,56.9
2026-09-16T06:39:50.354Z,24.0,482000,7,0,56.9
2026-09-16T06:39:55.394Z,24.1,482604,7,0,55.8
2026-09-16T06:40:00.425Z,24.2,480452,7,0,55.8
2026-09-16T06:40:05.456Z,24.1,480468,7,0,56.9
2026-09-16T06:40:10.714Z,23.9,480468,7,0,55.8
2026-09-16T06:40:15.755Z,23.8,480508,7,0,56.4
2026-09-16T06:40:20.797Z,24.0,480900,7,0,56.4
2026-09-16T06:40:25.838Z,24.1,481760,7,0,55.8
2026-09-16T06:40:30.869Z,24.0,483228,7,0,56.4
2026-09-16T06:40:35.901Z,23.9,483252,7,0,56.4
2026-09-16T06:40:40.931Z,23.8,483256,7,0,56.9
2026-09-16T06:40:45.973Z,23.9,478592,7,0,56.9
2026-09-16T06:40:51.012Z,24.0,478720,7,0,55.8
2026-09-16T06:40:56.044Z,24.1,479344,7,0,55.8
2026-09-16T06:41:01.075Z,24.0,479360,7,0,56.4
2026-09-16T06:41:06.107Z,23.9,479368,7,0,56.9
2026-09-16T06:41:11.139Z,23.7,479368,7,0,56.9
2026-09-16T06:41:16.179Z,23.8,479080,7,0,56.9
2026-09-16T06:41:21.219Z,24.0,479400,7,0,55.8
2026-09-16T06:41:26.250Z,24.0,477644,7,0,55.8
2026-09-16T06:41:31.281Z,23.9,477644,7,0,56.9
2026-09-16T06:41:36.313Z,23.8,477644,7,0,56.9
2026-09-16T06:41:41.355Z,23.7,477648,7,0,56.9
2026-09-16T06:41:46.397Z,23.8,477704,7,0,56.4
2026-09-16T06:41:51.436Z,23.9,478516,7,0,56.4
2026-09-16T06:41:56.467Z,23.9,478276,7,0,56.4
2026-09-16T06:42:01.499Z,23.8,478276,7,0,56.4
2026-09-16T06:42:06.531Z,23.7,478280,7,0,56.9
2026-09-16T06:42:11.571Z,23.7,478392,7,0,56.4
2026-09-16T06:42:16.610Z,23.9,477936,7,0,55.8
2026-09-16T06:42:21.641Z,24.0,478180,7,0,55.8
2026-09-16T06:42:26.672Z,23.8,478188,7,0,56.4
2026-09-16T06:42:31.703Z,23.7,478188,7,0,56.9
2026-09-16T06:42:36.742Z,23.7,478484,7,0,56.4
2026-09-16T06:42:41.780Z,23.8,481228,7,0,55.8
2026-09-16T06:42:46.820Z,23.9,477952,7,0,56.4
2026-09-16T06:42:51.852Z,23.8,478004,7,0,56.4
2026-09-16T06:42:56.884Z,23.7,478008,7,0,56.9
2026-09-16T06:43:01.922Z,23.7,478076,7,0,56.9
2026-09-16T06:43:06.961Z,23.8,479388,7,0,55.8
2026-09-16T06:43:12.001Z,23.9,478412,7,0,55.8
2026-09-16T06:43:17.032Z,23.9,479036,7,0,55.8
2026-09-16T06:43:22.070Z,23.8,479416,7,0,56.9
2026-09-16T06:43:27.101Z,23.7,479416,7,0,56.9
2026-09-16T06:43:32.133Z,23.5,479796,7,0,56.9
2026-09-16T06:43:37.172Z,23.6,480724,7,0,56.4
2026-09-16T06:43:42.212Z,23.7,473324,7,0,55.8
2026-09-16T06:43:47.255Z,23.8,475564,7,0,55.8
2026-09-16T06:43:52.288Z,23.7,475688,7,0,56.4
2026-09-16T06:43:57.319Z,23.6,475688,7,0,56.9
2026-09-16T06:44:02.359Z,23.5,476152,7,0,56.9
2026-09-16T06:44:07.401Z,23.7,474548,7,0,56.4
2026-09-16T06:44:12.439Z,23.8,474604,7,0,55.8
2026-09-16T06:44:17.470Z,23.7,474664,7,0,56.4
2026-09-16T06:44:22.501Z,23.6,474676,7,0,56.9
2026-09-16T06:44:27.532Z,23.5,474680,7,0,56.9
2026-09-16T06:44:32.572Z,23.4,475260,7,0,56.9
2026-09-16T06:44:37.613Z,23.6,476296,7,0,56.4
2026-09-16T06:44:42.654Z,23.7,476752,7,0,55.8
2026-09-16T06:44:47.686Z,23.7,476800,7,0,56.4
2026-09-16T06:44:52.718Z,23.6,477184,7,0,56.9
2026-09-16T06:44:57.749Z,23.5,477184,7,0,57.5
2026-09-16T06:45:02.793Z,23.6,477648,7,0,55.8
2026-09-16T06:45:07.831Z,23.7,475648,7,0,55.8
2026-09-16T06:45:12.863Z,23.7,475924,7,0,55.8
2026-09-16T06:45:17.894Z,23.6,475924,7,0,56.4
2026-09-16T06:45:22.925Z,23.5,475924,7,0,56.9
2026-09-16T06:45:27.963Z,23.5,476000,7,0,56.4
2026-09-16T06:45:33.006Z,23.6,477704,7,0,55.8
2026-09-16T06:45:38.046Z,23.7,477688,7,0,55.3
2026-09-16T06:45:43.078Z,23.6,477728,7,0,55.8
2026-09-16T06:45:48.109Z,23.5,477728,7,0,56.4
2026-09-16T06:45:53.141Z,23.4,477740,7,0,56.9
2026-09-16T06:45:58.180Z,23.4,478016,7,0,56.4
2026-09-16T06:46:03.223Z,23.6,478852,7,0,55.8
2026-09-16T06:46:08.262Z,23.7,476428,7,0,55.8
2026-09-16T06:46:13.294Z,23.6,476456,7,0,56.4
2026-09-16T06:46:18.325Z,23.5,476456,7,0,56.9
2026-09-16T06:46:23.363Z,23.4,476464,7,0,56.9
2026-09-16T06:46:28.404Z,23.5,476572,7,0,56.4
2026-09-16T06:46:33.446Z,23.6,479260,7,0,55.8
2026-09-16T06:46:38.478Z,23.7,478904,7,0,56.4
2026-09-16T06:46:43.510Z,23.6,478916,7,0,56.4
2026-09-16T06:46:48.541Z,23.5,478916,7,0,56.9
2026-09-16T06:46:53.579Z,23.5,479008,7,0,56.4
2026-09-16T06:46:58.621Z,23.6,479128,7,0,55.8
2026-09-16T06:47:03.652Z,23.7,482480,7,0,56.4
2026-09-16T06:47:08.684Z,23.6,482480,7,0,56.4
2026-09-16T06:47:13.716Z,23.5,482492,7,0,56.9
2026-09-16T06:47:18.755Z,23.5,479584,7,0,56.9
2026-09-16T06:47:23.795Z,23.6,479704,7,0,56.4
2026-09-16T06:47:28.835Z,23.7,479988,7,0,55.8
2026-09-16T06:47:33.866Z,23.6,480484,7,0,56.4
2026-09-16T06:47:38.897Z,23.5,480492,7,0,56.9
2026-09-16T06:47:43.930Z,23.5,480496,7,0,56.9
2026-09-16T06:47:48.967Z,23.5,481316,7,0,56.4
2026-09-16T06:47:54.009Z,23.6,481700,7,0,56.4
2026-09-16T06:47:59.040Z,23.7,482024,7,0,55.8
2026-09-16T06:48:04.072Z,23.6,482044,7,0,56.4
2026-09-16T06:48:09.103Z,23.5,482044,7,0,57.5
2026-09-16T06:48:14.142Z,23.5,484640,7,0,56.4
2026-09-16T06:48:19.181Z,23.6,482160,7,0,55.8
2026-09-16T06:48:24.218Z,23.7,482344,7,0,55.8
2026-09-16T06:48:29.250Z,23.7,482612,7,0,55.8
2026-09-16T06:48:34.281Z,23.6,480836,7,0,56.9
2026-09-16T06:48:39.325Z,23.5,480836,7,0,56.9
2026-09-16T06:48:44.366Z,23.6,480928,7,0,55.8
2026-09-16T06:48:49.407Z,23.6,481004,7,0,55.8
2026-09-16T06:48:54.438Z,23.7,481612,7,0,55.8
2026-09-16T06:48:59.469Z,23.6,481612,7,0,56.9
2026-09-16T06:49:04.501Z,23.5,481612,7,0,56.9
2026-09-16T06:49:09.534Z,23.4,481612,7,0,56.9
2026-09-16T06:49:14.572Z,23.5,481844,7,0,55.8
2026-09-16T06:49:19.612Z,23.6,482916,7,0,55.8
2026-09-16T06:49:24.643Z,23.6,481532,7,0,55.8
2026-09-16T06:49:29.674Z,23.5,481532,7,0,56.4
2026-09-16T06:49:34.705Z,23.5,481540,7,0,56.9
2026-09-16T06:49:39.745Z,23.4,481540,7,0,56.9
2026-09-16T06:49:44.785Z,23.5,481660,7,0,55.8
2026-09-16T06:49:49.824Z,23.6,481900,7,0,55.8
2026-09-16T06:49:54.855Z,23.6,480416,7,0,56.4
2026-09-16T06:49:59.886Z,23.5,480420,7,0,56.9
2026-09-16T06:50:04.917Z,23.5,480420,7,0,56.9
2026-09-16T06:50:09.960Z,23.5,481300,7,0,55.8
2026-09-16T06:50:15.003Z,23.6,479384,7,0,55.8
2026-09-16T06:50:20.036Z,23.6,479524,7,0,55.8
2026-09-16T06:50:25.067Z,23.6,479532,7,0,56.9
2026-09-16T06:50:30.099Z,23.5,479532,7,0,56.9
2026-09-16T06:50:35.140Z,23.5,479876,7,0,56.4
2026-09-16T06:50:40.179Z,23.6,479956,7,0,55.8
2026-09-16T06:50:45.221Z,23.7,480216,7,0,55.3
2026-09-16T06:50:50.252Z,23.6,480224,7,0,55.8
2026-09-16T06:50:55.283Z,23.5,480224,7,0,56.9
2026-09-16T06:51:00.323Z,23.5,480232,7,0,56.9
2026-09-16T06:51:05.363Z,23.6,481680,7,0,55.8
2026-09-16T06:51:10.402Z,23.6,478968,7,0,55.8
2026-09-16T06:51:15.434Z,23.7,480304,7,0,56.4
2026-09-16T06:51:20.465Z,23.6,480304,7,0,56.9
2026-09-16T06:51:25.496Z,23.5,480680,7,0,56.9
2026-09-16T06:51:30.533Z,23.5,481188,7,0,55.8
2026-09-16T06:51:35.572Z,23.6,477276,7,0,55.8
2026-09-16T06:51:40.616Z,23.7,477872,7,0,55.8
2026-09-16T06:51:45.649Z,23.6,478312,7,0,56.4
2026-09-16T06:51:50.680Z,23.5,478316,7,0,56.9
2026-09-16T06:51:55.718Z,23.5,478708,7,0,56.9
2026-09-16T06:52:00.758Z,23.6,475480,7,0,55.8
2026-09-16T06:52:05.800Z,23.7,475504,7,0,54.8
2026-09-16T06:52:10.833Z,23.6,475508,7,0,56.4
2026-09-16T06:52:15.864Z,23.6,475508,7,0,56.4
2026-09-16T06:52:20.896Z,23.5,475508,7,0,56.9
2026-09-16T06:52:25.934Z,23.5,476048,7,0,55.8
2026-09-16T06:52:30.975Z,23.6,476148,7,0,55.3
2026-09-16T06:52:36.010Z,23.7,475696,7,0,55.8
2026-09-16T06:52:41.042Z,23.6,475696,7,0,56.4
2026-09-16T06:52:46.074Z,23.5,475696,7,0,56.4
2026-09-16T06:52:51.107Z,23.5,475696,7,0,56.4
2026-09-16T06:52:56.146Z,23.5,476132,7,0,56.4
2026-09-16T06:53:01.186Z,23.6,476288,7,0,55.8
2026-09-16T06:53:06.226Z,23.6,477120,7,0,55.3
2026-09-16T06:53:11.258Z,23.6,478172,7,0,55.8
2026-09-16T06:53:16.289Z,23.5,476392,7,0,56.9
2026-09-16T06:53:21.319Z,23.5,476392,7,0,56.9
2026-09-16T06:53:26.358Z,23.5,476648,7,0,55.8
2026-09-16T06:53:31.397Z,23.5,476776,7,0,55.3
2026-09-16T06:53:36.440Z,23.6,476972,7,0,55.8
2026-09-16T06:53:41.472Z,23.5,476988,7,0,56.9
2026-09-16T06:53:46.503Z,23.5,476996,7,0,56.4
2026-09-16T06:53:51.542Z,23.5,477184,7,0,56.4
2026-09-16T06:53:56.583Z,23.5,477332,7,0,55.8
2026-09-16T06:54:01.622Z,23.6,477352,7,0,55.8
2026-09-16T06:54:06.654Z,23.6,477376,7,0,56.4
2026-09-16T06:54:11.685Z,23.5,477376,7,0,56.9
2026-09-16T06:54:16.722Z,23.5,477800,7,0,56.9
2026-09-16T06:54:21.764Z,23.5,477292,7,0,55.8
2026-09-16T06:54:26.806Z,23.6,477396,7,0,55.8
2026-09-16T06:54:31.837Z,23.6,477732,7,0,55.8
2026-09-16T06:54:36.868Z,23.5,477732,7,0,56.9
2026-09-16T06:54:41.916Z,23.4,477736,7,0,56.9
2026-09-16T06:54:46.953Z,23.5,480028,7,0,55.8
2026-09-16T06:54:51.992Z,23.5,477808,7,0,55.8
2026-09-16T06:54:57.031Z,23.6,477896,7,0,55.8
2026-09-16T06:55:02.064Z,23.5,477904,7,0,56.4
2026-09-16T06:55:07.096Z,23.4,477904,7,0,56.9
2026-09-16T06:55:12.134Z,23.4,478004,7,0,55.8
2026-09-16T06:55:17.174Z,23.5,478600,7,0,55.8
2026-09-16T06:55:22.212Z,23.6,479132,7,0,55.3
2026-09-16T06:55:27.243Z,23.5,479160,7,0,56.4
2026-09-16T06:55:32.274Z,23.4,479160,7,0,56.9
2026-09-16T06:55:37.315Z,23.4,479164,7,0,56.9
2026-09-16T06:55:42.353Z,23.5,479188,7,0,55.8
2026-09-16T06:55:47.392Z,23.5,478984,7,0,55.8
2026-09-16T06:55:52.423Z,23.5,478996,7,0,55.8
2026-09-16T06:55:57.454Z,23.5,478996,7,0,56.9
2026-09-16T06:56:02.485Z,23.4,478996,7,0,56.4
2026-09-16T06:56:07.523Z,23.4,479200,7,0,55.8
2026-09-16T06:56:12.562Z,23.5,478856,7,0,55.8
2026-09-16T06:56:17.594Z,23.6,478940,7,0,55.8
2026-09-16T06:56:22.625Z,23.5,478940,7,0,56.4
2026-09-16T06:56:27.657Z,23.4,478940,7,0,56.9
2026-09-16T06:56:32.697Z,23.5,478976,7,0,56.4
2026-09-16T06:56:37.734Z,23.5,479372,7,0,55.3
2026-09-16T06:56:42.775Z,23.6,478828,7,0,55.8
2026-09-16T06:56:47.814Z,23.5,478844,7,0,56.4
2026-09-16T06:56:52.847Z,23.5,478848,7,0,56.4
2026-09-16T06:56:57.893Z,23.4,469188,7,0,58.0
2026-09-16T06:57:02.933Z,25.4,78384,7,0,56.9
2026-09-16T06:57:07.975Z,39.9,99788,7,0,55.8
2026-09-16T06:57:13.018Z,43.2,115492,7,0,55.8
2026-09-16T06:57:18.050Z,34.7,119028,7,0,56.9
2026-09-16T06:57:23.081Z,27.3,119636,7,0,56.9
2026-09-16T06:57:28.113Z,22.5,119640,7,0,56.4
2026-09-16T06:57:33.152Z,22.7,126896,7,0,56.9
2026-09-16T06:57:38.191Z,26.0,141472,7,0,55.8
2026-09-16T06:57:43.230Z,28.5,155224,7,0,55.8
2026-09-16T06:57:48.262Z,26.8,158536,7,0,56.4
2026-09-16T06:57:53.294Z,24.4,159160,7,0,56.9
2026-09-16T06:57:58.333Z,23.0,161372,7,0,56.4
2026-09-16T06:58:03.372Z,25.0,172580,7,0,56.4
2026-09-16T06:58:08.411Z,26.8,195048,7,0,55.8
2026-09-16T06:58:13.442Z,26.8,201576,7,0,55.8
2026-09-16T06:58:18.474Z,25.1,208864,7,0,56.9
2026-09-16T06:58:23.506Z,23.6,209496,7,0,56.9
2026-09-16T06:58:28.545Z,24.6,220632,7,0,56.4
2026-09-16T06:58:33.585Z,25.9,231928,7,0,55.8
2026-09-16T06:58:38.617Z,26.8,241392,7,0,55.8
2026-09-16T06:58:43.649Z,25.5,242044,7,0,56.9
2026-09-16T06:58:48.681Z,24.4,242048,7,0,56.9
2026-09-16T06:58:53.721Z,23.9,245848,7,0,56.4
2026-09-16T06:58:58.761Z,25.0,257292,7,0,55.8
2026-09-16T06:59:03.801Z,26.0,269476,7,0,55.8
2026-09-16T06:59:08.832Z,25.9,279000,7,0,56.4
2026-09-16T06:59:13.862Z,25.0,279640,7,0,57.5
2026-09-16T06:59:18.902Z,24.1,279856,7,0,56.9
2026-09-16T06:59:23.941Z,24.8,290044,7,0,56.4
2026-09-16T06:59:28.982Z,25.5,300004,7,0,55.8
2026-09-16T06:59:34.014Z,25.7,307400,7,0,55.8
2026-09-16T06:59:39.045Z,24.9,307412,7,0,56.9
2026-09-16T06:59:44.077Z,24.2,308032,7,0,56.9
2026-09-16T06:59:49.109Z,23.5,308048,7,0,56.9
2026-09-16T06:59:54.150Z,24.0,318568,7,0,56.4
2026-09-16T06:59:59.189Z,24.8,330264,7,0,55.3
2026-09-16T07:00:04.222Z,25.4,341524,7,0,55.8
2026-09-16T07:00:09.253Z,24.8,341540,7,0,56.9
2026-09-16T07:00:14.285Z,24.1,342168,7,0,56.9
2026-09-16T07:00:19.316Z,23.5,342172,7,0,56.9
2026-09-16T07:00:24.355Z,24.2,355404,7,0,56.4
2026-09-16T07:00:29.397Z,24.9,368428,7,0,55.8
2026-09-16T07:00:34.429Z,25.2,378656,7,0,55.8
2026-09-16T07:00:39.460Z,24.7,378672,7,0,56.4
2026-09-16T07:00:44.493Z,24.1,379308,7,0,56.9
2026-09-16T07:00:49.536Z,24.3,386516,7,0,56.4
2026-09-16T07:00:54.578Z,24.7,397500,7,0,55.8
2026-09-16T07:00:59.621Z,25.2,407476,7,0,55.3
2026-09-16T07:01:04.653Z,24.7,408112,7,0,56.4
2026-09-16T07:01:09.684Z,24.2,408120,7,0,56.9
2026-09-16T07:01:14.722Z,24.1,412828,7,0,56.9
2026-09-16T07:01:19.761Z,24.5,423472,7,0,55.8
2026-09-16T07:01:24.802Z,25.0,435140,7,0,55.8
2026-09-16T07:01:29.834Z,24.8,438840,7,0,55.8
2026-09-16T07:01:34.865Z,24.4,439456,7,0,56.9
2026-09-16T07:01:39.896Z,24.0,439464,7,0,56.9
2026-09-16T07:01:44.936Z,23.7,442384,7,0,56.4
2026-09-16T07:01:49.976Z,24.2,454356,7,0,55.8
2026-09-16T07:01:55.014Z,24.7,461804,7,0,55.8
2026-09-16T07:02:00.046Z,24.7,462072,7,0,56.4
2026-09-16T07:02:05.076Z,24.3,462156,7,0,56.4
2026-09-16T07:02:10.106Z,23.9,462156,7,0,56.4
2026-09-16T07:02:15.146Z,23.7,462212,7,0,56.4
2026-09-16T07:02:20.190Z,24.0,461764,7,0,56.4
2026-09-16T07:02:25.231Z,24.4,464380,7,0,55.3
2026-09-16T07:02:30.262Z,24.4,464480,7,0,56.9
2026-09-16T07:02:35.293Z,24.0,464480,7,0,56.4
2026-09-16T07:02:40.325Z,23.6,464860,7,0,56.4
2026-09-16T07:02:45.363Z,23.9,464340,7,0,56.4
2026-09-16T07:02:50.399Z,,,,,55.8
2026-09-16T07:02:55.439Z,35.7,93828,7,0,55.8
2026-09-16T07:03:00.472Z,24.2,98548,7,0,56.4
2026-09-16T07:03:05.503Z,16.3,98576,7,0,56.4
2026-09-16T07:03:10.534Z,12.4,99216,7,0,56.9
2026-09-16T07:03:15.573Z,15.6,108000,7,0,55.8
2026-09-16T07:03:20.619Z,21.2,120980,7,0,56.4
2026-09-16T07:03:25.662Z,25.2,132408,7,0,55.3
2026-09-16T07:03:30.695Z,23.1,134908,7,0,56.4
2026-09-16T07:03:35.726Z,20.6,134924,7,0,56.9
2026-09-16T07:03:40.757Z,18.6,135556,7,0,56.9
2026-09-16T07:03:45.799Z,20.8,151132,7,0,55.8
2026-09-16T07:03:50.840Z,23.1,166540,7,0,56.4
2026-09-16T07:03:55.872Z,24.4,178516,7,0,56.4
2026-09-16T07:04:00.905Z,22.8,179132,7,0,56.4
2026-09-16T07:04:05.937Z,21.3,179136,7,0,56.9
2026-09-16T07:04:10.977Z,21.6,185884,7,0,55.8
2026-09-16T07:04:16.015Z,23.0,195704,7,0,55.8
2026-09-16T07:04:21.054Z,24.2,207076,7,0,55.8
2026-09-16T07:04:26.086Z,23.3,208636,7,0,55.8
2026-09-16T07:04:31.118Z,22.1,209232,7,0,56.9
2026-09-16T07:04:36.157Z,21.8,212752,7,0,56.4
2026-09-16T07:04:41.197Z,23.0,224652,7,0,55.8
2026-09-16T07:04:46.236Z,24.2,235968,7,0,55.8
2026-09-16T07:04:51.267Z,24.0,241008,7,0,56.9
2026-09-16T07:04:56.298Z,23.0,241016,7,0,56.9
2026-09-16T07:05:01.339Z,22.3,242104,7,0,56.9
2026-09-16T07:05:06.380Z,23.2,252360,7,0,55.8
2026-09-16T07:05:11.418Z,24.1,263324,7,0,55.8
2026-09-16T07:05:16.450Z,24.4,270296,7,0,55.8
2026-09-16T07:05:21.481Z,23.6,270948,7,0,56.4
2026-09-16T07:05:26.513Z,22.8,270952,7,0,56.9
2026-09-16T07:05:31.552Z,22.7,276724,7,0,56.4
2026-09-16T07:05:36.593Z,23.5,289664,7,0,55.8
2026-09-16T07:05:41.638Z,24.2,303708,7,0,56.4
2026-09-16T07:05:46.669Z,23.9,307416,7,0,56.4
2026-09-16T07:05:51.701Z,23.3,308044,7,0,56.9
2026-09-16T07:05:56.731Z,22.7,308044,7,0,56.9
2026-09-16T07:06:01.772Z,23.0,318940,7,0,56.4
2026-09-16T07:06:06.811Z,23.7,332536,7,0,55.8
2026-09-16T07:06:11.845Z,24.2,345648,7,0,55.8
2026-09-16T07:06:16.877Z,23.6,345652,7,0,56.9
2026-09-16T07:06:21.908Z,23.1,346284,7,0,56.9
2026-09-16T07:06:26.949Z,23.2,351960,7,0,56.4
2026-09-16T07:06:31.994Z,23.7,363720,7,0,55.8
2026-09-16T07:06:37.037Z,24.3,375204,7,0,55.8
2026-09-16T07:06:42.069Z,24.0,377928,7,0,55.8
2026-09-16T07:06:47.100Z,23.5,377932,7,0,56.4
2026-09-16T07:06:52.141Z,23.1,379864,7,0,56.4
2026-09-16T07:06:57.182Z,23.6,390232,7,0,55.8
2026-09-16T07:07:02.221Z,24.1,401172,7,0,55.8
2026-09-16T07:07:07.252Z,24.2,407108,7,0,55.8
2026-09-16T07:07:12.283Z,23.7,407724,7,0,56.4
2026-09-16T07:07:17.314Z,23.3,407732,7,0,56.9
2026-09-16T07:07:22.345Z,22.9,408348,7,0,56.9
2026-09-16T07:07:27.387Z,23.2,418072,7,0,55.8
2026-09-16T07:07:32.428Z,23.8,430244,7,0,56.4
2026-09-16T07:07:37.459Z,24.1,432048,7,0,55.8
2026-09-16T07:07:42.491Z,23.7,432068,7,0,56.4
2026-09-16T07:07:47.523Z,23.3,432068,7,0,57.5
2026-09-16T07:07:52.564Z,23.1,432388,7,0,56.9
2026-09-16T07:07:57.602Z,23.5,432684,7,0,55.8
2026-09-16T07:08:02.641Z,23.9,439492,7,0,55.8
2026-09-16T07:08:07.672Z,23.9,438896,7,0,55.8
2026-09-16T07:08:12.703Z,23.5,438964,7,0,56.9
2026-09-16T07:08:17.742Z,23.3,439004,7,0,56.9
2026-09-16T07:08:22.781Z,23.6,439452,7,0,55.8
2026-09-16T07:08:27.821Z,23.9,440612,7,0,55.8
2026-09-16T07:08:32.854Z,23.9,443308,7,0,56.4
2026-09-16T07:08:37.885Z,23.6,443324,7,0,56.9
2026-09-16T07:08:42.917Z,23.2,443348,7,0,56.9
2026-09-16T07:08:47.955Z,23.1,442808,7,0,56.9
2026-09-16T07:08:52.996Z,23.4,443636,7,0,55.8
2026-09-16T07:08:58.034Z,23.7,444420,7,0,55.8
2026-09-16T07:09:03.066Z,23.7,444492,7,0,56.4
2026-09-16T07:09:08.097Z,23.4,444492,7,0,56.9
2026-09-16T07:09:13.127Z,23.1,444880,7,0,56.9
2026-09-16T07:09:18.167Z,23.1,444948,7,0,56.4
2026-09-16T07:09:23.229Z,23.4,445468,7,0,55.8
2026-09-16T07:09:28.270Z,23.7,446356,7,0,56.4
2026-09-16T07:09:33.302Z,23.5,445604,7,0,56.9
2026-09-16T07:09:38.334Z,23.3,445604,7,0,57.5
2026-09-16T07:09:43.365Z,23.0,445616,7,0,56.9
2026-09-16T07:09:48.404Z,22.9,446844,7,0,56.4
2026-09-16T07:09:53.443Z,23.2,447888,7,0,55.8
2026-09-16T07:09:58.486Z,23.5,442044,7,0,55.3
2026-09-16T07:10:03.520Z,23.5,442264,7,0,56.4
2026-09-16T07:10:08.552Z,23.2,442264,7,0,56.9
2026-09-16T07:10:13.583Z,23.0,442268,7,0,57.5
2026-09-16T07:10:18.624Z,23.1,442356,7,0,56.4
2026-09-16T07:10:23.667Z,23.4,442932,7,0,55.8
2026-09-16T07:10:28.698Z,23.7,444412,7,0,55.8
2026-09-16T07:10:33.730Z,23.4,444436,7,0,56.9
2026-09-16T07:10:38.761Z,23.2,444436,7,0,56.9
2026-09-16T07:10:43.793Z,22.9,444440,7,0,56.9
2026-09-16T07:10:48.834Z,23.0,445188,7,0,56.4
2026-09-16T07:10:53.873Z,30.4,83040,7,0,55.8
2026-09-16T07:10:58.912Z,42.1,108696,7,0,55.8
2026-09-16T07:11:03.944Z,39.5,120172,7,0,54.8
2026-09-16T07:11:08.975Z,29.0,120256,7,0,56.9
2026-09-16T07:11:14.007Z,23.0,120868,7,0,56.9
2026-09-16T07:11:19.045Z,21.5,135200,7,0,56.9
2026-09-16T07:11:24.085Z,25.5,150572,7,0,55.8
2026-09-16T07:11:29.122Z,28.6,174372,7,0,55.8
2026-09-16T07:11:34.153Z,27.8,181592,7,0,56.9
2026-09-16T07:11:39.184Z,25.0,184756,7,0,57.5
2026-09-16T07:11:44.215Z,22.8,185372,7,0,57.5
2026-09-16T07:11:49.255Z,23.8,194780,7,0,56.4
2026-09-16T07:11:54.295Z,25.7,207928,7,0,55.8
2026-09-16T07:11:59.331Z,27.2,221492,7,0,55.8
2026-09-16T07:12:04.362Z,25.4,222132,7,0,56.9
2026-09-16T07:12:09.394Z,23.9,222136,7,0,56.9
2026-09-16T07:12:14.435Z,23.4,227188,7,0,56.4
2026-09-16T07:12:19.470Z,,,,,56.4
2026-09-16T07:12:24.509Z,36.6,90572,7,0,55.8
2026-09-16T07:12:29.540Z,38.1,103496,7,0,55.8
2026-09-16T07:12:34.572Z,25.9,103512,7,0,56.9
2026-09-16T07:12:39.604Z,19.8,104152,7,0,56.9
2026-09-16T07:12:44.642Z,17.7,106632,7,0,56.9
2026-09-16T07:12:49.687Z,22.7,120756,7,0,56.4
2026-09-16T07:12:54.727Z,26.1,133864,7,0,55.8
2026-09-16T07:12:59.760Z,26.1,142004,7,0,56.4
2026-09-16T07:13:04.791Z,23.3,142004,7,0,57.5
2026-09-16T07:13:09.831Z,21.2,143000,7,0,56.9
2026-09-16T07:13:14.871Z,23.7,154452,7,0,55.8
2026-09-16T07:13:19.909Z,25.8,167904,7,0,55.8
2026-09-16T07:13:24.944Z,26.5,175924,7,0,55.8
2026-09-16T07:13:29.975Z,24.7,176548,7,0,56.9
2026-09-16T07:13:35.007Z,23.1,176556,7,0,56.9
2026-09-16T07:13:40.045Z,22.3,179928,7,0,56.9
2026-09-16T07:13:45.086Z,23.8,192936,7,0,56.4
2026-09-16T07:13:50.125Z,25.2,206728,7,0,55.8
2026-09-16T07:13:55.158Z,25.1,213232,7,0,56.9
2026-09-16T07:14:00.190Z,23.9,213916,7,0,57.5
2026-09-16T07:14:05.221Z,22.8,213920,7,0,58.0
2026-09-16T07:14:10.260Z,23.3,224396,7,0,56.4
2026-09-16T07:14:15.300Z,24.4,237864,7,0,55.8
2026-09-16T07:14:20.341Z,25.4,251944,7,0,55.8
2026-09-16T07:14:25.375Z,24.5,252304,7,0,56.9
2026-09-16T07:14:30.406Z,23.6,252904,7,0,56.9
2026-09-16T07:14:35.448Z,23.5,257844,7,0,56.9
2026-09-16T07:14:40.487Z,24.4,270036,7,0,56.4
2026-09-16T07:14:45.525Z,25.3,281120,7,0,56.4
2026-09-16T07:14:50.556Z,24.9,284608,7,0,56.9
2026-09-16T07:14:55.587Z,24.1,284620,7,0,56.9
2026-09-16T07:15:00.627Z,23.7,287540,7,0,56.9
2026-09-16T07:15:05.667Z,24.4,298576,7,0,55.8
2026-09-16T07:15:10.711Z,25.2,310340,7,0,56.4
2026-09-16T07:15:15.743Z,25.2,316192,7,0,56.9
2026-09-16T07:15:20.774Z,24.6,316804,7,0,56.9
2026-09-16T07:15:25.805Z,23.9,316816,7,0,57.5
2026-09-16T07:15:30.844Z,23.9,322604,7,0,56.9
2026-09-16T07:15:35.885Z,24.6,335420,7,0,55.8
2026-09-16T07:15:40.925Z,25.3,349200,7,0,56.4
2026-09-16T07:15:45.956Z,25.1,353576,7,0,56.9
2026-09-16T07:15:50.988Z,24.5,354200,7,0,56.9
2026-09-16T07:15:56.028Z,24.1,355756,7,0,56.9
2026-09-16T07:16:01.069Z,24.7,367804,7,0,56.4
2026-09-16T07:16:06.109Z,25.2,379032,7,0,56.9
2026-09-16T07:16:11.140Z,25.3,386060,7,0,56.9
2026-09-16T07:16:16.171Z,24.8,386068,7,0,56.9
2026-09-16T07:16:21.202Z,24.3,386712,7,0,57.5
2026-09-16T07:16:26.241Z,24.6,395380,7,0,56.9
2026-09-16T07:16:31.285Z,25.1,407808,7,0,56.4
2026-09-16T07:16:36.321Z,25.6,419380,7,0,56.4
2026-09-16T07:16:41.352Z,25.1,420016,7,0,58.0
2026-09-16T07:16:46.405Z,24.6,420256,7,0,58.0
2026-09-16T07:16:51.448Z,24.8,427032,7,0,56.9
2026-09-16T07:16:56.485Z,25.1,436616,7,0,56.4
2026-09-16T07:17:01.526Z,25.5,437152,7,0,56.4
2026-09-16T07:17:06.557Z,25.0,448952,7,0,56.9
2026-09-16T07:17:11.588Z,24.6,448960,7,0,58.0
2026-09-16T07:17:16.625Z,24.5,460936,7,0,56.9
2026-09-16T07:17:21.665Z,24.8,460168,7,0,56.9
2026-09-16T07:17:26.704Z,25.2,469216,7,0,55.8
2026-09-16T07:17:31.735Z,25.1,469300,7,0,56.9
2026-09-16T07:17:36.766Z,24.7,469300,7,0,56.9
2026-09-16T07:17:41.797Z,24.3,469540,7,0,57.5
2026-09-16T07:17:46.838Z,24.4,468980,7,0,56.9
2026-09-16T07:17:51.878Z,24.7,469944,7,0,56.4
2026-09-16T07:17:56.917Z,25.1,463924,7,0,56.4
2026-09-16T07:18:01.948Z,24.8,463932,7,0,57.5
2026-09-16T07:18:06.980Z,24.4,463932,7,0,57.5
2026-09-16T07:18:12.018Z,24.2,463972,7,0,56.9
2026-09-16T07:18:17.057Z,24.5,464460,7,0,56.4
2026-09-16T07:18:22.102Z,24.8,462716,7,0,56.4
2026-09-16T07:18:27.133Z,24.8,464232,7,0,56.9
2026-09-16T07:18:32.164Z,24.5,464240,7,0,58.0
2026-09-16T07:18:37.195Z,24.1,465704,7,0,56.9
2026-09-16T07:18:42.234Z,24.3,465900,7,0,56.9
2026-09-16T07:18:47.272Z,24.6,466096,7,0,56.9
2026-09-16T07:18:52.314Z,25.0,466520,7,0,55.8
2026-09-16T07:18:57.345Z,24.7,466524,7,0,56.9
2026-09-16T07:19:02.376Z,24.4,466524,7,0,56.9
2026-09-16T07:19:07.413Z,24.4,466536,7,0,57.5
2026-09-16T07:19:12.451Z,24.6,466888,7,0,56.9
2026-09-16T07:19:17.492Z,24.9,468072,7,0,56.4
2026-09-16T07:19:22.525Z,24.7,468120,7,0,56.9
2026-09-16T07:19:27.556Z,24.4,468128,7,0,58.0
2026-09-16T07:19:32.588Z,24.1,468128,7,0,58.0
2026-09-16T07:19:37.630Z,24.0,471304,7,0,56.9
2026-09-16T07:19:42.670Z,24.3,472408,7,0,56.4
2026-09-16T07:19:47.715Z,24.5,466616,7,0,56.4
2026-09-16T07:19:52.746Z,24.4,466688,7,0,56.9
2026-09-16T07:19:57.776Z,24.2,466688,7,0,57.5
2026-09-16T07:20:02.808Z,23.9,466688,7,0,58.0
2026-09-16T07:20:07.846Z,24.1,466708,7,0,56.9
2026-09-16T07:20:12.887Z,24.4,468880,7,0,56.4
2026-09-16T07:20:17.919Z,24.6,467980,7,0,56.9
2026-09-16T07:20:22.950Z,24.3,467984,7,0,56.9
2026-09-16T07:20:27.981Z,24.1,467984,7,0,57.5
2026-09-16T07:20:33.024Z,24.1,468000,7,0,57.5
2026-09-16T07:20:38.062Z,24.3,468216,7,0,56.4
2026-09-16T07:20:43.101Z,24.6,468712,7,0,55.8
2026-09-16T07:20:48.134Z,24.4,468864,7,0,57.5
2026-09-16T07:20:53.166Z,24.1,467984,7,0,57.5
2026-09-16T07:20:58.197Z,23.9,467984,7,0,57.5
2026-09-16T07:21:03.237Z,24.1,469288,7,0,56.4
2026-09-16T07:21:08.276Z,24.3,470552,7,0,56.9
2026-09-16T07:21:13.308Z,24.4,466920,7,0,56.4
2026-09-16T07:21:18.339Z,24.2,466920,7,0,56.9
2026-09-16T07:21:23.370Z,24.0,466920,7,0,58.0
2026-09-16T07:21:28.409Z,23.9,466980,7,0,56.9
2026-09-16T07:21:33.448Z,24.2,467020,7,0,56.9
2026-09-16T07:21:38.488Z,24.4,467984,7,0,56.4
2026-09-16T07:21:43.518Z,24.3,464040,7,0,56.9
2026-09-16T07:21:48.549Z,24.1,464044,7,0,57.5
2026-09-16T07:21:53.588Z,24.0,464100,7,0,57.5
2026-09-16T07:21:58.629Z,24.2,464464,7,0,56.4
2026-09-16T07:22:03.667Z,24.4,467724,7,0,56.9
2026-09-16T07:22:08.699Z,24.5,471488,7,0,56.9
2026-09-16T07:22:13.731Z,24.3,471520,7,0,57.5
2026-09-16T07:22:18.762Z,24.1,471524,7,0,58.0
2026-09-16T07:22:23.800Z,24.1,466284,7,0,56.9
2026-09-16T07:22:28.841Z,24.2,466516,7,0,56.4
2026-09-16T07:22:33.881Z,24.4,467088,7,0,56.9
2026-09-16T07:22:38.913Z,24.3,467192,7,0,56.9
2026-09-16T07:22:43.944Z,24.1,467204,7,0,57.5
2026-09-16T07:22:48.974Z,23.9,467204,7,0,58.0
2026-09-16T07:22:54.014Z,24.1,467332,7,0,57.5
2026-09-16T07:22:59.054Z,24.3,468560,7,0,56.4
2026-09-16T07:23:04.086Z,24.4,464244,7,0,56.9
2026-09-16T07:23:09.119Z,24.2,464252,7,0,56.9
2026-09-16T07:23:14.150Z,24.1,464252,7,0,58.0
2026-09-16T07:23:19.191Z,24.0,464324,7,0,57.5
2026-09-16T07:23:24.234Z,24.1,464468,7,0,56.9
2026-09-16T07:23:29.272Z,24.3,465784,7,0,56.4
2026-09-16T07:23:34.304Z,24.3,466232,7,0,57.5
2026-09-16T07:23:39.335Z,24.1,466232,7,0,58.0
2026-09-16T07:23:44.375Z,24.0,466280,7,0,56.9
2026-09-16T07:23:49.418Z,24.2,466564,7,0,57.5
2026-09-16T07:23:54.457Z,24.3,466816,7,0,56.4
2026-09-16T07:23:59.488Z,24.4,466056,7,0,57.5
2026-09-16T07:24:04.519Z,24.2,466060,7,0,58.0
2026-09-16T07:24:09.551Z,24.0,466060,7,0,58.0
2026-09-16T07:24:14.591Z,24.2,466312,7,0,56.9
2026-09-16T07:24:19.633Z,24.3,466552,7,0,56.9
2026-09-16T07:24:24.664Z,24.4,469452,7,0,56.4
2026-09-16T07:24:29.696Z,24.3,469480,7,0,57.5
2026-09-16T07:24:34.728Z,24.1,469480,7,0,58.0
2026-09-16T07:24:39.759Z,23.9,469548,7,0,58.0
2026-09-16T07:24:44.798Z,24.0,468228,7,0,56.9
2026-09-16T07:24:49.838Z,24.2,468756,7,0,56.4
2026-09-16T07:24:54.874Z,24.3,467468,7,0,56.4
2026-09-16T07:24:59.906Z,24.1,467476,7,0,57.5
2026-09-16T07:25:04.937Z,24.0,467476,7,0,57.5
2026-09-16T07:25:09.970Z,23.8,467476,7,0,58.0
2026-09-16T07:25:15.011Z,23.9,467636,7,0,56.9
2026-09-16T07:25:20.053Z,24.1,467884,7,0,56.9
2026-09-16T07:25:25.092Z,24.2,468312,7,0,56.4
2026-09-16T07:25:30.125Z,24.1,468500,7,0,58.0
2026-09-16T07:25:35.157Z,24.0,468500,7,0,57.5
2026-09-16T07:25:40.188Z,23.8,469404,7,0,58.0
2026-09-16T07:25:45.229Z,23.9,468360,7,0,56.9
2026-09-16T07:25:50.277Z,24.1,466492,7,0,56.9
2026-09-16T07:25:55.308Z,24.2,466896,7,0,56.9
2026-09-16T07:26:00.341Z,24.0,467272,7,0,58.0
2026-09-16T07:26:05.372Z,23.9,467272,7,0,58.0
2026-09-16T07:26:10.414Z,23.8,467780,7,0,58.0
2026-09-16T07:26:15.455Z,24.0,467896,7,0,56.9
2026-09-16T07:26:20.495Z,24.1,466128,7,0,56.4
2026-09-16T07:26:25.529Z,24.1,466156,7,0,57.5
2026-09-16T07:26:30.560Z,24.0,466156,7,0,57.5
2026-09-16T07:26:35.591Z,23.8,466156,7,0,58.0
2026-09-16T07:26:40.629Z,23.8,478716,7,0,58.0
2026-09-16T07:26:45.672Z,24.0,473036,7,0,56.9
2026-09-16T07:26:50.715Z,24.1,473292,7,0,56.9
2026-09-16T07:26:55.746Z,24.1,473388,7,0,56.9
2026-09-16T07:27:00.777Z,24.0,473392,7,0,58.0
2026-09-16T07:27:05.808Z,23.8,473396,7,0,57.5
2026-09-16T07:27:10.847Z,23.9,475116,7,0,58.0
2026-09-16T07:27:15.891Z,24.0,473320,7,0,56.9
2026-09-16T07:27:20.931Z,24.2,473820,7,0,56.9
2026-09-16T07:27:25.964Z,24.1,473860,7,0,58.0
2026-09-16T07:27:31.021Z,23.9,473864,7,0,58.0
2026-09-16T07:27:36.065Z,23.8,473888,7,0,58.0
2026-09-16T07:27:41.109Z,24.0,475424,7,0,56.9
2026-09-16T07:27:46.148Z,24.1,473508,7,0,56.9
2026-09-16T07:27:51.180Z,24.1,473700,7,0,57.5
2026-09-16T07:27:56.211Z,24.0,473700,7,0,58.0
2026-09-16T07:28:01.252Z,23.9,474076,7,0,58.0
2026-09-16T07:28:06.290Z,24.0,472312,7,0,57.5
2026-09-16T07:28:11.328Z,24.1,472384,7,0,56.9
2026-09-16T07:28:16.360Z,24.1,472548,7,0,56.9
2026-09-16T07:28:21.391Z,24.0,472548,7,0,58.0
2026-09-16T07:28:26.423Z,23.9,472548,7,0,58.0
2026-09-16T07:28:31.462Z,23.9,472724,7,0,56.9
2026-09-16T07:28:36.500Z,24.0,470644,7,0,56.4
2026-09-16T07:28:41.532Z,24.1,470948,7,0,56.9
2026-09-16T07:28:46.564Z,24.0,470952,7,0,57.5
2026-09-16T07:28:51.602Z,23.9,470952,7,0,58.0
2026-09-16T07:28:56.633Z,23.7,470952,7,0,58.5
2026-09-16T07:29:01.674Z,23.6,470964,7,0,58.0
2026-09-16T07:29:06.714Z,23.8,470980,7,0,57.5
2026-09-16T07:29:11.754Z,23.9,471220,7,0,56.9
2026-09-16T07:29:16.785Z,23.9,472240,7,0,57.5
2026-09-16T07:29:21.817Z,23.8,472616,7,0,58.0
2026-09-16T07:29:26.847Z,23.7,472616,7,0,58.0
2026-09-16T07:29:31.889Z,23.7,470872,7,0,57.5
2026-09-16T07:29:36.927Z,23.8,471044,7,0,56.4
2026-09-16T07:29:41.960Z,23.9,471316,7,0,56.4
2026-09-16T07:29:46.991Z,23.8,471316,7,0,58.0
2026-09-16T07:29:52.022Z,23.7,471320,7,0,58.0
2026-09-16T07:29:57.062Z,23.6,471348,7,0,58.0
2026-09-16T07:30:02.103Z,23.7,469972,7,0,57.5
2026-09-16T07:30:07.142Z,23.8,470112,7,0,56.9
2026-09-16T07:30:12.173Z,23.8,470316,7,0,58.0
2026-09-16T07:30:17.204Z,23.7,470316,7,0,58.0
2026-09-16T07:30:22.237Z,23.6,470336,7,0,58.5
2026-09-16T07:30:27.277Z,23.7,473712,7,0,58.0
2026-09-16T07:30:32.316Z,23.8,472328,7,0,56.9
2026-09-16T07:30:37.358Z,23.9,473344,7,0,56.9
2026-09-16T07:30:42.389Z,23.8,473820,7,0,58.0
2026-09-16T07:30:47.420Z,23.7,473820,7,0,58.0
2026-09-16T07:30:52.452Z,23.6,474200,7,0,58.5
2026-09-16T07:30:57.490Z,23.7,464212,7,0,56.9
2026-09-16T07:31:02.528Z,23.8,464236,7,0,56.9
2026-09-16T07:31:07.560Z,23.9,465756,7,0,57.5
2026-09-16T07:31:12.591Z,23.8,465764,7,0,58.0
2026-09-16T07:31:17.622Z,23.7,465772,7,0,58.5
2026-09-16T07:31:22.662Z,23.6,467712,7,0,58.0
2026-09-16T07:31:27.707Z,23.8,468280,7,0,56.9
2026-09-16T07:31:32.747Z,23.9,468364,7,0,56.9
2026-09-16T07:31:37.778Z,23.8,468736,7,0,57.5
2026-09-16T07:31:42.810Z,23.7,468736,7,0,58.0
2026-09-16T07:31:47.841Z,23.6,468736,7,0,58.5
2026-09-16T07:31:52.875Z,,,,,56.9
2026-09-16T07:31:57.914Z,36.5,91216,7,0,56.9
2026-09-16T07:32:02.956Z,41.7,105688,7,0,56.9
2026-09-16T07:32:07.988Z,34.4,110884,7,0,58.0
2026-09-16T07:32:13.019Z,26.2,111528,7,0,58.0
2026-09-16T07:32:18.050Z,21.2,111532,7,0,58.0
2026-09-16T07:32:23.088Z,22.9,121228,7,0,56.9
2026-09-16T07:32:28.130Z,26.5,135548,7,0,57.5
2026-09-16T07:32:33.170Z,29.2,150784,7,0,56.9
2026-09-16T07:32:38.204Z,26.5,151772,7,0,57.5
2026-09-16T07:32:43.235Z,23.9,152412,7,0,58.0
2026-09-16T07:32:48.271Z,23.4,156492,7,0,58.0
2026-09-16T07:32:53.309Z,25.2,167368,7,0,56.9
2026-09-16T07:32:58.349Z,26.7,177888,7,0,56.9
2026-09-16T07:33:03.380Z,25.8,181692,7,0,58.0
2026-09-16T07:33:08.412Z,24.2,181704,7,0,58.0
2026-09-16T07:33:13.443Z,22.7,182320,7,0,58.0
2026-09-16T07:33:18.482Z,23.0,188596,7,0,58.0
2026-09-16T07:33:23.521Z,24.5,200636,7,0,56.9
2026-09-16T07:33:28.561Z,25.8,211928,7,0,56.9
2026-09-16T07:33:33.593Z,25.0,214404,7,0,58.0
2026-09-16T07:33:38.626Z,23.8,214416,7,0,58.0
2026-09-16T07:33:43.658Z,22.8,215024,7,0,58.0
2026-09-16T07:33:48.698Z,23.8,228624,7,0,57.5
2026-09-16T07:33:53.740Z,24.9,243660,7,0,56.9
2026-09-16T07:33:58.772Z,25.3,254720,7,0,57.5
2026-09-16T07:34:03.804Z,24.4,255332,7,0,58.0
2026-09-16T07:34:08.835Z,23.5,255344,7,0,58.5
2026-09-16T07:34:13.874Z,23.5,262620,7,0,58.0
2026-09-16T07:34:18.913Z,24.4,276964,7,0,56.9
2026-09-16T07:34:23.953Z,25.2,292540,7,0,56.4
2026-09-16T07:34:28.985Z,24.8,295780,7,0,57.5
2026-09-16T07:34:34.017Z,24.0,296400,7,0,58.0
2026-09-16T07:34:39.048Z,23.3,296408,7,0,58.0
2026-09-16T07:34:44.088Z,23.4,304892,7,0,58.0
2026-09-16T07:34:49.124Z,24.1,319288,7,0,56.9
2026-09-16T07:34:54.163Z,24.8,334000,7,0,56.4
2026-09-16T07:34:59.196Z,24.4,336536,7,0,58.0
2026-09-16T07:35:04.227Z,23.8,337164,7,0,58.0
2026-09-16T07:35:09.258Z,23.2,337176,7,0,58.0
2026-09-16T07:35:14.297Z,23.2,343660,7,0,58.0
2026-09-16T07:35:19.338Z,23.8,356284,7,0,56.9
2026-09-16T07:35:24.377Z,24.3,369752,7,0,57.5
2026-09-16T07:35:29.410Z,24.0,372800,7,0,57.5
2026-09-16T07:35:34.441Z,23.5,373416,7,0,58.0
2026-09-16T07:35:39.481Z,23.4,377276,7,0,57.5
2026-09-16T07:35:44.521Z,23.9,388812,7,0,58.0
2026-09-16T07:35:49.560Z,24.5,396404,7,0,56.9
2026-09-16T07:35:54.591Z,24.4,396680,7,0,58.0
2026-09-16T07:35:59.623Z,23.9,396684,7,0,58.0
2026-09-16T07:36:04.664Z,23.5,396776,7,0,58.0
2026-09-16T07:36:09.701Z,23.9,397368,7,0,56.9
2026-09-16T07:36:14.742Z,24.3,401864,7,0,56.9
2026-09-16T07:36:19.774Z,24.3,403240,7,0,58.0
2026-09-16T07:36:24.806Z,23.9,403268,7,0,58.0
2026-09-16T07:36:29.838Z,23.5,403272,7,0,58.0
2026-09-16T07:36:34.869Z,23.1,403408,7,0,58.0
2026-09-16T07:36:39.907Z,23.3,403872,7,0,58.0
2026-09-16T07:36:44.946Z,23.7,404584,7,0,56.9
2026-09-16T07:36:49.984Z,24.2,412388,7,0,57.5
2026-09-16T07:36:55.016Z,23.8,412672,7,0,58.0
2026-09-16T07:37:00.047Z,23.4,412684,7,0,58.0
2026-09-16T07:37:05.087Z,23.4,413760,7,0,58.0
2026-09-16T07:37:10.130Z,23.8,414152,7,0,56.9
2026-09-16T07:37:15.168Z,24.2,414664,7,0,56.9
2026-09-16T07:37:20.200Z,24.0,415128,7,0,58.0
2026-09-16T07:37:25.231Z,23.7,415144,7,0,58.0
2026-09-16T07:37:30.262Z,23.3,415148,7,0,58.0
2026-09-16T07:37:35.302Z,23.6,415968,7,0,57.5
2026-09-16T07:37:40.341Z,23.9,417216,7,0,56.9
2026-09-16T07:37:45.373Z,24.2,411356,7,0,57.5
2026-09-16T07:37:50.404Z,23.8,411356,7,0,58.0
2026-09-16T07:37:55.436Z,23.5,411372,7,0,58.0
2026-09-16T07:38:00.475Z,23.6,411584,7,0,57.5
2026-09-16T07:38:05.515Z,23.9,412696,7,0,56.9
2026-09-16T07:38:10.550Z,24.1,417508,7,0,56.9
2026-09-16T07:38:15.580Z,23.8,417984,7,0,58.0
2026-09-16T07:38:20.611Z,23.5,417984,7,0,58.0
2026-09-16T07:38:25.656Z,23.6,416232,7,0,57.5
2026-09-16T07:38:30.696Z,23.9,416620,7,0,56.9
2026-09-16T07:38:35.738Z,24.2,422256,7,0,56.9
2026-09-16T07:38:40.769Z,24.0,423224,7,0,57.5
2026-09-16T07:38:45.801Z,23.7,423484,7,0,58.5
2026-09-16T07:38:50.841Z,23.4,423652,7,0,58.0
2026-09-16T07:38:55.885Z,23.8,427036,7,0,57.5
2026-09-16T07:39:00.924Z,24.0,427464,7,0,57.5
2026-09-16T07:39:05.955Z,24.2,431904,7,0,57.5
2026-09-16T07:39:10.987Z,23.9,431912,7,0,58.0
2026-09-16T07:39:16.019Z,23.6,431960,7,0,58.0
2026-09-16T07:39:21.049Z,23.4,431968,7,0,58.0
2026-09-16T07:39:26.091Z,23.6,440960,7,0,58.0
2026-09-16T07:39:31.128Z,23.9,439736,7,0,57.5
2026-09-16T07:39:36.159Z,24.1,440448,7,0,56.9
2026-09-16T07:39:41.191Z,23.9,440452,7,0,58.0
2026-09-16T07:39:46.223Z,23.6,440532,7,0,58.0
2026-09-16T07:39:51.254Z,23.4,440540,7,0,58.5
2026-09-16T07:39:56.293Z,23.5,446404,7,0,58.0
2026-09-16T07:40:01.331Z,23.8,449984,7,0,57.5
2026-09-16T07:40:06.367Z,24.1,450332,7,0,56.9
2026-09-16T07:40:11.398Z,23.9,450332,7,0,57.5
2026-09-16T07:40:16.430Z,23.6,450340,7,0,58.0
2026-09-16T07:40:21.467Z,23.5,450468,7,0,58.5
2026-09-16T07:40:26.511Z,23.8,453136,7,0,56.9
2026-09-16T07:40:31.550Z,24.0,453896,7,0,57.5
2026-09-16T07:40:36.581Z,24.0,454004,7,0,58.0
2026-09-16T07:40:41.613Z,23.8,454008,7,0,58.0
2026-09-16T07:40:46.645Z,23.6,454016,7,0,59.1
2026-09-16T07:40:51.683Z,23.5,454056,7,0,58.0
2026-09-16T07:40:56.725Z,23.7,452576,7,0,57.5
2026-09-16T07:41:01.765Z,23.9,453228,7,0,56.9
2026-09-16T07:41:06.798Z,23.9,454552,7,0,57.5
2026-09-16T07:41:11.830Z,23.7,454668,7,0,58.0
2026-09-16T07:41:16.860Z,23.5,455048,7,0,58.5
2026-09-16T07:41:21.898Z,23.6,448896,7,0,57.5
2026-09-16T07:41:26.938Z,23.8,449352,7,0,56.9
2026-09-16T07:41:31.969Z,23.9,451888,7,0,57.5
2026-09-16T07:41:37.000Z,23.7,451888,7,0,58.0
2026-09-16T07:41:42.031Z,23.5,451900,7,0,59.1
2026-09-16T07:41:47.071Z,23.5,452132,7,0,58.0
2026-09-16T07:41:52.111Z,23.7,450608,7,0,56.9
2026-09-16T07:41:57.149Z,23.9,450804,7,0,56.9
2026-09-16T07:42:02.182Z,23.7,452020,7,0,58.5
2026-09-16T07:42:07.213Z,23.5,452020,7,0,58.5
2026-09-16T07:42:12.244Z,23.3,452028,7,0,58.5
2026-09-16T07:42:17.283Z,23.5,452132,7,0,57.5
2026-09-16T07:42:22.323Z,23.6,450304,7,0,56.9
2026-09-16T07:42:27.355Z,23.8,452788,7,0,57.5
2026-09-16T07:42:32.387Z,23.6,453152,7,0,58.0
2026-09-16T07:42:37.419Z,23.4,453156,7,0,58.5
2026-09-16T07:42:42.462Z,23.4,453404,7,0,58.0
2026-09-16T07:42:47.504Z,23.6,454640,7,0,57.5
2026-09-16T07:42:52.546Z,23.7,455004,7,0,56.9
2026-09-16T07:42:57.578Z,23.6,455632,7,0,58.0
2026-09-16T07:43:02.610Z,23.4,455636,7,0,58.0
2026-09-16T07:43:07.641Z,23.3,455636,7,0,59.1
2026-09-16T07:43:12.680Z,23.5,455768,7,0,58.0
2026-09-16T07:43:17.727Z,23.7,455968,7,0,56.9
2026-09-16T07:43:22.758Z,23.7,456320,7,0,57.5
2026-09-16T07:43:27.789Z,23.6,456320,7,0,58.0
2026-09-16T07:43:32.821Z,23.4,456324,7,0,58.5
2026-09-16T07:43:37.859Z,23.5,456424,7,0,56.9
2026-09-16T07:43:42.898Z,23.7,456488,7,0,58.0
2026-09-16T07:43:47.937Z,23.8,455908,7,0,56.9
2026-09-16T07:43:52.968Z,23.7,455908,7,0,58.0
2026-09-16T07:43:57.999Z,23.5,455908,7,0,58.0
2026-09-16T07:44:03.037Z,23.4,455920,7,0,58.5
2026-09-16T07:44:08.076Z,23.6,457756,7,0,56.9
2026-09-16T07:44:13.115Z,23.7,450884,7,0,56.9
2026-09-16T07:44:18.147Z,23.8,451992,7,0,58.0
2026-09-16T07:44:23.179Z,23.6,452500,7,0,58.0
2026-09-16T07:44:28.211Z,23.4,452500,7,0,58.5
2026-09-16T07:44:33.250Z,23.5,453512,7,0,58.0
2026-09-16T07:44:38.292Z,23.6,446628,7,0,56.9
2026-09-16T07:44:43.332Z,23.8,446780,7,0,56.9
2026-09-16T07:44:48.362Z,23.6,446832,7,0,58.5
2026-09-16T07:44:53.394Z,23.5,447180,7,0,58.0
2026-09-16T07:44:58.431Z,23.4,447264,7,0,58.0
2026-09-16T07:45:03.471Z,23.5,446620,7,0,57.5
2026-09-16T07:45:08.511Z,23.7,447068,7,0,57.5
2026-09-16T07:45:13.543Z,23.7,447132,7,0,58.0
2026-09-16T07:45:18.573Z,23.5,447132,7,0,58.0
2026-09-16T07:45:23.611Z,23.4,447960,7,0,58.5
2026-09-16T07:45:28.651Z,23.5,453380,7,0,56.9
2026-09-16T07:45:33.693Z,23.6,449732,7,0,56.9
2026-09-16T07:45:38.725Z,23.7,451332,7,0,57.5
2026-09-16T07:45:43.756Z,23.5,451332,7,0,58.0
2026-09-16T07:45:48.787Z,23.4,451332,7,0,59.1
2026-09-16T07:45:53.827Z,23.3,451336,7,0,58.0
2026-09-16T07:45:58.866Z,23.4,451412,7,0,56.9
2026-09-16T07:46:03.906Z,23.6,452920,7,0,58.0
2026-09-16T07:46:08.938Z,23.6,454584,7,0,58.0
2026-09-16T07:46:13.969Z,23.5,454964,7,0,58.5
2026-09-16T07:46:19.001Z,23.3,454964,7,0,58.5
2026-09-16T07:46:24.033Z,23.2,455344,7,0,58.0
2026-09-16T07:46:29.080Z,23.4,449868,7,0,58.0
2026-09-16T07:46:34.126Z,23.5,450108,7,0,57.5
2026-09-16T07:46:39.158Z,23.6,458936,7,0,58.0
2026-09-16T07:46:44.188Z,23.5,458940,7,0,58.0
2026-09-16T07:46:49.219Z,23.3,458940,7,0,58.0
2026-09-16T07:46:54.262Z,23.3,458992,7,0,58.0
2026-09-16T07:46:59.301Z,23.5,458272,7,0,58.0
2026-09-16T07:47:04.339Z,23.6,459740,7,0,56.9
2026-09-16T07:47:09.371Z,23.5,455024,7,0,58.0
2026-09-16T07:47:14.402Z,23.4,455024,7,0,59.1
2026-09-16T07:47:19.432Z,23.3,455024,7,0,59.1
2026-09-16T07:47:24.471Z,23.3,455916,7,0,58.0
2026-09-16T07:47:29.511Z,23.4,457656,7,0,57.5
2026-09-16T07:47:34.549Z,23.6,453236,7,0,57.5
2026-09-16T07:47:39.581Z,23.5,453436,7,0,58.0
2026-09-16T07:47:44.612Z,23.4,453812,7,0,58.5
2026-09-16T07:47:49.650Z,23.3,454252,7,0,58.0
2026-09-16T07:47:54.690Z,23.4,447516,7,0,57.5
2026-09-16T07:47:59.730Z,23.5,447564,7,0,57.5
2026-09-16T07:48:04.761Z,23.5,447584,7,0,56.9
2026-09-16T07:48:09.792Z,23.4,447584,7,0,58.5
2026-09-16T07:48:14.823Z,23.3,447588,7,0,58.0
2026-09-16T07:48:19.865Z,23.4,448840,7,0,57.5
2026-09-16T07:48:24.905Z,23.5,449164,7,0,56.9
2026-09-16T07:48:29.935Z,23.5,449632,7,0,56.9
2026-09-16T07:48:34.967Z,23.4,449636,7,0,58.0
2026-09-16T07:48:39.999Z,23.3,449636,7,0,59.1
2026-09-16T07:48:45.037Z,23.4,452520,7,0,58.0
2026-09-16T07:48:50.077Z,23.5,453244,7,0,56.9
2026-09-16T07:48:55.115Z,23.6,453380,7,0,56.9
2026-09-16T07:49:00.148Z,23.5,453380,7,0,58.0
2026-09-16T07:49:05.179Z,23.3,453384,7,0,58.0
2026-09-16T07:49:10.210Z,23.2,453384,7,0,58.5
2026-09-16T07:49:15.248Z,23.3,453608,7,0,58.0
2026-09-16T07:49:20.286Z,23.5,455116,7,0,56.9
2026-09-16T07:49:25.317Z,23.5,454468,7,0,57.5
2026-09-16T07:49:30.348Z,23.4,454468,7,0,58.0
2026-09-16T07:49:35.379Z,23.3,454472,7,0,59.1
2026-09-16T07:49:40.418Z,23.3,454520,7,0,58.0
2026-09-16T07:49:45.457Z,23.4,454800,7,0,58.0
2026-09-16T07:49:50.493Z,23.5,455036,7,0,56.9
2026-09-16T07:49:55.524Z,23.4,454308,7,0,58.5
2026-09-16T07:50:00.555Z,23.3,454312,7,0,58.5
2026-09-16T07:50:05.592Z,23.3,454360,7,0,58.0
2026-09-16T07:50:10.631Z,23.4,454428,7,0,56.9
2026-09-16T07:50:15.670Z,23.5,455492,7,0,56.9
2026-09-16T07:50:20.702Z,23.5,455932,7,0,58.0
2026-09-16T07:50:25.733Z,23.4,455944,7,0,58.0
2026-09-16T07:50:30.764Z,23.3,455952,7,0,58.0
2026-09-16T07:50:35.805Z,23.3,458980,7,0,58.0
2026-09-16T07:50:40.845Z,23.4,457032,7,0,58.0
2026-09-16T07:50:45.887Z,23.5,457112,7,0,56.9
2026-09-16T07:50:50.918Z,23.5,457120,7,0,58.0
2026-09-16T07:50:55.949Z,23.4,457120,7,0,58.0
2026-09-16T07:51:00.980Z,23.3,457120,7,0,59.1
2026-09-16T07:51:06.027Z,23.3,456036,7,0,58.0
2026-09-16T07:51:11.069Z,23.4,456332,7,0,58.0
2026-09-16T07:51:16.099Z,23.5,456476,7,0,58.0
2026-09-16T07:51:21.130Z,23.4,456476,7,0,58.5
2026-09-16T07:51:26.161Z,23.3,456476,7,0,58.5
2026-09-16T07:51:31.202Z,23.3,457160,7,0,58.0
2026-09-16T07:51:36.240Z,23.4,458528,7,0,57.5
2026-09-16T07:51:41.281Z,23.5,458696,7,0,57.5
2026-09-16T07:51:46.313Z,23.4,458720,7,0,58.0
2026-09-16T07:51:51.344Z,23.3,458720,7,0,58.0
2026-09-16T07:51:56.383Z,23.3,460012,7,0,58.0
2026-09-16T07:52:01.425Z,23.4,464760,7,0,57.5
2026-09-16T07:52:06.465Z,23.5,460604,7,0,56.9
2026-09-16T07:52:11.498Z,23.5,460628,7,0,58.0
2026-09-16T07:52:16.529Z,23.4,460628,7,0,58.5
2026-09-16T07:52:21.560Z,23.3,460628,7,0,59.1
2026-09-16T07:52:26.598Z,23.3,460924,7,0,58.0
2026-09-16T07:52:31.638Z,23.5,465440,7,0,58.0
2026-09-16T07:52:36.675Z,23.6,467128,7,0,58.0
2026-09-16T07:52:41.705Z,23.5,467132,7,0,58.0
2026-09-16T07:52:46.737Z,23.4,467132,7,0,58.5
2026-09-16T07:52:51.769Z,23.3,467132,7,0,58.5
2026-09-16T07:52:56.807Z,23.4,467412,7,0,58.0
2026-09-16T07:53:01.847Z,23.5,470288,7,0,57.5
2026-09-16T07:53:06.879Z,23.6,478596,7,0,58.0
2026-09-16T07:53:11.911Z,23.5,478612,7,0,58.0
2026-09-16T07:53:16.942Z,23.4,475248,7,0,58.5
2026-09-16T07:53:21.987Z,23.4,475836,7,0,58.0
2026-09-16T07:53:27.025Z,23.5,476160,7,0,56.9
2026-09-16T07:53:32.064Z,23.5,476712,7,0,56.9
2026-09-16T07:53:37.098Z,23.5,477884,7,0,58.0
2026-09-16T07:53:42.130Z,23.4,477888,7,0,59.1
2026-09-16T07:53:47.170Z,23.4,480628,7,0,58.5
2026-09-16T07:53:52.210Z,23.5,481548,7,0,57.5
2026-09-16T07:53:57.253Z,23.6,481620,7,0,57.5
2026-09-16T07:54:02.285Z,23.5,481688,7,0,58.0
2026-09-16T07:54:07.316Z,23.5,481692,7,0,58.5
2026-09-16T07:54:12.348Z,23.4,481692,7,0,59.1
2026-09-16T07:54:17.388Z,23.4,482596,7,0,58.0
2026-09-16T07:54:22.429Z,23.5,481972,7,0,57.5
2026-09-16T07:54:27.472Z,23.6,482592,7,0,57.5
2026-09-16T07:54:32.504Z,23.5,483020,7,0,59.1
2026-09-16T07:54:37.535Z,23.4,483020,7,0,58.5
2026-09-16T07:54:42.574Z,23.4,483408,7,0,58.0
2026-09-16T07:54:47.613Z,23.5,482064,7,0,57.5
2026-09-16T07:54:52.654Z,23.6,482112,7,0,56.9
2026-09-16T07:54:57.686Z,23.5,482112,7,0,58.0
2026-09-16T07:55:02.717Z,23.5,482128,7,0,59.1
2026-09-16T07:55:07.770Z,23.4,482192,7,0,58.0
2026-09-16T07:55:12.811Z,23.5,483016,7,0,57.5
2026-09-16T07:55:17.852Z,23.6,482792,7,0,58.0
2026-09-16T07:55:22.883Z,23.6,482848,7,0,58.0
2026-09-16T07:55:27.914Z,23.5,482848,7,0,58.0
2026-09-16T07:55:32.945Z,23.4,482852,7,0,59.1
2026-09-16T07:55:37.985Z,23.5,483816,7,0,58.0
2026-09-16T07:55:43.024Z,23.6,482288,7,0,57.5
2026-09-16T07:55:48.058Z,23.6,482656,7,0,58.0
2026-09-16T07:55:53.089Z,23.5,483032,7,0,58.5
2026-09-16T07:55:58.120Z,23.5,483032,7,0,58.5
2026-09-16T07:56:03.160Z,23.5,483664,7,0,58.5
2026-09-16T07:56:08.202Z,23.5,481080,7,0,58.0
2026-09-16T07:56:13.241Z,23.6,481120,7,0,58.0
2026-09-16T07:56:18.272Z,23.6,481168,7,0,58.0
2026-09-16T07:56:23.303Z,23.5,481544,7,0,58.5
2026-09-16T07:56:28.340Z,23.5,481552,7,0,58.0
2026-09-16T07:56:33.378Z,23.5,480956,7,0,58.0
2026-09-16T07:56:38.419Z,23.6,481004,7,0,57.5
2026-09-16T07:56:43.451Z,23.6,481044,7,0,58.0
2026-09-16T07:56:48.482Z,23.5,481044,7,0,58.0
2026-09-16T07:56:53.514Z,23.4,481076,7,0,58.5
2026-09-16T07:56:58.553Z,23.5,481204,7,0,57.5
2026-09-16T07:57:03.592Z,23.6,480332,7,0,58.0
2026-09-16T07:57:08.623Z,23.6,480332,7,0,57.5
2026-09-16T07:57:13.654Z,23.5,480332,7,0,58.0
2026-09-16T07:57:18.685Z,23.4,480332,7,0,58.5
2026-09-16T07:57:23.724Z,23.5,480356,7,0,58.0
2026-09-16T07:57:28.762Z,23.6,480628,7,0,58.0
2026-09-16T07:57:33.793Z,23.6,481340,7,0,57.5
2026-09-16T07:57:38.824Z,23.6,481340,7,0,58.0
2026-09-16T07:57:43.856Z,23.5,481340,7,0,58.5
2026-09-16T07:57:48.895Z,23.5,481376,7,0,58.0
2026-09-16T07:57:53.935Z,23.6,481672,7,0,56.9
2026-09-16T07:57:58.967Z,23.6,481772,7,0,56.9
2026-09-16T07:58:03.999Z,23.5,482148,7,0,58.5
2026-09-16T07:58:09.032Z,23.5,482148,7,0,58.5
2026-09-16T07:58:14.071Z,23.4,482536,7,0,58.5
2026-09-16T07:58:19.110Z,23.5,481024,7,0,58.0
2026-09-16T07:58:24.150Z,23.6,481296,7,0,57.5
2026-09-16T07:58:29.181Z,23.6,481296,7,0,58.0
2026-09-16T07:58:34.212Z,23.5,481296,7,0,58.5
2026-09-16T07:58:39.243Z,23.4,481296,7,0,59.1
2026-09-16T07:58:44.281Z,23.5,481468,7,0,57.5
2026-09-16T07:58:49.319Z,23.5,481688,7,0,58.0
2026-09-16T07:58:54.350Z,23.6,481892,7,0,58.0
2026-09-16T07:58:59.381Z,23.5,481892,7,0,58.5
2026-09-16T07:59:04.413Z,23.4,481892,7,0,58.5
2026-09-16T07:59:09.446Z,23.4,481892,7,0,58.5
2026-09-16T07:59:14.486Z,23.4,481912,7,0,58.5
2026-09-16T07:59:19.526Z,23.4,482144,7,0,58.0
2026-09-16T07:59:24.565Z,23.5,482184,7,0,56.4
2026-09-16T07:59:29.596Z,23.5,482200,7,0,58.0
2026-09-16T07:59:34.628Z,23.4,482200,7,0,58.5
2026-09-16T07:59:39.665Z,23.3,482260,7,0,58.5
2026-09-16T07:59:44.706Z,23.4,481348,7,0,58.0
2026-09-16T07:59:49.749Z,23.5,482304,7,0,57.5
2026-09-16T07:59:54.781Z,23.5,483468,7,0,58.0
2026-09-16T07:59:59.812Z,23.4,483468,7,0,58.5
2026-09-16T08:00:04.844Z,23.4,483852,7,0,58.5
2026-09-16T08:00:09.886Z,23.4,479304,7,0,58.0
2026-09-16T08:00:14.927Z,23.5,479488,7,0,58.0
2026-09-16T08:00:19.965Z,23.5,479668,7,0,57.5
2026-09-16T08:00:24.997Z,23.5,480128,7,0,58.0
2026-09-16T08:00:30.028Z,23.4,480128,7,0,58.5
2026-09-16T08:00:35.059Z,23.4,480156,7,0,59.1
2026-09-16T08:00:40.098Z,23.4,479516,7,0,58.0
2026-09-16T08:00:45.138Z,23.5,480168,7,0,58.0
2026-09-16T08:00:50.180Z,23.5,480328,7,0,57.5
2026-09-16T08:00:55.212Z,23.5,480384,7,0,58.5
2026-09-16T08:01:00.243Z,23.4,481968,7,0,58.5
2026-09-16T08:01:05.274Z,23.3,481980,7,0,58.5
2026-09-16T08:01:10.313Z,23.4,481248,7,0,58.0
2026-09-16T08:01:15.355Z,23.4,481712,7,0,56.9
2026-09-16T08:01:20.395Z,23.5,481844,7,0,57.5
2026-09-16T08:01:25.428Z,23.4,481848,7,0,58.0
2026-09-16T08:01:30.459Z,23.4,481848,7,0,59.1
2026-09-16T08:01:35.499Z,23.4,481200,7,0,58.0
2026-09-16T08:01:40.542Z,23.4,481636,7,0,57.5
2026-09-16T08:01:45.583Z,23.5,483372,7,0,57.5
2026-09-16T08:01:50.615Z,23.5,479528,7,0,58.0
2026-09-16T08:01:55.646Z,23.4,479528,7,0,58.5
2026-09-16T08:02:00.678Z,23.3,479528,7,0,58.0
2026-09-16T08:02:05.718Z,23.3,479576,7,0,58.0
2026-09-16T08:02:10.760Z,23.4,479920,7,0,58.0
2026-09-16T08:02:15.801Z,23.5,480176,7,0,58.0
2026-09-16T08:02:20.832Z,23.5,480332,7,0,58.0
2026-09-16T08:02:25.863Z,23.4,480716,7,0,59.1
2026-09-16T08:02:30.895Z,23.3,480724,7,0,59.1
2026-09-16T08:02:35.933Z,23.4,479864,7,0,58.0
2026-09-16T08:02:40.975Z,23.5,481412,7,0,57.5
2026-09-16T08:02:46.007Z,23.5,475840,7,0,58.0
2026-09-16T08:02:51.038Z,23.4,475840,7,0,58.0
2026-09-16T08:02:56.070Z,23.4,476040,7,0,58.5
2026-09-16T08:03:01.109Z,23.3,476164,7,0,59.1
2026-09-16T08:03:06.147Z,23.4,477712,7,0,57.5
2026-09-16T08:03:11.187Z,23.5,472160,7,0,58.0
2026-09-16T08:03:16.219Z,23.5,472208,7,0,58.0
2026-09-16T08:03:21.250Z,23.4,472208,7,0,58.0
2026-09-16T08:03:26.281Z,23.3,472208,7,0,58.5
2026-09-16T08:03:31.318Z,23.4,472208,7,0,58.0
2026-09-16T08:03:36.356Z,23.4,472984,7,0,56.9
2026-09-16T08:03:41.387Z,23.5,473944,7,0,58.0
2026-09-16T08:03:46.418Z,23.4,473944,7,0,58.5
2026-09-16T08:03:51.449Z,23.4,473944,7,0,58.5
2026-09-16T08:03:56.491Z,23.3,473984,7,0,58.0
2026-09-16T08:04:01.532Z,23.4,474096,7,0,57.5
2026-09-16T08:04:06.571Z,23.5,477488,7,0,57.5
2026-09-16T08:04:11.602Z,23.5,478844,7,0,58.0
2026-09-16T08:04:16.632Z,23.4,475980,7,0,58.5
2026-09-16T08:04:21.670Z,23.4,476316,7,0,58.5
2026-09-16T08:04:26.711Z,23.4,476644,7,0,58.0
2026-09-16T08:04:31.755Z,23.5,476952,7,0,58.0
2026-09-16T08:04:36.785Z,23.5,476072,7,0,58.0
2026-09-16T08:04:41.816Z,23.4,476076,7,0,58.0
2026-09-16T08:04:46.847Z,23.4,476076,7,0,59.1
